file,line,classification,evidence,text
REAL_DEVICE_QA_CHECKLIST.md,1,NONCLAIM,structural/header/blank,"# 24H interaction closure / v101.86 TH1 — physical device, installed-PWA and live-origin checklist"
REAL_DEVICE_QA_CHECKLIST.md,2,NONCLAIM,structural/header/blank,
REAL_DEVICE_QA_CHECKLIST.md,3,NOT_TESTED_DECLARATION,"Active physical/device/live QA instruction; current identity/wording/parity verified, scenario result remains NOT_TESTED unless separately executed.",Use the exact v101.86 TH1 candidate bytes. Record PASS/FAIL/NOT_TESTED for every numbered scenario.
REAL_DEVICE_QA_CHECKLIST.md,4,NONCLAIM,structural/header/blank,
REAL_DEVICE_QA_CHECKLIST.md,5,NONCLAIM,structural/header/blank,## iPhone Safari / installed PWA
REAL_DEVICE_QA_CHECKLIST.md,6,NOT_TESTED_DECLARATION,"Active physical/device/live QA instruction; current identity/wording/parity verified, scenario result remains NOT_TESTED unless separately executed.","1. Mid-Hour → Mon Espace → Retour restores the same reader tab, paragraph/reading position and visible/updating progress strip."
REAL_DEVICE_QA_CHECKLIST.md,7,NOT_TESTED_DECLARATION,"Active physical/device/live QA instruction; current identity/wording/parity verified, scenario result remains NOT_TESTED unless separately executed.",2. Change among 16 / 19 / 22 / 26 px while mid-Hour: the same visible passage/visual offset is preserved and no clipping appears.
REAL_DEVICE_QA_CHECKLIST.md,8,NOT_TESTED_DECLARATION,"Active physical/device/live QA instruction; current identity/wording/parity verified, scenario result remains NOT_TESTED unless separately executed.",3. Automatique / Clair / Sombre; each theme choice has a comfortable touch target.
REAL_DEVICE_QA_CHECKLIST.md,9,NOT_TESTED_DECLARATION,"Active physical/device/live QA instruction; current identity/wording/parity verified, scenario result remains NOT_TESTED unless separately executed.","4. Exact selected-text Surligner, Note, Copier and Fermer; then Réglages → Partager / Copier le lien."
REAL_DEVICE_QA_CHECKLIST.md,10,NOT_TESTED_DECLARATION,"Active physical/device/live QA instruction; current identity/wording/parity verified, scenario result remains NOT_TESTED unless separately executed.",5. Existing-highlight colour picker remains fully on-screen; all five colours and remove action are usable.
REAL_DEVICE_QA_CHECKLIST.md,11,NOT_TESTED_DECLARATION,"Active physical/device/live QA instruction; current identity/wording/parity verified, scenario result remains NOT_TESTED unless separately executed.",6. A visible paragraph note indicator is easy to tap and opens the expected note.
REAL_DEVICE_QA_CHECKLIST.md,12,NOT_TESTED_DECLARATION,"Active physical/device/live QA instruction; current identity/wording/parity verified, scenario result remains NOT_TESTED unless separately executed.",7. Plan button and Plan close control are easy to tap where Plan exists.
REAL_DEVICE_QA_CHECKLIST.md,13,NOT_TESTED_DECLARATION,"Active physical/device/live QA instruction; current identity/wording/parity verified, scenario result remains NOT_TESTED unless separately executed.",8. Prayer close control is easy to tap.
REAL_DEVICE_QA_CHECKLIST.md,14,NOT_TESTED_DECLARATION,"Active physical/device/live QA instruction; current identity/wording/parity verified, scenario result remains NOT_TESTED unless separately executed.",9. Note textarea does not trigger focus zoom; keyboard dismissal is usable.
REAL_DEVICE_QA_CHECKLIST.md,15,NOT_TESTED_DECLARATION,"Active physical/device/live QA instruction; current identity/wording/parity verified, scenario result remains NOT_TESTED unless separately executed.",10. Repères OFF/ON preserves passage and actions.
REAL_DEVICE_QA_CHECKLIST.md,16,NOT_TESTED_DECLARATION,"Active physical/device/live QA instruction; current identity/wording/parity verified, scenario result remains NOT_TESTED unless separately executed.",11. Portrait ↔ landscape rotation preserves a usable reader.
REAL_DEVICE_QA_CHECKLIST.md,17,NOT_TESTED_DECLARATION,"Active physical/device/live QA instruction; current identity/wording/parity verified, scenario result remains NOT_TESTED unless separately executed.","12. With a non-empty unsaved Note open, an available-update Actualiser action must NOT reload; the draft remains and receives focus."
REAL_DEVICE_QA_CHECKLIST.md,18,NOT_TESTED_DECLARATION,"Active physical/device/live QA instruction; current identity/wording/parity verified, scenario result remains NOT_TESTED unless separately executed.","13. Existing installed build → v101.86 update preserves notes, coloured highlights, Lectures marquées, reading position and progress; obsolete legacy ◈ marks may be discarded."
REAL_DEVICE_QA_CHECKLIST.md,19,NOT_TESTED_DECLARATION,"Active physical/device/live QA instruction; current identity/wording/parity verified, scenario result remains NOT_TESTED unless separately executed.",14. Offline reopen after one successful online load works.
REAL_DEVICE_QA_CHECKLIST.md,20,NOT_TESTED_DECLARATION,"Active physical/device/live QA instruction; current identity/wording/parity verified, scenario result remains NOT_TESTED unless separately executed.",15. A copied deep link opens the expected Hour/paragraph.
REAL_DEVICE_QA_CHECKLIST.md,21,NONCLAIM,structural/header/blank,
REAL_DEVICE_QA_CHECKLIST.md,22,NONCLAIM,structural/header/blank,## iPad Safari portrait / landscape
REAL_DEVICE_QA_CHECKLIST.md,23,NOT_TESTED_DECLARATION,"Active physical/device/live QA instruction; current identity/wording/parity verified, scenario result remains NOT_TESTED unless separately executed.","16. Reader width, bottom navigation, exact selection and long-scroll remain usable."
REAL_DEVICE_QA_CHECKLIST.md,24,NOT_TESTED_DECLARATION,"Active physical/device/live QA instruction; current identity/wording/parity verified, scenario result remains NOT_TESTED unless separately executed.",17. Mid-Hour → Mon Espace → Retour restores exact context and progress.
REAL_DEVICE_QA_CHECKLIST.md,25,NOT_TESTED_DECLARATION,"Active physical/device/live QA instruction; current identity/wording/parity verified, scenario result remains NOT_TESTED unless separately executed.","18. Repères, 26 px, Mon Espace, rotation/split-view."
REAL_DEVICE_QA_CHECKLIST.md,26,NOT_TESTED_DECLARATION,"Active physical/device/live QA instruction; current identity/wording/parity verified, scenario result remains NOT_TESTED unless separately executed.",19. Plan/theme/prayer/note and Approfondir navigation targets are comfortable to tap.
REAL_DEVICE_QA_CHECKLIST.md,27,NOT_TESTED_DECLARATION,"Active physical/device/live QA instruction; current identity/wording/parity verified, scenario result remains NOT_TESTED unless separately executed.",20. Installed-PWA update and offline reopen.
REAL_DEVICE_QA_CHECKLIST.md,28,NONCLAIM,structural/header/blank,
REAL_DEVICE_QA_CHECKLIST.md,29,NONCLAIM,structural/header/blank,## Samsung / Android Chrome
REAL_DEVICE_QA_CHECKLIST.md,30,NOT_TESTED_DECLARATION,"Active physical/device/live QA instruction; current identity/wording/parity verified, scenario result remains NOT_TESTED unless separately executed.",21. Paragraphe mode only; no expectation of native word selection.
REAL_DEVICE_QA_CHECKLIST.md,31,NOT_TESTED_DECLARATION,"Active physical/device/live QA instruction; current identity/wording/parity verified, scenario result remains NOT_TESTED unless separately executed.","22. Whole-paragraph Surligner, Note and Copier."
REAL_DEVICE_QA_CHECKLIST.md,32,NOT_TESTED_DECLARATION,"Active physical/device/live QA instruction; current identity/wording/parity verified, scenario result remains NOT_TESTED unless separately executed.",23. Reader → Mon Espace → Retour restores the same paragraph context/progress.
REAL_DEVICE_QA_CHECKLIST.md,33,NOT_TESTED_DECLARATION,"Active physical/device/live QA instruction; current identity/wording/parity verified, scenario result remains NOT_TESTED unless separately executed.",24. Plan/theme/prayer/note and Approfondir navigation targets are comfortable to tap.
REAL_DEVICE_QA_CHECKLIST.md,34,NOT_TESTED_DECLARATION,"Active physical/device/live QA instruction; current identity/wording/parity verified, scenario result remains NOT_TESTED unless separately executed.","25. Reload persistence, installed update and offline reopen."
REAL_DEVICE_QA_CHECKLIST.md,35,NOT_TESTED_DECLARATION,"Active physical/device/live QA instruction; current identity/wording/parity verified, scenario result remains NOT_TESTED unless separately executed.",26. No Google Translate/Search overlay from the app highlighting workflow.
REAL_DEVICE_QA_CHECKLIST.md,36,NONCLAIM,structural/header/blank,
REAL_DEVICE_QA_CHECKLIST.md,37,NONCLAIM,structural/header/blank,## Desktop keyboard / accessibility smoke
REAL_DEVICE_QA_CHECKLIST.md,38,NOT_TESTED_DECLARATION,"Active physical/device/live QA instruction; current identity/wording/parity verified, scenario result remains NOT_TESTED unless separately executed.",27. Tab order reaches primary navigation and reader actions; no hidden zero-size control receives focus.
REAL_DEVICE_QA_CHECKLIST.md,39,NOT_TESTED_DECLARATION,"Active physical/device/live QA instruction; current identity/wording/parity verified, scenario result remains NOT_TESTED unless separately executed.",28. Visible focus indication on controls.
REAL_DEVICE_QA_CHECKLIST.md,40,NOT_TESTED_DECLARATION,"Active physical/device/live QA instruction; current identity/wording/parity verified, scenario result remains NOT_TESTED unless separately executed.","29. Dialogs/sheets trap Tab/Shift+Tab and Escape closes them; focus returns to the trigger, or to the stable reading region when a transient contextual Note/colour-picker trigger has already disappeared."
REAL_DEVICE_QA_CHECKLIST.md,41,NOT_TESTED_DECLARATION,"Active physical/device/live QA instruction; current identity/wording/parity verified, scenario result remains NOT_TESTED unless separately executed.",30. 200% browser zoom: no essential horizontal scrolling.
REAL_DEVICE_QA_CHECKLIST.md,42,NOT_TESTED_DECLARATION,"Active physical/device/live QA instruction; current identity/wording/parity verified, scenario result remains NOT_TESTED unless separately executed.",31. Reduced-motion OS preference removes non-essential animation.
REAL_DEVICE_QA_CHECKLIST.md,43,NOT_TESTED_DECLARATION,"Active physical/device/live QA instruction; current identity/wording/parity verified, scenario result remains NOT_TESTED unless separately executed.","32. On-demand controls (theme, Plan, prayer close, note indicator, Approfondir back/index) remain keyboard reachable and visibly focused."
REAL_DEVICE_QA_CHECKLIST.md,44,NONCLAIM,structural/header/blank,
REAL_DEVICE_QA_CHECKLIST.md,45,NONCLAIM,structural/header/blank,## Live GitHub Pages / installed PWA
REAL_DEVICE_QA_CHECKLIST.md,46,NOT_TESTED_DECLARATION,"Active physical/device/live QA instruction; current identity/wording/parity verified, scenario result remains NOT_TESTED unless separately executed.",33. Visible version v101.86.
REAL_DEVICE_QA_CHECKLIST.md,47,NOT_TESTED_DECLARATION,"Active physical/device/live QA instruction; current identity/wording/parity verified, scenario result remains NOT_TESTED unless separately executed.",34. Service worker controls the page after activation.
REAL_DEVICE_QA_CHECKLIST.md,48,NOT_TESTED_DECLARATION,"Active physical/device/live QA instruction; current identity/wording/parity verified, scenario result remains NOT_TESTED unless separately executed.",35. Cache generation is luisa-24h-v101-86.
REAL_DEVICE_QA_CHECKLIST.md,49,NOT_TESTED_DECLARATION,"Active physical/device/live QA instruction; current identity/wording/parity verified, scenario result remains NOT_TESTED unless separately executed.","36. Existing install updates to v101.86 without loss of supported personal data, including Lectures marquées; retired legacy ◈ marks are intentionally not preserved."
REAL_DEVICE_QA_CHECKLIST.md,50,NOT_TESTED_DECLARATION,"Active physical/device/live QA instruction; current identity/wording/parity verified, scenario result remains NOT_TESTED unless separately executed.",37. Offline reopen succeeds after successful online load.
REAL_DEVICE_QA_CHECKLIST.md,51,NOT_TESTED_DECLARATION,"Active physical/device/live QA instruction; current identity/wording/parity verified, scenario result remains NOT_TESTED unless separately executed.",38. Old app cache generations are removed only within the luisa-24h- namespace.
REAL_DEVICE_QA_CHECKLIST.md,52,NOT_TESTED_DECLARATION,"Active physical/device/live QA instruction; current identity/wording/parity verified, scenario result remains NOT_TESTED unless separately executed.",39. Root/deploy bytes correspond exactly to the audited GitHub payload.
REAL_DEVICE_QA_CHECKLIST.md,53,NOT_TESTED_DECLARATION,"Active physical/device/live QA instruction; current identity/wording/parity verified, scenario result remains NOT_TESTED unless separately executed.",40. Root and copied deep-link URLs reach the expected screen/target on the live origin.
REAL_DEVICE_QA_CHECKLIST.md,54,NONCLAIM,structural/header/blank,
REAL_DEVICE_QA_CHECKLIST.md,55,NONCLAIM,structural/header/blank,## Downgrade / future-snapshot safety (machine fixture; device spot-check optional)
REAL_DEVICE_QA_CHECKLIST.md,56,NOT_TESTED_DECLARATION,"Active physical/device/live QA instruction; current identity/wording/parity verified, scenario result remains NOT_TESTED unless separately executed.","41. A canonical snapshot with `snapshot_version` greater than 5 remains byte-for-byte unchanged after boot, even when legacy mirrors and the R41 marker are absent."
REAL_DEVICE_QA_CHECKLIST.md,57,NOT_TESTED_DECLARATION,"Active physical/device/live QA instruction; current identity/wording/parity verified, scenario result remains NOT_TESTED unless separately executed.","42. While that future snapshot is present, Note or other durable writes must not replace it; user feedback must say the change was not saved / the newer snapshot is preserved."
REAL_DEVICE_QA_CHECKLIST.md,58,NONCLAIM,structural/header/blank,
REAL_DEVICE_QA_CHECKLIST.md,59,NOT_TESTED_DECLARATION,"Active physical/device/live QA instruction; current identity/wording/parity verified, scenario result remains NOT_TESTED unless separately executed.",43. A canonical snapshot at current `snapshot_version` but future `schema_version` remains byte-for-byte unchanged after boot and attempted writes.
REAL_DEVICE_QA_CHECKLIST.md,60,NOT_TESTED_DECLARATION,"Active physical/device/live QA instruction; current identity/wording/parity verified, scenario result remains NOT_TESTED unless separately executed.","44. While a future canonical snapshot/schema is present, machine JSON export is refused with an explicit newer-version preservation message rather than producing an incomplete backup."
REAL_DEVICE_QA_CHECKLIST.md,61,NONCLAIM,structural/header/blank,
REAL_DEVICE_QA_CHECKLIST.md,62,NONCLAIM,structural/header/blank,## High-count personal-data completeness (machine fixture; device spot-check optional)
REAL_DEVICE_QA_CHECKLIST.md,63,NOT_TESTED_DECLARATION,"Active physical/device/live QA instruction; current identity/wording/parity verified, scenario result remains NOT_TESTED unless separately executed.",45. A seeded snapshot with 250 valid notes on one paragraph loads all 250; after an ordinary saved preference change all 250 remain in the canonical snapshot and machine export.
REAL_DEVICE_QA_CHECKLIST.md,64,NOT_TESTED_DECLARATION,"Active physical/device/live QA instruction; current identity/wording/parity verified, scenario result remains NOT_TESTED unless separately executed.",46. A seeded snapshot with 250 valid text-highlight records on one paragraph loads all 250; after an ordinary saved preference change all 250 remain in the canonical snapshot and machine export.
REAL_DEVICE_QA_CHECKLIST.md,65,NOT_TESTED_DECLARATION,"Active physical/device/live QA instruction; current identity/wording/parity verified, scenario result remains NOT_TESTED unless separately executed.","47. A v101.79 snapshot containing legacy `highlights` / `lp24_hl` upgrades to schema 8/snapshot 5 with the retired marks discarded while notes, coloured textHighlights, progress and positions remain intact."
REAL_DEVICE_QA_CHECKLIST.md,66,NOT_TESTED_DECLARATION,"Active physical/device/live QA instruction; current identity/wording/parity verified, scenario result remains NOT_TESTED unless separately executed.",48. Mon Espace may preview high-count notes/highlights only with the exact total and an explicit `Voir tout`; expansion makes every record reachable.
REAL_DEVICE_QA_CHECKLIST.md,67,NONCLAIM,structural/header/blank,
REAL_DEVICE_QA_CHECKLIST.md,68,NONCLAIM,structural/header/blank,## Legacy whole-paragraph mark reachability
REAL_DEVICE_QA_CHECKLIST.md,69,NOT_TESTED_DECLARATION,"Active physical/device/live QA instruction; current identity/wording/parity verified, scenario result remains NOT_TESTED unless separately executed.","49. No `◈` paragraph-mark creation control exists on desktop, iPhone, iPad or Samsung."
REAL_DEVICE_QA_CHECKLIST.md,70,NOT_TESTED_DECLARATION,"Active physical/device/live QA instruction; current identity/wording/parity verified, scenario result remains NOT_TESTED unless separately executed.",50. Legacy `highlights` records from an older canonical snapshot are ignored/removed during migration and do not appear in Mon Espace or Passages à vérifier.
REAL_DEVICE_QA_CHECKLIST.md,71,NOT_TESTED_DECLARATION,"Active physical/device/live QA instruction; current identity/wording/parity verified, scenario result remains NOT_TESTED unless separately executed.",51. The retired `lp24_hl` mirror key is removed when supported state is successfully synchronised; failure to remove it is reported as a mirror failure rather than a false success.
REAL_DEVICE_QA_CHECKLIST.md,72,NONCLAIM,structural/header/blank,
REAL_DEVICE_QA_CHECKLIST.md,73,NONCLAIM,structural/header/blank,## Legacy mark backup/journal completeness
REAL_DEVICE_QA_CHECKLIST.md,74,NOT_TESTED_DECLARATION,"Active physical/device/live QA instruction; current identity/wording/parity verified, scenario result remains NOT_TESTED unless separately executed.",52. Backup-reminder counts use supported coloured highlights and notes only; retired paragraph marks do not affect the count.
REAL_DEVICE_QA_CHECKLIST.md,75,NOT_TESTED_DECLARATION,"Active physical/device/live QA instruction; current identity/wording/parity verified, scenario result remains NOT_TESTED unless separately executed.",53. The human-readable journal contains supported coloured highlights only and contains no legacy paragraph-mark category.
REAL_DEVICE_QA_CHECKLIST.md,76,NOT_TESTED_DECLARATION,"Active physical/device/live QA instruction; current identity/wording/parity verified, scenario result remains NOT_TESTED unless separately executed.",54. New machine exports do not contain a `highlights` legacy paragraph-mark field.
REAL_DEVICE_QA_CHECKLIST.md,77,NONCLAIM,structural/header/blank,
REAL_DEVICE_QA_CHECKLIST.md,78,NONCLAIM,structural/header/blank,## Wide/tablet annotation preview truth
REAL_DEVICE_QA_CHECKLIST.md,79,NOT_TESTED_DECLARATION,"Active physical/device/live QA instruction; current identity/wording/parity verified, scenario result remains NOT_TESTED unless separately executed.","55. With only a Samsung whole-paragraph coloured `textHighlights` record present, Mon Espace and the wide preview show it as an ordinary coloured surlignage."
REAL_DEVICE_QA_CHECKLIST.md,80,NOT_TESTED_DECLARATION,"Active physical/device/live QA instruction; current identity/wording/parity verified, scenario result remains NOT_TESTED unless separately executed.","56. Stale/missing supported textHighlights remain disclosed as passages to verify, while full details/removal remain in Mon Espace."
REAL_DEVICE_QA_CHECKLIST.md,81,NOT_TESTED_DECLARATION,"Active physical/device/live QA instruction; current identity/wording/parity verified, scenario result remains NOT_TESTED unless separately executed.","57. With no supported textHighlight records, the wide preview may correctly show `Aucun surlignage`."
REAL_DEVICE_QA_CHECKLIST.md,82,NONCLAIM,structural/header/blank,
REAL_DEVICE_QA_CHECKLIST.md,83,NONCLAIM,structural/header/blank,
REAL_DEVICE_QA_CHECKLIST.md,84,NONCLAIM,structural/header/blank,## Extreme-deep backup / route fixtures
REAL_DEVICE_QA_CHECKLIST.md,85,NOT_TESTED_DECLARATION,"Active physical/device/live QA instruction; current identity/wording/parity verified, scenario result remains NOT_TESTED unless separately executed.",58. Exact app-generated JSON backup larger than 5 MiB but below 32 MiB is accepted by Restore and preserves every validated record after replace-import.
REAL_DEVICE_QA_CHECKLIST.md,86,NOT_TESTED_DECLARATION,"Active physical/device/live QA instruction; current identity/wording/parity verified, scenario result remains NOT_TESTED unless separately executed.","59. Malformed/prototype-key prayer deep links (`__proto__`, `constructor`, `toString`, markup payloads, overlong IDs) never throw or execute content; they fall back recoverably with `prière introuvable`."
REAL_DEVICE_QA_CHECKLIST.md,87,NONCLAIM,structural/header/blank,
REAL_DEVICE_QA_CHECKLIST.md,88,NOT_TESTED_DECLARATION,"Active physical/device/live QA instruction; current identity/wording/parity verified, scenario result remains NOT_TESTED unless separately executed.",60. Open an existing-highlight colour picker and tap immediately during its entrance motion: all five swatches and Remove retain >=44x44 CSS-px hit areas throughout the animation; none shrink because of a parent scale transform.
REAL_DEVICE_QA_CHECKLIST.md,89,NONCLAIM,structural/header/blank,
REAL_DEVICE_QA_CHECKLIST.md,90,NOT_TESTED_DECLARATION,"Active physical/device/live QA instruction; current identity/wording/parity verified, scenario result remains NOT_TESTED unless separately executed.","61. Storage partial-failure regression (developer/device harness where injectable): if a canonical write succeeds but its immediate verification read fails, the exact previous canonical snapshot must be restored; after reload no change may appear that the UI reported as not saved."
REAL_DEVICE_QA_CHECKLIST.md,91,NOT_TESTED_DECLARATION,"Active physical/device/live QA instruction; current identity/wording/parity verified, scenario result remains NOT_TESTED unless separately executed.","62. Storage pre-read failure regression (developer/device harness where injectable): if the existing canonical snapshot cannot be read before save, no canonical write is attempted and the current durable bytes remain untouched."
REAL_DEVICE_QA_CHECKLIST.md,92,NONCLAIM,structural/header/blank,
REAL_DEVICE_QA_CHECKLIST.md,93,NOT_TESTED_DECLARATION,"Active physical/device/live QA instruction; current identity/wording/parity verified, scenario result remains NOT_TESTED unless separately executed.",63. Restore wrong-file protection: an explicitly foreign/other-app JSON backup and an arbitrary schema-only JSON file are rejected without changing current notes/progression; a genuine historical v101.53 24H backup without the new format/app_id markers is still accepted.
REAL_DEVICE_QA_CHECKLIST.md,94,NONCLAIM,structural/header/blank,
REAL_DEVICE_QA_CHECKLIST.md,95,NOT_TESTED_DECLARATION,"Active physical/device/live QA instruction; current identity/wording/parity verified, scenario result remains NOT_TESTED unless separately executed.",64. Storage/import integrity: a simulated canonical post-write verification failure whose rollback also fails must never produce a false 'not saved' state; malformed backups containing invalid personal records must be rejected without replacing current data.
REAL_DEVICE_QA_CHECKLIST.md,96,NONCLAIM,structural/header/blank,
REAL_DEVICE_QA_CHECKLIST.md,97,NOT_TESTED_DECLARATION,"Active physical/device/live QA instruction; current identity/wording/parity verified, scenario result remains NOT_TESTED unless separately executed.","65. Auxiliary storage honesty: if recent-text or onboarding preference storage is unavailable, the UI must keep the stated choice/list effective for the current session and must not falsely claim session persistence."
REAL_DEVICE_QA_CHECKLIST.md,98,NONCLAIM,structural/header/blank,
REAL_DEVICE_QA_CHECKLIST.md,99,NOT_TESTED_DECLARATION,"Active physical/device/live QA instruction; current identity/wording/parity verified, scenario result remains NOT_TESTED unless separately executed.","66. Help completeness: open Aide and confirm the contextual-actions section explains Surligner, Note, Copier and Fermer; confirm a separate reference section explains Partager and Copier le lien plus privacy/cancellation semantics; confirm Note, backup JSON vs journal Markdown and unsaved-note update protection remain explained."
REAL_DEVICE_QA_CHECKLIST.md,100,NONCLAIM,structural/header/blank,
REAL_DEVICE_QA_CHECKLIST.md,101,NOT_TESTED_DECLARATION,"Active physical/device/live QA instruction; current identity/wording/parity verified, scenario result remains NOT_TESTED unless separately executed.","67. Help attribution-status honesty: open Aide and confirm it does not claim that direct-speech editorial review is pending or already closed; it describes identified words of Jésus, du Père et de Marie factually and retains the text-problem reporting path."
REAL_DEVICE_QA_CHECKLIST.md,102,NONCLAIM,structural/header/blank,
REAL_DEVICE_QA_CHECKLIST.md,103,NOT_TESTED_DECLARATION,"Active physical/device/live QA instruction; current identity/wording/parity verified, scenario result remains NOT_TESTED unless separately executed.","68. iPad paragraph-side controls: in Méditation and Réflexions, confirm no legacy paragraph-side rail appears. Select exact text and confirm Surligner · Note · Copier · Fermer; verify Réglages → Partager / Copier le lien."
REAL_DEVICE_QA_CHECKLIST.md,104,NOT_TESTED_DECLARATION,"Active physical/device/live QA instruction; current identity/wording/parity verified, scenario result remains NOT_TESTED unless separately executed.","69. Desktop regression: on a fine-pointer desktop, hover meditation/reflection paragraphs and confirm no legacy paragraph-side rail appears; exact text selection still opens Surligner · Note · Copier · Fermer."
REAL_DEVICE_QA_CHECKLIST.md,105,NOT_TESTED_DECLARATION,"Active physical/device/live QA instruction; current identity/wording/parity verified, scenario result remains NOT_TESTED unless separately executed.",70. Samsung regression: confirm no legacy side rail appears; use Paragraphe mode and confirm Surligner · Note · Copier · Fermer opens for the tapped whole paragraph and creates a normal coloured whole-paragraph highlight.
REAL_DEVICE_QA_CHECKLIST.md,106,NONCLAIM,structural/header/blank,
REAL_DEVICE_QA_CHECKLIST.md,107,NOT_TESTED_DECLARATION,"Active physical/device/live QA instruction; current identity/wording/parity verified, scenario result remains NOT_TESTED unless separately executed.","71. Mon Espace with at least one ordinary highlight and one note opens fully; highlights, notes, progression and backup controls are visible and no reader screen remains stuck underneath."
REAL_DEVICE_QA_CHECKLIST.md,108,NOT_TESTED_DECLARATION,"Active physical/device/live QA instruction; current identity/wording/parity verified, scenario result remains NOT_TESTED unless separately executed.","72. Delete one note, one normal highlight, one grouped highlight and one stale highlight individually; each successful deletion offers **Annuler**, and Undo restores only that annotation without overwriting a later edit."
REAL_DEVICE_QA_CHECKLIST.md,109,NOT_TESTED_DECLARATION,"Active physical/device/live QA instruction; current identity/wording/parity verified, scenario result remains NOT_TESTED unless separately executed.","73. Open **Note** from the temporary selection toolbar, then close immediately with Escape and with the close button; focus returns to the stable reading region after the toolbar disappears, never to `<body>`."
REAL_DEVICE_QA_CHECKLIST.md,110,NOT_TESTED_DECLARATION,"Active physical/device/live QA instruction; current identity/wording/parity verified, scenario result remains NOT_TESTED unless separately executed.","74. Export a backup containing a highlight, import it into the same v101.86 build, and confirm the highlight still carries valid `text_hash`, `para_hash` and `paragraph_fingerprint` integrity metadata and renders at the same passage."
REAL_DEVICE_QA_CHECKLIST.md,111,NONCLAIM,structural/header/blank,
REAL_DEVICE_QA_CHECKLIST.md,112,NONCLAIM,structural/header/blank,
REAL_DEVICE_QA_CHECKLIST.md,113,NONCLAIM,structural/header/blank,## v101.86 user-feedback and TH1 additions
REAL_DEVICE_QA_CHECKLIST.md,114,NONCLAIM,structural/header/blank,
REAL_DEVICE_QA_CHECKLIST.md,115,NOT_TESTED_DECLARATION,"Active physical/device/live QA instruction; current identity/wording/parity verified, scenario result remains NOT_TESTED unless separately executed.","75. 17e Heure: `... contiennent, et constitue-Moi ...` displays without a break inside `et`; direct-speech/narration visual separation remains after the closing guillemet."
REAL_DEVICE_QA_CHECKLIST.md,116,NOT_TESTED_DECLARATION,"Active physical/device/live QA instruction; current identity/wording/parity verified, scenario result remains NOT_TESTED unless separately executed.","76. 15e Heure: the visible continuation reads `... ton silence, il proclame devant tous que Tu es un fou.` while P014/P015 anchors remain usable."
REAL_DEVICE_QA_CHECKLIST.md,117,NOT_TESTED_DECLARATION,"Active physical/device/live QA instruction; current identity/wording/parity verified, scenario result remains NOT_TESTED unless separately executed.",77. Approfondir: mark a reading title in each of five colours; reload; confirm persistence and independent body highlights.
REAL_DEVICE_QA_CHECKLIST.md,118,NOT_TESTED_DECLARATION,"Active physical/device/live QA instruction; current identity/wording/parity verified, scenario result remains NOT_TESTED unless separately executed.",78. Mon Espace → Lectures marquées: open the mark and confirm the whole reading opens at its beginning.
REAL_DEVICE_QA_CHECKLIST.md,119,NOT_TESTED_DECLARATION,"Active physical/device/live QA instruction; current identity/wording/parity verified, scenario result remains NOT_TESTED unless separately executed.","79. Remove a title mark, use Annuler, and confirm exact restoration."
REAL_DEVICE_QA_CHECKLIST.md,120,NOT_TESTED_DECLARATION,"Active physical/device/live QA instruction; current identity/wording/parity verified, scenario result remains NOT_TESTED unless separately executed.",80. Export/import a v101.86 backup and confirm title marks survive; import an older schema-7/snapshot-4 backup and confirm existing data survives with no title marks invented.
REAL_DEVICE_QA_CHECKLIST.md,121,NOT_TESTED_DECLARATION,"Active physical/device/live QA instruction; current identity/wording/parity verified, scenario result remains NOT_TESTED unless separately executed.","81. Approfondir title visual: on a narrow phone viewport and with a long wrapped title, marking the reading colours only the title text fragments (inline highlighter effect), not the full heading rectangle."
REAL_DEVICE_QA_CHECKLIST.md,122,NOT_TESTED_DECLARATION,"Active physical/device/live QA instruction; current identity/wording/parity verified, scenario result remains NOT_TESTED unless separately executed.",82. Direct title interaction: tap/click the highlighted title itself; the colour picker opens and the current colour is visibly selected.
REAL_DEVICE_QA_CHECKLIST.md,123,NOT_TESTED_DECLARATION,"Active physical/device/live QA instruction; current identity/wording/parity verified, scenario result remains NOT_TESTED unless separately executed.","83. Recolour/remove/Undo: change the title colour, remove it directly from the title picker, then use Annuler and confirm the exact previous colour returns in the reader and Mon Espace."
REAL_DEVICE_QA_CHECKLIST.md,124,NOT_TESTED_DECLARATION,"Active physical/device/live QA instruction; current identity/wording/parity verified, scenario result remains NOT_TESTED unless separately executed.","84. Keyboard/accessibility: on desktop, Enter and Space on a highlighted Approfondir title open the picker; Escape closes it and focus remains usable."
REAL_DEVICE_QA_CHECKLIST.md,125,NOT_TESTED_DECLARATION,"Active physical/device/live QA instruction; current identity/wording/parity verified, scenario result remains NOT_TESTED unless separately executed.","85. Aide TH1 truth: confirm the 9-action “Que voulez-vous faire ?” navigation works, the source is GE / Lumen Luminis / septembre 2021, Lectures marquées/JSON/journal/local-data/update guidance is present, and no unsupported “review pending/closed” certification claim appears."
REAL_DEVICE_QA_RESULTS_TEMPLATE.csv,1,NONCLAIM,structural/header/blank,"platform,scenario_id,scenario,status,evidence,notes"
REAL_DEVICE_QA_RESULTS_TEMPLATE.csv,2,NOT_TESTED_DECLARATION,"Active physical/device/live QA instruction; current identity/wording/parity verified, scenario result remains NOT_TESTED unless separately executed.","iPhone,G-01,""Mid-Hour → Mon Espace → Retour restores the same reader tab, paragraph/reading position and visible/updating progress strip."",NOT_TESTED,,"
REAL_DEVICE_QA_RESULTS_TEMPLATE.csv,3,NOT_TESTED_DECLARATION,"Active physical/device/live QA instruction; current identity/wording/parity verified, scenario result remains NOT_TESTED unless separately executed.","iPhone,G-02,Change among 16 / 19 / 22 / 26 px while mid-Hour: same visible passage/visual offset preserved; no clipping.,NOT_TESTED,,"
REAL_DEVICE_QA_RESULTS_TEMPLATE.csv,4,NOT_TESTED_DECLARATION,"Active physical/device/live QA instruction; current identity/wording/parity verified, scenario result remains NOT_TESTED unless separately executed.","iPhone,G-03,Automatique / Clair / Sombre; each theme choice has a comfortable touch target.,NOT_TESTED,,"
REAL_DEVICE_QA_RESULTS_TEMPLATE.csv,5,NOT_TESTED_DECLARATION,"Active physical/device/live QA instruction; current identity/wording/parity verified, scenario result remains NOT_TESTED unless separately executed.","iPhone,G-04,""Exact selected-text Surligner, Note, Copier and Fermer; Réglages exposes Partager and Copier le lien."",NOT_TESTED,,"
REAL_DEVICE_QA_RESULTS_TEMPLATE.csv,6,NOT_TESTED_DECLARATION,"Active physical/device/live QA instruction; current identity/wording/parity verified, scenario result remains NOT_TESTED unless separately executed.","iPhone,G-05,Existing-highlight colour picker remains fully on-screen; all five colours and remove action are usable.,NOT_TESTED,,"
REAL_DEVICE_QA_RESULTS_TEMPLATE.csv,7,NOT_TESTED_DECLARATION,"Active physical/device/live QA instruction; current identity/wording/parity verified, scenario result remains NOT_TESTED unless separately executed.","iPhone,G-06,A visible paragraph note indicator is easy to tap and opens the expected note.,NOT_TESTED,,"
REAL_DEVICE_QA_RESULTS_TEMPLATE.csv,8,NOT_TESTED_DECLARATION,"Active physical/device/live QA instruction; current identity/wording/parity verified, scenario result remains NOT_TESTED unless separately executed.","iPhone,G-07,Plan button and Plan close control are easy to tap where Plan exists.,NOT_TESTED,,"
REAL_DEVICE_QA_RESULTS_TEMPLATE.csv,9,NOT_TESTED_DECLARATION,"Active physical/device/live QA instruction; current identity/wording/parity verified, scenario result remains NOT_TESTED unless separately executed.","iPhone,G-08,Prayer close control is easy to tap.,NOT_TESTED,,"
REAL_DEVICE_QA_RESULTS_TEMPLATE.csv,10,NOT_TESTED_DECLARATION,"Active physical/device/live QA instruction; current identity/wording/parity verified, scenario result remains NOT_TESTED unless separately executed.","iPhone,G-09,Note textarea does not trigger focus zoom; keyboard dismissal is usable.,NOT_TESTED,,"
REAL_DEVICE_QA_RESULTS_TEMPLATE.csv,11,NOT_TESTED_DECLARATION,"Active physical/device/live QA instruction; current identity/wording/parity verified, scenario result remains NOT_TESTED unless separately executed.","iPhone,G-10,Repères OFF/ON preserves passage and actions.,NOT_TESTED,,"
REAL_DEVICE_QA_RESULTS_TEMPLATE.csv,12,NOT_TESTED_DECLARATION,"Active physical/device/live QA instruction; current identity/wording/parity verified, scenario result remains NOT_TESTED unless separately executed.","iPhone,G-11,Portrait ↔ landscape rotation preserves a usable reader.,NOT_TESTED,,"
REAL_DEVICE_QA_RESULTS_TEMPLATE.csv,13,NOT_TESTED_DECLARATION,"Active physical/device/live QA instruction; current identity/wording/parity verified, scenario result remains NOT_TESTED unless separately executed.","iPhone,G-12,""With a non-empty unsaved Note open, an available-update Actualiser action must NOT reload; the draft remains and receives focus."",NOT_TESTED,,"
REAL_DEVICE_QA_RESULTS_TEMPLATE.csv,14,NOT_TESTED_DECLARATION,"Active physical/device/live QA instruction; current identity/wording/parity verified, scenario result remains NOT_TESTED unless separately executed.","iPhone,G-13,Existing installed build → v101.86 update preserves supported personal data including Lectures marquées; obsolete legacy ◈ marks may be discarded.,NOT_TESTED,,"
REAL_DEVICE_QA_RESULTS_TEMPLATE.csv,15,NOT_TESTED_DECLARATION,"Active physical/device/live QA instruction; current identity/wording/parity verified, scenario result remains NOT_TESTED unless separately executed.","iPhone,G-14,Offline reopen after one successful online load works.,NOT_TESTED,,"
REAL_DEVICE_QA_RESULTS_TEMPLATE.csv,16,NOT_TESTED_DECLARATION,"Active physical/device/live QA instruction; current identity/wording/parity verified, scenario result remains NOT_TESTED unless separately executed.","iPhone,G-15,A copied deep link opens the expected Hour/paragraph.,NOT_TESTED,,"
REAL_DEVICE_QA_RESULTS_TEMPLATE.csv,17,NOT_TESTED_DECLARATION,"Active physical/device/live QA instruction; current identity/wording/parity verified, scenario result remains NOT_TESTED unless separately executed.","iPad,G-16,""Reader width, bottom navigation, exact selection and long-scroll remain usable."",NOT_TESTED,,"
REAL_DEVICE_QA_RESULTS_TEMPLATE.csv,18,NOT_TESTED_DECLARATION,"Active physical/device/live QA instruction; current identity/wording/parity verified, scenario result remains NOT_TESTED unless separately executed.","iPad,G-17,Mid-Hour → Mon Espace → Retour restores exact context and progress.,NOT_TESTED,,"
REAL_DEVICE_QA_RESULTS_TEMPLATE.csv,19,NOT_TESTED_DECLARATION,"Active physical/device/live QA instruction; current identity/wording/parity verified, scenario result remains NOT_TESTED unless separately executed.","iPad,G-18,""Repères, 26 px, Mon Espace, rotation/split-view."",NOT_TESTED,,"
REAL_DEVICE_QA_RESULTS_TEMPLATE.csv,20,NOT_TESTED_DECLARATION,"Active physical/device/live QA instruction; current identity/wording/parity verified, scenario result remains NOT_TESTED unless separately executed.","iPad,G-19,Plan/theme/prayer/note and Approfondir navigation targets are comfortable to tap.,NOT_TESTED,,"
REAL_DEVICE_QA_RESULTS_TEMPLATE.csv,21,NOT_TESTED_DECLARATION,"Active physical/device/live QA instruction; current identity/wording/parity verified, scenario result remains NOT_TESTED unless separately executed.","iPad,G-20,Installed-PWA update and offline reopen.,NOT_TESTED,,"
REAL_DEVICE_QA_RESULTS_TEMPLATE.csv,22,NOT_TESTED_DECLARATION,"Active physical/device/live QA instruction; current identity/wording/parity verified, scenario result remains NOT_TESTED unless separately executed.","Samsung/Android,G-21,Paragraphe mode only; no expectation of native word selection.,NOT_TESTED,,"
REAL_DEVICE_QA_RESULTS_TEMPLATE.csv,23,NOT_TESTED_DECLARATION,"Active physical/device/live QA instruction; current identity/wording/parity verified, scenario result remains NOT_TESTED unless separately executed.","Samsung/Android,G-22,""Whole-paragraph Surligner, Note, Copier and Fermer; resulting highlight is a normal coloured textHighlight."",NOT_TESTED,,"
REAL_DEVICE_QA_RESULTS_TEMPLATE.csv,24,NOT_TESTED_DECLARATION,"Active physical/device/live QA instruction; current identity/wording/parity verified, scenario result remains NOT_TESTED unless separately executed.","Samsung/Android,G-23,Reader → Mon Espace → Retour restores the same paragraph context/progress.,NOT_TESTED,,"
REAL_DEVICE_QA_RESULTS_TEMPLATE.csv,25,NOT_TESTED_DECLARATION,"Active physical/device/live QA instruction; current identity/wording/parity verified, scenario result remains NOT_TESTED unless separately executed.","Samsung/Android,G-24,Plan/theme/prayer/note and Approfondir navigation targets are comfortable to tap.,NOT_TESTED,,"
REAL_DEVICE_QA_RESULTS_TEMPLATE.csv,26,NOT_TESTED_DECLARATION,"Active physical/device/live QA instruction; current identity/wording/parity verified, scenario result remains NOT_TESTED unless separately executed.","Samsung/Android,G-25,""Reload persistence, installed update and offline reopen."",NOT_TESTED,,"
REAL_DEVICE_QA_RESULTS_TEMPLATE.csv,27,NOT_TESTED_DECLARATION,"Active physical/device/live QA instruction; current identity/wording/parity verified, scenario result remains NOT_TESTED unless separately executed.","Samsung/Android,G-26,No Google Translate/Search overlay from the app highlighting workflow.,NOT_TESTED,,"
REAL_DEVICE_QA_RESULTS_TEMPLATE.csv,28,NOT_TESTED_DECLARATION,"Active physical/device/live QA instruction; current identity/wording/parity verified, scenario result remains NOT_TESTED unless separately executed.","Desktop,G-27,Tab order reaches primary navigation and reader actions; no hidden zero-size control receives focus.,NOT_TESTED,,"
REAL_DEVICE_QA_RESULTS_TEMPLATE.csv,29,NOT_TESTED_DECLARATION,"Active physical/device/live QA instruction; current identity/wording/parity verified, scenario result remains NOT_TESTED unless separately executed.","Desktop,G-28,Visible focus indication on controls.,NOT_TESTED,,"
REAL_DEVICE_QA_RESULTS_TEMPLATE.csv,30,NOT_TESTED_DECLARATION,"Active physical/device/live QA instruction; current identity/wording/parity verified, scenario result remains NOT_TESTED unless separately executed.","Desktop,G-29,""Dialogs/sheets trap Tab/Shift+Tab and Escape closes them; focus returns to the trigger or to the stable reading region when a transient contextual Note/colour-picker trigger has disappeared."",NOT_TESTED,,"
REAL_DEVICE_QA_RESULTS_TEMPLATE.csv,31,NOT_TESTED_DECLARATION,"Active physical/device/live QA instruction; current identity/wording/parity verified, scenario result remains NOT_TESTED unless separately executed.","Desktop,G-30,200% browser zoom: no essential horizontal scrolling.,NOT_TESTED,,"
REAL_DEVICE_QA_RESULTS_TEMPLATE.csv,32,NOT_TESTED_DECLARATION,"Active physical/device/live QA instruction; current identity/wording/parity verified, scenario result remains NOT_TESTED unless separately executed.","Desktop,G-31,Reduced-motion OS preference removes non-essential animation.,NOT_TESTED,,"
REAL_DEVICE_QA_RESULTS_TEMPLATE.csv,33,NOT_TESTED_DECLARATION,"Active physical/device/live QA instruction; current identity/wording/parity verified, scenario result remains NOT_TESTED unless separately executed.","Desktop,G-32,""On-demand controls (theme, Plan, prayer close, note indicator, Approfondir back/index) remain keyboard reachable and visibly focused."",NOT_TESTED,,"
REAL_DEVICE_QA_RESULTS_TEMPLATE.csv,34,NOT_TESTED_DECLARATION,"Active physical/device/live QA instruction; current identity/wording/parity verified, scenario result remains NOT_TESTED unless separately executed.","Live/Installed PWA,G-33,Visible version v101.86.,NOT_TESTED,,"
REAL_DEVICE_QA_RESULTS_TEMPLATE.csv,35,NOT_TESTED_DECLARATION,"Active physical/device/live QA instruction; current identity/wording/parity verified, scenario result remains NOT_TESTED unless separately executed.","Live/Installed PWA,G-34,Service worker controls the page after activation.,NOT_TESTED,,"
REAL_DEVICE_QA_RESULTS_TEMPLATE.csv,36,NOT_TESTED_DECLARATION,"Active physical/device/live QA instruction; current identity/wording/parity verified, scenario result remains NOT_TESTED unless separately executed.","Live/Installed PWA,G-35,Cache generation is luisa-24h-v101-86.,NOT_TESTED,,"
REAL_DEVICE_QA_RESULTS_TEMPLATE.csv,37,NOT_TESTED_DECLARATION,"Active physical/device/live QA instruction; current identity/wording/parity verified, scenario result remains NOT_TESTED unless separately executed.","Live/Installed PWA,G-36,Existing install updates to v101.86 without loss of supported personal data including Lectures marquées; retired legacy ◈ marks are not preserved.,NOT_TESTED,,"
REAL_DEVICE_QA_RESULTS_TEMPLATE.csv,38,NOT_TESTED_DECLARATION,"Active physical/device/live QA instruction; current identity/wording/parity verified, scenario result remains NOT_TESTED unless separately executed.","Live/Installed PWA,G-37,Offline reopen succeeds after successful online load.,NOT_TESTED,,"
REAL_DEVICE_QA_RESULTS_TEMPLATE.csv,39,NOT_TESTED_DECLARATION,"Active physical/device/live QA instruction; current identity/wording/parity verified, scenario result remains NOT_TESTED unless separately executed.","Live/Installed PWA,G-38,Old app cache generations are removed only within the luisa-24h- namespace.,NOT_TESTED,,"
REAL_DEVICE_QA_RESULTS_TEMPLATE.csv,40,NOT_TESTED_DECLARATION,"Active physical/device/live QA instruction; current identity/wording/parity verified, scenario result remains NOT_TESTED unless separately executed.","Live/Installed PWA,G-39,Root/deploy bytes correspond exactly to the audited GitHub payload.,NOT_TESTED,,"
REAL_DEVICE_QA_RESULTS_TEMPLATE.csv,41,NOT_TESTED_DECLARATION,"Active physical/device/live QA instruction; current identity/wording/parity verified, scenario result remains NOT_TESTED unless separately executed.","Live/Installed PWA,G-40,Root and copied deep-link URLs reach the expected screen/target on the live origin.,NOT_TESTED,,"
REAL_DEVICE_QA_RESULTS_TEMPLATE.csv,42,NOT_TESTED_DECLARATION,"Active physical/device/live QA instruction; current identity/wording/parity verified, scenario result remains NOT_TESTED unless separately executed.","Data safety,G-41,""A canonical snapshot with `snapshot_version` greater than 5 remains byte-for-byte unchanged after boot, even when legacy mirrors and the R41 marker are absent."",NOT_TESTED,,"
REAL_DEVICE_QA_RESULTS_TEMPLATE.csv,43,NOT_TESTED_DECLARATION,"Active physical/device/live QA instruction; current identity/wording/parity verified, scenario result remains NOT_TESTED unless separately executed.","Data safety,G-42,""While that future snapshot is present, Note or other durable writes must not replace it; user feedback must say the change was not saved / the newer snapshot is preserved."",NOT_TESTED,,"
REAL_DEVICE_QA_RESULTS_TEMPLATE.csv,44,NOT_TESTED_DECLARATION,"Active physical/device/live QA instruction; current identity/wording/parity verified, scenario result remains NOT_TESTED unless separately executed.","Data safety,G-43,A canonical snapshot at current `snapshot_version` but future `schema_version` remains byte-for-byte unchanged after boot and attempted writes.,NOT_TESTED,,"
REAL_DEVICE_QA_RESULTS_TEMPLATE.csv,45,NOT_TESTED_DECLARATION,"Active physical/device/live QA instruction; current identity/wording/parity verified, scenario result remains NOT_TESTED unless separately executed.","Data safety,G-44,""While a future canonical snapshot/schema is present, machine JSON export is refused with an explicit newer-version preservation message rather than producing an incomplete backup."",NOT_TESTED,,"
REAL_DEVICE_QA_RESULTS_TEMPLATE.csv,46,NOT_TESTED_DECLARATION,"Active physical/device/live QA instruction; current identity/wording/parity verified, scenario result remains NOT_TESTED unless separately executed.","Data completeness,G-45,A seeded snapshot with 250 valid notes on one paragraph loads all 250; after an ordinary saved preference change all 250 remain in the canonical snapshot and machine export.,NOT_TESTED,,"
REAL_DEVICE_QA_RESULTS_TEMPLATE.csv,47,NOT_TESTED_DECLARATION,"Active physical/device/live QA instruction; current identity/wording/parity verified, scenario result remains NOT_TESTED unless separately executed.","Data completeness,G-46,A seeded snapshot with 250 valid text-highlight records on one paragraph loads all 250; after an ordinary saved preference change all 250 remain in the canonical snapshot and machine export.,NOT_TESTED,,"
REAL_DEVICE_QA_RESULTS_TEMPLATE.csv,48,NOT_TESTED_DECLARATION,"Active physical/device/live QA instruction; current identity/wording/parity verified, scenario result remains NOT_TESTED unless separately executed.","Data completeness,G-47,A v101.79 snapshot containing legacy `highlights` / `lp24_hl` migrates to schema 8/snapshot 5 with those retired marks discarded while supported personal data remains.,NOT_TESTED,,"
REAL_DEVICE_QA_RESULTS_TEMPLATE.csv,49,NOT_TESTED_DECLARATION,"Active physical/device/live QA instruction; current identity/wording/parity verified, scenario result remains NOT_TESTED unless separately executed.","Data completeness,G-48,Mon Espace may preview high-count notes/highlights only with the exact total and an explicit `Voir tout`; expansion makes every record reachable.,NOT_TESTED,,"
REAL_DEVICE_QA_RESULTS_TEMPLATE.csv,50,NOT_TESTED_DECLARATION,"Active physical/device/live QA instruction; current identity/wording/parity verified, scenario result remains NOT_TESTED unless separately executed.","Legacy marks,G-49,No legacy `◈` paragraph-mark creation control exists on any supported platform.,NOT_TESTED,,"
REAL_DEVICE_QA_RESULTS_TEMPLATE.csv,51,NOT_TESTED_DECLARATION,"Active physical/device/live QA instruction; current identity/wording/parity verified, scenario result remains NOT_TESTED unless separately executed.","Legacy marks,G-50,Legacy paragraph-mark records do not appear in Mon Espace or Passages à vérifier after migration.,NOT_TESTED,,"
REAL_DEVICE_QA_RESULTS_TEMPLATE.csv,52,NOT_TESTED_DECLARATION,"Active physical/device/live QA instruction; current identity/wording/parity verified, scenario result remains NOT_TESTED unless separately executed.","Legacy marks,G-51,Retired `lp24_hl` mirror removal failure is reported as a mirror failure; no false success.,NOT_TESTED,,"
REAL_DEVICE_QA_RESULTS_TEMPLATE.csv,53,NOT_TESTED_DECLARATION,"Active physical/device/live QA instruction; current identity/wording/parity verified, scenario result remains NOT_TESTED unless separately executed.","Legacy marks,G-52,Backup-reminder counts exclude retired paragraph marks and count supported annotations only.,NOT_TESTED,,"
REAL_DEVICE_QA_RESULTS_TEMPLATE.csv,54,NOT_TESTED_DECLARATION,"Active physical/device/live QA instruction; current identity/wording/parity verified, scenario result remains NOT_TESTED unless separately executed.","Legacy marks,G-53,Human-readable journal contains supported coloured highlights only; no legacy paragraph-mark category.,NOT_TESTED,,"
REAL_DEVICE_QA_RESULTS_TEMPLATE.csv,55,NOT_TESTED_DECLARATION,"Active physical/device/live QA instruction; current identity/wording/parity verified, scenario result remains NOT_TESTED unless separately executed.","Legacy marks,G-54,New machine JSON exports omit the retired `highlights` field.,NOT_TESTED,,"
REAL_DEVICE_QA_RESULTS_TEMPLATE.csv,56,NOT_TESTED_DECLARATION,"Active physical/device/live QA instruction; current identity/wording/parity verified, scenario result remains NOT_TESTED unless separately executed.","Wide panel,G-55,Samsung whole-paragraph coloured textHighlights appear normally in Mon Espace/wide preview.,NOT_TESTED,,"
REAL_DEVICE_QA_RESULTS_TEMPLATE.csv,57,NOT_TESTED_DECLARATION,"Active physical/device/live QA instruction; current identity/wording/parity verified, scenario result remains NOT_TESTED unless separately executed.","Wide panel,G-56,Stale/missing supported textHighlights remain disclosed as passages to verify.,NOT_TESTED,,"
REAL_DEVICE_QA_RESULTS_TEMPLATE.csv,58,NOT_TESTED_DECLARATION,"Active physical/device/live QA instruction; current identity/wording/parity verified, scenario result remains NOT_TESTED unless separately executed.","Wide panel,G-57,""With no supported textHighlight records, wide preview may correctly show `Aucun surlignage`."",NOT_TESTED,,"
REAL_DEVICE_QA_RESULTS_TEMPLATE.csv,59,NOT_TESTED_DECLARATION,"Active physical/device/live QA instruction; current identity/wording/parity verified, scenario result remains NOT_TESTED unless separately executed.","Data round-trip,G-58,Exact app-generated JSON backup larger than 5 MiB but below 32 MiB is accepted by Restore and preserves every validated record after replace-import.,NOT_TESTED,,"
REAL_DEVICE_QA_RESULTS_TEMPLATE.csv,60,NOT_TESTED_DECLARATION,"Active physical/device/live QA instruction; current identity/wording/parity verified, scenario result remains NOT_TESTED unless separately executed.","Deep links,G-59,""Malformed/prototype-key prayer deep links (`__proto__`, `constructor`, `toString`, markup payloads, overlong IDs) never throw or execute content; they fall back recoverably with `prière introuvable`."",NOT_TESTED,,"
REAL_DEVICE_QA_RESULTS_TEMPLATE.csv,61,NOT_TESTED_DECLARATION,"Active physical/device/live QA instruction; current identity/wording/parity verified, scenario result remains NOT_TESTED unless separately executed.","Accessibility,G-60,Open an existing-highlight colour picker and tap immediately during its entrance motion: all five swatches and Remove retain >=44x44 CSS-px hit areas throughout the animation; none shrink because of a parent scale transform.,NOT_TESTED,,"
REAL_DEVICE_QA_RESULTS_TEMPLATE.csv,62,NOT_TESTED_DECLARATION,"Active physical/device/live QA instruction; current identity/wording/parity verified, scenario result remains NOT_TESTED unless separately executed.","Persistence,G-61,""Storage partial-failure regression (developer/device harness where injectable): if a canonical write succeeds but its immediate verification read fails, the exact previous canonical snapshot must be restored; after reload no change may appear that the UI reported as not saved."",NOT_TESTED,,"
REAL_DEVICE_QA_RESULTS_TEMPLATE.csv,63,NOT_TESTED_DECLARATION,"Active physical/device/live QA instruction; current identity/wording/parity verified, scenario result remains NOT_TESTED unless separately executed.","Persistence,G-62,""Storage pre-read failure regression (developer/device harness where injectable): if the existing canonical snapshot cannot be read before save, no canonical write is attempted and the current durable bytes remain untouched."",NOT_TESTED,,"
REAL_DEVICE_QA_RESULTS_TEMPLATE.csv,64,NOT_TESTED_DECLARATION,"Active physical/device/live QA instruction; current identity/wording/parity verified, scenario result remains NOT_TESTED unless separately executed.","Data round-trip,G-63,Restore wrong-file protection: an explicitly foreign/other-app JSON backup and an arbitrary schema-only JSON file are rejected without changing current notes/progression; a genuine historical v101.53 24H backup without the new format/app_id markers is still accepted.,NOT_TESTED,,"
REAL_DEVICE_QA_RESULTS_TEMPLATE.csv,65,NOT_TESTED_DECLARATION,"Active physical/device/live QA instruction; current identity/wording/parity verified, scenario result remains NOT_TESTED unless separately executed.","Data round-trip,G-64,Storage/import integrity: a simulated canonical post-write verification failure whose rollback also fails must never produce a false 'not saved' state; malformed backups containing invalid personal records must be rejected without replacing current data.,NOT_TESTED,,"
REAL_DEVICE_QA_RESULTS_TEMPLATE.csv,66,NOT_TESTED_DECLARATION,"Active physical/device/live QA instruction; current identity/wording/parity verified, scenario result remains NOT_TESTED unless separately executed.","Storage honesty,G-65,""Auxiliary storage honesty: if recent-text or onboarding preference storage is unavailable, the UI must keep the stated choice/list effective for the current session and must not falsely claim session persistence."",NOT_TESTED,,"
REAL_DEVICE_QA_RESULTS_TEMPLATE.csv,67,NOT_TESTED_DECLARATION,"Active physical/device/live QA instruction; current identity/wording/parity verified, scenario result remains NOT_TESTED unless separately executed.","Help,G-66,Aide documents Surligner · Note · Copier · Fermer and separate Partager / Copier le lien semantics; legacy ◈ wording absent.,NOT_TESTED,,"
REAL_DEVICE_QA_RESULTS_TEMPLATE.csv,68,NOT_TESTED_DECLARATION,"Active physical/device/live QA instruction; current identity/wording/parity verified, scenario result remains NOT_TESTED unless separately executed.","Help,G-67,Help attribution-status honesty: Aide makes no unsupported pending/closed editorial-certification claim; identified direct words are described factually and reporting remains available.,NOT_TESTED,,"
REAL_DEVICE_QA_RESULTS_TEMPLATE.csv,69,NOT_TESTED_DECLARATION,"Active physical/device/live QA instruction; current identity/wording/parity verified, scenario result remains NOT_TESTED unless separately executed.","iPad,G-68,iPad: no legacy side rail; exact selection opens four-action bar; Réglages exposes Partager/Copier le lien.,NOT_TESTED,,"
REAL_DEVICE_QA_RESULTS_TEMPLATE.csv,70,NOT_TESTED_DECLARATION,"Active physical/device/live QA instruction; current identity/wording/parity verified, scenario result remains NOT_TESTED unless separately executed.","Desktop,G-69,Desktop: no legacy side rail; exact selection opens four-action bar.,NOT_TESTED,,"
REAL_DEVICE_QA_RESULTS_TEMPLATE.csv,71,NOT_TESTED_DECLARATION,"Active physical/device/live QA instruction; current identity/wording/parity verified, scenario result remains NOT_TESTED unless separately executed.","Samsung,G-70,Samsung: no legacy side rail; Paragraphe opens four-action bar and creates normal coloured whole-paragraph textHighlight.,NOT_TESTED,,"
REAL_DEVICE_QA_RESULTS_TEMPLATE.csv,72,NOT_TESTED_DECLARATION,"Active physical/device/live QA instruction; current identity/wording/parity verified, scenario result remains NOT_TESTED unless separately executed.","iPhone,G-71,""Mon Espace with at least one ordinary highlight and one note opens fully; personal-data sections render without a crash."",NOT_TESTED,,"
REAL_DEVICE_QA_RESULTS_TEMPLATE.csv,73,NOT_TESTED_DECLARATION,"Active physical/device/live QA instruction; current identity/wording/parity verified, scenario result remains NOT_TESTED unless separately executed.","iPhone,G-72,""Individual note/highlight/grouped/stale deletions offer Annuler; Undo restores only the deleted annotation and does not overwrite later edits."",NOT_TESTED,,"
REAL_DEVICE_QA_RESULTS_TEMPLATE.csv,74,NOT_TESTED_DECLARATION,"Active physical/device/live QA instruction; current identity/wording/parity verified, scenario result remains NOT_TESTED unless separately executed.","iPhone,G-73,""Open Note from the temporary selection toolbar; Escape/close returns focus to the stable reading region after the toolbar disappears, never body."",NOT_TESTED,,"
REAL_DEVICE_QA_RESULTS_TEMPLATE.csv,75,NOT_TESTED_DECLARATION,"Active physical/device/live QA instruction; current identity/wording/parity verified, scenario result remains NOT_TESTED unless separately executed.","cross-device,G-74,""Export/import a highlight and confirm text_hash, para_hash and paragraph_fingerprint remain valid and the passage re-anchors."",NOT_TESTED,,"
REAL_DEVICE_QA_RESULTS_TEMPLATE.csv,76,NOT_TESTED_DECLARATION,"Active physical/device/live QA instruction; current identity/wording/parity verified, scenario result remains NOT_TESTED unless separately executed.","User feedback,G-75,17e Heure renders contiguous et and keeps direct-speech visual separation after closing guillemet.,NOT_TESTED,,"
REAL_DEVICE_QA_RESULTS_TEMPLATE.csv,77,NOT_TESTED_DECLARATION,"Active physical/device/live QA instruction; current identity/wording/parity verified, scenario result remains NOT_TESTED unless separately executed.","User feedback,G-76,15e Heure displays approved comma/lowercase continuation while P014/P015 anchors remain usable.,NOT_TESTED,,"
REAL_DEVICE_QA_RESULTS_TEMPLATE.csv,78,NOT_TESTED_DECLARATION,"Active physical/device/live QA instruction; current identity/wording/parity verified, scenario result remains NOT_TESTED unless separately executed.","User feedback,G-77,Approfondir title mark persists in all five colours and remains independent from body highlights.,NOT_TESTED,,"
REAL_DEVICE_QA_RESULTS_TEMPLATE.csv,79,NOT_TESTED_DECLARATION,"Active physical/device/live QA instruction; current identity/wording/parity verified, scenario result remains NOT_TESTED unless separately executed.","User feedback,G-78,Mon Espace Lectures marquées opens full reading at start.,NOT_TESTED,,"
REAL_DEVICE_QA_RESULTS_TEMPLATE.csv,80,NOT_TESTED_DECLARATION,"Active physical/device/live QA instruction; current identity/wording/parity verified, scenario result remains NOT_TESTED unless separately executed.","User feedback,G-79,Removing title mark supports Annuler restoration.,NOT_TESTED,,"
REAL_DEVICE_QA_RESULTS_TEMPLATE.csv,81,NOT_TESTED_DECLARATION,"Active physical/device/live QA instruction; current identity/wording/parity verified, scenario result remains NOT_TESTED unless separately executed.","User feedback,G-80,v101.86 backup round-trip preserves title marks and schema-7/snapshot-4 migration preserves prior data.,NOT_TESTED,,"
REAL_DEVICE_QA_RESULTS_TEMPLATE.csv,82,NOT_TESTED_DECLARATION,"Active physical/device/live QA instruction; current identity/wording/parity verified, scenario result remains NOT_TESTED unless separately executed.","TH1 title UX,G-81,""Approfondir long wrapped title uses inline text-following highlight, not a full heading rectangle."",NOT_TESTED,,"
REAL_DEVICE_QA_RESULTS_TEMPLATE.csv,83,NOT_TESTED_DECLARATION,"Active physical/device/live QA instruction; current identity/wording/parity verified, scenario result remains NOT_TESTED unless separately executed.","TH1 title UX,G-82,Tap/click highlighted title opens picker and current colour is visibly selected.,NOT_TESTED,,"
REAL_DEVICE_QA_RESULTS_TEMPLATE.csv,84,NOT_TESTED_DECLARATION,"Active physical/device/live QA instruction; current identity/wording/parity verified, scenario result remains NOT_TESTED unless separately executed.","TH1 title UX,G-83,Direct recolour/remove/Annuler restores the exact previous title colour in reader and Mon Espace.,NOT_TESTED,,"
REAL_DEVICE_QA_RESULTS_TEMPLATE.csv,85,NOT_TESTED_DECLARATION,"Active physical/device/live QA instruction; current identity/wording/parity verified, scenario result remains NOT_TESTED unless separately executed.","TH1 title UX,G-84,Desktop Enter/Space on highlighted title opens picker; Escape closes it with usable focus.,NOT_TESTED,,"
REAL_DEVICE_QA_RESULTS_TEMPLATE.csv,86,NOT_TESTED_DECLARATION,"Active physical/device/live QA instruction; current identity/wording/parity verified, scenario result remains NOT_TESTED unless separately executed.","Help,G-85,""Aide 9-action quick navigation, source edition, Lectures marquées/backup/journal/local-data/update guidance are correct and no unsupported pending/closed review claim appears."",NOT_TESTED,,"
reports/no_regression_fix_ledger.csv,1,NONCLAIM,structural/header/blank,"item,status,changed_files,evidence,redo_count"
reports/no_regression_fix_ledger.csv,2,VERIFIED,Recomputed/generated from current staging evidence; immutable reopen must independently verify.,"TH1-01,PASS_STATIC,index.html; luisa_24_heures.html,inline mark.hl-* renderer; H2 no colour class; protected fingerprints unchanged,0"
reports/no_regression_fix_ledger.csv,3,VERIFIED,Recomputed/generated from current staging evidence; immutable reopen must independently verify.,"TH1-02,PASS_STATIC,index.html; luisa_24_heures.html,""direct click/keyboard handler, picker aria-pressed current colour, recolour/remove/Undo paths preserved"",0"
reports/no_regression_fix_ledger.csv,4,VERIFIED,Recomputed/generated from current staging evidence; immutable reopen must independently verify.,"TH1-03,PASS_STATIC,index.html; luisa_24_heures.html,task-oriented Help jump controls and target IDs added,0"
reports/no_regression_fix_ledger.csv,5,VERIFIED,Recomputed/generated from current staging evidence; immutable reopen must independently verify.,"TH1-04,PASS_STATIC,index.html; luisa_24_heures.html,""Help factual reconciliation incl dynamic source edition, Lectures marquées backup/journal, platform/update/data safety; unsupported closed-review claim removed"",0"
reports/runtime_behaviour_matrix.csv,1,NONCLAIM,structural/header/blank,"test_id,status,evidence_type,evidence"
reports/runtime_behaviour_matrix.csv,2,VERIFIED,Recomputed/generated from current staging evidence; immutable reopen must independently verify.,"TITLE-01-unmarked,PASS,CHROMIUM,""{""""item"""": """"PASSION24.TEXT.SHARED_T09_1910_07_04_AGONY_CROSS_LAST_BREATH""""}"""
reports/runtime_behaviour_matrix.csv,3,VERIFIED,Recomputed/generated from current staging evidence; immutable reopen must independently verify.,"TITLE-COLOR-yellow,PASS,CHROMIUM,""{""""btn"""": """"Modifier / retirer le surlignage"""", """"h2Bg"""": """"rgba(0, 0, 0, 0)"""", """"h2Class"""": """"reader-title"""", """"mark"""": true, """"markBg"""": """"rgb(254, 249, 195)"""", """"markClass"""": """"library-title-inline-mark hl hl-yellow"""", """"store"""": """"yellow""""}"""
reports/runtime_behaviour_matrix.csv,4,VERIFIED,Recomputed/generated from current staging evidence; immutable reopen must independently verify.,"TITLE-COLOR-blue,PASS,CHROMIUM,""{""""btn"""": """"Modifier / retirer le surlignage"""", """"h2Bg"""": """"rgba(0, 0, 0, 0)"""", """"h2Class"""": """"reader-title"""", """"mark"""": true, """"markBg"""": """"rgb(219, 234, 254)"""", """"markClass"""": """"library-title-inline-mark hl hl-blue"""", """"store"""": """"blue""""}"""
reports/runtime_behaviour_matrix.csv,5,VERIFIED,Recomputed/generated from current staging evidence; immutable reopen must independently verify.,"TITLE-COLOR-green,PASS,CHROMIUM,""{""""btn"""": """"Modifier / retirer le surlignage"""", """"h2Bg"""": """"rgba(0, 0, 0, 0)"""", """"h2Class"""": """"reader-title"""", """"mark"""": true, """"markBg"""": """"rgb(220, 252, 231)"""", """"markClass"""": """"library-title-inline-mark hl hl-green"""", """"store"""": """"green""""}"""
reports/runtime_behaviour_matrix.csv,6,VERIFIED,Recomputed/generated from current staging evidence; immutable reopen must independently verify.,"TITLE-COLOR-purple,PASS,CHROMIUM,""{""""btn"""": """"Modifier / retirer le surlignage"""", """"h2Bg"""": """"rgba(0, 0, 0, 0)"""", """"h2Class"""": """"reader-title"""", """"mark"""": true, """"markBg"""": """"rgb(237, 233, 254)"""", """"markClass"""": """"library-title-inline-mark hl hl-purple"""", """"store"""": """"purple""""}"""
reports/runtime_behaviour_matrix.csv,7,VERIFIED,Recomputed/generated from current staging evidence; immutable reopen must independently verify.,"TITLE-COLOR-pink,PASS,CHROMIUM,""{""""btn"""": """"Modifier / retirer le surlignage"""", """"h2Bg"""": """"rgba(0, 0, 0, 0)"""", """"h2Class"""": """"reader-title"""", """"mark"""": true, """"markBg"""": """"rgb(252, 231, 243)"""", """"markClass"""": """"library-title-inline-mark hl hl-pink"""", """"store"""": """"pink""""}"""
reports/runtime_behaviour_matrix.csv,8,VERIFIED,Recomputed/generated from current staging evidence; immutable reopen must independently verify.,"TITLE-07-wrapped-inline,PASS,CHROMIUM,""{""""font"""": """"30px"""", """"h2Width"""": 358, """"markWidth"""": 348.9375, """"rects"""": 4}"""
reports/runtime_behaviour_matrix.csv,9,VERIFIED,Recomputed/generated from current staging evidence; immutable reopen must independently verify.,"TITLE-08-largest-font,PASS,CHROMIUM,""{""""font"""": """"30px"""", """"h2Width"""": 358, """"markWidth"""": 348.9375, """"rects"""": 4}"""
reports/runtime_behaviour_matrix.csv,10,VERIFIED,Recomputed/generated from current staging evidence; immutable reopen must independently verify.,"TITLE-09-dark-light,PASS,CHROMIUM,""{""""dark"""": """"rgba(185, 84, 135, 0.28)"""", """"light"""": """"rgb(252, 231, 243)""""}"""
reports/runtime_behaviour_matrix.csv,11,VERIFIED,Recomputed/generated from current staging evidence; immutable reopen must independently verify.,"TITLE-10-direct-click-picker,PASS,CHROMIUM,{}"
reports/runtime_behaviour_matrix.csv,12,VERIFIED,Recomputed/generated from current staging evidence; immutable reopen must independently verify.,"TITLE-11-current-colour,PASS,CHROMIUM,""[""""pink""""]"""
reports/runtime_behaviour_matrix.csv,13,VERIFIED,Recomputed/generated from current staging evidence; immutable reopen must independently verify.,"TITLE-12-enter,PASS,CHROMIUM,{}"
reports/runtime_behaviour_matrix.csv,14,VERIFIED,Recomputed/generated from current staging evidence; immutable reopen must independently verify.,"TITLE-13-space,PASS,CHROMIUM,{}"
reports/runtime_behaviour_matrix.csv,15,VERIFIED,Recomputed/generated from current staging evidence; immutable reopen must independently verify.,"TITLE-14-recolour,PASS,CHROMIUM,{}"
reports/runtime_behaviour_matrix.csv,16,VERIFIED,Recomputed/generated from current staging evidence; immutable reopen must independently verify.,"TITLE-15-remove,PASS,CHROMIUM,{}"
reports/runtime_behaviour_matrix.csv,17,VERIFIED,Recomputed/generated from current staging evidence; immutable reopen must independently verify.,"TITLE-16-undo-exact,PASS,CHROMIUM,{}"
reports/runtime_behaviour_matrix.csv,18,VERIFIED,Recomputed/generated from current staging evidence; immutable reopen must independently verify.,"TITLE-17-reload-persist,PASS,CHROMIUM,{}"
reports/runtime_behaviour_matrix.csv,19,VERIFIED,Recomputed/generated from current staging evidence; immutable reopen must independently verify.,"TITLE-18-espace-present,PASS,CHROMIUM,""{""""title"""": """"Tome 9 — 4 juillet 1910 — Agonie au Jardin et Agonie sur la Croix""""}"""
reports/runtime_behaviour_matrix.csv,20,VERIFIED,Recomputed/generated from current staging evidence; immutable reopen must independently verify.,"TITLE-19-espace-open-start,PASS,CHROMIUM,""{""""scrollTop"""": 0}"""
reports/runtime_behaviour_matrix.csv,21,VERIFIED,Recomputed/generated from current staging evidence; immutable reopen must independently verify.,"TITLE-20-espace-remove,PASS,CHROMIUM,{}"
reports/runtime_behaviour_matrix.csv,22,VERIFIED,Recomputed/generated from current staging evidence; immutable reopen must independently verify.,"TITLE-21-espace-undo,PASS,CHROMIUM,{}"
reports/runtime_behaviour_matrix.csv,23,VERIFIED,Recomputed/generated from current staging evidence; immutable reopen must independently verify.,"TITLE-22-json-export,PASS,CHROMIUM,""{""""schema"""": 8, """"snapshot"""": null}"""
reports/runtime_behaviour_matrix.csv,24,VERIFIED,Recomputed/generated from current staging evidence; immutable reopen must independently verify.,"TITLE-23-current-import-validation,PASS,CHROMIUM,""{""""color"""": """"blue"""", """"schema"""": null}"""
reports/runtime_behaviour_matrix.csv,25,VERIFIED,Recomputed/generated from current staging evidence; immutable reopen must independently verify.,"TITLE-24-schema7-import,PASS,CHROMIUM,""{""""color"""": """"blue"""", """"n"""": 1}"""
reports/runtime_behaviour_matrix.csv,26,VERIFIED,Recomputed/generated from current staging evidence; immutable reopen must independently verify.,"TITLE-25-journal,PASS,CHROMIUM,""{""""chars"""": 312}"""
reports/runtime_behaviour_matrix.csv,27,VERIFIED,Recomputed/generated from current staging evidence; immutable reopen must independently verify.,"TITLE-26-sanitizers,PASS,CHROMIUM,""{""""badColor"""": 0, """"badId"""": 0, """"polluted"""": false, """"proto"""": 0}"""
reports/runtime_behaviour_matrix.csv,28,VERIFIED,Recomputed/generated from current staging evidence; immutable reopen must independently verify.,"HELP-01-anchors,PASS,CHROMIUM,""{""""help-about"""": true, """"help-actions"""": true, """"help-backup"""": true, """"help-espace"""": true, """"help-reading"""": true, """"help-samsung"""": true, """"help-search"""": true, """"help-support"""": true, """"help-title-mark"""": true, """"help-update"""": true}"""
reports/runtime_behaviour_matrix.csv,29,VERIFIED,Recomputed/generated from current staging evidence; immutable reopen must independently verify.,"HELP-02-quick-nav,PASS,CHROMIUM,""{""""buttons"""": 9}"""
reports/runtime_behaviour_matrix.csv,30,VERIFIED,Recomputed/generated from current staging evidence; immutable reopen must independently verify.,"HELP-03-jump-focus,PASS,CHROMIUM,help-title-mark"
reports/runtime_behaviour_matrix.csv,31,VERIFIED,Recomputed/generated from current staging evidence; immutable reopen must independently verify.,"HELP-04-required-content,PASS,CHROMIUM,""{""""Effacer cette position"""": true, """"GE / Lumen Luminis / septembre 2021"""": true, """"Lectures marquées"""": true, """"Modifier / retirer le surlignage"""": true, """"Ouvrir au début"""": true, """"Prières & compléments"""": true, """"Signaler un problème de texte"""": true, """"fermez complètement l’app"""": true}"""
reports/runtime_behaviour_matrix.csv,32,VERIFIED,Recomputed/generated from current staging evidence; immutable reopen must independently verify.,"HELP-05-no-closed-review,PASS,CHROMIUM,{}"
reports/runtime_behaviour_matrix.csv,33,VERIFIED,Recomputed/generated from current staging evidence; immutable reopen must independently verify.,"HELP-06-escape,PASS,CHROMIUM,{}"
reports/runtime_behaviour_matrix.csv,34,VERIFIED,Recomputed/generated from current staging evidence; immutable reopen must independently verify.,"REG-H15,PASS,CHROMIUM,""[""""Il est irrité parce que ses curiosités ne sont pas satisfaites, et en se sentant humilié par ton silence,"""", """"il proclame devant tous que Tu es un fou. Il ordonne que Tu sois traité comme un fou. Ainsi il Te fait revêtir d’un vêtement blanc et il Te met entre les mains des soldats, afin qu’ils Te bafouent le plus possible.""""]"""
reports/runtime_behaviour_matrix.csv,35,VERIFIED,Recomputed/generated from current staging evidence; immutable reopen must independently verify.,"REG-H17,PASS,CHROMIUM,""{""""b"""": 1, """"t"""": """"Va chez tous les cœurs et, en les piquant, fais-en sortir toutes les fumées d’orgueil et la pourriture qu’ils contiennent, et constitue-Moi Roi de tous. » \nMon Amour, je Te prie de me piquer les oreilles de tes épines, afin qu’elles puissent n’entendre que ta Voix, mes yeux pour qu’ils ne regardent que Toi, ma bouche pour que ma langue reste muette par rapport à tout ce qui pourrait T’offenser et libre pour Te louer et Te bénir en toutes choses.""""}"""
reports/runtime_behaviour_matrix.csv,36,VERIFIED,Recomputed/generated from current staging evidence; immutable reopen must independently verify.,"REG-body-highlight-functions,PASS,CHROMIUM,""{""""body"""": true, """"samsung"""": true, """"schema"""": 8, """"snapshot"""": 5, """"version"""": """"v101.86""""}"""
reports/runtime_behaviour_matrix.csv,37,VERIFIED,Recomputed/generated from current staging evidence; immutable reopen must independently verify.,"REG-samsung-model-preserved,PASS,CHROMIUM,""{""""body"""": true, """"samsung"""": true, """"schema"""": 8, """"snapshot"""": 5, """"version"""": """"v101.86""""}"""
reports/runtime_behaviour_matrix.csv,38,VERIFIED,Recomputed/generated from current staging evidence; immutable reopen must independently verify.,"REG-schema-snapshot-version,PASS,CHROMIUM,""{""""body"""": true, """"samsung"""": true, """"schema"""": 8, """"snapshot"""": 5, """"version"""": """"v101.86""""}"""
reports/full_regression_matrix.csv,1,NONCLAIM,structural/header/blank,"test_id,status,evidence"
reports/full_regression_matrix.csv,2,VERIFIED,Recomputed/generated from current staging evidence; immutable reopen must independently verify.,"P1-runtime-twins,PASS,dd9476f9bb56a2bd344e29a881f9c21666a2844f08175b27a693168449b3d49c"
reports/full_regression_matrix.csv,3,VERIFIED,Recomputed/generated from current staging evidence; immutable reopen must independently verify.,"P1-version,PASS,{}"
reports/full_regression_matrix.csv,4,VERIFIED,Recomputed/generated from current staging evidence; immutable reopen must independently verify.,"P1-schema-snapshot,PASS,{}"
reports/full_regression_matrix.csv,5,VERIFIED,Recomputed/generated from current staging evidence; immutable reopen must independently verify.,"P1-protected,PASS,""{""""CORPUS"""": {""""count"""": 8, """"sha256"""": """"54f4ff0508b055bbe9e5dad6286e97e49cb796203b0fbda7c2eb539e7e1169b0""""}, """"HOUR_LINKED_TEXTS"""": {""""count"""": 24, """"sha256"""": """"37fe7b5c2d2ac15489ae84e72028283197419320a7566e6b9e6e62a0cc021918""""}, """"INTERNAL_SUBHEADINGS"""": {""""count"""": 30, """"sha256"""": """"31c84fcafef360b7e61392ffa99679960b4fc43d5a398a216832b77e942de5a3""""}, """"SPEECH_DATA"""": {""""count"""": 375, """"sha256"""": """"4b6565f5646ba6431381dd4c28505bbdb3cae3699066fc0a115fa6b88ed144a4""""}, """"SPEECH_END_VISUAL_BREAKS"""": {""""count"""": 49, """"sha256"""": """"71a6a85871df5c3416cab201e9814c9a7a1811b50215bf1df3498cedb5b07d33""""}, """"TEXT_LIBRARY"""": {""""count"""": 40, """"sha256"""": """"3c9042f09757def35f312e08b1008a0c439b8ff416210cf20a5f0a9480fd37cb""""}}"""
reports/full_regression_matrix.csv,6,VERIFIED,Recomputed/generated from current staging evidence; immutable reopen must independently verify.,"P1-script-provenance,PASS,""{""""build_script"""": """"l24h_v10186_title_help_r2_build.py"""", """"build_script_sha256"""": """"d78da7765692280a689dd84a6dc9b2ce63f217c1f5eb587d45e067dd036bba90"""", """"final_reopen_auditor"""": """"l24h_v10186_r2_final_reopen_audit.py"""", """"final_reopen_auditor_sha256"""": """"339923efeb9c0cfda5ad544159625beb71a8cd8ff28b8152d8574616050670b3"""", """"governing_script"""": """"L24H_v10186_TH1_R2_FOUR_PASS_RECONCILIATION_SCRIPT_2026-08-19.md"""", """"governing_script_sha256"""": """"cebca0d5cc1c4f35b68a0ab2d5e4f9f874be9f8ec7100bc9eec95e9f3176f21c"""", """"independent_four_pass_auditor"""": """"l24h_v10186_r2_independent_four_pass_audit.py"""", """"independent_four_pass_auditor_sha256"""": """"f7f9037be3bd344a80691f41b2b402563ca282e7a3a988e5c792312989f069e1"""", """"independent_reopen_auditor"""": """"l24h_v10186_r2_independent_reopen_audit.py"""", """"independent_reopen_auditor_sha256"""": """"c2e7d00b890a9ba7b7824216498860b60e7fa791842a20cfe986ebe786bfc5d3"""", """"runtime_stage_script"""": """"L24H_v10186_STAGE_TITLE_HELP_HARDGATED_SCRIPT_2026-08-19.md"""", """"runtime_stage_script_sha256"""": """"09e028f448e009d3c51908f2beda87feb13e80425b9816e0b327a6850d59dee5""""}"""
reports/full_regression_matrix.csv,7,VERIFIED,Recomputed/generated from current staging evidence; immutable reopen must independently verify.,"P1-active-qa-current,PASS,""{""""first"""": """"G-01"""", """"last"""": """"G-85"""", """"md_ids"""": 85, """"ok"""": true, """"required"""": {""""cache"""": true, """"candidate"""": true, """"header"""": true, """"help_truth"""": true, """"parity"""": true, """"snapshot_future"""": true, """"source"""": true, """"th1_rows"""": true, """"version"""": true}, """"rows"""": 85, """"stale"""": []}"""
reports/full_regression_matrix.csv,8,VERIFIED,Recomputed/generated from current staging evidence; immutable reopen must independently verify.,"P1-active-qa-parity,PASS,""{""""first"""": """"G-01"""", """"last"""": """"G-85"""", """"md_ids"""": 85, """"ok"""": true, """"required"""": {""""cache"""": true, """"candidate"""": true, """"header"""": true, """"help_truth"""": true, """"parity"""": true, """"snapshot_future"""": true, """"source"""": true, """"th1_rows"""": true, """"version"""": true}, """"rows"""": 85, """"stale"""": []}"""
reports/full_regression_matrix.csv,9,VERIFIED,Recomputed/generated from current staging evidence; immutable reopen must independently verify.,"P2-js-syntax,PASS,PASS"
reports/full_regression_matrix.csv,10,VERIFIED,Recomputed/generated from current staging evidence; immutable reopen must independently verify.,"P2-sw-syntax,PASS,PASS"
reports/full_regression_matrix.csv,11,VERIFIED,Recomputed/generated from current staging evidence; immutable reopen must independently verify.,"P2-speech-targets,PASS,""{""""errors"""": [], """"segments"""": 381, """"targets"""": 1839}"""
reports/full_regression_matrix.csv,12,VERIFIED,Recomputed/generated from current staging evidence; immutable reopen must independently verify.,"P2-browser-all,PASS,""{""""fail"""": [], """"rows"""": 37}"""
reports/full_regression_matrix.csv,13,VERIFIED,Recomputed/generated from current staging evidence; immutable reopen must independently verify.,"P2-help-truth,PASS,""{""""fail"""": [], """"rows"""": 16}"""
reports/full_regression_matrix.csv,14,VERIFIED,Recomputed/generated from current staging evidence; immutable reopen must independently verify.,"TITLE-01-unmarked,PASS,""{""""item"""": """"PASSION24.TEXT.SHARED_T09_1910_07_04_AGONY_CROSS_LAST_BREATH""""}"""
reports/full_regression_matrix.csv,15,VERIFIED,Recomputed/generated from current staging evidence; immutable reopen must independently verify.,"TITLE-COLOR-yellow,PASS,""{""""btn"""": """"Modifier / retirer le surlignage"""", """"h2Bg"""": """"rgba(0, 0, 0, 0)"""", """"h2Class"""": """"reader-title"""", """"mark"""": true, """"markBg"""": """"rgb(254, 249, 195)"""", """"markClass"""": """"library-title-inline-mark hl hl-yellow"""", """"store"""": """"yellow""""}"""
reports/full_regression_matrix.csv,16,VERIFIED,Recomputed/generated from current staging evidence; immutable reopen must independently verify.,"TITLE-COLOR-blue,PASS,""{""""btn"""": """"Modifier / retirer le surlignage"""", """"h2Bg"""": """"rgba(0, 0, 0, 0)"""", """"h2Class"""": """"reader-title"""", """"mark"""": true, """"markBg"""": """"rgb(219, 234, 254)"""", """"markClass"""": """"library-title-inline-mark hl hl-blue"""", """"store"""": """"blue""""}"""
reports/full_regression_matrix.csv,17,VERIFIED,Recomputed/generated from current staging evidence; immutable reopen must independently verify.,"TITLE-COLOR-green,PASS,""{""""btn"""": """"Modifier / retirer le surlignage"""", """"h2Bg"""": """"rgba(0, 0, 0, 0)"""", """"h2Class"""": """"reader-title"""", """"mark"""": true, """"markBg"""": """"rgb(220, 252, 231)"""", """"markClass"""": """"library-title-inline-mark hl hl-green"""", """"store"""": """"green""""}"""
reports/full_regression_matrix.csv,18,VERIFIED,Recomputed/generated from current staging evidence; immutable reopen must independently verify.,"TITLE-COLOR-purple,PASS,""{""""btn"""": """"Modifier / retirer le surlignage"""", """"h2Bg"""": """"rgba(0, 0, 0, 0)"""", """"h2Class"""": """"reader-title"""", """"mark"""": true, """"markBg"""": """"rgb(237, 233, 254)"""", """"markClass"""": """"library-title-inline-mark hl hl-purple"""", """"store"""": """"purple""""}"""
reports/full_regression_matrix.csv,19,VERIFIED,Recomputed/generated from current staging evidence; immutable reopen must independently verify.,"TITLE-COLOR-pink,PASS,""{""""btn"""": """"Modifier / retirer le surlignage"""", """"h2Bg"""": """"rgba(0, 0, 0, 0)"""", """"h2Class"""": """"reader-title"""", """"mark"""": true, """"markBg"""": """"rgb(252, 231, 243)"""", """"markClass"""": """"library-title-inline-mark hl hl-pink"""", """"store"""": """"pink""""}"""
reports/full_regression_matrix.csv,20,VERIFIED,Recomputed/generated from current staging evidence; immutable reopen must independently verify.,"TITLE-07-wrapped-inline,PASS,""{""""font"""": """"30px"""", """"h2Width"""": 358, """"markWidth"""": 348.9375, """"rects"""": 4}"""
reports/full_regression_matrix.csv,21,VERIFIED,Recomputed/generated from current staging evidence; immutable reopen must independently verify.,"TITLE-08-largest-font,PASS,""{""""font"""": """"30px"""", """"h2Width"""": 358, """"markWidth"""": 348.9375, """"rects"""": 4}"""
reports/full_regression_matrix.csv,22,VERIFIED,Recomputed/generated from current staging evidence; immutable reopen must independently verify.,"TITLE-09-dark-light,PASS,""{""""dark"""": """"rgba(185, 84, 135, 0.28)"""", """"light"""": """"rgb(252, 231, 243)""""}"""
reports/full_regression_matrix.csv,23,VERIFIED,Recomputed/generated from current staging evidence; immutable reopen must independently verify.,"TITLE-10-direct-click-picker,PASS,{}"
reports/full_regression_matrix.csv,24,VERIFIED,Recomputed/generated from current staging evidence; immutable reopen must independently verify.,"TITLE-11-current-colour,PASS,""[""""pink""""]"""
reports/full_regression_matrix.csv,25,VERIFIED,Recomputed/generated from current staging evidence; immutable reopen must independently verify.,"TITLE-12-enter,PASS,{}"
reports/full_regression_matrix.csv,26,VERIFIED,Recomputed/generated from current staging evidence; immutable reopen must independently verify.,"TITLE-13-space,PASS,{}"
reports/full_regression_matrix.csv,27,VERIFIED,Recomputed/generated from current staging evidence; immutable reopen must independently verify.,"TITLE-14-recolour,PASS,{}"
reports/full_regression_matrix.csv,28,VERIFIED,Recomputed/generated from current staging evidence; immutable reopen must independently verify.,"TITLE-15-remove,PASS,{}"
reports/full_regression_matrix.csv,29,VERIFIED,Recomputed/generated from current staging evidence; immutable reopen must independently verify.,"TITLE-16-undo-exact,PASS,{}"
reports/full_regression_matrix.csv,30,VERIFIED,Recomputed/generated from current staging evidence; immutable reopen must independently verify.,"TITLE-17-reload-persist,PASS,{}"
reports/full_regression_matrix.csv,31,VERIFIED,Recomputed/generated from current staging evidence; immutable reopen must independently verify.,"TITLE-18-espace-present,PASS,""{""""title"""": """"Tome 9 — 4 juillet 1910 — Agonie au Jardin et Agonie sur la Croix""""}"""
reports/full_regression_matrix.csv,32,VERIFIED,Recomputed/generated from current staging evidence; immutable reopen must independently verify.,"TITLE-19-espace-open-start,PASS,""{""""scrollTop"""": 0}"""
reports/full_regression_matrix.csv,33,VERIFIED,Recomputed/generated from current staging evidence; immutable reopen must independently verify.,"TITLE-20-espace-remove,PASS,{}"
reports/full_regression_matrix.csv,34,VERIFIED,Recomputed/generated from current staging evidence; immutable reopen must independently verify.,"TITLE-21-espace-undo,PASS,{}"
reports/full_regression_matrix.csv,35,VERIFIED,Recomputed/generated from current staging evidence; immutable reopen must independently verify.,"TITLE-22-json-export,PASS,""{""""schema"""": 8, """"snapshot"""": null}"""
reports/full_regression_matrix.csv,36,VERIFIED,Recomputed/generated from current staging evidence; immutable reopen must independently verify.,"TITLE-23-current-import-validation,PASS,""{""""color"""": """"blue"""", """"schema"""": null}"""
reports/full_regression_matrix.csv,37,VERIFIED,Recomputed/generated from current staging evidence; immutable reopen must independently verify.,"TITLE-24-schema7-import,PASS,""{""""color"""": """"blue"""", """"n"""": 1}"""
reports/full_regression_matrix.csv,38,VERIFIED,Recomputed/generated from current staging evidence; immutable reopen must independently verify.,"TITLE-25-journal,PASS,""{""""chars"""": 312}"""
reports/full_regression_matrix.csv,39,VERIFIED,Recomputed/generated from current staging evidence; immutable reopen must independently verify.,"TITLE-26-sanitizers,PASS,""{""""badColor"""": 0, """"badId"""": 0, """"polluted"""": false, """"proto"""": 0}"""
reports/full_regression_matrix.csv,40,VERIFIED,Recomputed/generated from current staging evidence; immutable reopen must independently verify.,"HELP-01-anchors,PASS,""{""""help-about"""": true, """"help-actions"""": true, """"help-backup"""": true, """"help-espace"""": true, """"help-reading"""": true, """"help-samsung"""": true, """"help-search"""": true, """"help-support"""": true, """"help-title-mark"""": true, """"help-update"""": true}"""
reports/full_regression_matrix.csv,41,VERIFIED,Recomputed/generated from current staging evidence; immutable reopen must independently verify.,"HELP-02-quick-nav,PASS,""{""""buttons"""": 9}"""
reports/full_regression_matrix.csv,42,VERIFIED,Recomputed/generated from current staging evidence; immutable reopen must independently verify.,"HELP-03-jump-focus,PASS,help-title-mark"
reports/full_regression_matrix.csv,43,VERIFIED,Recomputed/generated from current staging evidence; immutable reopen must independently verify.,"HELP-04-required-content,PASS,""{""""Effacer cette position"""": true, """"GE / Lumen Luminis / septembre 2021"""": true, """"Lectures marquées"""": true, """"Modifier / retirer le surlignage"""": true, """"Ouvrir au début"""": true, """"Prières & compléments"""": true, """"Signaler un problème de texte"""": true, """"fermez complètement l’app"""": true}"""
reports/full_regression_matrix.csv,44,VERIFIED,Recomputed/generated from current staging evidence; immutable reopen must independently verify.,"HELP-05-no-closed-review,PASS,{}"
reports/full_regression_matrix.csv,45,VERIFIED,Recomputed/generated from current staging evidence; immutable reopen must independently verify.,"HELP-06-escape,PASS,{}"
reports/full_regression_matrix.csv,46,VERIFIED,Recomputed/generated from current staging evidence; immutable reopen must independently verify.,"REG-H15,PASS,""[""""Il est irrité parce que ses curiosités ne sont pas satisfaites, et en se sentant humilié par ton silence,"""", """"il proclame devant tous que Tu es un fou. Il ordonne que Tu sois traité comme un fou. Ainsi il Te fait revêtir d’un vêtement blanc et il Te met entre les mains des soldats, afin qu’ils Te bafouent le plus possible.""""]"""
reports/full_regression_matrix.csv,47,VERIFIED,Recomputed/generated from current staging evidence; immutable reopen must independently verify.,"REG-H17,PASS,""{""""b"""": 1, """"t"""": """"Va chez tous les cœurs et, en les piquant, fais-en sortir toutes les fumées d’orgueil et la pourriture qu’ils contiennent, et constitue-Moi Roi de tous. » \nMon Amour, je Te prie de me piquer les oreilles de tes épines, afin qu’elles puissent n’entendre que ta Voix, mes yeux pour qu’ils ne regardent que Toi, ma bouche pour que ma langue reste muette par rapport à tout ce qui pourrait T’offenser et libre pour Te louer et Te bénir en toutes choses.""""}"""
reports/full_regression_matrix.csv,48,VERIFIED,Recomputed/generated from current staging evidence; immutable reopen must independently verify.,"REG-body-highlight-functions,PASS,""{""""body"""": true, """"samsung"""": true, """"schema"""": 8, """"snapshot"""": 5, """"version"""": """"v101.86""""}"""
reports/full_regression_matrix.csv,49,VERIFIED,Recomputed/generated from current staging evidence; immutable reopen must independently verify.,"REG-samsung-model-preserved,PASS,""{""""body"""": true, """"samsung"""": true, """"schema"""": 8, """"snapshot"""": 5, """"version"""": """"v101.86""""}"""
reports/full_regression_matrix.csv,50,VERIFIED,Recomputed/generated from current staging evidence; immutable reopen must independently verify.,"REG-schema-snapshot-version,PASS,""{""""body"""": true, """"samsung"""": true, """"schema"""": 8, """"snapshot"""": 5, """"version"""": """"v101.86""""}"""
reports/full_regression_matrix.csv,51,VERIFIED,Recomputed/generated from current staging evidence; immutable reopen must independently verify.,"HELPCLAIM-50,PASS,five title-marker colours | applyLibraryMarkerColor + picker"
reports/full_regression_matrix.csv,52,VERIFIED,Recomputed/generated from current staging evidence; immutable reopen must independently verify.,"HELPCLAIM-51,PASS,title itself can open edit picker | renderLibraryReaderTitleInner"
reports/full_regression_matrix.csv,53,VERIFIED,Recomputed/generated from current staging evidence; immutable reopen must independently verify.,"HELPCLAIM-52,PASS,recolour/remove/Undo supported | runtime functions"
reports/full_regression_matrix.csv,54,VERIFIED,Recomputed/generated from current staging evidence; immutable reopen must independently verify.,"HELPCLAIM-53,PASS,Lectures marquées exists | showEspaceView"
reports/full_regression_matrix.csv,55,VERIFIED,Recomputed/generated from current staging evidence; immutable reopen must independently verify.,"HELPCLAIM-54,PASS,Reprendre/Ouvrir au début/Effacer position controls exist | resume panel markup"
reports/full_regression_matrix.csv,56,VERIFIED,Recomputed/generated from current staging evidence; immutable reopen must independently verify.,"HELPCLAIM-55,PASS,JSON includes libraryMarks | buildPersonalDataExport"
reports/full_regression_matrix.csv,57,VERIFIED,Recomputed/generated from current staging evidence; immutable reopen must independently verify.,"HELPCLAIM-56,PASS,Markdown includes Lectures marquées | buildHumanReadableJournal"
reports/full_regression_matrix.csv,58,VERIFIED,Recomputed/generated from current staging evidence; immutable reopen must independently verify.,"HELPCLAIM-57,PASS,Samsung paragraph mode documented and exists | runtime Android mode"
reports/full_regression_matrix.csv,59,VERIFIED,Recomputed/generated from current staging evidence; immutable reopen must independently verify.,"HELPCLAIM-58,PASS,iPhone/iPad exact selection help is consistent | selection runtime"
reports/full_regression_matrix.csv,60,VERIFIED,Recomputed/generated from current staging evidence; immutable reopen must independently verify.,"HELPCLAIM-59,PASS,Prières & compléments destination exists | settings route"
reports/full_regression_matrix.csv,61,VERIFIED,Recomputed/generated from current staging evidence; immutable reopen must independently verify.,"HELPCLAIM-60,PASS,manual update check exists | manualUpdateCheck"
reports/full_regression_matrix.csv,62,VERIFIED,Recomputed/generated from current staging evidence; immutable reopen must independently verify.,"HELPCLAIM-61,PASS,Actualiser path exists | update banner/runtime"
reports/full_regression_matrix.csv,63,VERIFIED,Recomputed/generated from current staging evidence; immutable reopen must independently verify.,"HELPCLAIM-62,PASS,speaker search/filter exists | search/SPEECH_DATA"
reports/full_regression_matrix.csv,64,VERIFIED,Recomputed/generated from current staging evidence; immutable reopen must independently verify.,"HELPCLAIM-63,PASS,speaker/source badges controlled by Repères | runtime Repères"
reports/full_regression_matrix.csv,65,VERIFIED,Recomputed/generated from current staging evidence; immutable reopen must independently verify.,"HELPCLAIM-64,PASS,source edition derives from CORPUS | CORPUS.source_edition"
reports/full_regression_matrix.csv,66,VERIFIED,Recomputed/generated from current staging evidence; immutable reopen must independently verify.,"HELPCLAIM-65,PASS,closed editorial-review claim removed | negative string scan"
reports/full_regression_matrix.csv,67,VERIFIED,Recomputed/generated from current staging evidence; immutable reopen must independently verify.,"PHYSICAL-IPHONE,NOT_TESTED,External physical-device/PWA/AT/live/rollback evidence not available in this execution."
reports/full_regression_matrix.csv,68,VERIFIED,Recomputed/generated from current staging evidence; immutable reopen must independently verify.,"PHYSICAL-IPAD,NOT_TESTED,External physical-device/PWA/AT/live/rollback evidence not available in this execution."
reports/full_regression_matrix.csv,69,VERIFIED,Recomputed/generated from current staging evidence; immutable reopen must independently verify.,"PHYSICAL-SAMSUNG,NOT_TESTED,External physical-device/PWA/AT/live/rollback evidence not available in this execution."
reports/full_regression_matrix.csv,70,VERIFIED,Recomputed/generated from current staging evidence; immutable reopen must independently verify.,"PWA-MIGRATION-OFFLINE,NOT_TESTED,External physical-device/PWA/AT/live/rollback evidence not available in this execution."
reports/full_regression_matrix.csv,71,VERIFIED,Recomputed/generated from current staging evidence; immutable reopen must independently verify.,"H6-IOS-OVERSCROLL,NOT_TESTED,External physical-device/PWA/AT/live/rollback evidence not available in this execution."
reports/full_regression_matrix.csv,72,VERIFIED,Recomputed/generated from current staging evidence; immutable reopen must independently verify.,"VOICEOVER,NOT_TESTED,External physical-device/PWA/AT/live/rollback evidence not available in this execution."
reports/full_regression_matrix.csv,73,VERIFIED,Recomputed/generated from current staging evidence; immutable reopen must independently verify.,"TALKBACK,NOT_TESTED,External physical-device/PWA/AT/live/rollback evidence not available in this execution."
reports/full_regression_matrix.csv,74,VERIFIED,Recomputed/generated from current staging evidence; immutable reopen must independently verify.,"NVDA,NOT_TESTED,External physical-device/PWA/AT/live/rollback evidence not available in this execution."
reports/full_regression_matrix.csv,75,VERIFIED,Recomputed/generated from current staging evidence; immutable reopen must independently verify.,"CONSTRAINED-PERFORMANCE,NOT_TESTED,External physical-device/PWA/AT/live/rollback evidence not available in this execution."
reports/full_regression_matrix.csv,76,VERIFIED,Recomputed/generated from current staging evidence; immutable reopen must independently verify.,"LIVE-V10186-BYTE-BINDING,NOT_TESTED,External physical-device/PWA/AT/live/rollback evidence not available in this execution."
reports/full_regression_matrix.csv,77,VERIFIED,Recomputed/generated from current staging evidence; immutable reopen must independently verify.,"VERIFIED-ROLLBACK,NOT_TESTED,External physical-device/PWA/AT/live/rollback evidence not available in this execution."
reports/help_claim_ledger.csv,1,NONCLAIM,structural/header/blank,"section,claim,status,evidence"
reports/help_claim_ledger.csv,2,VERIFIED,Recomputed/generated from current staging evidence; immutable reopen must independently verify.,"Approfondir,five title-marker colours,VERIFIED,applyLibraryMarkerColor + picker"
reports/help_claim_ledger.csv,3,VERIFIED,Recomputed/generated from current staging evidence; immutable reopen must independently verify.,"Approfondir,title itself can open edit picker,VERIFIED,renderLibraryReaderTitleInner"
reports/help_claim_ledger.csv,4,VERIFIED,Recomputed/generated from current staging evidence; immutable reopen must independently verify.,"Approfondir,recolour/remove/Undo supported,VERIFIED,runtime functions"
reports/help_claim_ledger.csv,5,VERIFIED,Recomputed/generated from current staging evidence; immutable reopen must independently verify.,"Mon Espace,Lectures marquées exists,VERIFIED,showEspaceView"
reports/help_claim_ledger.csv,6,VERIFIED,Recomputed/generated from current staging evidence; immutable reopen must independently verify.,"Mon Espace,Reprendre/Ouvrir au début/Effacer position controls exist,VERIFIED,resume panel markup"
reports/help_claim_ledger.csv,7,VERIFIED,Recomputed/generated from current staging evidence; immutable reopen must independently verify.,"Backup,JSON includes libraryMarks,VERIFIED,buildPersonalDataExport"
reports/help_claim_ledger.csv,8,VERIFIED,Recomputed/generated from current staging evidence; immutable reopen must independently verify.,"Journal,Markdown includes Lectures marquées,VERIFIED,buildHumanReadableJournal"
reports/help_claim_ledger.csv,9,VERIFIED,Recomputed/generated from current staging evidence; immutable reopen must independently verify.,"Platform,Samsung paragraph mode documented and exists,VERIFIED,runtime Android mode"
reports/help_claim_ledger.csv,10,VERIFIED,Recomputed/generated from current staging evidence; immutable reopen must independently verify.,"Platform,iPhone/iPad exact selection help is consistent,VERIFIED,selection runtime"
reports/help_claim_ledger.csv,11,VERIFIED,Recomputed/generated from current staging evidence; immutable reopen must independently verify.,"Prières,Prières & compléments destination exists,VERIFIED,settings route"
reports/help_claim_ledger.csv,12,VERIFIED,Recomputed/generated from current staging evidence; immutable reopen must independently verify.,"Update,manual update check exists,VERIFIED,manualUpdateCheck"
reports/help_claim_ledger.csv,13,VERIFIED,Recomputed/generated from current staging evidence; immutable reopen must independently verify.,"Update,Actualiser path exists,VERIFIED,update banner/runtime"
reports/help_claim_ledger.csv,14,VERIFIED,Recomputed/generated from current staging evidence; immutable reopen must independently verify.,"Direct words,speaker search/filter exists,VERIFIED,search/SPEECH_DATA"
reports/help_claim_ledger.csv,15,VERIFIED,Recomputed/generated from current staging evidence; immutable reopen must independently verify.,"Repères,speaker/source badges controlled by Repères,VERIFIED,runtime Repères"
reports/help_claim_ledger.csv,16,VERIFIED,Recomputed/generated from current staging evidence; immutable reopen must independently verify.,"About,source edition derives from CORPUS,VERIFIED,CORPUS.source_edition"
reports/help_claim_ledger.csv,17,VERIFIED,Recomputed/generated from current staging evidence; immutable reopen must independently verify.,"About,closed editorial-review claim removed,VERIFIED,negative string scan"
reports/root_deploy_consistency_report.md,1,NONCLAIM,structural/header/blank,# Runtime twin consistency
reports/root_deploy_consistency_report.md,2,NONCLAIM,structural/header/blank,
reports/root_deploy_consistency_report.md,3,VERIFIED,Recomputed/generated from current staging evidence; immutable reopen must independently verify.,`index.html` and `luisa_24_heures.html` are byte-identical after TH1 patch. SHA-256: `dd9476f9bb56a2bd344e29a881f9c21666a2844f08175b27a693168449b3d49c`. This package layout has no separate deploy folder.
reports/nested_zip_consistency_report.md,1,NONCLAIM,structural/header/blank,# Nested ZIP consistency
reports/nested_zip_consistency_report.md,2,NONCLAIM,structural/header/blank,
reports/nested_zip_consistency_report.md,3,VERIFIED,Recomputed/generated from current staging evidence; immutable reopen must independently verify.,No nested ZIP is present in the staging tree; nested package comparison is not applicable.
reports/report_claims_vs_evidence_audit.md,1,NONCLAIM,structural/header/blank,# Report claims vs evidence — prepackage
reports/report_claims_vs_evidence_audit.md,2,NONCLAIM,structural/header/blank,
reports/report_claims_vs_evidence_audit.md,3,VERIFIED,Recomputed/generated from current staging evidence; immutable reopen must independently verify.,All active machine reports below are generated from executed checks in this independent auditor. The final immutable reopened-ZIP auditors must recompute them.
reports/report_claims_vs_evidence_audit.md,4,NONCLAIM,structural/header/blank,
reports/report_claims_vs_evidence_audit.md,5,VERIFIED,Recomputed/generated from current staging evidence; immutable reopen must independently verify.,- runtime matrix rows: 37
reports/report_claims_vs_evidence_audit.md,6,VERIFIED,Recomputed/generated from current staging evidence; immutable reopen must independently verify.,- Help claim rows: 16
reports/report_claims_vs_evidence_audit.md,7,VERIFIED,Recomputed/generated from current staging evidence; immutable reopen must independently verify.,- regression rows: 76
reports/report_claims_vs_evidence_audit.md,8,VERIFIED,Recomputed/generated from current staging evidence; immutable reopen must independently verify.,- external NOT_TESTED: 11
reports/report_claims_vs_evidence_audit.md,9,VERIFIED,Recomputed/generated from current staging evidence; immutable reopen must independently verify.,- stale unjustified: 0
reports/stale_reference_scan.txt,1,VERIFIED,Recomputed/generated from current staging evidence; immutable reopen must independently verify.,status=PASS
reports/stale_reference_scan.txt,2,VERIFIED,Recomputed/generated from current staging evidence; immutable reopen must independently verify.,unjustified=0
reports/stale_reference_scan.txt,3,VERIFIED,Recomputed/generated from current staging evidence; immutable reopen must independently verify.,CURRENT|index_APP_VERSION|JUSTIFIED
reports/stale_reference_scan.txt,4,VERIFIED,Recomputed/generated from current staging evidence; immutable reopen must independently verify.,CURRENT|index_BUILD_DATE|JUSTIFIED
reports/stale_reference_scan.txt,5,VERIFIED,Recomputed/generated from current staging evidence; immutable reopen must independently verify.,CURRENT|sw_cache|JUSTIFIED
reports/stale_reference_scan.txt,6,VERIFIED,Recomputed/generated from current staging evidence; immutable reopen must independently verify.,CURRENT|version_json|JUSTIFIED
reports/stale_reference_scan.txt,7,VERIFIED,Recomputed/generated from current staging evidence; immutable reopen must independently verify.,CURRENT|manifest|JUSTIFIED
reports/stale_reference_scan.txt,8,VERIFIED,Recomputed/generated from current staging evidence; immutable reopen must independently verify.,CURRENT|README_current|JUSTIFIED
reports/stale_reference_scan.txt,9,VERIFIED,Recomputed/generated from current staging evidence; immutable reopen must independently verify.,CURRENT|README.md:3|v101.86|JUSTIFIED|Version: `v101.86`
reports/stale_reference_scan.txt,10,VERIFIED,Recomputed/generated from current staging evidence; immutable reopen must independently verify.,CURRENT|README.md:5|v101.86|JUSTIFIED|## v101.86 — TH1-R2 audit reconciliation (19 August 2026)
reports/stale_reference_scan.txt,11,VERIFIED,Recomputed/generated from current staging evidence; immutable reopen must independently verify.,CURRENT|README.md:8|v101.86|JUSTIFIED|- Active physical-device/live QA checklist and results template are reconciled to v101.86/schema 8/snapshot 5/current cache/title-highlight Help truth.
reports/stale_reference_scan.txt,12,VERIFIED,Recomputed/generated from current staging evidence; immutable reopen must independently verify.,CURRENT|README.md:13|v101.86|JUSTIFIED|## v101.86 — Stage TH1 title-highlight UX + Aide/À propos reconciliation (19 August 2026)
reports/stale_reference_scan.txt,13,VERIFIED,Recomputed/generated from current staging evidence; immutable reopen must independently verify.,HISTORICAL_COMPATIBILITY_PROVENANCE|README.md:21|v101.85|JUSTIFIED|## v101.85 — superseded baseline lineage
reports/stale_reference_scan.txt,14,VERIFIED,Recomputed/generated from current staging evidence; immutable reopen must independently verify.,HISTORICAL_COMPATIBILITY_PROVENANCE|README.md:23|v101.85|JUSTIFIED|## v101.85 — R4 audit-evidence reconciliation (18 August 2026)
reports/stale_reference_scan.txt,15,VERIFIED,Recomputed/generated from current staging evidence; immutable reopen must independently verify.,HISTORICAL_COMPATIBILITY_PROVENANCE|README.md:35|v101.85|JUSTIFIED|## v101.85 — Real-user feedback corrective R3 (18 August 2026)
reports/stale_reference_scan.txt,16,VERIFIED,Recomputed/generated from current staging evidence; immutable reopen must independently verify.,HISTORICAL_COMPATIBILITY_PROVENANCE|README.md:44|v101.84|JUSTIFIED|## Historical release lineage — v101.84 and earlier (superseded by v101.85)
reports/stale_reference_scan.txt,17,VERIFIED,Recomputed/generated from current staging evidence; immutable reopen must independently verify.,HISTORICAL_COMPATIBILITY_PROVENANCE|README.md:44|v101.85|JUSTIFIED|## Historical release lineage — v101.84 and earlier (superseded by v101.85)
reports/stale_reference_scan.txt,18,VERIFIED,Recomputed/generated from current staging evidence; immutable reopen must independently verify.,HISTORICAL_COMPATIBILITY_PROVENANCE|README.md:46|v101.85|JUSTIFIED|The entries below are retained as historical provenance only. They do not describe the current v101.85 release identity.
reports/stale_reference_scan.txt,19,VERIFIED,Recomputed/generated from current staging evidence; immutable reopen must independently verify.,HISTORICAL_COMPATIBILITY_PROVENANCE|README.md:48|v101.84|JUSTIFIED|## v101.84 — Pre-public consolidated release corrective (18 August 2026)
reports/stale_reference_scan.txt,20,VERIFIED,Recomputed/generated from current staging evidence; immutable reopen must independently verify.,HISTORICAL_COMPATIBILITY_PROVENANCE|README.md:60|v101.83|JUSTIFIED|## v101.83 — Final locked Collection Luisa icon family v1 (17 August 2026)
reports/stale_reference_scan.txt,21,VERIFIED,Recomputed/generated from current staging evidence; immutable reopen must independently verify.,HISTORICAL_COMPATIBILITY_PROVENANCE|README.md:68|v101.82|JUSTIFIED|- v101.82 minute-detail corrections remain cumulative and protected.
reports/stale_reference_scan.txt,22,VERIFIED,Recomputed/generated from current staging evidence; immutable reopen must independently verify.,"HISTORICAL_COMPATIBILITY_PROVENANCE|README.md:69|v101.83|JUSTIFIED|- Exact v101.83 physical iPhone/iPad/Samsung, installed-PWA/offline/live-origin and assistive-technology certification remains an external gate."
reports/stale_reference_scan.txt,23,VERIFIED,Recomputed/generated from current staging evidence; immutable reopen must independently verify.,HISTORICAL_COMPATIBILITY_PROVENANCE|README.md:71|v101.82|JUSTIFIED|## Historical release lineage — v101.82 and earlier (superseded by v101.83)
reports/stale_reference_scan.txt,24,VERIFIED,Recomputed/generated from current staging evidence; immutable reopen must independently verify.,HISTORICAL_COMPATIBILITY_PROVENANCE|README.md:71|v101.83|JUSTIFIED|## Historical release lineage — v101.82 and earlier (superseded by v101.83)
reports/stale_reference_scan.txt,25,VERIFIED,Recomputed/generated from current staging evidence; immutable reopen must independently verify.,HISTORICAL_COMPATIBILITY_PROVENANCE|README.md:73|v101.83|JUSTIFIED|The entries below are retained as historical provenance only. They do not describe the current v101.83 release identity.
reports/stale_reference_scan.txt,26,VERIFIED,Recomputed/generated from current staging evidence; immutable reopen must independently verify.,HISTORICAL_COMPATIBILITY_PROVENANCE|README.md:75|v101.82|JUSTIFIED|## v101.82 — Minute-detail corrective (15 August 2026)
reports/stale_reference_scan.txt,27,VERIFIED,Recomputed/generated from current staging evidence; immutable reopen must independently verify.,HISTORICAL_COMPATIBILITY_PROVENANCE|README.md:81|v101.84|JUSTIFIED|- Introduced the focus-restoration fallback used by transient Note/colour-picker paths. Later v101.84 testing found one delayed-removal edge case in the contextual Note path and completes that correction.
reports/stale_reference_scan.txt,28,VERIFIED,Recomputed/generated from current staging evidence; immutable reopen must independently verify.,"HISTORICAL_COMPATIBILITY_PROVENANCE|README.md:83|v101.82|JUSTIFIED|- Exact v101.82 physical iPhone/iPad/Samsung, installed-PWA, offline, assistive-technology and live-origin certification remain external gates."
reports/stale_reference_scan.txt,29,VERIFIED,Recomputed/generated from current staging evidence; immutable reopen must independently verify.,HISTORICAL_COMPATIBILITY_PROVENANCE|README.md:85|v101.80|JUSTIFIED|## Historical release lineage — v101.80 and earlier (superseded by v101.82)
reports/stale_reference_scan.txt,30,VERIFIED,Recomputed/generated from current staging evidence; immutable reopen must independently verify.,HISTORICAL_COMPATIBILITY_PROVENANCE|README.md:85|v101.82|JUSTIFIED|## Historical release lineage — v101.80 and earlier (superseded by v101.82)
reports/stale_reference_scan.txt,31,VERIFIED,Recomputed/generated from current staging evidence; immutable reopen must independently verify.,HISTORICAL_COMPATIBILITY_PROVENANCE|README.md:87|v101.82|JUSTIFIED|The entries below are retained as historical provenance only. They do not describe the current v101.82 interaction contract.
reports/stale_reference_scan.txt,32,VERIFIED,Recomputed/generated from current staging evidence; immutable reopen must independently verify.,HISTORICAL_COMPATIBILITY_PROVENANCE|README.md:89|v101.80|JUSTIFIED|## v101.80 — Ecosystem interaction closure (15 August 2026)
reports/stale_reference_scan.txt,33,VERIFIED,Recomputed/generated from current staging evidence; immutable reopen must independently verify.,"HISTORICAL_COMPATIBILITY_PROVENANCE|README.md:97|v101.80|JUSTIFIED|- Exact v101.80 physical iPhone/iPad/Samsung, installed-PWA, offline and live-origin certification remain external gates."
reports/stale_reference_scan.txt,34,VERIFIED,Recomputed/generated from current staging evidence; immutable reopen must independently verify.,"HISTORICAL_COMPATIBILITY_PROVENANCE|README.md:99|v101.60|JUSTIFIED|Stage-G programme baseline: **v101.60 / 24H-F**, explicitly approved by the product owner as the immutable input to 24H-G."
reports/stale_reference_scan.txt,35,VERIFIED,Recomputed/generated from current staging evidence; immutable reopen must independently verify.,HISTORICAL_COMPATIBILITY_PROVENANCE|README.md:101|v101.62|JUSTIFIED|Historical four-pass corrective input: the exact audited **v101.62 / 24H-G reader-return repair**. v101.63 preserves that return-context fix and closes additional Stage-G touch-target/report-integrity gaps found only whe
reports/stale_reference_scan.txt,36,VERIFIED,Recomputed/generated from current staging evidence; immutable reopen must independently verify.,HISTORICAL_COMPATIBILITY_PROVENANCE|README.md:101|v101.63|JUSTIFIED|Historical four-pass corrective input: the exact audited **v101.62 / 24H-G reader-return repair**. v101.63 preserves that return-context fix and closes additional Stage-G touch-target/report-integrity gaps found only whe
reports/stale_reference_scan.txt,37,VERIFIED,Recomputed/generated from current staging evidence; immutable reopen must independently verify.,HISTORICAL_COMPATIBILITY_PROVENANCE|README.md:104|v101.63|JUSTIFIED|Historical persistence corrective input: the exact audited **v101.63 / 24H-G four-pass corrective hardening**. v101.64 fixes a downgrade-safety defect found only by the subsequent historical-profile replay: a canonical s
reports/stale_reference_scan.txt,38,VERIFIED,Recomputed/generated from current staging evidence; immutable reopen must independently verify.,HISTORICAL_COMPATIBILITY_PROVENANCE|README.md:104|v101.64|JUSTIFIED|Historical persistence corrective input: the exact audited **v101.63 / 24H-G four-pass corrective hardening**. v101.64 fixes a downgrade-safety defect found only by the subsequent historical-profile replay: a canonical s
reports/stale_reference_scan.txt,39,VERIFIED,Recomputed/generated from current staging evidence; immutable reopen must independently verify.,HISTORICAL_COMPATIBILITY_PROVENANCE|README.md:104|v101.64|JUSTIFIED|Historical persistence corrective input: the exact audited **v101.63 / 24H-G four-pass corrective hardening**. v101.64 fixes a downgrade-safety defect found only by the subsequent historical-profile replay: a canonical s
reports/stale_reference_scan.txt,40,VERIFIED,Recomputed/generated from current staging evidence; immutable reopen must independently verify.,HISTORICAL_COMPATIBILITY_PROVENANCE|README.md:107|v101.64|JUSTIFIED|Historical persistence corrective input: the exact audited **v101.64 / 24H-G future-snapshot preservation repair**. The subsequent minute-detail replay found a second downgrade edge case: `snapshot_version` could be curr
reports/stale_reference_scan.txt,41,VERIFIED,Recomputed/generated from current staging evidence; immutable reopen must independently verify.,HISTORICAL_COMPATIBILITY_PROVENANCE|README.md:107|v101.65|JUSTIFIED|Historical persistence corrective input: the exact audited **v101.64 / 24H-G future-snapshot preservation repair**. The subsequent minute-detail replay found a second downgrade edge case: `snapshot_version` could be curr
reports/stale_reference_scan.txt,42,VERIFIED,Recomputed/generated from current staging evidence; immutable reopen must independently verify.,HISTORICAL_COMPATIBILITY_PROVENANCE|README.md:110|v101.65|JUSTIFIED|Historical corrective input: the exact **v101.65 / 24H-G persistence-safety completion** bytes. A subsequent minute-detail H4 audit found three inherited **storage-level** count ceilings that were not UI previews: notes 
reports/stale_reference_scan.txt,43,VERIFIED,Recomputed/generated from current staging evidence; immutable reopen must independently verify.,HISTORICAL_COMPATIBILITY_PROVENANCE|README.md:110|v101.66|JUSTIFIED|Historical corrective input: the exact **v101.65 / 24H-G persistence-safety completion** bytes. A subsequent minute-detail H4 audit found three inherited **storage-level** count ceilings that were not UI previews: notes 
reports/stale_reference_scan.txt,44,VERIFIED,Recomputed/generated from current staging evidence; immutable reopen must independently verify.,"HISTORICAL_COMPATIBILITY_PROVENANCE|README.md:113|v101.66|JUSTIFIED|Historical corrective input: the exact **v101.66 / 24H-G personal-data completeness repair** bytes. The subsequent full personal-state inventory found a separate active compatibility store, `state.highlights`, used by th"
reports/stale_reference_scan.txt,45,VERIFIED,Recomputed/generated from current staging evidence; immutable reopen must independently verify.,"HISTORICAL_COMPATIBILITY_PROVENANCE|README.md:113|v101.67|JUSTIFIED|Historical corrective input: the exact **v101.66 / 24H-G personal-data completeness repair** bytes. The subsequent full personal-state inventory found a separate active compatibility store, `state.highlights`, used by th"
reports/stale_reference_scan.txt,46,VERIFIED,Recomputed/generated from current staging evidence; immutable reopen must independently verify.,HISTORICAL_COMPATIBILITY_PROVENANCE|README.md:116|v101.67|JUSTIFIED|Historical corrective input: the exact **v101.67 / 24H-G legacy-mark reachability repair** bytes. The subsequent personal-data surface audit found two remaining completeness omissions for the same active `state.highlight
reports/stale_reference_scan.txt,47,VERIFIED,Recomputed/generated from current staging evidence; immutable reopen must independently verify.,HISTORICAL_COMPATIBILITY_PROVENANCE|README.md:116|v101.68|JUSTIFIED|Historical corrective input: the exact **v101.67 / 24H-G legacy-mark reachability repair** bytes. The subsequent personal-data surface audit found two remaining completeness omissions for the same active `state.highlight
reports/stale_reference_scan.txt,48,VERIFIED,Recomputed/generated from current staging evidence; immutable reopen must independently verify.,HISTORICAL_COMPATIBILITY_PROVENANCE|README.md:119|v101.68|JUSTIFIED|Historical corrective input: the exact **v101.68 / 24H-G legacy-mark personal-data completion** bytes. A final derived-surface inventory found that the wide/tablet right-side Mon Espace preview still built its `Surlignag
reports/stale_reference_scan.txt,49,VERIFIED,Recomputed/generated from current staging evidence; immutable reopen must independently verify.,HISTORICAL_COMPATIBILITY_PROVENANCE|README.md:119|v101.69|JUSTIFIED|Historical corrective input: the exact **v101.68 / 24H-G legacy-mark personal-data completion** bytes. A final derived-surface inventory found that the wide/tablet right-side Mon Espace preview still built its `Surlignag
reports/stale_reference_scan.txt,50,VERIFIED,Recomputed/generated from current staging evidence; immutable reopen must independently verify.,HISTORICAL_COMPATIBILITY_PROVENANCE|README.md:122|v101.69|JUSTIFIED|Historical ultra-deep audit input: the exact **v101.69 / 24H-G annotation-preview truth repair** bytes (HTML SHA-256 `c7161e360b1b2e861ad911d494c5785a92671f3929fce1141a0ab43426838cb3`). The minute-detail recheck rejected
reports/stale_reference_scan.txt,51,VERIFIED,Recomputed/generated from current staging evidence; immutable reopen must independently verify.,HISTORICAL_COMPATIBILITY_PROVENANCE|README.md:122|v101.63|JUSTIFIED|Historical ultra-deep audit input: the exact **v101.69 / 24H-G annotation-preview truth repair** bytes (HTML SHA-256 `c7161e360b1b2e861ad911d494c5785a92671f3929fce1141a0ab43426838cb3`). The minute-detail recheck rejected
reports/stale_reference_scan.txt,52,VERIFIED,Recomputed/generated from current staging evidence; immutable reopen must independently verify.,HISTORICAL_COMPATIBILITY_PROVENANCE|README.md:122|v101.68|JUSTIFIED|Historical ultra-deep audit input: the exact **v101.69 / 24H-G annotation-preview truth repair** bytes (HTML SHA-256 `c7161e360b1b2e861ad911d494c5785a92671f3929fce1141a0ab43426838cb3`). The minute-detail recheck rejected
reports/stale_reference_scan.txt,53,VERIFIED,Recomputed/generated from current staging evidence; immutable reopen must independently verify.,HISTORICAL_COMPATIBILITY_PROVENANCE|README.md:122|v101.69|JUSTIFIED|Historical ultra-deep audit input: the exact **v101.69 / 24H-G annotation-preview truth repair** bytes (HTML SHA-256 `c7161e360b1b2e861ad911d494c5785a92671f3929fce1141a0ab43426838cb3`). The minute-detail recheck rejected
reports/stale_reference_scan.txt,54,VERIFIED,Recomputed/generated from current staging evidence; immutable reopen must independently verify.,HISTORICAL_COMPATIBILITY_PROVENANCE|README.md:122|v101.70|JUSTIFIED|Historical ultra-deep audit input: the exact **v101.69 / 24H-G annotation-preview truth repair** bytes (HTML SHA-256 `c7161e360b1b2e861ad911d494c5785a92671f3929fce1141a0ab43426838cb3`). The minute-detail recheck rejected
reports/stale_reference_scan.txt,55,VERIFIED,Recomputed/generated from current staging evidence; immutable reopen must independently verify.,HISTORICAL_COMPATIBILITY_PROVENANCE|README.md:125|v101.70|JUSTIFIED|Historical extreme-deep audit input: the exact **v101.70 / 24H-G ultra-deep recheck** bytes (HTML SHA-256 `7b95564c0e15fe49d22d1f6befde25a3df2cf2b1c14e30480c44b83c778ec9a2`). A still-deeper adversarial pass rejected v101
reports/stale_reference_scan.txt,56,VERIFIED,Recomputed/generated from current staging evidence; immutable reopen must independently verify.,HISTORICAL_COMPATIBILITY_PROVENANCE|README.md:125|v101.70|JUSTIFIED|Historical extreme-deep audit input: the exact **v101.70 / 24H-G ultra-deep recheck** bytes (HTML SHA-256 `7b95564c0e15fe49d22d1f6befde25a3df2cf2b1c14e30480c44b83c778ec9a2`). A still-deeper adversarial pass rejected v101
reports/stale_reference_scan.txt,57,VERIFIED,Recomputed/generated from current staging evidence; immutable reopen must independently verify.,HISTORICAL_COMPATIBILITY_PROVENANCE|README.md:125|v101.71|JUSTIFIED|Historical extreme-deep audit input: the exact **v101.70 / 24H-G ultra-deep recheck** bytes (HTML SHA-256 `7b95564c0e15fe49d22d1f6befde25a3df2cf2b1c14e30480c44b83c778ec9a2`). A still-deeper adversarial pass rejected v101
reports/stale_reference_scan.txt,58,VERIFIED,Recomputed/generated from current staging evidence; immutable reopen must independently verify.,HISTORICAL_COMPATIBILITY_PROVENANCE|README.md:128|v101.71|JUSTIFIED|Historical extreme-deep accessibility input: the exact **v101.71 / 24H-G backup/deep-link repair** bytes (HTML SHA-256 `054934c97c32942cf45d639448b5a7302fae87ce58d005722805e66165512081`). A full-surface runtime measureme
reports/stale_reference_scan.txt,59,VERIFIED,Recomputed/generated from current staging evidence; immutable reopen must independently verify.,HISTORICAL_COMPATIBILITY_PROVENANCE|README.md:128|v101.72|JUSTIFIED|Historical extreme-deep accessibility input: the exact **v101.71 / 24H-G backup/deep-link repair** bytes (HTML SHA-256 `054934c97c32942cf45d639448b5a7302fae87ce58d005722805e66165512081`). A full-surface runtime measureme
reports/stale_reference_scan.txt,60,VERIFIED,Recomputed/generated from current staging evidence; immutable reopen must independently verify.,HISTORICAL_COMPATIBILITY_PROVENANCE|README.md:131|v101.72|JUSTIFIED|Historical extreme-deep persistence input: the exact **v101.72 / 24H-G picker hit-area repair** bytes (HTML SHA-256 `4bda4da366876a4396bdaedbf585eb67cbe81c4f0eaa25f837c013bc452c044a`). A post-write failure probe found th
reports/stale_reference_scan.txt,61,VERIFIED,Recomputed/generated from current staging evidence; immutable reopen must independently verify.,HISTORICAL_COMPATIBILITY_PROVENANCE|README.md:131|v101.73|JUSTIFIED|Historical extreme-deep persistence input: the exact **v101.72 / 24H-G picker hit-area repair** bytes (HTML SHA-256 `4bda4da366876a4396bdaedbf585eb67cbe81c4f0eaa25f837c013bc452c044a`). A post-write failure probe found th
reports/stale_reference_scan.txt,62,VERIFIED,Recomputed/generated from current staging evidence; immutable reopen must independently verify.,HISTORICAL_COMPATIBILITY_PROVENANCE|README.md:134|v101.73|JUSTIFIED|Historical extreme-deep restore-safety input: the exact **v101.73 / 24H-G canonical atomicity repair** bytes (HTML SHA-256 `48c1d7041a0668c3dcfed4729b45dbba661f9b2ef3d639de7aba01d3c8688e46`). An adversarial wrong-file re
reports/stale_reference_scan.txt,63,VERIFIED,Recomputed/generated from current staging evidence; immutable reopen must independently verify.,HISTORICAL_COMPATIBILITY_PROVENANCE|README.md:134|v101.74|JUSTIFIED|Historical extreme-deep restore-safety input: the exact **v101.73 / 24H-G canonical atomicity repair** bytes (HTML SHA-256 `48c1d7041a0668c3dcfed4729b45dbba661f9b2ef3d639de7aba01d3c8688e46`). An adversarial wrong-file re
reports/stale_reference_scan.txt,64,VERIFIED,Recomputed/generated from current staging evidence; immutable reopen must independently verify.,HISTORICAL_COMPATIBILITY_PROVENANCE|README.md:137|v101.74|JUSTIFIED|Historical build input: the exact **v101.74 / 24H-G restore identity repair** bytes (HTML SHA-256 `ff47a2e0db334c9c4d166f4da0ba0ad1fb91f18f5d78a7c14a6f3c06f4a2c140`). A still-deeper persistence probe found that a post-wr
reports/stale_reference_scan.txt,65,VERIFIED,Recomputed/generated from current staging evidence; immutable reopen must independently verify.,HISTORICAL_COMPATIBILITY_PROVENANCE|README.md:137|v101.75|JUSTIFIED|Historical build input: the exact **v101.74 / 24H-G restore identity repair** bytes (HTML SHA-256 `ff47a2e0db334c9c4d166f4da0ba0ad1fb91f18f5d78a7c14a6f3c06f4a2c140`). A still-deeper persistence probe found that a post-wr
reports/stale_reference_scan.txt,66,VERIFIED,Recomputed/generated from current staging evidence; immutable reopen must independently verify.,HISTORICAL_COMPATIBILITY_PROVENANCE|README.md:140|v101.75|JUSTIFIED|Historical build input: the exact **v101.75 / 24H-G storage/import integrity repair** bytes (HTML SHA-256 `8aa71a3a6859a09d2d4e3fc2781830766d30637c4aead5706de09f1ac6aa0d61`). An auxiliary-storage honesty probe found two 
reports/stale_reference_scan.txt,67,VERIFIED,Recomputed/generated from current staging evidence; immutable reopen must independently verify.,HISTORICAL_COMPATIBILITY_PROVENANCE|README.md:140|v101.76|JUSTIFIED|Historical build input: the exact **v101.75 / 24H-G storage/import integrity repair** bytes (HTML SHA-256 `8aa71a3a6859a09d2d4e3fc2781830766d30637c4aead5706de09f1ac6aa0d61`). An auxiliary-storage honesty probe found two 
reports/stale_reference_scan.txt,68,VERIFIED,Recomputed/generated from current staging evidence; immutable reopen must independently verify.,HISTORICAL_COMPATIBILITY_PROVENANCE|README.md:143|v101.76|JUSTIFIED|Historical build input: the exact **v101.76 / 24H-G auxiliary-storage honesty repair** bytes (HTML SHA-256 `b1be16d1242c9770f17673049a81534c448a1925ded26cac8a0c324e452b1a2a`). Owner review found the Aide function materia
reports/stale_reference_scan.txt,69,VERIFIED,Recomputed/generated from current staging evidence; immutable reopen must independently verify.,HISTORICAL_COMPATIBILITY_PROVENANCE|README.md:143|v101.77|JUSTIFIED|Historical build input: the exact **v101.76 / 24H-G auxiliary-storage honesty repair** bytes (HTML SHA-256 `b1be16d1242c9770f17673049a81534c448a1925ded26cac8a0c324e452b1a2a`). Owner review found the Aide function materia
reports/stale_reference_scan.txt,70,VERIFIED,Recomputed/generated from current staging evidence; immutable reopen must independently verify.,HISTORICAL_COMPATIBILITY_PROVENANCE|README.md:145|v101.77|JUSTIFIED|Historical build input: the exact **v101.77 / 24H-G help completeness repair** bytes (HTML SHA-256 `8e4b534c399c4bd35e0d516cfda77b31a0838cc5fbcf9612d7dee7a16c81857e`). The final claim-by-claim Help review found one stale
reports/stale_reference_scan.txt,71,VERIFIED,Recomputed/generated from current staging evidence; immutable reopen must independently verify.,HISTORICAL_COMPATIBILITY_PROVENANCE|README.md:145|v101.78|JUSTIFIED|Historical build input: the exact **v101.77 / 24H-G help completeness repair** bytes (HTML SHA-256 `8e4b534c399c4bd35e0d516cfda77b31a0838cc5fbcf9612d7dee7a16c81857e`). The final claim-by-claim Help review found one stale
reports/stale_reference_scan.txt,72,VERIFIED,Recomputed/generated from current staging evidence; immutable reopen must independently verify.,HISTORICAL_COMPATIBILITY_PROVENANCE|README.md:145|v101.77|JUSTIFIED|Historical build input: the exact **v101.77 / 24H-G help completeness repair** bytes (HTML SHA-256 `8e4b534c399c4bd35e0d516cfda77b31a0838cc5fbcf9612d7dee7a16c81857e`). The final claim-by-claim Help review found one stale
reports/stale_reference_scan.txt,73,VERIFIED,Recomputed/generated from current staging evidence; immutable reopen must independently verify.,HISTORICAL_COMPATIBILITY_PROVENANCE|README.md:147|v101.78|JUSTIFIED|Historical build input: the exact **v101.78 / 24H-G help completeness finalization** bytes (HTML SHA-256 `60e67f3b4b298e5a15c12be8f76203254099a37cb8267b3bb77ce3d1a040408f`). Physical iPad screenshots exposed the legacy d
reports/stale_reference_scan.txt,74,VERIFIED,Recomputed/generated from current staging evidence; immutable reopen must independently verify.,HISTORICAL_COMPATIBILITY_PROVENANCE|README.md:147|v101.79|JUSTIFIED|Historical build input: the exact **v101.78 / 24H-G help completeness finalization** bytes (HTML SHA-256 `60e67f3b4b298e5a15c12be8f76203254099a37cb8267b3bb77ce3d1a040408f`). Physical iPad screenshots exposed the legacy d
reports/stale_reference_scan.txt,75,VERIFIED,Recomputed/generated from current staging evidence; immutable reopen must independently verify.,HISTORICAL_COMPATIBILITY_PROVENANCE|README.md:149|v101.79|JUSTIFIED|## 24H-G iPad paragraph-side action repair (v101.79)
reports/stale_reference_scan.txt,76,VERIFIED,Recomputed/generated from current staging evidence; immutable reopen must independently verify.,"HISTORICAL_COMPATIBILITY_PROVENANCE|README.md:155|v101.78|JUSTIFIED|- Protected corpus declarations, reader-return repair, Help v101.78, persistence and PWA behavior remain unchanged."
reports/stale_reference_scan.txt,77,VERIFIED,Recomputed/generated from current staging evidence; immutable reopen must independently verify.,HISTORICAL_COMPATIBILITY_PROVENANCE|README.md:157|v101.78|JUSTIFIED|## 24H-G help completeness finalization (v101.78)
reports/stale_reference_scan.txt,78,VERIFIED,Recomputed/generated from current staging evidence; immutable reopen must independently verify.,HISTORICAL_COMPATIBILITY_PROVENANCE|README.md:159|v101.77|JUSTIFIED|- Preserves the complete v101.77 Aide rewrite and all action-by-action guidance.
reports/stale_reference_scan.txt,79,VERIFIED,Recomputed/generated from current staging evidence; immutable reopen must independently verify.,HISTORICAL_COMPATIBILITY_PROVENANCE|README.md:164|v101.77|JUSTIFIED|## 24H-G help completeness repair (v101.77)
reports/stale_reference_scan.txt,80,VERIFIED,Recomputed/generated from current staging evidence; immutable reopen must independently verify.,HISTORICAL_COMPATIBILITY_PROVENANCE|README.md:175|v101.76|JUSTIFIED|## 24H-G auxiliary-storage honesty repair (v101.76)
reports/stale_reference_scan.txt,81,VERIFIED,Recomputed/generated from current staging evidence; immutable reopen must independently verify.,"HISTORICAL_COMPATIBILITY_PROVENANCE|README.md:180|v101.75|JUSTIFIED|- v101.75 canonical snapshot atomicity/import validation, v101.74 backup identity, v101.62 reader-return repair and all prior A-G protections remain preserved."
reports/stale_reference_scan.txt,82,VERIFIED,Recomputed/generated from current staging evidence; immutable reopen must independently verify.,"HISTORICAL_COMPATIBILITY_PROVENANCE|README.md:180|v101.74|JUSTIFIED|- v101.75 canonical snapshot atomicity/import validation, v101.74 backup identity, v101.62 reader-return repair and all prior A-G protections remain preserved."
reports/stale_reference_scan.txt,83,VERIFIED,Recomputed/generated from current staging evidence; immutable reopen must independently verify.,"HISTORICAL_COMPATIBILITY_PROVENANCE|README.md:180|v101.62|JUSTIFIED|- v101.75 canonical snapshot atomicity/import validation, v101.74 backup identity, v101.62 reader-return repair and all prior A-G protections remain preserved."
reports/stale_reference_scan.txt,84,VERIFIED,Recomputed/generated from current staging evidence; immutable reopen must independently verify.,HISTORICAL_COMPATIBILITY_PROVENANCE|README.md:183|v101.75|JUSTIFIED|## 24H-G storage/import integrity repair (v101.75)
reports/stale_reference_scan.txt,85,VERIFIED,Recomputed/generated from current staging evidence; immutable reopen must independently verify.,HISTORICAL_COMPATIBILITY_PROVENANCE|README.md:188|v101.74|JUSTIFIED|- Current v101.74 backup identity markers and genuine v101.53 unmarked backup compatibility remain preserved.
reports/stale_reference_scan.txt,86,VERIFIED,Recomputed/generated from current staging evidence; immutable reopen must independently verify.,HISTORICAL_COMPATIBILITY_PROVENANCE|README.md:188|v101.53|JUSTIFIED|- Current v101.74 backup identity markers and genuine v101.53 unmarked backup compatibility remain preserved.
reports/stale_reference_scan.txt,87,VERIFIED,Recomputed/generated from current staging evidence; immutable reopen must independently verify.,HISTORICAL_COMPATIBILITY_PROVENANCE|README.md:191|v101.74|JUSTIFIED|## 24H-G restore identity / wrong-file protection (v101.74)
reports/stale_reference_scan.txt,88,VERIFIED,Recomputed/generated from current staging evidence; immutable reopen must independently verify.,HISTORICAL_COMPATIBILITY_PROVENANCE|README.md:196|v101.53|JUSTIFIED|- Genuine older 24H backups without the new markers remain accepted when their historical v101/prototype app identity or the bound 24H corpus identity is present; the v101.53 production-export fixture is a mandatory regr
reports/stale_reference_scan.txt,89,VERIFIED,Recomputed/generated from current staging evidence; immutable reopen must independently verify.,"HISTORICAL_COMPATIBILITY_PROVENANCE|README.md:197|v101.73|JUSTIFIED|- v101.73 canonical rollback-on-verification-failure, v101.72 picker hit-area repair and all earlier A-G behavior remain unchanged."
reports/stale_reference_scan.txt,90,VERIFIED,Recomputed/generated from current staging evidence; immutable reopen must independently verify.,"HISTORICAL_COMPATIBILITY_PROVENANCE|README.md:197|v101.72|JUSTIFIED|- v101.73 canonical rollback-on-verification-failure, v101.72 picker hit-area repair and all earlier A-G behavior remain unchanged."
reports/stale_reference_scan.txt,91,VERIFIED,Recomputed/generated from current staging evidence; immutable reopen must independently verify.,HISTORICAL_COMPATIBILITY_PROVENANCE|README.md:200|v101.73|JUSTIFIED|## 24H-G canonical save atomicity repair (v101.73)
reports/stale_reference_scan.txt,92,VERIFIED,Recomputed/generated from current staging evidence; immutable reopen must independently verify.,"HISTORICAL_COMPATIBILITY_PROVENANCE|README.md:206|v101.72|JUSTIFIED|- v101.72 picker hit areas, v101.71 self-backup/deep-link safeguards, future-version preservation and all earlier A-G behavior remain unchanged."
reports/stale_reference_scan.txt,93,VERIFIED,Recomputed/generated from current staging evidence; immutable reopen must independently verify.,"HISTORICAL_COMPATIBILITY_PROVENANCE|README.md:206|v101.71|JUSTIFIED|- v101.72 picker hit areas, v101.71 self-backup/deep-link safeguards, future-version preservation and all earlier A-G behavior remain unchanged."
reports/stale_reference_scan.txt,94,VERIFIED,Recomputed/generated from current staging evidence; immutable reopen must independently verify.,HISTORICAL_COMPATIBILITY_PROVENANCE|README.md:209|v101.72|JUSTIFIED|## 24H-G colour-picker transient hit-area repair (v101.72)
reports/stale_reference_scan.txt,95,VERIFIED,Recomputed/generated from current staging evidence; immutable reopen must independently verify.,HISTORICAL_COMPATIBILITY_PROVENANCE|README.md:213|v101.71|JUSTIFIED|- v101.71's >5 MiB self-export/restore symmetry and prototype-safe prayer deep-link routing remain unchanged.
reports/stale_reference_scan.txt,96,VERIFIED,Recomputed/generated from current staging evidence; immutable reopen must independently verify.,"HISTORICAL_COMPATIBILITY_PROVENANCE|README.md:214|v101.62|JUSTIFIED|- All earlier A-G behavior, v101.62 reader return/progress repair, future-snapshot guards and complete personal-data reachability remain preserved."
reports/stale_reference_scan.txt,97,VERIFIED,Recomputed/generated from current staging evidence; immutable reopen must independently verify.,HISTORICAL_COMPATIBILITY_PROVENANCE|README.md:217|v101.71|JUSTIFIED|## 24H-G extreme-deep backup/deep-link/evidence repair (v101.71)
reports/stale_reference_scan.txt,98,VERIFIED,Recomputed/generated from current staging evidence; immutable reopen must independently verify.,"HISTORICAL_COMPATIBILITY_PROVENANCE|README.md:223|v101.70|JUSTIFIED|- v101.70 persistence downgrade guards, unlimited valid annotation preservation, whole-paragraph reachability/backup/journal/wide-preview truth, v101.62 reader-return repair, and every earlier A–G behavior remain preserv"
reports/stale_reference_scan.txt,99,VERIFIED,Recomputed/generated from current staging evidence; immutable reopen must independently verify.,"HISTORICAL_COMPATIBILITY_PROVENANCE|README.md:223|v101.62|JUSTIFIED|- v101.70 persistence downgrade guards, unlimited valid annotation preservation, whole-paragraph reachability/backup/journal/wide-preview truth, v101.62 reader-return repair, and every earlier A–G behavior remain preserv"
reports/stale_reference_scan.txt,100,VERIFIED,Recomputed/generated from current staging evidence; immutable reopen must independently verify.,HISTORICAL_COMPATIBILITY_PROVENANCE|README.md:226|v101.70|JUSTIFIED|## 24H-G ultra-deep recheck finalization (v101.70)
reports/stale_reference_scan.txt,101,VERIFIED,Recomputed/generated from current staging evidence; immutable reopen must independently verify.,HISTORICAL_COMPATIBILITY_PROVENANCE|README.md:228|v101.69|JUSTIFIED|- Preserves the exact v101.69 functional behavior; only release identity/current-facing evidence wording is advanced.
reports/stale_reference_scan.txt,102,VERIFIED,Recomputed/generated from current staging evidence; immutable reopen must independently verify.,HISTORICAL_COMPATIBILITY_PROVENANCE|README.md:235|v101.69|JUSTIFIED|## 24H-G annotation-preview truth repair (v101.69)
reports/stale_reference_scan.txt,103,VERIFIED,Recomputed/generated from current staging evidence; immutable reopen must independently verify.,HISTORICAL_COMPATIBILITY_PROVENANCE|README.md:241|v101.68|JUSTIFIED|- All v101.68/v101.67/v101.66/v101.65 and earlier A–G protections remain unchanged.
reports/stale_reference_scan.txt,104,VERIFIED,Recomputed/generated from current staging evidence; immutable reopen must independently verify.,HISTORICAL_COMPATIBILITY_PROVENANCE|README.md:241|v101.67|JUSTIFIED|- All v101.68/v101.67/v101.66/v101.65 and earlier A–G protections remain unchanged.
reports/stale_reference_scan.txt,105,VERIFIED,Recomputed/generated from current staging evidence; immutable reopen must independently verify.,HISTORICAL_COMPATIBILITY_PROVENANCE|README.md:241|v101.66|JUSTIFIED|- All v101.68/v101.67/v101.66/v101.65 and earlier A–G protections remain unchanged.
reports/stale_reference_scan.txt,106,VERIFIED,Recomputed/generated from current staging evidence; immutable reopen must independently verify.,HISTORICAL_COMPATIBILITY_PROVENANCE|README.md:241|v101.65|JUSTIFIED|- All v101.68/v101.67/v101.66/v101.65 and earlier A–G protections remain unchanged.
reports/stale_reference_scan.txt,107,VERIFIED,Recomputed/generated from current staging evidence; immutable reopen must independently verify.,HISTORICAL_COMPATIBILITY_PROVENANCE|README.md:243|v101.68|JUSTIFIED|## 24H-G legacy-mark personal-data completion (v101.68)
reports/stale_reference_scan.txt,108,VERIFIED,Recomputed/generated from current staging evidence; immutable reopen must independently verify.,HISTORICAL_COMPATIBILITY_PROVENANCE|README.md:248|v101.67|JUSTIFIED|- Mon Espace reachability/removal from v101.67 is preserved.
reports/stale_reference_scan.txt,109,VERIFIED,Recomputed/generated from current staging evidence; immutable reopen must independently verify.,HISTORICAL_COMPATIBILITY_PROVENANCE|README.md:252|v101.67|JUSTIFIED|## 24H-G legacy paragraph-mark reachability repair (v101.67)
reports/stale_reference_scan.txt,110,VERIFIED,Recomputed/generated from current staging evidence; immutable reopen must independently verify.,"HISTORICAL_COMPATIBILITY_PROVENANCE|README.md:259|v101.66|JUSTIFIED|- Preserves v101.66 high-count personal-data completeness, v101.65 future-version protection and every earlier A–G correction."
reports/stale_reference_scan.txt,111,VERIFIED,Recomputed/generated from current staging evidence; immutable reopen must independently verify.,"HISTORICAL_COMPATIBILITY_PROVENANCE|README.md:259|v101.65|JUSTIFIED|- Preserves v101.66 high-count personal-data completeness, v101.65 future-version protection and every earlier A–G correction."
reports/stale_reference_scan.txt,112,VERIFIED,Recomputed/generated from current staging evidence; immutable reopen must independently verify.,HISTORICAL_COMPATIBILITY_PROVENANCE|README.md:262|v101.66|JUSTIFIED|## 24H-G personal-data completeness repair (v101.66)
reports/stale_reference_scan.txt,113,VERIFIED,Recomputed/generated from current staging evidence; immutable reopen must independently verify.,"HISTORICAL_COMPATIBILITY_PROVENANCE|README.md:270|v101.65|JUSTIFIED|- Preserves v101.65 future snapshot/schema protection, v101.63 touch-target correction, v101.62 reader-return/progress repair, and all earlier A–G behavior."
reports/stale_reference_scan.txt,114,VERIFIED,Recomputed/generated from current staging evidence; immutable reopen must independently verify.,"HISTORICAL_COMPATIBILITY_PROVENANCE|README.md:270|v101.63|JUSTIFIED|- Preserves v101.65 future snapshot/schema protection, v101.63 touch-target correction, v101.62 reader-return/progress repair, and all earlier A–G behavior."
reports/stale_reference_scan.txt,115,VERIFIED,Recomputed/generated from current staging evidence; immutable reopen must independently verify.,"HISTORICAL_COMPATIBILITY_PROVENANCE|README.md:270|v101.62|JUSTIFIED|- Preserves v101.65 future snapshot/schema protection, v101.63 touch-target correction, v101.62 reader-return/progress repair, and all earlier A–G behavior."
reports/stale_reference_scan.txt,116,VERIFIED,Recomputed/generated from current staging evidence; immutable reopen must independently verify.,HISTORICAL_COMPATIBILITY_PROVENANCE|README.md:273|v101.65|JUSTIFIED|## 24H-G persistence-safety completion (v101.65)
reports/stale_reference_scan.txt,117,VERIFIED,Recomputed/generated from current staging evidence; immutable reopen must independently verify.,HISTORICAL_COMPATIBILITY_PROVENANCE|README.md:281|v101.64|JUSTIFIED|- Preserves all v101.64/v101.63/v101.62 Stage-G corrections.
reports/stale_reference_scan.txt,118,VERIFIED,Recomputed/generated from current staging evidence; immutable reopen must independently verify.,HISTORICAL_COMPATIBILITY_PROVENANCE|README.md:281|v101.63|JUSTIFIED|- Preserves all v101.64/v101.63/v101.62 Stage-G corrections.
reports/stale_reference_scan.txt,119,VERIFIED,Recomputed/generated from current staging evidence; immutable reopen must independently verify.,HISTORICAL_COMPATIBILITY_PROVENANCE|README.md:281|v101.62|JUSTIFIED|- Preserves all v101.64/v101.63/v101.62 Stage-G corrections.
reports/stale_reference_scan.txt,120,VERIFIED,Recomputed/generated from current staging evidence; immutable reopen must independently verify.,HISTORICAL_COMPATIBILITY_PROVENANCE|README.md:284|v101.64|JUSTIFIED|## 24H-G persistence-safety repair (v101.64)
reports/stale_reference_scan.txt,121,VERIFIED,Recomputed/generated from current staging evidence; immutable reopen must independently verify.,HISTORICAL_COMPATIBILITY_PROVENANCE|README.md:291|v101.63|JUSTIFIED|- Preserves all v101.63 touch-target corrections and the v101.62 exact reader-return/progress repair.
reports/stale_reference_scan.txt,122,VERIFIED,Recomputed/generated from current staging evidence; immutable reopen must independently verify.,HISTORICAL_COMPATIBILITY_PROVENANCE|README.md:291|v101.62|JUSTIFIED|- Preserves all v101.63 touch-target corrections and the v101.62 exact reader-return/progress repair.
reports/stale_reference_scan.txt,123,VERIFIED,Recomputed/generated from current staging evidence; immutable reopen must independently verify.,HISTORICAL_COMPATIBILITY_PROVENANCE|README.md:294|v101.63|JUSTIFIED|## 24H-G four-pass corrective hardening (v101.63)
reports/stale_reference_scan.txt,124,VERIFIED,Recomputed/generated from current staging evidence; immutable reopen must independently verify.,HISTORICAL_COMPATIBILITY_PROVENANCE|README.md:296|v101.62|JUSTIFIED|- Preserves the v101.62 Hour → Mon Espace → Retour exact paragraph/tab/progress-strip repair.
reports/stale_reference_scan.txt,125,VERIFIED,Recomputed/generated from current staging evidence; immutable reopen must independently verify.,HISTORICAL_COMPATIBILITY_PROVENANCE|README.md:299|v101.61|JUSTIFIED|- Refreshes current-facing report/QA identity and explicitly classifies v101.61/v101.62 raw audit files as inherited historical evidence rather than current execution claims.
reports/stale_reference_scan.txt,126,VERIFIED,Recomputed/generated from current staging evidence; immutable reopen must independently verify.,HISTORICAL_COMPATIBILITY_PROVENANCE|README.md:299|v101.62|JUSTIFIED|- Refreshes current-facing report/QA identity and explicitly classifies v101.61/v101.62 raw audit files as inherited historical evidence rather than current execution claims.
reports/stale_reference_scan.txt,127,VERIFIED,Recomputed/generated from current staging evidence; immutable reopen must independently verify.,"HISTORICAL_COMPATIBILITY_PROVENANCE|README.md:303|v101.61|JUSTIFIED|Historical corrective-repair input: the exact audited **v101.61 / 24H-G** candidate. v101.62 changes only reader-history continuity and progress-strip restoration after leaving the reader; corpus, storage schemas, Repère"
reports/stale_reference_scan.txt,128,VERIFIED,Recomputed/generated from current staging evidence; immutable reopen must independently verify.,"HISTORICAL_COMPATIBILITY_PROVENANCE|README.md:303|v101.62|JUSTIFIED|Historical corrective-repair input: the exact audited **v101.61 / 24H-G** candidate. v101.62 changes only reader-history continuity and progress-strip restoration after leaving the reader; corpus, storage schemas, Repère"
reports/stale_reference_scan.txt,129,VERIFIED,Recomputed/generated from current staging evidence; immutable reopen must independently verify.,HISTORICAL_COMPATIBILITY_PROVENANCE|README.md:306|v101.62|JUSTIFIED|## Historical 24H-G corrective repair (v101.62) — Mon Espace → Retour reader continuity
reports/stale_reference_scan.txt,130,VERIFIED,Recomputed/generated from current staging evidence; immutable reopen must independently verify.,HISTORICAL_COMPATIBILITY_PROVENANCE|README.md:308|v101.61|JUSTIFIED|- Fixes the owner-reproduced v101.61 defect where leaving an Hour for **Mon Espace** and pressing **Retour** reopened only the Hour start instead of the exact reading position.
reports/stale_reference_scan.txt,131,VERIFIED,Recomputed/generated from current staging evidence; immutable reopen must independently verify.,HISTORICAL_COMPATIBILITY_PROVENANCE|README.md:314|v101.61|JUSTIFIED|## Historical 24H-G candidate (v101.61) — accessibility / PWA hardening
reports/stale_reference_scan.txt,132,VERIFIED,Recomputed/generated from current staging evidence; immutable reopen must independently verify.,HISTORICAL_COMPATIBILITY_PROVENANCE|README.md:320|v101.60|JUSTIFIED|## Historical input baseline — 24H-F candidate (v101.60) — navigation prototype
reports/stale_reference_scan.txt,133,VERIFIED,Recomputed/generated from current staging evidence; immutable reopen must independently verify.,"HISTORICAL_COMPATIBILITY_PROVENANCE|README.md:329|v101.58|JUSTIFIED|Historical input baseline: **v101.58 / 24H-D**, explicitly authorised by the product owner as the input to 24H-E. Stage E changes only search normalisation, stable routing/linking, and privacy-safe support hooks. Protect"
reports/stale_reference_scan.txt,134,VERIFIED,Recomputed/generated from current staging evidence; immutable reopen must independently verify.,"HISTORICAL_COMPATIBILITY_PROVENANCE|README.md:331|v101.59|JUSTIFIED|## Historical 24H-E candidate (v101.59) — search, deep links and support"
reports/stale_reference_scan.txt,135,VERIFIED,Recomputed/generated from current staging evidence; immutable reopen must independently verify.,"HISTORICAL_COMPATIBILITY_PROVENANCE|README.md:341|v101.57|JUSTIFIED|Historical input baseline: **v101.57 / 24H-C repaired candidate**, explicitly authorised by the product owner as the input to 24H-D. Stage D changes only Mon Espace/personal-data UX. The inherited Stage-C physical-device"
reports/stale_reference_scan.txt,136,VERIFIED,Recomputed/generated from current staging evidence; immutable reopen must independently verify.,HISTORICAL_COMPATIBILITY_PROVENANCE|README.md:343|v101.58|JUSTIFIED|## Historical 24H-D candidate (v101.58) — Mon Espace completeness and backup UX
reports/stale_reference_scan.txt,137,VERIFIED,Recomputed/generated from current staging evidence; immutable reopen must independently verify.,HISTORICAL_COMPATIBILITY_PROVENANCE|README.md:352|v101.57|JUSTIFIED|## Historical 24H-C iPhone picker repair (v101.57)
reports/stale_reference_scan.txt,138,VERIFIED,Recomputed/generated from current staging evidence; immutable reopen must independently verify.,HISTORICAL_COMPATIBILITY_PROVENANCE|README.md:358|v101.56|JUSTIFIED|- Product-owner evidence from v101.56: iPhone exact selection/highlighting works; Samsung/Android was not available for testing.
reports/stale_reference_scan.txt,139,VERIFIED,Recomputed/generated from current staging evidence; immutable reopen must independently verify.,HISTORICAL_COMPATIBILITY_PROVENANCE|README.md:359|v101.57|JUSTIFIED|- v101.57 requires targeted real-iPhone confirmation of the repaired existing-highlight picker. Samsung/Android Stage-C remains `NOT_TESTED`.
reports/stale_reference_scan.txt,140,VERIFIED,Recomputed/generated from current staging evidence; immutable reopen must independently verify.,HISTORICAL_COMPATIBILITY_PROVENANCE|README.md:361|v101.56|JUSTIFIED|Historical v101.56 checkpoint: **v101.55 / 24H-B** was the authorised input to 24H-C; at that checkpoint 24H-D had not yet started. 24H-D through 24H-G were subsequently authorised and executed.
reports/stale_reference_scan.txt,141,VERIFIED,Recomputed/generated from current staging evidence; immutable reopen must independently verify.,HISTORICAL_COMPATIBILITY_PROVENANCE|README.md:361|v101.55|JUSTIFIED|Historical v101.56 checkpoint: **v101.55 / 24H-B** was the authorised input to 24H-C; at that checkpoint 24H-D had not yet started. 24H-D through 24H-G were subsequently authorised and executed.
reports/stale_reference_scan.txt,142,VERIFIED,Recomputed/generated from current staging evidence; immutable reopen must independently verify.,HISTORICAL_COMPATIBILITY_PROVENANCE|README.md:363|v101.56|JUSTIFIED|## Historical 24H-C candidate (v101.56) — one contextual action component
reports/stale_reference_scan.txt,143,VERIFIED,Recomputed/generated from current staging evidence; immutable reopen must independently verify.,HISTORICAL_COMPATIBILITY_PROVENANCE|README.md:371|v101.55|JUSTIFIED|- The six protected corpus declarations remain byte-identical to v101.55.
reports/stale_reference_scan.txt,144,VERIFIED,Recomputed/generated from current staging evidence; immutable reopen must independently verify.,"HISTORICAL_COMPATIBILITY_PROVENANCE|README.md:374|v101.54|JUSTIFIED|Historical input baseline: **v101.54 / 24H-A**, owner-confirmed as working before explicit authorisation to begin 24H-B. **v101.55 / 24H-B is the audited Repères baseline carried into 24H-C.**"
reports/stale_reference_scan.txt,145,VERIFIED,Recomputed/generated from current staging evidence; immutable reopen must independently verify.,"HISTORICAL_COMPATIBILITY_PROVENANCE|README.md:374|v101.55|JUSTIFIED|Historical input baseline: **v101.54 / 24H-A**, owner-confirmed as working before explicit authorisation to begin 24H-B. **v101.55 / 24H-B is the audited Repères baseline carried into 24H-C.**"
reports/stale_reference_scan.txt,146,VERIFIED,Recomputed/generated from current staging evidence; immutable reopen must independently verify.,HISTORICAL_COMPATIBILITY_PROVENANCE|README.md:376|v101.55|JUSTIFIED|## Historical 24H-B candidate (v101.55) — calm reader + optional Repères
reports/stale_reference_scan.txt,147,VERIFIED,Recomputed/generated from current staging evidence; immutable reopen must independently verify.,HISTORICAL_COMPATIBILITY_PROVENANCE|README.md:383|v101.54|JUSTIFIED|- The six protected corpus declarations remain byte-identical to v101.54.
reports/stale_reference_scan.txt,148,VERIFIED,Recomputed/generated from current staging evidence; immutable reopen must independently verify.,HISTORICAL_COMPATIBILITY_PROVENANCE|README.md:386|v101.54|JUSTIFIED|## Historical — carried forward from 24H-A (v101.54) — display settings contract
reports/stale_reference_scan.txt,149,VERIFIED,Recomputed/generated from current staging evidence; immutable reopen must independently verify.,HISTORICAL_COMPATIBILITY_PROVENANCE|README.md:399|v101.53|JUSTIFIED|v101.53 promoted v101.52 and v101.53 in one step.
reports/stale_reference_scan.txt,150,VERIFIED,Recomputed/generated from current staging evidence; immutable reopen must independently verify.,HISTORICAL_COMPATIBILITY_PROVENANCE|README.md:399|v101.52|JUSTIFIED|v101.53 promoted v101.52 and v101.53 in one step.
reports/stale_reference_scan.txt,151,VERIFIED,Recomputed/generated from current staging evidence; immutable reopen must independently verify.,HISTORICAL_COMPATIBILITY_PROVENANCE|README.md:399|v101.53|JUSTIFIED|v101.53 promoted v101.52 and v101.53 in one step.
reports/stale_reference_scan.txt,152,VERIFIED,Recomputed/generated from current staging evidence; immutable reopen must independently verify.,HISTORICAL_COMPATIBILITY_PROVENANCE|README.md:401|v101.52|JUSTIFIED|## Historical corpus — the approved targeted change set (v101.52)
reports/stale_reference_scan.txt,153,VERIFIED,Recomputed/generated from current staging evidence; immutable reopen must independently verify.,"HISTORICAL_COMPATIBILITY_PROVENANCE|README.md:403|v101.44|JUSTIFIED|The first release since v101.44 in which the corpus itself changes, under an explicit approved"
reports/stale_reference_scan.txt,154,VERIFIED,Recomputed/generated from current staging evidence; immutable reopen must independently verify.,"HISTORICAL_COMPATIBILITY_PROVENANCE|README.md:408|v101.51|JUSTIFIED|  whole-paragraph rewrites. Measured against the untouched v101.51 corpus: exactly 21 of 1,839"
reports/stale_reference_scan.txt,155,VERIFIED,Recomputed/generated from current staging evidence; immutable reopen must independently verify.,HISTORICAL_COMPATIBILITY_PROVENANCE|README.md:423|v101.53|JUSTIFIED|## Historical app fix (v101.53) — iPad bottom bar no longer covers the end of a view
reports/stale_reference_scan.txt,156,VERIFIED,Recomputed/generated from current staging evidence; immutable reopen must independently verify.,HISTORICAL_COMPATIBILITY_PROVENANCE|README.md:432|v101.26|JUSTIFIED|## Historical — carried forward from v101.26–v101.51
reports/stale_reference_scan.txt,157,VERIFIED,Recomputed/generated from current staging evidence; immutable reopen must independently verify.,HISTORICAL_COMPATIBILITY_PROVENANCE|README.md:432|v101.51|JUSTIFIED|## Historical — carried forward from v101.26–v101.51
reports/stale_reference_scan.txt,158,VERIFIED,Recomputed/generated from current staging evidence; immutable reopen must independently verify.,HISTORICAL_COMPATIBILITY_PROVENANCE|README.md:441|v101.53|JUSTIFIED|## Historical real-device status — v101.53
reports/stale_reference_scan.txt,159,VERIFIED,Recomputed/generated from current staging evidence; immutable reopen must independently verify.,"HISTORICAL_COMPATIBILITY_PROVENANCE|README.md:443|v101.53|JUSTIFIED|**Confirmed by Louis** before the v101.53 promotion: reviewed the corpus text corrections, and confirmed"
reports/stale_reference_scan.txt,160,VERIFIED,Recomputed/generated from current staging evidence; immutable reopen must independently verify.,HISTORICAL_COMPATIBILITY_PROVENANCE|README.md:447|v101.52|JUSTIFIED|v101.52 protected-declaration contract) and open items still tracked (a hardcoded corpus unit count
reports/stale_reference_scan.txt,161,VERIFIED,Recomputed/generated from current staging evidence; immutable reopen must independently verify.,"CURRENT|REAL_DEVICE_QA_CHECKLIST.md:1|v101.86|JUSTIFIED|# 24H interaction closure / v101.86 TH1 — physical device, installed-PWA and live-origin checklist"
reports/stale_reference_scan.txt,162,VERIFIED,Recomputed/generated from current staging evidence; immutable reopen must independently verify.,CURRENT|REAL_DEVICE_QA_CHECKLIST.md:3|v101.86|JUSTIFIED|Use the exact v101.86 TH1 candidate bytes. Record PASS/FAIL/NOT_TESTED for every numbered scenario.
reports/stale_reference_scan.txt,163,VERIFIED,Recomputed/generated from current staging evidence; immutable reopen must independently verify.,"CURRENT|REAL_DEVICE_QA_CHECKLIST.md:18|v101.86|JUSTIFIED|13. Existing installed build → v101.86 update preserves notes, coloured highlights, Lectures marquées, reading position and progress; obsolete legacy ◈ marks may be discarded."
reports/stale_reference_scan.txt,164,VERIFIED,Recomputed/generated from current staging evidence; immutable reopen must independently verify.,CURRENT|REAL_DEVICE_QA_CHECKLIST.md:46|v101.86|JUSTIFIED|33. Visible version v101.86.
reports/stale_reference_scan.txt,165,VERIFIED,Recomputed/generated from current staging evidence; immutable reopen must independently verify.,HISTORICAL_COMPATIBILITY_PROVENANCE|REAL_DEVICE_QA_CHECKLIST.md:48|luisa-24h-v101-86|JUSTIFIED|35. Cache generation is luisa-24h-v101-86.
reports/stale_reference_scan.txt,166,VERIFIED,Recomputed/generated from current staging evidence; immutable reopen must independently verify.,"CURRENT|REAL_DEVICE_QA_CHECKLIST.md:49|v101.86|JUSTIFIED|36. Existing install updates to v101.86 without loss of supported personal data, including Lectures marquées; retired legacy ◈ marks are intentionally not preserved."
reports/stale_reference_scan.txt,167,VERIFIED,Recomputed/generated from current staging evidence; immutable reopen must independently verify.,"HISTORICAL_COMPATIBILITY_PROVENANCE|REAL_DEVICE_QA_CHECKLIST.md:65|v101.79|JUSTIFIED|47. A v101.79 snapshot containing legacy `highlights` / `lp24_hl` upgrades to schema 8/snapshot 5 with the retired marks discarded while notes, coloured textHighlights, progress and positions remain intact."
reports/stale_reference_scan.txt,168,VERIFIED,Recomputed/generated from current staging evidence; immutable reopen must independently verify.,HISTORICAL_COMPATIBILITY_PROVENANCE|REAL_DEVICE_QA_CHECKLIST.md:93|v101.53|JUSTIFIED|63. Restore wrong-file protection: an explicitly foreign/other-app JSON backup and an arbitrary schema-only JSON file are rejected without changing current notes/progression; a genuine historical v101.53 24H backup witho
reports/stale_reference_scan.txt,169,VERIFIED,Recomputed/generated from current staging evidence; immutable reopen must independently verify.,"CURRENT|REAL_DEVICE_QA_CHECKLIST.md:110|v101.86|JUSTIFIED|74. Export a backup containing a highlight, import it into the same v101.86 build, and confirm the highlight still carries valid `text_hash`, `para_hash` and `paragraph_fingerprint` integrity metadata and renders at the "
reports/stale_reference_scan.txt,170,VERIFIED,Recomputed/generated from current staging evidence; immutable reopen must independently verify.,CURRENT|REAL_DEVICE_QA_CHECKLIST.md:113|v101.86|JUSTIFIED|## v101.86 user-feedback and TH1 additions
reports/stale_reference_scan.txt,171,VERIFIED,Recomputed/generated from current staging evidence; immutable reopen must independently verify.,CURRENT|REAL_DEVICE_QA_CHECKLIST.md:120|v101.86|JUSTIFIED|80. Export/import a v101.86 backup and confirm title marks survive; import an older schema-7/snapshot-4 backup and confirm existing data survives with no title marks invented.
reports/stale_reference_scan.txt,172,VERIFIED,Recomputed/generated from current staging evidence; immutable reopen must independently verify.,"CURRENT|REAL_DEVICE_QA_RESULTS_TEMPLATE.csv:14|v101.86|JUSTIFIED|iPhone,G-13,Existing installed build → v101.86 update preserves supported personal data including Lectures marquées; obsolete legacy ◈ marks may be discarded.,NOT_TESTED,,"
reports/stale_reference_scan.txt,173,VERIFIED,Recomputed/generated from current staging evidence; immutable reopen must independently verify.,"CURRENT|REAL_DEVICE_QA_RESULTS_TEMPLATE.csv:34|v101.86|JUSTIFIED|Live/Installed PWA,G-33,Visible version v101.86.,NOT_TESTED,,"
reports/stale_reference_scan.txt,174,VERIFIED,Recomputed/generated from current staging evidence; immutable reopen must independently verify.,"HISTORICAL_COMPATIBILITY_PROVENANCE|REAL_DEVICE_QA_RESULTS_TEMPLATE.csv:36|luisa-24h-v101-86|JUSTIFIED|Live/Installed PWA,G-35,Cache generation is luisa-24h-v101-86.,NOT_TESTED,,"
reports/stale_reference_scan.txt,175,VERIFIED,Recomputed/generated from current staging evidence; immutable reopen must independently verify.,"CURRENT|REAL_DEVICE_QA_RESULTS_TEMPLATE.csv:37|v101.86|JUSTIFIED|Live/Installed PWA,G-36,Existing install updates to v101.86 without loss of supported personal data including Lectures marquées; retired legacy ◈ marks are not preserved.,NOT_TESTED,,"
reports/stale_reference_scan.txt,176,VERIFIED,Recomputed/generated from current staging evidence; immutable reopen must independently verify.,"HISTORICAL_COMPATIBILITY_PROVENANCE|REAL_DEVICE_QA_RESULTS_TEMPLATE.csv:48|v101.79|JUSTIFIED|Data completeness,G-47,A v101.79 snapshot containing legacy `highlights` / `lp24_hl` migrates to schema 8/snapshot 5 with those retired marks discarded while supported personal data remains.,NOT_TESTED,,"
reports/stale_reference_scan.txt,177,VERIFIED,Recomputed/generated from current staging evidence; immutable reopen must independently verify.,"HISTORICAL_COMPATIBILITY_PROVENANCE|REAL_DEVICE_QA_RESULTS_TEMPLATE.csv:64|v101.53|JUSTIFIED|Data round-trip,G-63,Restore wrong-file protection: an explicitly foreign/other-app JSON backup and an arbitrary schema-only JSON file are rejected without changing current notes/progression; a genuine historical v101.53"
reports/stale_reference_scan.txt,178,VERIFIED,Recomputed/generated from current staging evidence; immutable reopen must independently verify.,"CURRENT|REAL_DEVICE_QA_RESULTS_TEMPLATE.csv:81|v101.86|JUSTIFIED|User feedback,G-80,v101.86 backup round-trip preserves title marks and schema-7/snapshot-4 migration preserves prior data.,NOT_TESTED,,"
reports/stale_reference_scan.txt,179,VERIFIED,Recomputed/generated from current staging evidence; immutable reopen must independently verify.,HISTORICAL_COMPATIBILITY_PROVENANCE|index.html:75|v101.5|JUSTIFIED|  /* v101.5 CSS1/CSS2/CSS3 fix: these tokens were referenced (~40 uses) but never
reports/stale_reference_scan.txt,180,VERIFIED,Recomputed/generated from current staging evidence; immutable reopen must independently verify.,"HISTORICAL_COMPATIBILITY_PROVENANCE|index.html:112|v101.7|JUSTIFIED|  /* v101.7 A11Y3 fix: now a real <button>, not a div — reset UA button defaults. */"
reports/stale_reference_scan.txt,181,VERIFIED,Recomputed/generated from current staging evidence; immutable reopen must independently verify.,"HISTORICAL_COMPATIBILITY_PROVENANCE|index.html:175|v101.32|JUSTIFIED|/* v101.32: border-width now means ""meditated"", hue means ""Holy Hour"". The v101.20 fix below"
reports/stale_reference_scan.txt,182,VERIFIED,Recomputed/generated from current staging evidence; immutable reopen must independently verify.,"HISTORICAL_COMPATIBILITY_PROVENANCE|index.html:175|v101.20|JUSTIFIED|/* v101.32: border-width now means ""meditated"", hue means ""Holy Hour"". The v101.20 fix below"
reports/stale_reference_scan.txt,183,VERIFIED,Recomputed/generated from current staging evidence; immutable reopen must independently verify.,"HISTORICAL_COMPATIBILITY_PROVENANCE|index.html:188|v101.20|JUSTIFIED|/* v101.20 fix: .gethsemani's border-color was silently overriding .read's (same specificity,"
reports/stale_reference_scan.txt,184,VERIFIED,Recomputed/generated from current staging evidence; immutable reopen must independently verify.,"HISTORICAL_COMPATIBILITY_PROVENANCE|index.html:194|v101.32|JUSTIFIED|/* v101.32: the tick was 0.58rem in --accent-light, i.e. 2.0:1 against the card in light mode —"
reports/stale_reference_scan.txt,185,VERIFIED,Recomputed/generated from current staging evidence; immutable reopen must independently verify.,HISTORICAL_COMPATIBILITY_PROVENANCE|index.html:208|v101.7|JUSTIFIED|/* v101.7 A11Y4 fix: --accent-light gives ~1.9:1 contrast on the light-theme
reports/stale_reference_scan.txt,186,VERIFIED,Recomputed/generated from current staging evidence; immutable reopen must independently verify.,HISTORICAL_COMPATIBILITY_PROVENANCE|index.html:214|v101.7|JUSTIFIED|  /* v101.7 A11Y5 fix: strengthen borders/outlines for users who request more
reports/stale_reference_scan.txt,187,VERIFIED,Recomputed/generated from current staging evidence; immutable reopen must independently verify.,"HISTORICAL_COMPATIBILITY_PROVENANCE|index.html:651|v101.48|JUSTIFIED|/* v101.48 — stale highlight, i.e. one whose anchor could not be recovered after editorial"
reports/stale_reference_scan.txt,188,VERIFIED,Recomputed/generated from current staging evidence; immutable reopen must independently verify.,"HISTORICAL_COMPATIBILITY_PROVENANCE|index.html:827|v101.6|JUSTIFIED|  /* v101.6 A11Y1/A11Y2 fix: this is now a real <button>, not a div — reset the"
reports/stale_reference_scan.txt,189,VERIFIED,Recomputed/generated from current staging evidence; immutable reopen must independently verify.,"HISTORICAL_COMPATIBILITY_PROVENANCE|index.html:998|v101.51|JUSTIFIED|/* v101.51: ""voir tout"" expander in Mon Espace, so no highlight or note is ever unreachable. */"
reports/stale_reference_scan.txt,190,VERIFIED,Recomputed/generated from current staging evidence; immutable reopen must independently verify.,"HISTORICAL_COMPATIBILITY_PROVENANCE|index.html:1001|v101.53|JUSTIFIED|/* v101.53: one approved display unit. Block-level only - it contributes no characters, so"
reports/stale_reference_scan.txt,191,VERIFIED,Recomputed/generated from current staging evidence; immutable reopen must independently verify.,HISTORICAL_COMPATIBILITY_PROVENANCE|index.html:1013|v101.50|JUSTIFIED|/* v101.50: font-size MUST stay at or above 16px. iOS Safari auto-zooms the page when a text field
reports/stale_reference_scan.txt,192,VERIFIED,Recomputed/generated from current staging evidence; immutable reopen must independently verify.,"HISTORICAL_COMPATIBILITY_PROVENANCE|index.html:1016|v101.53|JUSTIFIED|   note panel was closed. Reported on iPhone against v101.53, where this was 0.9rem (14.4px). The"
reports/stale_reference_scan.txt,193,VERIFIED,Recomputed/generated from current staging evidence; immutable reopen must independently verify.,"HISTORICAL_COMPATIBILITY_PROVENANCE|index.html:1191|v101.50|JUSTIFIED|/* v101.50: 16px minimum - see the note on .note-textarea. This was 0.95rem (15.2px), which would"
reports/stale_reference_scan.txt,194,VERIFIED,Recomputed/generated from current staging evidence; immutable reopen must independently verify.,"HISTORICAL_COMPATIBILITY_PROVENANCE|index.html:1223|v101.32|JUSTIFIED|/* v101.32 accessibility fix, found while making this view consistent with the home grid: this"
reports/stale_reference_scan.txt,195,VERIFIED,Recomputed/generated from current staging evidence; immutable reopen must independently verify.,"HISTORICAL_COMPATIBILITY_PROVENANCE|index.html:1230|v101.32|JUSTIFIED|/* v101.32: match the home grid — border-width means ""meditated"" here too, so the Heures list"
reports/stale_reference_scan.txt,196,VERIFIED,Recomputed/generated from current staging evidence; immutable reopen must independently verify.,"HISTORICAL_COMPATIBILITY_PROVENANCE|index.html:1696|v101.53|JUSTIFIED|/* v101.53 — iPad/iOS: reserve the bottom-bar space with a flex-item spacer, not padding."
reports/stale_reference_scan.txt,197,VERIFIED,Recomputed/generated from current staging evidence; immutable reopen must independently verify.,CURRENT|index.html:2072|v101.86|JUSTIFIED|/* v101.86 — Approfondir whole-reading marker presented with body-style inline title highlighting. */
reports/stale_reference_scan.txt,198,VERIFIED,Recomputed/generated from current staging evidence; immutable reopen must independently verify.,HISTORICAL_COMPATIBILITY_PROVENANCE|index.html:2090|v101.3|JUSTIFIED|/* v101.3 CSS4 fix: restore persistent bottom navigation on tablet/desktop (>=769px).
reports/stale_reference_scan.txt,199,VERIFIED,Recomputed/generated from current staging evidence; immutable reopen must independently verify.,HISTORICAL_COMPATIBILITY_PROVENANCE|index.html:2125|v101.63|JUSTIFIED|/* v101.63 four-pass closure: the first Stage-G scan exercised primary views but did not
reports/stale_reference_scan.txt,200,VERIFIED,Recomputed/generated from current staging evidence; immutable reopen must independently verify.,"CURRENT|index.html:2341|v101.86|JUSTIFIED|<!-- v101.86 — whole-reading/title marker picker; same visual colour language as body highlights, separate persistence model. -->"
reports/stale_reference_scan.txt,201,VERIFIED,Recomputed/generated from current staging evidence; immutable reopen must independently verify.,HISTORICAL_COMPATIBILITY_PROVENANCE|index.html:4739|v101.32|JUSTIFIED|  /* v101.32 P1-01: canonical in-memory resume Hour. `currentHour` is view state and is
reports/stale_reference_scan.txt,202,VERIFIED,Recomputed/generated from current staging evidence; immutable reopen must independently verify.,HISTORICAL_COMPATIBILITY_PROVENANCE|index.html:4762|v101.8|JUSTIFIED|  // v101.8 fix: this used to call showFatalError() with a hardcoded generic
reports/stale_reference_scan.txt,203,VERIFIED,Recomputed/generated from current staging evidence; immutable reopen must independently verify.,HISTORICAL_COMPATIBILITY_PROVENANCE|index.html:4767|v101.10|JUSTIFIED|  // v101.10 fix: do NOT blank the whole app for a post-init runtime error.
reports/stale_reference_scan.txt,204,VERIFIED,Recomputed/generated from current staging evidence; immutable reopen must independently verify.,CURRENT|index.html:4778|v101.86|JUSTIFIED|const APP_VERSION = 'v101.86';
reports/stale_reference_scan.txt,205,VERIFIED,Recomputed/generated from current staging evidence; immutable reopen must independently verify.,"HISTORICAL_COMPATIBILITY_PROVENANCE|index.html:5039|v101.48|JUSTIFIED|  /* v101.48: this sanitiser whitelists fields (prototype-pollution guard), so recovery provenance"
reports/stale_reference_scan.txt,206,VERIFIED,Recomputed/generated from current staging evidence; immutable reopen must independently verify.,HISTORICAL_COMPATIBILITY_PROVENANCE|index.html:5084|v101.48|JUSTIFIED|/* ── v101.48 stale-highlight recovery ──────────────────────────────────────────────────
reports/stale_reference_scan.txt,207,VERIFIED,Recomputed/generated from current staging evidence; immutable reopen must independently verify.,"HISTORICAL_COMPATIBILITY_PROVENANCE|index.html:5093|2026-07-09|JUSTIFIED|   2026-07-09. v101.15 changed a period to a comma in P021, v101.16 merged P022 INTO P021,"
reports/stale_reference_scan.txt,208,VERIFIED,Recomputed/generated from current staging evidence; immutable reopen must independently verify.,"HISTORICAL_COMPATIBILITY_PROVENANCE|index.html:5093|v101.15|JUSTIFIED|   2026-07-09. v101.15 changed a period to a comma in P021, v101.16 merged P022 INTO P021,"
reports/stale_reference_scan.txt,209,VERIFIED,Recomputed/generated from current staging evidence; immutable reopen must independently verify.,"HISTORICAL_COMPATIBILITY_PROVENANCE|index.html:5093|v101.16|JUSTIFIED|   2026-07-09. v101.15 changed a period to a comma in P021, v101.16 merged P022 INTO P021,"
reports/stale_reference_scan.txt,210,VERIFIED,Recomputed/generated from current staging evidence; immutable reopen must independently verify.,"HISTORICAL_COMPATIBILITY_PROVENANCE|index.html:5143|v101.25|JUSTIFIED|   to render on the current production build, because their snapshots hold pre-v101.25 wording"
reports/stale_reference_scan.txt,211,VERIFIED,Recomputed/generated from current staging evidence; immutable reopen must independently verify.,HISTORICAL_COMPATIBILITY_PROVENANCE|index.html:5156|v101.58|JUSTIFIED|/* v101.58 / 24H-D: every personal record must be reachable. Preview sizes are never ceilings. */
reports/stale_reference_scan.txt,212,VERIFIED,Recomputed/generated from current staging evidence; immutable reopen must independently verify.,CURRENT|index.html:5280|2026-08-19|JUSTIFIED|const BUILD_DATE = '2026-08-19'; // v101.86 / title-highlight UX + Aide/À propos reconciliation
reports/stale_reference_scan.txt,213,VERIFIED,Recomputed/generated from current staging evidence; immutable reopen must independently verify.,CURRENT|index.html:5280|v101.86|JUSTIFIED|const BUILD_DATE = '2026-08-19'; // v101.86 / title-highlight UX + Aide/À propos reconciliation
reports/stale_reference_scan.txt,214,VERIFIED,Recomputed/generated from current staging evidence; immutable reopen must independently verify.,"HISTORICAL_COMPATIBILITY_PROVENANCE|index.html:5286|v101.52|JUSTIFIED|/* v101.52 — approved non-destructive display segmentation (65 records, 180 display units)."
reports/stale_reference_scan.txt,215,VERIFIED,Recomputed/generated from current staging evidence; immutable reopen must independently verify.,HISTORICAL_COMPATIBILITY_PROVENANCE|index.html:5309|v101.52|JUSTIFIED|/* v101.52 — the four approved cross-record continuity operations (Part E).
reports/stale_reference_scan.txt,216,VERIFIED,Recomputed/generated from current staging evidence; immutable reopen must independently verify.,HISTORICAL_COMPATIBILITY_PROVENANCE|index.html:5540|v101.73|JUSTIFIED|  // v101.73: obtain rollback bytes BEFORE touching the canonical snapshot. If the existing
reports/stale_reference_scan.txt,217,VERIFIED,Recomputed/generated from current staging evidence; immutable reopen must independently verify.,HISTORICAL_COMPATIBILITY_PROVENANCE|index.html:5742|v101.48|JUSTIFIED|  /* v101.48: recover highlights whose anchor was invalidated by editorial changes. Runs after
reports/stale_reference_scan.txt,218,VERIFIED,Recomputed/generated from current staging evidence; immutable reopen must independently verify.,"HISTORICAL_COMPATIBILITY_PROVENANCE|index.html:6302|v101.9|JUSTIFIED|// v101.9 fix: a user reported a crash screen (""Script error."" — a browser-"
reports/stale_reference_scan.txt,219,VERIFIED,Recomputed/generated from current staging evidence; immutable reopen must independently verify.,"HISTORICAL_COMPATIBILITY_PROVENANCE|index.html:6375|v101.32|JUSTIFIED|  /* v101.32 P1-01: read canonical in-memory state, not the legacy mirror. */"
reports/stale_reference_scan.txt,220,VERIFIED,Recomputed/generated from current staging evidence; immutable reopen must independently verify.,HISTORICAL_COMPATIBILITY_PROVENANCE|index.html:6518|v101.21|JUSTIFIED|  // v101.21 RN3 fix: out-of-order same-day taps (e.g. Hour 7 then later Hour 5) made this
reports/stale_reference_scan.txt,221,VERIFIED,Recomputed/generated from current staging evidence; immutable reopen must independently verify.,HISTORICAL_COMPATIBILITY_PROVENANCE|index.html:6674|v101.32|JUSTIFIED|  /* v101.32 P1-04: clear the canonical resume Hour BEFORE committing. Previously saveState()
reports/stale_reference_scan.txt,222,VERIFIED,Recomputed/generated from current staging evidence; immutable reopen must independently verify.,HISTORICAL_COMPATIBILITY_PROVENANCE|index.html:6925|v101.32|JUSTIFIED|  /* v101.32 P1-02: commit the resume Hour through the canonical snapshot. Previously this
reports/stale_reference_scan.txt,223,VERIFIED,Recomputed/generated from current staging evidence; immutable reopen must independently verify.,"HISTORICAL_COMPATIBILITY_PROVENANCE|index.html:7082|v101.53|JUSTIFIED|  /* v101.53: a continuity follower carries no paragraph break, so the pair reads as one unit. */"
reports/stale_reference_scan.txt,224,VERIFIED,Recomputed/generated from current staging evidence; immutable reopen must independently verify.,"HISTORICAL_COMPATIBILITY_PROVENANCE|index.html:7249|v101.12|JUSTIFIED|  // v101.12 fix: an hour.subsections entry (e.g. Hour 24's ""La Désolation de la Vierge"
reports/stale_reference_scan.txt,225,VERIFIED,Recomputed/generated from current staging evidence; immutable reopen must independently verify.,"HISTORICAL_COMPATIBILITY_PROVENANCE|index.html:7258|v101.14|JUSTIFIED|    // v101.14 fix: jump to the heading block itself (id=""${sub.id}__heading"", set in"
reports/stale_reference_scan.txt,226,VERIFIED,Recomputed/generated from current staging evidence; immutable reopen must independently verify.,HISTORICAL_COMPATIBILITY_PROVENANCE|index.html:8748|v101.48|JUSTIFIED|/* v101.48: removal path for a stale highlight reached from Mon Espace. deleteHighlightFromPanel()
reports/stale_reference_scan.txt,227,VERIFIED,Recomputed/generated from current staging evidence; immutable reopen must independently verify.,"HISTORICAL_COMPATIBILITY_PROVENANCE|index.html:8806|v101.32|JUSTIFIED|       v101.32 P2-COLON fix. This previously matched /(\s*(?::\s*)?«\s*)$/, i.e. it also"
reports/stale_reference_scan.txt,228,VERIFIED,Recomputed/generated from current staging evidence; immutable reopen must independently verify.,"HISTORICAL_COMPATIBILITY_PROVENANCE|index.html:8810|v101.26|JUSTIFIED|       rule below instead). v101.26 moved 189 paragraphs' boundaries to exclude the delimiters,"
reports/stale_reference_scan.txt,229,VERIFIED,Recomputed/generated from current staging evidence; immutable reopen must independently verify.,"HISTORICAL_COMPATIBILITY_PROVENANCE|index.html:8842|v101.32|JUSTIFIED|       v101.32 P2-COLON fix, same root cause as above: this previously matched /^(\s*»\s*)/ and"
reports/stale_reference_scan.txt,230,VERIFIED,Recomputed/generated from current staging evidence; immutable reopen must independently verify.,"HISTORICAL_COMPATIBILITY_PROVENANCE|index.html:8888|v101.53|JUSTIFIED|    /* v101.53: a speech-end break sitting on a display-segment boundary would double the gap,"
reports/stale_reference_scan.txt,231,VERIFIED,Recomputed/generated from current staging evidence; immutable reopen must independently verify.,"HISTORICAL_COMPATIBILITY_PROVENANCE|index.html:8954|v101.53|JUSTIFIED|  /* v101.53: approved display segmentation is applied HERE, not only in"
reports/stale_reference_scan.txt,232,VERIFIED,Recomputed/generated from current staging evidence; immutable reopen must independently verify.,HISTORICAL_COMPATIBILITY_PROVENANCE|index.html:8969|v101.53|JUSTIFIED|  /* v101.53: segmentation is handled in renderParaText below. No record carries both a
reports/stale_reference_scan.txt,233,VERIFIED,Recomputed/generated from current staging evidence; immutable reopen must independently verify.,"HISTORICAL_COMPATIBILITY_PROVENANCE|index.html:9673|v101.56|JUSTIFIED|  // Measure the picker that is actually rendered. v101.56 assumed 220 x 110 px here,"
reports/stale_reference_scan.txt,234,VERIFIED,Recomputed/generated from current staging evidence; immutable reopen must independently verify.,"HISTORICAL_COMPATIBILITY_PROVENANCE|index.html:9901|v101.7|JUSTIFIED|// v101.7 RN2 fix: centralized French ordinal for hour numbers (""1re Heure"", ""5e Heure"")."
reports/stale_reference_scan.txt,235,VERIFIED,Recomputed/generated from current staging evidence; immutable reopen must independently verify.,"HISTORICAL_COMPATIBILITY_PROVENANCE|index.html:10472|v101.74|JUSTIFIED|  // v101.74: a replace-import must prove it is a 24 Heures machine backup, not merely"
reports/stale_reference_scan.txt,236,VERIFIED,Recomputed/generated from current staging evidence; immutable reopen must independently verify.,HISTORICAL_COMPATIBILITY_PROVENANCE|luisa_24_heures.html:75|v101.5|JUSTIFIED|  /* v101.5 CSS1/CSS2/CSS3 fix: these tokens were referenced (~40 uses) but never
reports/stale_reference_scan.txt,237,VERIFIED,Recomputed/generated from current staging evidence; immutable reopen must independently verify.,"HISTORICAL_COMPATIBILITY_PROVENANCE|luisa_24_heures.html:112|v101.7|JUSTIFIED|  /* v101.7 A11Y3 fix: now a real <button>, not a div — reset UA button defaults. */"
reports/stale_reference_scan.txt,238,VERIFIED,Recomputed/generated from current staging evidence; immutable reopen must independently verify.,"HISTORICAL_COMPATIBILITY_PROVENANCE|luisa_24_heures.html:175|v101.32|JUSTIFIED|/* v101.32: border-width now means ""meditated"", hue means ""Holy Hour"". The v101.20 fix below"
reports/stale_reference_scan.txt,239,VERIFIED,Recomputed/generated from current staging evidence; immutable reopen must independently verify.,"HISTORICAL_COMPATIBILITY_PROVENANCE|luisa_24_heures.html:175|v101.20|JUSTIFIED|/* v101.32: border-width now means ""meditated"", hue means ""Holy Hour"". The v101.20 fix below"
reports/stale_reference_scan.txt,240,VERIFIED,Recomputed/generated from current staging evidence; immutable reopen must independently verify.,"HISTORICAL_COMPATIBILITY_PROVENANCE|luisa_24_heures.html:188|v101.20|JUSTIFIED|/* v101.20 fix: .gethsemani's border-color was silently overriding .read's (same specificity,"
reports/stale_reference_scan.txt,241,VERIFIED,Recomputed/generated from current staging evidence; immutable reopen must independently verify.,"HISTORICAL_COMPATIBILITY_PROVENANCE|luisa_24_heures.html:194|v101.32|JUSTIFIED|/* v101.32: the tick was 0.58rem in --accent-light, i.e. 2.0:1 against the card in light mode —"
reports/stale_reference_scan.txt,242,VERIFIED,Recomputed/generated from current staging evidence; immutable reopen must independently verify.,HISTORICAL_COMPATIBILITY_PROVENANCE|luisa_24_heures.html:208|v101.7|JUSTIFIED|/* v101.7 A11Y4 fix: --accent-light gives ~1.9:1 contrast on the light-theme
reports/stale_reference_scan.txt,243,VERIFIED,Recomputed/generated from current staging evidence; immutable reopen must independently verify.,HISTORICAL_COMPATIBILITY_PROVENANCE|luisa_24_heures.html:214|v101.7|JUSTIFIED|  /* v101.7 A11Y5 fix: strengthen borders/outlines for users who request more
reports/stale_reference_scan.txt,244,VERIFIED,Recomputed/generated from current staging evidence; immutable reopen must independently verify.,"HISTORICAL_COMPATIBILITY_PROVENANCE|luisa_24_heures.html:651|v101.48|JUSTIFIED|/* v101.48 — stale highlight, i.e. one whose anchor could not be recovered after editorial"
reports/stale_reference_scan.txt,245,VERIFIED,Recomputed/generated from current staging evidence; immutable reopen must independently verify.,"HISTORICAL_COMPATIBILITY_PROVENANCE|luisa_24_heures.html:827|v101.6|JUSTIFIED|  /* v101.6 A11Y1/A11Y2 fix: this is now a real <button>, not a div — reset the"
reports/stale_reference_scan.txt,246,VERIFIED,Recomputed/generated from current staging evidence; immutable reopen must independently verify.,"HISTORICAL_COMPATIBILITY_PROVENANCE|luisa_24_heures.html:998|v101.51|JUSTIFIED|/* v101.51: ""voir tout"" expander in Mon Espace, so no highlight or note is ever unreachable. */"
reports/stale_reference_scan.txt,247,VERIFIED,Recomputed/generated from current staging evidence; immutable reopen must independently verify.,"HISTORICAL_COMPATIBILITY_PROVENANCE|luisa_24_heures.html:1001|v101.53|JUSTIFIED|/* v101.53: one approved display unit. Block-level only - it contributes no characters, so"
reports/stale_reference_scan.txt,248,VERIFIED,Recomputed/generated from current staging evidence; immutable reopen must independently verify.,HISTORICAL_COMPATIBILITY_PROVENANCE|luisa_24_heures.html:1013|v101.50|JUSTIFIED|/* v101.50: font-size MUST stay at or above 16px. iOS Safari auto-zooms the page when a text field
reports/stale_reference_scan.txt,249,VERIFIED,Recomputed/generated from current staging evidence; immutable reopen must independently verify.,"HISTORICAL_COMPATIBILITY_PROVENANCE|luisa_24_heures.html:1016|v101.53|JUSTIFIED|   note panel was closed. Reported on iPhone against v101.53, where this was 0.9rem (14.4px). The"
reports/stale_reference_scan.txt,250,VERIFIED,Recomputed/generated from current staging evidence; immutable reopen must independently verify.,"HISTORICAL_COMPATIBILITY_PROVENANCE|luisa_24_heures.html:1191|v101.50|JUSTIFIED|/* v101.50: 16px minimum - see the note on .note-textarea. This was 0.95rem (15.2px), which would"
reports/stale_reference_scan.txt,251,VERIFIED,Recomputed/generated from current staging evidence; immutable reopen must independently verify.,"HISTORICAL_COMPATIBILITY_PROVENANCE|luisa_24_heures.html:1223|v101.32|JUSTIFIED|/* v101.32 accessibility fix, found while making this view consistent with the home grid: this"
reports/stale_reference_scan.txt,252,VERIFIED,Recomputed/generated from current staging evidence; immutable reopen must independently verify.,"HISTORICAL_COMPATIBILITY_PROVENANCE|luisa_24_heures.html:1230|v101.32|JUSTIFIED|/* v101.32: match the home grid — border-width means ""meditated"" here too, so the Heures list"
reports/stale_reference_scan.txt,253,VERIFIED,Recomputed/generated from current staging evidence; immutable reopen must independently verify.,"HISTORICAL_COMPATIBILITY_PROVENANCE|luisa_24_heures.html:1696|v101.53|JUSTIFIED|/* v101.53 — iPad/iOS: reserve the bottom-bar space with a flex-item spacer, not padding."
reports/stale_reference_scan.txt,254,VERIFIED,Recomputed/generated from current staging evidence; immutable reopen must independently verify.,CURRENT|luisa_24_heures.html:2072|v101.86|JUSTIFIED|/* v101.86 — Approfondir whole-reading marker presented with body-style inline title highlighting. */
reports/stale_reference_scan.txt,255,VERIFIED,Recomputed/generated from current staging evidence; immutable reopen must independently verify.,HISTORICAL_COMPATIBILITY_PROVENANCE|luisa_24_heures.html:2090|v101.3|JUSTIFIED|/* v101.3 CSS4 fix: restore persistent bottom navigation on tablet/desktop (>=769px).
reports/stale_reference_scan.txt,256,VERIFIED,Recomputed/generated from current staging evidence; immutable reopen must independently verify.,HISTORICAL_COMPATIBILITY_PROVENANCE|luisa_24_heures.html:2125|v101.63|JUSTIFIED|/* v101.63 four-pass closure: the first Stage-G scan exercised primary views but did not
reports/stale_reference_scan.txt,257,VERIFIED,Recomputed/generated from current staging evidence; immutable reopen must independently verify.,"CURRENT|luisa_24_heures.html:2341|v101.86|JUSTIFIED|<!-- v101.86 — whole-reading/title marker picker; same visual colour language as body highlights, separate persistence model. -->"
reports/stale_reference_scan.txt,258,VERIFIED,Recomputed/generated from current staging evidence; immutable reopen must independently verify.,HISTORICAL_COMPATIBILITY_PROVENANCE|luisa_24_heures.html:4739|v101.32|JUSTIFIED|  /* v101.32 P1-01: canonical in-memory resume Hour. `currentHour` is view state and is
reports/stale_reference_scan.txt,259,VERIFIED,Recomputed/generated from current staging evidence; immutable reopen must independently verify.,HISTORICAL_COMPATIBILITY_PROVENANCE|luisa_24_heures.html:4762|v101.8|JUSTIFIED|  // v101.8 fix: this used to call showFatalError() with a hardcoded generic
reports/stale_reference_scan.txt,260,VERIFIED,Recomputed/generated from current staging evidence; immutable reopen must independently verify.,HISTORICAL_COMPATIBILITY_PROVENANCE|luisa_24_heures.html:4767|v101.10|JUSTIFIED|  // v101.10 fix: do NOT blank the whole app for a post-init runtime error.
reports/stale_reference_scan.txt,261,VERIFIED,Recomputed/generated from current staging evidence; immutable reopen must independently verify.,CURRENT|luisa_24_heures.html:4778|v101.86|JUSTIFIED|const APP_VERSION = 'v101.86';
reports/stale_reference_scan.txt,262,VERIFIED,Recomputed/generated from current staging evidence; immutable reopen must independently verify.,"HISTORICAL_COMPATIBILITY_PROVENANCE|luisa_24_heures.html:5039|v101.48|JUSTIFIED|  /* v101.48: this sanitiser whitelists fields (prototype-pollution guard), so recovery provenance"
reports/stale_reference_scan.txt,263,VERIFIED,Recomputed/generated from current staging evidence; immutable reopen must independently verify.,HISTORICAL_COMPATIBILITY_PROVENANCE|luisa_24_heures.html:5084|v101.48|JUSTIFIED|/* ── v101.48 stale-highlight recovery ──────────────────────────────────────────────────
reports/stale_reference_scan.txt,264,VERIFIED,Recomputed/generated from current staging evidence; immutable reopen must independently verify.,"HISTORICAL_COMPATIBILITY_PROVENANCE|luisa_24_heures.html:5093|2026-07-09|JUSTIFIED|   2026-07-09. v101.15 changed a period to a comma in P021, v101.16 merged P022 INTO P021,"
reports/stale_reference_scan.txt,265,VERIFIED,Recomputed/generated from current staging evidence; immutable reopen must independently verify.,"HISTORICAL_COMPATIBILITY_PROVENANCE|luisa_24_heures.html:5093|v101.15|JUSTIFIED|   2026-07-09. v101.15 changed a period to a comma in P021, v101.16 merged P022 INTO P021,"
reports/stale_reference_scan.txt,266,VERIFIED,Recomputed/generated from current staging evidence; immutable reopen must independently verify.,"HISTORICAL_COMPATIBILITY_PROVENANCE|luisa_24_heures.html:5093|v101.16|JUSTIFIED|   2026-07-09. v101.15 changed a period to a comma in P021, v101.16 merged P022 INTO P021,"
reports/stale_reference_scan.txt,267,VERIFIED,Recomputed/generated from current staging evidence; immutable reopen must independently verify.,"HISTORICAL_COMPATIBILITY_PROVENANCE|luisa_24_heures.html:5143|v101.25|JUSTIFIED|   to render on the current production build, because their snapshots hold pre-v101.25 wording"
reports/stale_reference_scan.txt,268,VERIFIED,Recomputed/generated from current staging evidence; immutable reopen must independently verify.,HISTORICAL_COMPATIBILITY_PROVENANCE|luisa_24_heures.html:5156|v101.58|JUSTIFIED|/* v101.58 / 24H-D: every personal record must be reachable. Preview sizes are never ceilings. */
reports/stale_reference_scan.txt,269,VERIFIED,Recomputed/generated from current staging evidence; immutable reopen must independently verify.,CURRENT|luisa_24_heures.html:5280|2026-08-19|JUSTIFIED|const BUILD_DATE = '2026-08-19'; // v101.86 / title-highlight UX + Aide/À propos reconciliation
reports/stale_reference_scan.txt,270,VERIFIED,Recomputed/generated from current staging evidence; immutable reopen must independently verify.,CURRENT|luisa_24_heures.html:5280|v101.86|JUSTIFIED|const BUILD_DATE = '2026-08-19'; // v101.86 / title-highlight UX + Aide/À propos reconciliation
reports/stale_reference_scan.txt,271,VERIFIED,Recomputed/generated from current staging evidence; immutable reopen must independently verify.,"HISTORICAL_COMPATIBILITY_PROVENANCE|luisa_24_heures.html:5286|v101.52|JUSTIFIED|/* v101.52 — approved non-destructive display segmentation (65 records, 180 display units)."
reports/stale_reference_scan.txt,272,VERIFIED,Recomputed/generated from current staging evidence; immutable reopen must independently verify.,HISTORICAL_COMPATIBILITY_PROVENANCE|luisa_24_heures.html:5309|v101.52|JUSTIFIED|/* v101.52 — the four approved cross-record continuity operations (Part E).
reports/stale_reference_scan.txt,273,VERIFIED,Recomputed/generated from current staging evidence; immutable reopen must independently verify.,HISTORICAL_COMPATIBILITY_PROVENANCE|luisa_24_heures.html:5540|v101.73|JUSTIFIED|  // v101.73: obtain rollback bytes BEFORE touching the canonical snapshot. If the existing
reports/stale_reference_scan.txt,274,VERIFIED,Recomputed/generated from current staging evidence; immutable reopen must independently verify.,HISTORICAL_COMPATIBILITY_PROVENANCE|luisa_24_heures.html:5742|v101.48|JUSTIFIED|  /* v101.48: recover highlights whose anchor was invalidated by editorial changes. Runs after
reports/stale_reference_scan.txt,275,VERIFIED,Recomputed/generated from current staging evidence; immutable reopen must independently verify.,"HISTORICAL_COMPATIBILITY_PROVENANCE|luisa_24_heures.html:6302|v101.9|JUSTIFIED|// v101.9 fix: a user reported a crash screen (""Script error."" — a browser-"
reports/stale_reference_scan.txt,276,VERIFIED,Recomputed/generated from current staging evidence; immutable reopen must independently verify.,"HISTORICAL_COMPATIBILITY_PROVENANCE|luisa_24_heures.html:6375|v101.32|JUSTIFIED|  /* v101.32 P1-01: read canonical in-memory state, not the legacy mirror. */"
reports/stale_reference_scan.txt,277,VERIFIED,Recomputed/generated from current staging evidence; immutable reopen must independently verify.,HISTORICAL_COMPATIBILITY_PROVENANCE|luisa_24_heures.html:6518|v101.21|JUSTIFIED|  // v101.21 RN3 fix: out-of-order same-day taps (e.g. Hour 7 then later Hour 5) made this
reports/stale_reference_scan.txt,278,VERIFIED,Recomputed/generated from current staging evidence; immutable reopen must independently verify.,HISTORICAL_COMPATIBILITY_PROVENANCE|luisa_24_heures.html:6674|v101.32|JUSTIFIED|  /* v101.32 P1-04: clear the canonical resume Hour BEFORE committing. Previously saveState()
reports/stale_reference_scan.txt,279,VERIFIED,Recomputed/generated from current staging evidence; immutable reopen must independently verify.,HISTORICAL_COMPATIBILITY_PROVENANCE|luisa_24_heures.html:6925|v101.32|JUSTIFIED|  /* v101.32 P1-02: commit the resume Hour through the canonical snapshot. Previously this
reports/stale_reference_scan.txt,280,VERIFIED,Recomputed/generated from current staging evidence; immutable reopen must independently verify.,"HISTORICAL_COMPATIBILITY_PROVENANCE|luisa_24_heures.html:7082|v101.53|JUSTIFIED|  /* v101.53: a continuity follower carries no paragraph break, so the pair reads as one unit. */"
reports/stale_reference_scan.txt,281,VERIFIED,Recomputed/generated from current staging evidence; immutable reopen must independently verify.,"HISTORICAL_COMPATIBILITY_PROVENANCE|luisa_24_heures.html:7249|v101.12|JUSTIFIED|  // v101.12 fix: an hour.subsections entry (e.g. Hour 24's ""La Désolation de la Vierge"
reports/stale_reference_scan.txt,282,VERIFIED,Recomputed/generated from current staging evidence; immutable reopen must independently verify.,"HISTORICAL_COMPATIBILITY_PROVENANCE|luisa_24_heures.html:7258|v101.14|JUSTIFIED|    // v101.14 fix: jump to the heading block itself (id=""${sub.id}__heading"", set in"
reports/stale_reference_scan.txt,283,VERIFIED,Recomputed/generated from current staging evidence; immutable reopen must independently verify.,HISTORICAL_COMPATIBILITY_PROVENANCE|luisa_24_heures.html:8748|v101.48|JUSTIFIED|/* v101.48: removal path for a stale highlight reached from Mon Espace. deleteHighlightFromPanel()
reports/stale_reference_scan.txt,284,VERIFIED,Recomputed/generated from current staging evidence; immutable reopen must independently verify.,"HISTORICAL_COMPATIBILITY_PROVENANCE|luisa_24_heures.html:8806|v101.32|JUSTIFIED|       v101.32 P2-COLON fix. This previously matched /(\s*(?::\s*)?«\s*)$/, i.e. it also"
reports/stale_reference_scan.txt,285,VERIFIED,Recomputed/generated from current staging evidence; immutable reopen must independently verify.,"HISTORICAL_COMPATIBILITY_PROVENANCE|luisa_24_heures.html:8810|v101.26|JUSTIFIED|       rule below instead). v101.26 moved 189 paragraphs' boundaries to exclude the delimiters,"
reports/stale_reference_scan.txt,286,VERIFIED,Recomputed/generated from current staging evidence; immutable reopen must independently verify.,"HISTORICAL_COMPATIBILITY_PROVENANCE|luisa_24_heures.html:8842|v101.32|JUSTIFIED|       v101.32 P2-COLON fix, same root cause as above: this previously matched /^(\s*»\s*)/ and"
reports/stale_reference_scan.txt,287,VERIFIED,Recomputed/generated from current staging evidence; immutable reopen must independently verify.,"HISTORICAL_COMPATIBILITY_PROVENANCE|luisa_24_heures.html:8888|v101.53|JUSTIFIED|    /* v101.53: a speech-end break sitting on a display-segment boundary would double the gap,"
reports/stale_reference_scan.txt,288,VERIFIED,Recomputed/generated from current staging evidence; immutable reopen must independently verify.,"HISTORICAL_COMPATIBILITY_PROVENANCE|luisa_24_heures.html:8954|v101.53|JUSTIFIED|  /* v101.53: approved display segmentation is applied HERE, not only in"
reports/stale_reference_scan.txt,289,VERIFIED,Recomputed/generated from current staging evidence; immutable reopen must independently verify.,HISTORICAL_COMPATIBILITY_PROVENANCE|luisa_24_heures.html:8969|v101.53|JUSTIFIED|  /* v101.53: segmentation is handled in renderParaText below. No record carries both a
reports/stale_reference_scan.txt,290,VERIFIED,Recomputed/generated from current staging evidence; immutable reopen must independently verify.,"HISTORICAL_COMPATIBILITY_PROVENANCE|luisa_24_heures.html:9673|v101.56|JUSTIFIED|  // Measure the picker that is actually rendered. v101.56 assumed 220 x 110 px here,"
reports/stale_reference_scan.txt,291,VERIFIED,Recomputed/generated from current staging evidence; immutable reopen must independently verify.,"HISTORICAL_COMPATIBILITY_PROVENANCE|luisa_24_heures.html:9901|v101.7|JUSTIFIED|// v101.7 RN2 fix: centralized French ordinal for hour numbers (""1re Heure"", ""5e Heure"")."
reports/stale_reference_scan.txt,292,VERIFIED,Recomputed/generated from current staging evidence; immutable reopen must independently verify.,"HISTORICAL_COMPATIBILITY_PROVENANCE|luisa_24_heures.html:10472|v101.74|JUSTIFIED|  // v101.74: a replace-import must prove it is a 24 Heures machine backup, not merely"
reports/stale_reference_scan.txt,293,VERIFIED,Recomputed/generated from current staging evidence; immutable reopen must independently verify.,"CURRENT|manifest.json:42|v101.86|JUSTIFIED|  ""version"": ""v101.86"""
reports/stale_reference_scan.txt,294,VERIFIED,Recomputed/generated from current staging evidence; immutable reopen must independently verify.,"HISTORICAL_COMPATIBILITY_PROVENANCE|metadata/auditor_provenance.json:2|L24H_v10186_TH1_R2_FOUR_PASS_RECONCILIATION_SCRIPT_2026-08-19.md|JUSTIFIED|  ""governing_script"": ""L24H_v10186_TH1_R2_FOUR_PASS_RECONCILIATION_SCRIPT_2026-08-19.md"","
reports/stale_reference_scan.txt,295,VERIFIED,Recomputed/generated from current staging evidence; immutable reopen must independently verify.,"HISTORICAL_COMPATIBILITY_PROVENANCE|metadata/auditor_provenance.json:4|L24H_v10186_STAGE_TITLE_HELP_HARDGATED_SCRIPT_2026-08-19.md|JUSTIFIED|  ""runtime_stage_script"": ""L24H_v10186_STAGE_TITLE_HELP_HARDGATED_SCRIPT_2026-08-19.md"","
reports/stale_reference_scan.txt,296,VERIFIED,Recomputed/generated from current staging evidence; immutable reopen must independently verify.,"CURRENT|metadata/build_provenance.json:2|v101.86|JUSTIFIED|  ""target_version"": ""v101.86"","
reports/stale_reference_scan.txt,297,VERIFIED,Recomputed/generated from current staging evidence; immutable reopen must independently verify.,"CURRENT|metadata/build_provenance.json:3|2026-08-19|JUSTIFIED|  ""build_date"": ""2026-08-19"","
reports/stale_reference_scan.txt,298,VERIFIED,Recomputed/generated from current staging evidence; immutable reopen must independently verify.,"HISTORICAL_COMPATIBILITY_PROVENANCE|metadata/build_provenance.json:4|L24H_v10185_GITHUB_DEPLOY_USER_FEEDBACK_CORRECTED_HARDENED_R4_AUDIT_RECONCILED.zip|JUSTIFIED|  ""baseline_zip"": ""L24H_v10185_GITHUB_DEPLOY_USER_FEEDBACK_CORRECTED_HARDENED_R4_AUDIT_RECONCILED.zip"","
reports/stale_reference_scan.txt,299,VERIFIED,Recomputed/generated from current staging evidence; immutable reopen must independently verify.,HISTORICAL_COMPATIBILITY_PROVENANCE|metadata/user_feedback_authority.md:1|v101.85|JUSTIFIED|# User feedback authority — v101.85
reports/stale_reference_scan.txt,300,VERIFIED,Recomputed/generated from current staging evidence; immutable reopen must independently verify.,"HISTORICAL_COMPATIBILITY_PROVENANCE|reports/full_regression_matrix.csv:6|L24H_v10186_TH1_R2_FOUR_PASS_RECONCILIATION_SCRIPT_2026-08-19.md|JUSTIFIED|P1-script-provenance,PASS,""{""""build_script"""": """"l24h_v10186_title_help_r2_build.py"""", """"build_script_sha256"""": """"d78da7765692280a689dd84a6dc9b2ce63f217c1f5eb587d45e067dd036bba90"""", """"final_reopen_auditor"""": """"l24h_v10186"
reports/stale_reference_scan.txt,301,VERIFIED,Recomputed/generated from current staging evidence; immutable reopen must independently verify.,"HISTORICAL_COMPATIBILITY_PROVENANCE|reports/full_regression_matrix.csv:6|L24H_v10186_STAGE_TITLE_HELP_HARDGATED_SCRIPT_2026-08-19.md|JUSTIFIED|P1-script-provenance,PASS,""{""""build_script"""": """"l24h_v10186_title_help_r2_build.py"""", """"build_script_sha256"""": """"d78da7765692280a689dd84a6dc9b2ce63f217c1f5eb587d45e067dd036bba90"""", """"final_reopen_auditor"""": """"l24h_v10186"
reports/stale_reference_scan.txt,302,VERIFIED,Recomputed/generated from current staging evidence; immutable reopen must independently verify.,"CURRENT|reports/full_regression_matrix.csv:48|v101.86|JUSTIFIED|REG-body-highlight-functions,PASS,""{""""body"""": true, """"samsung"""": true, """"schema"""": 8, """"snapshot"""": 5, """"version"""": """"v101.86""""}"""
reports/stale_reference_scan.txt,303,VERIFIED,Recomputed/generated from current staging evidence; immutable reopen must independently verify.,"CURRENT|reports/full_regression_matrix.csv:49|v101.86|JUSTIFIED|REG-samsung-model-preserved,PASS,""{""""body"""": true, """"samsung"""": true, """"schema"""": 8, """"snapshot"""": 5, """"version"""": """"v101.86""""}"""
reports/stale_reference_scan.txt,304,VERIFIED,Recomputed/generated from current staging evidence; immutable reopen must independently verify.,"CURRENT|reports/full_regression_matrix.csv:50|v101.86|JUSTIFIED|REG-schema-snapshot-version,PASS,""{""""body"""": true, """"samsung"""": true, """"schema"""": 8, """"snapshot"""": 5, """"version"""": """"v101.86""""}"""
reports/stale_reference_scan.txt,305,VERIFIED,Recomputed/generated from current staging evidence; immutable reopen must independently verify.,"CURRENT|reports/runtime_behaviour_matrix.csv:36|v101.86|JUSTIFIED|REG-body-highlight-functions,PASS,CHROMIUM,""{""""body"""": true, """"samsung"""": true, """"schema"""": 8, """"snapshot"""": 5, """"version"""": """"v101.86""""}"""
reports/stale_reference_scan.txt,306,VERIFIED,Recomputed/generated from current staging evidence; immutable reopen must independently verify.,"CURRENT|reports/runtime_behaviour_matrix.csv:37|v101.86|JUSTIFIED|REG-samsung-model-preserved,PASS,CHROMIUM,""{""""body"""": true, """"samsung"""": true, """"schema"""": 8, """"snapshot"""": 5, """"version"""": """"v101.86""""}"""
reports/stale_reference_scan.txt,307,VERIFIED,Recomputed/generated from current staging evidence; immutable reopen must independently verify.,"CURRENT|reports/runtime_behaviour_matrix.csv:38|v101.86|JUSTIFIED|REG-schema-snapshot-version,PASS,CHROMIUM,""{""""body"""": true, """"samsung"""": true, """"schema"""": 8, """"snapshot"""": 5, """"version"""": """"v101.86""""}"""
reports/stale_reference_scan.txt,308,VERIFIED,Recomputed/generated from current staging evidence; immutable reopen must independently verify.,CURRENT|scripts/L24H_v10186_STAGE_TITLE_HELP_HARDGATED_SCRIPT_2026-08-19.md:1|v101.86|JUSTIFIED|# 24 Heures de la Passion — v101.86 — Stage TH1
reports/stale_reference_scan.txt,309,VERIFIED,Recomputed/generated from current staging evidence; immutable reopen must independently verify.,CURRENT|scripts/L24H_v10186_STAGE_TITLE_HELP_HARDGATED_SCRIPT_2026-08-19.md:4|2026-08-19|JUSTIFIED|**Date:** 2026-08-19  
reports/stale_reference_scan.txt,310,VERIFIED,Recomputed/generated from current staging evidence; immutable reopen must independently verify.,HISTORICAL_COMPATIBILITY_PROVENANCE|scripts/L24H_v10186_STAGE_TITLE_HELP_HARDGATED_SCRIPT_2026-08-19.md:5|L24H_v10185_GITHUB_DEPLOY_USER_FEEDBACK_CORRECTED_HARDENED_R4_AUDIT_RECONCILED.zip|JUSTIFIED|**Baseline authority:** `L24H_v10185_GITHUB_DEPLOY_USER_FEEDBACK_CORRECTED_HARDENED_R4_AUDIT_RECONCILED.zip`  
reports/stale_reference_scan.txt,311,VERIFIED,Recomputed/generated from current staging evidence; immutable reopen must independently verify.,CURRENT|scripts/L24H_v10186_STAGE_TITLE_HELP_HARDGATED_SCRIPT_2026-08-19.md:8|v101.86|JUSTIFIED|**Target app version:** `v101.86`  
reports/stale_reference_scan.txt,312,VERIFIED,Recomputed/generated from current staging evidence; immutable reopen must independently verify.,HISTORICAL_COMPATIBILITY_PROVENANCE|scripts/L24H_v10186_STAGE_TITLE_HELP_HARDGATED_SCRIPT_2026-08-19.md:48|v101.85|JUSTIFIED|   - `APP_VERSION = 'v101.85'`;
reports/stale_reference_scan.txt,313,VERIFIED,Recomputed/generated from current staging evidence; immutable reopen must independently verify.,CURRENT|scripts/L24H_v10186_STAGE_TITLE_HELP_HARDGATED_SCRIPT_2026-08-19.md:197|v101.86|JUSTIFIED|- service-worker update mechanism except version/cache identity required by v101.86;
reports/stale_reference_scan.txt,314,VERIFIED,Recomputed/generated from current staging evidence; immutable reopen must independently verify.,"CURRENT|scripts/L24H_v10186_STAGE_TITLE_HELP_HARDGATED_SCRIPT_2026-08-19.md:206|v101.86|JUSTIFIED|Because user-visible runtime and Help change, update consistently to `v101.86`:"
reports/stale_reference_scan.txt,315,VERIFIED,Recomputed/generated from current staging evidence; immutable reopen must independently verify.,CURRENT|scripts/L24H_v10186_STAGE_TITLE_HELP_HARDGATED_SCRIPT_2026-08-19.md:209|2026-08-19|JUSTIFIED|- `BUILD_DATE = '2026-08-19'`;
reports/stale_reference_scan.txt,316,VERIFIED,Recomputed/generated from current staging evidence; immutable reopen must independently verify.,HISTORICAL_COMPATIBILITY_PROVENANCE|scripts/L24H_v10186_STAGE_TITLE_HELP_HARDGATED_SCRIPT_2026-08-19.md:212|luisa-24h-v101-86|JUSTIFIED|- service-worker current version comment and `CACHE_NAME = 'luisa-24h-v101-86'`;
reports/stale_reference_scan.txt,317,VERIFIED,Recomputed/generated from current staging evidence; immutable reopen must independently verify.,CURRENT|scripts/L24H_v10186_TH1_R2_FOUR_PASS_RECONCILIATION_SCRIPT_2026-08-19.md:1|v101.86|JUSTIFIED|# 24 Heures de la Passion — v101.86 TH1-R2
reports/stale_reference_scan.txt,318,VERIFIED,Recomputed/generated from current staging evidence; immutable reopen must independently verify.,HISTORICAL_COMPATIBILITY_PROVENANCE|scripts/L24H_v10186_TH1_R2_FOUR_PASS_RECONCILIATION_SCRIPT_2026-08-19.md:4|L24H_v10185_GITHUB_DEPLOY_USER_FEEDBACK_CORRECTED_HARDENED_R4_AUDIT_RECONCILED.zip|JUSTIFIED|**Baseline runtime source:** `L24H_v10185_GITHUB_DEPLOY_USER_FEEDBACK_CORRECTED_HARDENED_R4_AUDIT_RECONCILED.zip`  
reports/stale_reference_scan.txt,319,VERIFIED,Recomputed/generated from current staging evidence; immutable reopen must independently verify.,HISTORICAL_COMPATIBILITY_PROVENANCE|scripts/L24H_v10186_TH1_R2_FOUR_PASS_RECONCILIATION_SCRIPT_2026-08-19.md:6|L24H_v10186_GITHUB_DEPLOY_TITLE_HELP_HARDENED_R1.zip|JUSTIFIED|**R1 package under audit:** `L24H_v10186_GITHUB_DEPLOY_TITLE_HELP_HARDENED_R1.zip`  
reports/stale_reference_scan.txt,320,VERIFIED,Recomputed/generated from current staging evidence; immutable reopen must independently verify.,HISTORICAL_COMPATIBILITY_PROVENANCE|scripts/L24H_v10186_TH1_R2_FOUR_PASS_RECONCILIATION_SCRIPT_2026-08-19.md:16|v101.85|JUSTIFIED|- `REAL_DEVICE_QA_CHECKLIST.md` is headed/instructed for v101.85;
reports/stale_reference_scan.txt,321,VERIFIED,Recomputed/generated from current staging evidence; immutable reopen must independently verify.,HISTORICAL_COMPATIBILITY_PROVENANCE|scripts/L24H_v10186_TH1_R2_FOUR_PASS_RECONCILIATION_SCRIPT_2026-08-19.md:17|v101.85|JUSTIFIED|- active live/PWA rows expect v101.85 and cache `luisa-24h-v101-84`;
reports/stale_reference_scan.txt,322,VERIFIED,Recomputed/generated from current staging evidence; immutable reopen must independently verify.,HISTORICAL_COMPATIBILITY_PROVENANCE|scripts/L24H_v10186_TH1_R2_FOUR_PASS_RECONCILIATION_SCRIPT_2026-08-19.md:17|luisa-24h-v101-84|JUSTIFIED|- active live/PWA rows expect v101.85 and cache `luisa-24h-v101-84`;
reports/stale_reference_scan.txt,323,VERIFIED,Recomputed/generated from current staging evidence; immutable reopen must independently verify.,"CURRENT|scripts/L24H_v10186_TH1_R2_FOUR_PASS_RECONCILIATION_SCRIPT_2026-08-19.md:19|v101.86|JUSTIFIED|- Help QA row 67 requires the direct-speech editorial review to be described as ""already closed"", contradicting the v101.86 Help correction that deliberately removed that unsupported claim;"
reports/stale_reference_scan.txt,324,VERIFIED,Recomputed/generated from current staging evidence; immutable reopen must independently verify.,HISTORICAL_COMPATIBILITY_PROVENANCE|scripts/L24H_v10186_TH1_R2_FOUR_PASS_RECONCILIATION_SCRIPT_2026-08-19.md:29|v101.85|JUSTIFIED|1. Update active QA checklist/template identity from v101.85 to v101.86.
reports/stale_reference_scan.txt,325,VERIFIED,Recomputed/generated from current staging evidence; immutable reopen must independently verify.,CURRENT|scripts/L24H_v10186_TH1_R2_FOUR_PASS_RECONCILIATION_SCRIPT_2026-08-19.md:29|v101.86|JUSTIFIED|1. Update active QA checklist/template identity from v101.85 to v101.86.
reports/stale_reference_scan.txt,326,VERIFIED,Recomputed/generated from current staging evidence; immutable reopen must independently verify.,HISTORICAL_COMPATIBILITY_PROVENANCE|scripts/L24H_v10186_TH1_R2_FOUR_PASS_RECONCILIATION_SCRIPT_2026-08-19.md:30|luisa-24h-v101-86|JUSTIFIED|2. Update expected current cache generation to `luisa-24h-v101-86`.
reports/stale_reference_scan.txt,327,VERIFIED,Recomputed/generated from current staging evidence; immutable reopen must independently verify.,CURRENT|scripts/L24H_v10186_TH1_R2_FOUR_PASS_RECONCILIATION_SCRIPT_2026-08-19.md:32|v101.86|JUSTIFIED|4. Replace Help attribution QA wording with the v101.86 factual rule: no pending/closed editorial-certification claim; Help describes identified direct words neutrally and retains the reporting path.
reports/stale_reference_scan.txt,328,VERIFIED,Recomputed/generated from current staging evidence; immutable reopen must independently verify.,HISTORICAL_COMPATIBILITY_PROVENANCE|scripts/L24H_v10186_TH1_R2_FOUR_PASS_RECONCILIATION_SCRIPT_2026-08-19.md:33|v101.85|JUSTIFIED|5. Update title-marker backup test identity from v101.85 to v101.86.
reports/stale_reference_scan.txt,329,VERIFIED,Recomputed/generated from current staging evidence; immutable reopen must independently verify.,CURRENT|scripts/L24H_v10186_TH1_R2_FOUR_PASS_RECONCILIATION_SCRIPT_2026-08-19.md:33|v101.86|JUSTIFIED|5. Update title-marker backup test identity from v101.85 to v101.86.
reports/stale_reference_scan.txt,330,VERIFIED,Recomputed/generated from current staging evidence; immutable reopen must independently verify.,CURRENT|scripts/L24H_v10186_TH1_R2_FOUR_PASS_RECONCILIATION_SCRIPT_2026-08-19.md:34|v101.86|JUSTIFIED|6. Add explicit physical/device QA rows for v101.86 TH1 title-marker UX:
reports/stale_reference_scan.txt,331,VERIFIED,Recomputed/generated from current staging evidence; immutable reopen must independently verify.,HISTORICAL_COMPATIBILITY_PROVENANCE|scripts/L24H_v10186_TH1_R2_FOUR_PASS_RECONCILIATION_SCRIPT_2026-08-19.md:40|v101.79|JUSTIFIED|7. Harden Pass 4 so any old/current mismatch inside `REAL_DEVICE_QA_CHECKLIST.md` or `REAL_DEVICE_QA_RESULTS_TEMPLATE.csv` is blocking unless the row is explicitly historical (e.g. v101.79/v101.53 migration fixture).
reports/stale_reference_scan.txt,332,VERIFIED,Recomputed/generated from current staging evidence; immutable reopen must independently verify.,HISTORICAL_COMPATIBILITY_PROVENANCE|scripts/L24H_v10186_TH1_R2_FOUR_PASS_RECONCILIATION_SCRIPT_2026-08-19.md:40|v101.53|JUSTIFIED|7. Harden Pass 4 so any old/current mismatch inside `REAL_DEVICE_QA_CHECKLIST.md` or `REAL_DEVICE_QA_RESULTS_TEMPLATE.csv` is blocking unless the row is explicitly historical (e.g. v101.79/v101.53 migration fixture).
reports/stale_reference_scan.txt,333,VERIFIED,Recomputed/generated from current staging evidence; immutable reopen must independently verify.,CURRENT|scripts/L24H_v10186_TH1_R2_FOUR_PASS_RECONCILIATION_SCRIPT_2026-08-19.md:42|v101.86|JUSTIFIED|9. Preserve the v101.86 runtime byte-for-byte.
reports/stale_reference_scan.txt,334,VERIFIED,Recomputed/generated from current staging evidence; immutable reopen must independently verify.,CURRENT|scripts/L24H_v10186_TH1_R2_FOUR_PASS_RECONCILIATION_SCRIPT_2026-08-19.md:58|v101.86|JUSTIFIED|- `sw.js` runtime/cache identity already current at v101.86
reports/stale_reference_scan.txt,335,VERIFIED,Recomputed/generated from current staging evidence; immutable reopen must independently verify.,CURRENT|scripts/L24H_v10186_TH1_R2_FOUR_PASS_RECONCILIATION_SCRIPT_2026-08-19.md:75|v101.86|JUSTIFIED|- reproduce v101.86 runtime from frozen R4 baseline;
reports/stale_reference_scan.txt,336,VERIFIED,Recomputed/generated from current staging evidence; immutable reopen must independently verify.,"HISTORICAL_COMPATIBILITY_PROVENANCE|scripts/L24H_v10186_TH1_R2_FOUR_PASS_RECONCILIATION_SCRIPT_2026-08-19.md:101|v101.85|JUSTIFIED|Recursive scan of root, scripts, reports, metadata, runtime, QA checklist and QA template. Active QA files must not contain stale current-facing v101.85/v101-84/cache/snapshot-4/closed-review assertions."
reports/stale_reference_scan.txt,337,VERIFIED,Recomputed/generated from current staging evidence; immutable reopen must independently verify.,"HISTORICAL_COMPATIBILITY_PROVENANCE|scripts/l24h_v10186_r2_final_reopen_audit.py:28|v101.85|JUSTIFIED| bad=['Visible version v101.85','luisa-24h-v101-84','updates to v101.85','same v101.85 build','Export/import a v101.85 backup','greater than 4','review is already closed','states that the editorial review of the current "
reports/stale_reference_scan.txt,338,VERIFIED,Recomputed/generated from current staging evidence; immutable reopen must independently verify.,"HISTORICAL_COMPATIBILITY_PROVENANCE|scripts/l24h_v10186_r2_final_reopen_audit.py:28|luisa-24h-v101-84|JUSTIFIED| bad=['Visible version v101.85','luisa-24h-v101-84','updates to v101.85','same v101.85 build','Export/import a v101.85 backup','greater than 4','review is already closed','states that the editorial review of the current "
reports/stale_reference_scan.txt,339,VERIFIED,Recomputed/generated from current staging evidence; immutable reopen must independently verify.,"HISTORICAL_COMPATIBILITY_PROVENANCE|scripts/l24h_v10186_r2_final_reopen_audit.py:28|v101.85|JUSTIFIED| bad=['Visible version v101.85','luisa-24h-v101-84','updates to v101.85','same v101.85 build','Export/import a v101.85 backup','greater than 4','review is already closed','states that the editorial review of the current "
reports/stale_reference_scan.txt,340,VERIFIED,Recomputed/generated from current staging evidence; immutable reopen must independently verify.,"HISTORICAL_COMPATIBILITY_PROVENANCE|scripts/l24h_v10186_r2_final_reopen_audit.py:28|v101.85|JUSTIFIED| bad=['Visible version v101.85','luisa-24h-v101-84','updates to v101.85','same v101.85 build','Export/import a v101.85 backup','greater than 4','review is already closed','states that the editorial review of the current "
reports/stale_reference_scan.txt,341,VERIFIED,Recomputed/generated from current staging evidence; immutable reopen must independently verify.,"HISTORICAL_COMPATIBILITY_PROVENANCE|scripts/l24h_v10186_r2_final_reopen_audit.py:28|v101.85|JUSTIFIED| bad=['Visible version v101.85','luisa-24h-v101-84','updates to v101.85','same v101.85 build','Export/import a v101.85 backup','greater than 4','review is already closed','states that the editorial review of the current "
reports/stale_reference_scan.txt,342,VERIFIED,Recomputed/generated from current staging evidence; immutable reopen must independently verify.,CURRENT|scripts/l24h_v10186_r2_final_reopen_audit.py:31|v101.86|JUSTIFIED|  'v101.86 TH1' in md and 'Use the exact v101.86 TH1 candidate bytes' in md and
reports/stale_reference_scan.txt,343,VERIFIED,Recomputed/generated from current staging evidence; immutable reopen must independently verify.,CURRENT|scripts/l24h_v10186_r2_final_reopen_audit.py:31|v101.86|JUSTIFIED|  'v101.86 TH1' in md and 'Use the exact v101.86 TH1 candidate bytes' in md and
reports/stale_reference_scan.txt,344,VERIFIED,Recomputed/generated from current staging evidence; immutable reopen must independently verify.,CURRENT|scripts/l24h_v10186_r2_final_reopen_audit.py:32|v101.86|JUSTIFIED|  'Visible version v101.86' in md and 'luisa-24h-v101-86' in md and 'greater than 5' in md and
reports/stale_reference_scan.txt,345,VERIFIED,Recomputed/generated from current staging evidence; immutable reopen must independently verify.,HISTORICAL_COMPATIBILITY_PROVENANCE|scripts/l24h_v10186_r2_final_reopen_audit.py:32|luisa-24h-v101-86|JUSTIFIED|  'Visible version v101.86' in md and 'luisa-24h-v101-86' in md and 'greater than 5' in md and
reports/stale_reference_scan.txt,346,VERIFIED,Recomputed/generated from current staging evidence; immutable reopen must independently verify.,"CURRENT|scripts/l24h_v10186_r2_final_reopen_audit.py:70|v101.86|JUSTIFIED| s=fs['index.html'].read_text('utf-8');G('runtime-twins',fs['index.html'].read_bytes()==fs['luisa_24_heures.html'].read_bytes(),hf(fs['index.html']));G('version-cache',""const APP_VERSION = 'v101.86';"" in s and ""luisa-24h"
reports/stale_reference_scan.txt,347,VERIFIED,Recomputed/generated from current staging evidence; immutable reopen must independently verify.,"HISTORICAL_COMPATIBILITY_PROVENANCE|scripts/l24h_v10186_r2_final_reopen_audit.py:70|luisa-24h-v101-86|JUSTIFIED| s=fs['index.html'].read_text('utf-8');G('runtime-twins',fs['index.html'].read_bytes()==fs['luisa_24_heures.html'].read_bytes(),hf(fs['index.html']));G('version-cache',""const APP_VERSION = 'v101.86';"" in s and ""luisa-24h"
reports/stale_reference_scan.txt,348,VERIFIED,Recomputed/generated from current staging evidence; immutable reopen must independently verify.,"CURRENT|scripts/l24h_v10186_r2_final_reopen_audit.py:70|v101.86|JUSTIFIED| s=fs['index.html'].read_text('utf-8');G('runtime-twins',fs['index.html'].read_bytes()==fs['luisa_24_heures.html'].read_bytes(),hf(fs['index.html']));G('version-cache',""const APP_VERSION = 'v101.86';"" in s and ""luisa-24h"
reports/stale_reference_scan.txt,349,VERIFIED,Recomputed/generated from current staging evidence; immutable reopen must independently verify.,"CURRENT|scripts/l24h_v10186_r2_final_reopen_audit.py:102|v101.86|JUSTIFIED| (out/'V10186_TH1_FINAL_PACKAGE_REOPEN_AUDIT.json').write_text(json.dumps(summary,ensure_ascii=False,indent=2)+'\n','utf-8');lines=['# v101.86 TH1-R2 — Final immutable reopened-ZIP audit','',f'**FINAL_PACKAGE_REOPEN_GATE"
reports/stale_reference_scan.txt,350,VERIFIED,Recomputed/generated from current staging evidence; immutable reopen must independently verify.,CURRENT|scripts/l24h_v10186_r2_independent_four_pass_audit.py:15|v101.86|JUSTIFIED|APP='v101.86'; EXPECTED_SCHEMA=8; EXPECTED_SNAPSHOT=5
reports/stale_reference_scan.txt,351,VERIFIED,Recomputed/generated from current staging evidence; immutable reopen must independently verify.,"CURRENT|scripts/l24h_v10186_r2_independent_four_pass_audit.py:104|v101.86|JUSTIFIED|  T('REG-body-highlight-functions',funcs['body'],funcs);T('REG-samsung-model-preserved',funcs['samsung'],funcs);T('REG-schema-snapshot-version',funcs['schema']==8 and funcs['snapshot']==5 and funcs['version']=='v101.86',"
reports/stale_reference_scan.txt,352,VERIFIED,Recomputed/generated from current staging evidence; immutable reopen must independently verify.,"HISTORICAL_COMPATIBILITY_PROVENANCE|scripts/l24h_v10186_r2_independent_four_pass_audit.py:138|v101.85|JUSTIFIED|  x for x in ['Visible version v101.85','luisa-24h-v101-84','updates to v101.85','same v101.85 build',"
reports/stale_reference_scan.txt,353,VERIFIED,Recomputed/generated from current staging evidence; immutable reopen must independently verify.,"HISTORICAL_COMPATIBILITY_PROVENANCE|scripts/l24h_v10186_r2_independent_four_pass_audit.py:138|luisa-24h-v101-84|JUSTIFIED|  x for x in ['Visible version v101.85','luisa-24h-v101-84','updates to v101.85','same v101.85 build',"
reports/stale_reference_scan.txt,354,VERIFIED,Recomputed/generated from current staging evidence; immutable reopen must independently verify.,"HISTORICAL_COMPATIBILITY_PROVENANCE|scripts/l24h_v10186_r2_independent_four_pass_audit.py:138|v101.85|JUSTIFIED|  x for x in ['Visible version v101.85','luisa-24h-v101-84','updates to v101.85','same v101.85 build',"
reports/stale_reference_scan.txt,355,VERIFIED,Recomputed/generated from current staging evidence; immutable reopen must independently verify.,"HISTORICAL_COMPATIBILITY_PROVENANCE|scripts/l24h_v10186_r2_independent_four_pass_audit.py:138|v101.85|JUSTIFIED|  x for x in ['Visible version v101.85','luisa-24h-v101-84','updates to v101.85','same v101.85 build',"
reports/stale_reference_scan.txt,356,VERIFIED,Recomputed/generated from current staging evidence; immutable reopen must independently verify.,"HISTORICAL_COMPATIBILITY_PROVENANCE|scripts/l24h_v10186_r2_independent_four_pass_audit.py:139|v101.85|JUSTIFIED|              'Export/import a v101.85 backup','greater than 4','review is already closed','states that the editorial review of the current attribution layer is already closed']"
reports/stale_reference_scan.txt,357,VERIFIED,Recomputed/generated from current staging evidence; immutable reopen must independently verify.,"CURRENT|scripts/l24h_v10186_r2_independent_four_pass_audit.py:143|v101.86|JUSTIFIED|  'header':'v101.86 TH1' in md,"
reports/stale_reference_scan.txt,358,VERIFIED,Recomputed/generated from current staging evidence; immutable reopen must independently verify.,"CURRENT|scripts/l24h_v10186_r2_independent_four_pass_audit.py:144|v101.86|JUSTIFIED|  'candidate':'Use the exact v101.86 TH1 candidate bytes' in md,"
reports/stale_reference_scan.txt,359,VERIFIED,Recomputed/generated from current staging evidence; immutable reopen must independently verify.,"CURRENT|scripts/l24h_v10186_r2_independent_four_pass_audit.py:145|v101.86|JUSTIFIED|  'version':'Visible version v101.86' in md and any(r['scenario_id']=='G-33' and 'v101.86' in r['scenario'] for r in rows),"
reports/stale_reference_scan.txt,360,VERIFIED,Recomputed/generated from current staging evidence; immutable reopen must independently verify.,"CURRENT|scripts/l24h_v10186_r2_independent_four_pass_audit.py:145|v101.86|JUSTIFIED|  'version':'Visible version v101.86' in md and any(r['scenario_id']=='G-33' and 'v101.86' in r['scenario'] for r in rows),"
reports/stale_reference_scan.txt,361,VERIFIED,Recomputed/generated from current staging evidence; immutable reopen must independently verify.,"HISTORICAL_COMPATIBILITY_PROVENANCE|scripts/l24h_v10186_r2_independent_four_pass_audit.py:146|luisa-24h-v101-86|JUSTIFIED|  'cache':'luisa-24h-v101-86' in md and any(r['scenario_id']=='G-35' and 'luisa-24h-v101-86' in r['scenario'] for r in rows),"
reports/stale_reference_scan.txt,362,VERIFIED,Recomputed/generated from current staging evidence; immutable reopen must independently verify.,"HISTORICAL_COMPATIBILITY_PROVENANCE|scripts/l24h_v10186_r2_independent_four_pass_audit.py:146|luisa-24h-v101-86|JUSTIFIED|  'cache':'luisa-24h-v101-86' in md and any(r['scenario_id']=='G-35' and 'luisa-24h-v101-86' in r['scenario'] for r in rows),"
reports/stale_reference_scan.txt,363,VERIFIED,Recomputed/generated from current staging evidence; immutable reopen must independently verify.,"CURRENT|scripts/l24h_v10186_r2_independent_four_pass_audit.py:159|v101.86|JUSTIFIED| critical=[('index_APP_VERSION',""const APP_VERSION = 'v101.86';"" in s),('index_BUILD_DATE',""const BUILD_DATE = '2026-08-19';"" in s),('sw_cache',""luisa-24h-v101-86"" in (stage/'sw.js').read_text('utf-8')),('version_json',j"
reports/stale_reference_scan.txt,364,VERIFIED,Recomputed/generated from current staging evidence; immutable reopen must independently verify.,"CURRENT|scripts/l24h_v10186_r2_independent_four_pass_audit.py:159|2026-08-19|JUSTIFIED| critical=[('index_APP_VERSION',""const APP_VERSION = 'v101.86';"" in s),('index_BUILD_DATE',""const BUILD_DATE = '2026-08-19';"" in s),('sw_cache',""luisa-24h-v101-86"" in (stage/'sw.js').read_text('utf-8')),('version_json',j"
reports/stale_reference_scan.txt,365,VERIFIED,Recomputed/generated from current staging evidence; immutable reopen must independently verify.,"HISTORICAL_COMPATIBILITY_PROVENANCE|scripts/l24h_v10186_r2_independent_four_pass_audit.py:159|luisa-24h-v101-86|JUSTIFIED| critical=[('index_APP_VERSION',""const APP_VERSION = 'v101.86';"" in s),('index_BUILD_DATE',""const BUILD_DATE = '2026-08-19';"" in s),('sw_cache',""luisa-24h-v101-86"" in (stage/'sw.js').read_text('utf-8')),('version_json',j"
reports/stale_reference_scan.txt,366,VERIFIED,Recomputed/generated from current staging evidence; immutable reopen must independently verify.,"CURRENT|scripts/l24h_v10186_r2_independent_four_pass_audit.py:159|v101.86|JUSTIFIED| critical=[('index_APP_VERSION',""const APP_VERSION = 'v101.86';"" in s),('index_BUILD_DATE',""const BUILD_DATE = '2026-08-19';"" in s),('sw_cache',""luisa-24h-v101-86"" in (stage/'sw.js').read_text('utf-8')),('version_json',j"
reports/stale_reference_scan.txt,367,VERIFIED,Recomputed/generated from current staging evidence; immutable reopen must independently verify.,"CURRENT|scripts/l24h_v10186_r2_independent_four_pass_audit.py:159|v101.86|JUSTIFIED| critical=[('index_APP_VERSION',""const APP_VERSION = 'v101.86';"" in s),('index_BUILD_DATE',""const BUILD_DATE = '2026-08-19';"" in s),('sw_cache',""luisa-24h-v101-86"" in (stage/'sw.js').read_text('utf-8')),('version_json',j"
reports/stale_reference_scan.txt,368,VERIFIED,Recomputed/generated from current staging evidence; immutable reopen must independently verify.,"CURRENT|scripts/l24h_v10186_r2_independent_four_pass_audit.py:159|v101.86|JUSTIFIED| critical=[('index_APP_VERSION',""const APP_VERSION = 'v101.86';"" in s),('index_BUILD_DATE',""const BUILD_DATE = '2026-08-19';"" in s),('sw_cache',""luisa-24h-v101-86"" in (stage/'sw.js').read_text('utf-8')),('version_json',j"
reports/stale_reference_scan.txt,369,VERIFIED,Recomputed/generated from current staging evidence; immutable reopen must independently verify.,"CURRENT|scripts/l24h_v10186_r2_independent_four_pass_audit.py:169|v101.86|JUSTIFIED|    tok=m.group(0);rel=p.relative_to(stage).as_posix();cls='CURRENT' if tok in {'v101.86','2026-08-19'} else 'HISTORICAL_COMPATIBILITY_PROVENANCE'"
reports/stale_reference_scan.txt,370,VERIFIED,Recomputed/generated from current staging evidence; immutable reopen must independently verify.,"CURRENT|scripts/l24h_v10186_r2_independent_four_pass_audit.py:169|2026-08-19|JUSTIFIED|    tok=m.group(0);rel=p.relative_to(stage).as_posix();cls='CURRENT' if tok in {'v101.86','2026-08-19'} else 'HISTORICAL_COMPATIBILITY_PROVENANCE'"
reports/stale_reference_scan.txt,371,VERIFIED,Recomputed/generated from current staging evidence; immutable reopen must independently verify.,"HISTORICAL_COMPATIBILITY_PROVENANCE|scripts/l24h_v10186_r2_independent_four_pass_audit.py:173|v101.85|JUSTIFIED|     if tok in {'v101.85','2026-08-18','luisa-24h-v101-84'}: unjust=True"
reports/stale_reference_scan.txt,372,VERIFIED,Recomputed/generated from current staging evidence; immutable reopen must independently verify.,"HISTORICAL_COMPATIBILITY_PROVENANCE|scripts/l24h_v10186_r2_independent_four_pass_audit.py:173|2026-08-18|JUSTIFIED|     if tok in {'v101.85','2026-08-18','luisa-24h-v101-84'}: unjust=True"
reports/stale_reference_scan.txt,373,VERIFIED,Recomputed/generated from current staging evidence; immutable reopen must independently verify.,"HISTORICAL_COMPATIBILITY_PROVENANCE|scripts/l24h_v10186_r2_independent_four_pass_audit.py:173|luisa-24h-v101-84|JUSTIFIED|     if tok in {'v101.85','2026-08-18','luisa-24h-v101-84'}: unjust=True"
reports/stale_reference_scan.txt,374,VERIFIED,Recomputed/generated from current staging evidence; immutable reopen must independently verify.,"HISTORICAL_COMPATIBILITY_PROVENANCE|scripts/l24h_v10186_r2_independent_four_pass_audit.py:174|v101.85|JUSTIFIED|    if rel in {'index.html','luisa_24_heures.html'} and tok.startswith('v101.85') and ('const APP_VERSION' in line or 'const BUILD_DATE' in line):unjust=True"
reports/stale_reference_scan.txt,375,VERIFIED,Recomputed/generated from current staging evidence; immutable reopen must independently verify.,HISTORICAL_COMPATIBILITY_PROVENANCE|scripts/l24h_v10186_r2_independent_four_pass_audit.py:175|v101.85|JUSTIFIED|    if rel=='sw.js' and tok.startswith('v101.85') and n<=2:unjust=True
reports/stale_reference_scan.txt,376,VERIFIED,Recomputed/generated from current staging evidence; immutable reopen must independently verify.,"CURRENT|scripts/l24h_v10186_r2_independent_four_pass_audit.py:187|v101.86|JUSTIFIED| C('P1-version',""const APP_VERSION = 'v101.86';"" in s and json.loads((stage/'version.json').read_text('utf-8'))['app_version']=='v101.86' and json.loads((stage/'manifest.json').read_text('utf-8'))['version']=='v101.86',{"
reports/stale_reference_scan.txt,377,VERIFIED,Recomputed/generated from current staging evidence; immutable reopen must independently verify.,"CURRENT|scripts/l24h_v10186_r2_independent_four_pass_audit.py:187|v101.86|JUSTIFIED| C('P1-version',""const APP_VERSION = 'v101.86';"" in s and json.loads((stage/'version.json').read_text('utf-8'))['app_version']=='v101.86' and json.loads((stage/'manifest.json').read_text('utf-8'))['version']=='v101.86',{"
reports/stale_reference_scan.txt,378,VERIFIED,Recomputed/generated from current staging evidence; immutable reopen must independently verify.,"CURRENT|scripts/l24h_v10186_r2_independent_four_pass_audit.py:187|v101.86|JUSTIFIED| C('P1-version',""const APP_VERSION = 'v101.86';"" in s and json.loads((stage/'version.json').read_text('utf-8'))['app_version']=='v101.86' and json.loads((stage/'manifest.json').read_text('utf-8'))['version']=='v101.86',{"
reports/stale_reference_scan.txt,379,VERIFIED,Recomputed/generated from current staging evidence; immutable reopen must independently verify.,"CURRENT|scripts/l24h_v10186_r2_independent_four_pass_audit.py:251|v101.86|JUSTIFIED| text=['# v101.86 Stage TH1-R2 — Independent four-pass prepackage audit','',f'**FOUR_PASS_PREPACKAGE_GATE = {status}**','',f'Generator: `{Path(__file__).name}`',f'Generator SHA-256: `{hf(Path(__file__))}`','',f'- Pass 1 "
reports/stale_reference_scan.txt,380,VERIFIED,Recomputed/generated from current staging evidence; immutable reopen must independently verify.,"HISTORICAL_COMPATIBILITY_PROVENANCE|scripts/l24h_v10186_r2_independent_reopen_audit.py:23|v101.85|JUSTIFIED| bad=['Visible version v101.85','luisa-24h-v101-84','updates to v101.85','same v101.85 build','Export/import a v101.85 backup','greater than 4','review is already closed','states that the editorial review of the current "
reports/stale_reference_scan.txt,381,VERIFIED,Recomputed/generated from current staging evidence; immutable reopen must independently verify.,"HISTORICAL_COMPATIBILITY_PROVENANCE|scripts/l24h_v10186_r2_independent_reopen_audit.py:23|luisa-24h-v101-84|JUSTIFIED| bad=['Visible version v101.85','luisa-24h-v101-84','updates to v101.85','same v101.85 build','Export/import a v101.85 backup','greater than 4','review is already closed','states that the editorial review of the current "
reports/stale_reference_scan.txt,382,VERIFIED,Recomputed/generated from current staging evidence; immutable reopen must independently verify.,"HISTORICAL_COMPATIBILITY_PROVENANCE|scripts/l24h_v10186_r2_independent_reopen_audit.py:23|v101.85|JUSTIFIED| bad=['Visible version v101.85','luisa-24h-v101-84','updates to v101.85','same v101.85 build','Export/import a v101.85 backup','greater than 4','review is already closed','states that the editorial review of the current "
reports/stale_reference_scan.txt,383,VERIFIED,Recomputed/generated from current staging evidence; immutable reopen must independently verify.,"HISTORICAL_COMPATIBILITY_PROVENANCE|scripts/l24h_v10186_r2_independent_reopen_audit.py:23|v101.85|JUSTIFIED| bad=['Visible version v101.85','luisa-24h-v101-84','updates to v101.85','same v101.85 build','Export/import a v101.85 backup','greater than 4','review is already closed','states that the editorial review of the current "
reports/stale_reference_scan.txt,384,VERIFIED,Recomputed/generated from current staging evidence; immutable reopen must independently verify.,"HISTORICAL_COMPATIBILITY_PROVENANCE|scripts/l24h_v10186_r2_independent_reopen_audit.py:23|v101.85|JUSTIFIED| bad=['Visible version v101.85','luisa-24h-v101-84','updates to v101.85','same v101.85 build','Export/import a v101.85 backup','greater than 4','review is already closed','states that the editorial review of the current "
reports/stale_reference_scan.txt,385,VERIFIED,Recomputed/generated from current staging evidence; immutable reopen must independently verify.,CURRENT|scripts/l24h_v10186_r2_independent_reopen_audit.py:26|v101.86|JUSTIFIED|     'Visible version v101.86' in md and 'luisa-24h-v101-86' in md and 'greater than 5' in md and
reports/stale_reference_scan.txt,386,VERIFIED,Recomputed/generated from current staging evidence; immutable reopen must independently verify.,HISTORICAL_COMPATIBILITY_PROVENANCE|scripts/l24h_v10186_r2_independent_reopen_audit.py:26|luisa-24h-v101-86|JUSTIFIED|     'Visible version v101.86' in md and 'luisa-24h-v101-86' in md and 'greater than 5' in md and
reports/stale_reference_scan.txt,387,VERIFIED,Recomputed/generated from current staging evidence; immutable reopen must independently verify.,"CURRENT|scripts/l24h_v10186_r2_independent_reopen_audit.py:39|v101.86|JUSTIFIED| s=fs['index.html'].read_text('utf-8');q('twins-version',fs['index.html'].read_bytes()==fs['luisa_24_heures.html'].read_bytes() and ""const APP_VERSION = 'v101.86';"" in s and 'luisa-24h-v101-86' in fs['sw.js'].read_text('"
reports/stale_reference_scan.txt,388,VERIFIED,Recomputed/generated from current staging evidence; immutable reopen must independently verify.,"HISTORICAL_COMPATIBILITY_PROVENANCE|scripts/l24h_v10186_r2_independent_reopen_audit.py:39|luisa-24h-v101-86|JUSTIFIED| s=fs['index.html'].read_text('utf-8');q('twins-version',fs['index.html'].read_bytes()==fs['luisa_24_heures.html'].read_bytes() and ""const APP_VERSION = 'v101.86';"" in s and 'luisa-24h-v101-86' in fs['sw.js'].read_text('"
reports/stale_reference_scan.txt,389,VERIFIED,Recomputed/generated from current staging evidence; immutable reopen must independently verify.,"CURRENT|scripts/l24h_v10186_r2_independent_reopen_audit.py:52|v101.86|JUSTIFIED| status='PASS' if all(r['status']=='PASS' for r in rows) else 'FAIL';summary={'audit':'INDEPENDENT_REOPENED_ZIP_AUDIT_GATE','status':status,'zip_sha256':hf(z),'members':len(names),'runtime_sha256':hf(fs['index.html']),'c"
reports/stale_reference_scan.txt,390,VERIFIED,Recomputed/generated from current staging evidence; immutable reopen must independently verify.,HISTORICAL_COMPATIBILITY_PROVENANCE|scripts/l24h_v10186_title_help_r2_build.py:5|L24H_v10185_GITHUB_DEPLOY_USER_FEEDBACK_CORRECTED_HARDENED_R4_AUDIT_RECONCILED.zip|JUSTIFIED|BASE=Path('/mnt/data/L24H_v10185_GITHUB_DEPLOY_USER_FEEDBACK_CORRECTED_HARDENED_R4_AUDIT_RECONCILED.zip')
reports/stale_reference_scan.txt,391,VERIFIED,Recomputed/generated from current staging evidence; immutable reopen must independently verify.,HISTORICAL_COMPATIBILITY_PROVENANCE|scripts/l24h_v10186_title_help_r2_build.py:8|L24H_v10186_TH1_R2_FOUR_PASS_RECONCILIATION_SCRIPT_2026-08-19.md|JUSTIFIED|GOV=Path('/mnt/data/L24H_v10186_TH1_R2_FOUR_PASS_RECONCILIATION_SCRIPT_2026-08-19.md')
reports/stale_reference_scan.txt,392,VERIFIED,Recomputed/generated from current staging evidence; immutable reopen must independently verify.,HISTORICAL_COMPATIBILITY_PROVENANCE|scripts/l24h_v10186_title_help_r2_build.py:9|L24H_v10186_STAGE_TITLE_HELP_HARDGATED_SCRIPT_2026-08-19.md|JUSTIFIED|RUNTIME_GOV=Path('/mnt/data/L24H_v10186_STAGE_TITLE_HELP_HARDGATED_SCRIPT_2026-08-19.md')
reports/stale_reference_scan.txt,393,VERIFIED,Recomputed/generated from current staging evidence; immutable reopen must independently verify.,CURRENT|scripts/l24h_v10186_title_help_r2_build.py:14|v101.86|JUSTIFIED|APP_VERSION='v101.86'; BUILD_DATE='2026-08-19'; SCHEMA=8; SNAPSHOT=5
reports/stale_reference_scan.txt,394,VERIFIED,Recomputed/generated from current staging evidence; immutable reopen must independently verify.,CURRENT|scripts/l24h_v10186_title_help_r2_build.py:14|2026-08-19|JUSTIFIED|APP_VERSION='v101.86'; BUILD_DATE='2026-08-19'; SCHEMA=8; SNAPSHOT=5
reports/stale_reference_scan.txt,395,VERIFIED,Recomputed/generated from current staging evidence; immutable reopen must independently verify.,"HISTORICAL_COMPATIBILITY_PROVENANCE|scripts/l24h_v10186_title_help_r2_build.py:50|v101.85|JUSTIFIED| 'app_version':""const APP_VERSION = 'v101.85';"" in s,"
reports/stale_reference_scan.txt,396,VERIFIED,Recomputed/generated from current staging evidence; immutable reopen must independently verify.,"HISTORICAL_COMPATIBILITY_PROVENANCE|scripts/l24h_v10186_title_help_r2_build.py:351|v101.85|JUSTIFIED| s=replace1(s,""const APP_VERSION = 'v101.85';"",""const APP_VERSION = 'v101.86';"",'version app')"
reports/stale_reference_scan.txt,397,VERIFIED,Recomputed/generated from current staging evidence; immutable reopen must independently verify.,"CURRENT|scripts/l24h_v10186_title_help_r2_build.py:351|v101.86|JUSTIFIED| s=replace1(s,""const APP_VERSION = 'v101.85';"",""const APP_VERSION = 'v101.86';"",'version app')"
reports/stale_reference_scan.txt,398,VERIFIED,Recomputed/generated from current staging evidence; immutable reopen must independently verify.,"HISTORICAL_COMPATIBILITY_PROVENANCE|scripts/l24h_v10186_title_help_r2_build.py:352|2026-08-18|JUSTIFIED| s=replace1(s,""const BUILD_DATE = '2026-08-18'; // v101.85 / user-feedback corrective: UF-17, UF-15, library title marks"",""const BUILD_DATE = '2026-08-19'; // v101.86 / title-highlight UX + Aide/À propos reconciliation"","
reports/stale_reference_scan.txt,399,VERIFIED,Recomputed/generated from current staging evidence; immutable reopen must independently verify.,"HISTORICAL_COMPATIBILITY_PROVENANCE|scripts/l24h_v10186_title_help_r2_build.py:352|v101.85|JUSTIFIED| s=replace1(s,""const BUILD_DATE = '2026-08-18'; // v101.85 / user-feedback corrective: UF-17, UF-15, library title marks"",""const BUILD_DATE = '2026-08-19'; // v101.86 / title-highlight UX + Aide/À propos reconciliation"","
reports/stale_reference_scan.txt,400,VERIFIED,Recomputed/generated from current staging evidence; immutable reopen must independently verify.,"CURRENT|scripts/l24h_v10186_title_help_r2_build.py:352|2026-08-19|JUSTIFIED| s=replace1(s,""const BUILD_DATE = '2026-08-18'; // v101.85 / user-feedback corrective: UF-17, UF-15, library title marks"",""const BUILD_DATE = '2026-08-19'; // v101.86 / title-highlight UX + Aide/À propos reconciliation"","
reports/stale_reference_scan.txt,401,VERIFIED,Recomputed/generated from current staging evidence; immutable reopen must independently verify.,"CURRENT|scripts/l24h_v10186_title_help_r2_build.py:352|v101.86|JUSTIFIED| s=replace1(s,""const BUILD_DATE = '2026-08-18'; // v101.85 / user-feedback corrective: UF-17, UF-15, library title marks"",""const BUILD_DATE = '2026-08-19'; // v101.86 / title-highlight UX + Aide/À propos reconciliation"","
reports/stale_reference_scan.txt,402,VERIFIED,Recomputed/generated from current staging evidence; immutable reopen must independently verify.,"HISTORICAL_COMPATIBILITY_PROVENANCE|scripts/l24h_v10186_title_help_r2_build.py:353|v101.85|JUSTIFIED| s=s.replace('/* v101.85 — Approfondir title / whole-reading marker. Independent of character-offset highlights. */','/* v101.86 — Approfondir whole-reading marker presented with body-style inline title highlighting. */'"
reports/stale_reference_scan.txt,403,VERIFIED,Recomputed/generated from current staging evidence; immutable reopen must independently verify.,"CURRENT|scripts/l24h_v10186_title_help_r2_build.py:353|v101.86|JUSTIFIED| s=s.replace('/* v101.85 — Approfondir title / whole-reading marker. Independent of character-offset highlights. */','/* v101.86 — Approfondir whole-reading marker presented with body-style inline title highlighting. */'"
reports/stale_reference_scan.txt,404,VERIFIED,Recomputed/generated from current staging evidence; immutable reopen must independently verify.,"HISTORICAL_COMPATIBILITY_PROVENANCE|scripts/l24h_v10186_title_help_r2_build.py:354|v101.85|JUSTIFIED| s=s.replace('<!-- v101.85 — dedicated whole-reading/title marker picker. Kept separate from text selection and Samsung paragraph mode. -->','<!-- v101.86 — whole-reading/title marker picker; same visual colour language "
reports/stale_reference_scan.txt,405,VERIFIED,Recomputed/generated from current staging evidence; immutable reopen must independently verify.,"CURRENT|scripts/l24h_v10186_title_help_r2_build.py:354|v101.86|JUSTIFIED| s=s.replace('<!-- v101.85 — dedicated whole-reading/title marker picker. Kept separate from text selection and Samsung paragraph mode. -->','<!-- v101.86 — whole-reading/title marker picker; same visual colour language "
reports/stale_reference_scan.txt,406,VERIFIED,Recomputed/generated from current staging evidence; immutable reopen must independently verify.,"HISTORICAL_COMPATIBILITY_PROVENANCE|scripts/l24h_v10186_title_help_r2_build.py:362|v101.85|JUSTIFIED| '# 24H interaction closure / v101.85 — physical device, installed-PWA and live-origin checklist':'# 24H interaction closure / v101.86 TH1 — physical device, installed-PWA and live-origin checklist',"
reports/stale_reference_scan.txt,407,VERIFIED,Recomputed/generated from current staging evidence; immutable reopen must independently verify.,"CURRENT|scripts/l24h_v10186_title_help_r2_build.py:362|v101.86|JUSTIFIED| '# 24H interaction closure / v101.85 — physical device, installed-PWA and live-origin checklist':'# 24H interaction closure / v101.86 TH1 — physical device, installed-PWA and live-origin checklist',"
reports/stale_reference_scan.txt,408,VERIFIED,Recomputed/generated from current staging evidence; immutable reopen must independently verify.,"HISTORICAL_COMPATIBILITY_PROVENANCE|scripts/l24h_v10186_title_help_r2_build.py:363|v101.85|JUSTIFIED| 'Use the exact v101.85 candidate bytes. Record PASS/FAIL/NOT_TESTED for every numbered scenario.':'Use the exact v101.86 TH1 candidate bytes. Record PASS/FAIL/NOT_TESTED for every numbered scenario.',"
reports/stale_reference_scan.txt,409,VERIFIED,Recomputed/generated from current staging evidence; immutable reopen must independently verify.,"CURRENT|scripts/l24h_v10186_title_help_r2_build.py:363|v101.86|JUSTIFIED| 'Use the exact v101.85 candidate bytes. Record PASS/FAIL/NOT_TESTED for every numbered scenario.':'Use the exact v101.86 TH1 candidate bytes. Record PASS/FAIL/NOT_TESTED for every numbered scenario.',"
reports/stale_reference_scan.txt,410,VERIFIED,Recomputed/generated from current staging evidence; immutable reopen must independently verify.,"HISTORICAL_COMPATIBILITY_PROVENANCE|scripts/l24h_v10186_title_help_r2_build.py:364|v101.85|JUSTIFIED| 'Existing installed build → v101.85 update preserves notes, coloured highlights, reading position and progress; obsolete legacy ◈ marks may be discarded.':'Existing installed build → v101.86 update preserves notes, colo"
reports/stale_reference_scan.txt,411,VERIFIED,Recomputed/generated from current staging evidence; immutable reopen must independently verify.,"CURRENT|scripts/l24h_v10186_title_help_r2_build.py:364|v101.86|JUSTIFIED| 'Existing installed build → v101.85 update preserves notes, coloured highlights, reading position and progress; obsolete legacy ◈ marks may be discarded.':'Existing installed build → v101.86 update preserves notes, colo"
reports/stale_reference_scan.txt,412,VERIFIED,Recomputed/generated from current staging evidence; immutable reopen must independently verify.,"HISTORICAL_COMPATIBILITY_PROVENANCE|scripts/l24h_v10186_title_help_r2_build.py:365|v101.85|JUSTIFIED| '33. Visible version v101.85.':'33. Visible version v101.86.',"
reports/stale_reference_scan.txt,413,VERIFIED,Recomputed/generated from current staging evidence; immutable reopen must independently verify.,"CURRENT|scripts/l24h_v10186_title_help_r2_build.py:365|v101.86|JUSTIFIED| '33. Visible version v101.85.':'33. Visible version v101.86.',"
reports/stale_reference_scan.txt,414,VERIFIED,Recomputed/generated from current staging evidence; immutable reopen must independently verify.,"HISTORICAL_COMPATIBILITY_PROVENANCE|scripts/l24h_v10186_title_help_r2_build.py:366|luisa-24h-v101-84|JUSTIFIED| '35. Cache generation is luisa-24h-v101-84.':'35. Cache generation is luisa-24h-v101-86.',"
reports/stale_reference_scan.txt,415,VERIFIED,Recomputed/generated from current staging evidence; immutable reopen must independently verify.,"HISTORICAL_COMPATIBILITY_PROVENANCE|scripts/l24h_v10186_title_help_r2_build.py:366|luisa-24h-v101-86|JUSTIFIED| '35. Cache generation is luisa-24h-v101-84.':'35. Cache generation is luisa-24h-v101-86.',"
reports/stale_reference_scan.txt,416,VERIFIED,Recomputed/generated from current staging evidence; immutable reopen must independently verify.,HISTORICAL_COMPATIBILITY_PROVENANCE|scripts/l24h_v10186_title_help_r2_build.py:367|v101.85|JUSTIFIED| '36. Existing install updates to v101.85 without loss of supported personal data; retired legacy ◈ marks are intentionally not preserved.':'36. Existing install updates to v101.86 without loss of supported personal data
reports/stale_reference_scan.txt,417,VERIFIED,Recomputed/generated from current staging evidence; immutable reopen must independently verify.,CURRENT|scripts/l24h_v10186_title_help_r2_build.py:367|v101.86|JUSTIFIED| '36. Existing install updates to v101.85 without loss of supported personal data; retired legacy ◈ marks are intentionally not preserved.':'36. Existing install updates to v101.86 without loss of supported personal data
reports/stale_reference_scan.txt,418,VERIFIED,Recomputed/generated from current staging evidence; immutable reopen must independently verify.,"HISTORICAL_COMPATIBILITY_PROVENANCE|scripts/l24h_v10186_title_help_r2_build.py:370|v101.85|JUSTIFIED| '74. Export a backup containing a highlight, import it into the same v101.85 build, and confirm the highlight still carries valid `text_hash`, `para_hash` and `paragraph_fingerprint` integrity metadata and renders at th"
reports/stale_reference_scan.txt,419,VERIFIED,Recomputed/generated from current staging evidence; immutable reopen must independently verify.,"CURRENT|scripts/l24h_v10186_title_help_r2_build.py:370|v101.86|JUSTIFIED| '74. Export a backup containing a highlight, import it into the same v101.85 build, and confirm the highlight still carries valid `text_hash`, `para_hash` and `paragraph_fingerprint` integrity metadata and renders at th"
reports/stale_reference_scan.txt,420,VERIFIED,Recomputed/generated from current staging evidence; immutable reopen must independently verify.,"HISTORICAL_COMPATIBILITY_PROVENANCE|scripts/l24h_v10186_title_help_r2_build.py:371|v101.85|JUSTIFIED| '## v101.85 user-feedback additions':'## v101.86 user-feedback and TH1 additions',"
reports/stale_reference_scan.txt,421,VERIFIED,Recomputed/generated from current staging evidence; immutable reopen must independently verify.,"CURRENT|scripts/l24h_v10186_title_help_r2_build.py:371|v101.86|JUSTIFIED| '## v101.85 user-feedback additions':'## v101.86 user-feedback and TH1 additions',"
reports/stale_reference_scan.txt,422,VERIFIED,Recomputed/generated from current staging evidence; immutable reopen must independently verify.,HISTORICAL_COMPATIBILITY_PROVENANCE|scripts/l24h_v10186_title_help_r2_build.py:372|v101.85|JUSTIFIED| '80. Export/import a v101.85 backup and confirm title marks survive; import an older schema-7/snapshot-4 backup and confirm existing data survives with no title marks invented.':'80. Export/import a v101.86 backup and c
reports/stale_reference_scan.txt,423,VERIFIED,Recomputed/generated from current staging evidence; immutable reopen must independently verify.,CURRENT|scripts/l24h_v10186_title_help_r2_build.py:372|v101.86|JUSTIFIED| '80. Export/import a v101.85 backup and confirm title marks survive; import an older schema-7/snapshot-4 backup and confirm existing data survives with no title marks invented.':'80. Export/import a v101.86 backup and c
reports/stale_reference_scan.txt,424,VERIFIED,Recomputed/generated from current staging evidence; immutable reopen must independently verify.,"HISTORICAL_COMPATIBILITY_PROVENANCE|scripts/l24h_v10186_title_help_r2_build.py:389|v101.85|JUSTIFIED| 'iPhone,G-13,Existing installed build → v101.85 update preserves supported personal data; obsolete legacy ◈ marks may be discarded.,NOT_TESTED,,':'iPhone,G-13,Existing installed build → v101.86 update preserves supporte"
reports/stale_reference_scan.txt,425,VERIFIED,Recomputed/generated from current staging evidence; immutable reopen must independently verify.,"CURRENT|scripts/l24h_v10186_title_help_r2_build.py:389|v101.86|JUSTIFIED| 'iPhone,G-13,Existing installed build → v101.85 update preserves supported personal data; obsolete legacy ◈ marks may be discarded.,NOT_TESTED,,':'iPhone,G-13,Existing installed build → v101.86 update preserves supporte"
reports/stale_reference_scan.txt,426,VERIFIED,Recomputed/generated from current staging evidence; immutable reopen must independently verify.,"HISTORICAL_COMPATIBILITY_PROVENANCE|scripts/l24h_v10186_title_help_r2_build.py:390|v101.85|JUSTIFIED| 'Live/Installed PWA,G-33,Visible version v101.85.,NOT_TESTED,,':'Live/Installed PWA,G-33,Visible version v101.86.,NOT_TESTED,,',"
reports/stale_reference_scan.txt,427,VERIFIED,Recomputed/generated from current staging evidence; immutable reopen must independently verify.,"CURRENT|scripts/l24h_v10186_title_help_r2_build.py:390|v101.86|JUSTIFIED| 'Live/Installed PWA,G-33,Visible version v101.85.,NOT_TESTED,,':'Live/Installed PWA,G-33,Visible version v101.86.,NOT_TESTED,,',"
reports/stale_reference_scan.txt,428,VERIFIED,Recomputed/generated from current staging evidence; immutable reopen must independently verify.,"HISTORICAL_COMPATIBILITY_PROVENANCE|scripts/l24h_v10186_title_help_r2_build.py:391|luisa-24h-v101-84|JUSTIFIED| 'Live/Installed PWA,G-35,Cache generation is luisa-24h-v101-84.,NOT_TESTED,,':'Live/Installed PWA,G-35,Cache generation is luisa-24h-v101-86.,NOT_TESTED,,',"
reports/stale_reference_scan.txt,429,VERIFIED,Recomputed/generated from current staging evidence; immutable reopen must independently verify.,"HISTORICAL_COMPATIBILITY_PROVENANCE|scripts/l24h_v10186_title_help_r2_build.py:391|luisa-24h-v101-86|JUSTIFIED| 'Live/Installed PWA,G-35,Cache generation is luisa-24h-v101-84.,NOT_TESTED,,':'Live/Installed PWA,G-35,Cache generation is luisa-24h-v101-86.,NOT_TESTED,,',"
reports/stale_reference_scan.txt,430,VERIFIED,Recomputed/generated from current staging evidence; immutable reopen must independently verify.,"HISTORICAL_COMPATIBILITY_PROVENANCE|scripts/l24h_v10186_title_help_r2_build.py:392|v101.85|JUSTIFIED| 'Live/Installed PWA,G-36,Existing install updates to v101.85 without loss of supported personal data; retired legacy ◈ marks are not preserved.,NOT_TESTED,,':'Live/Installed PWA,G-36,Existing install updates to v101.86 "
reports/stale_reference_scan.txt,431,VERIFIED,Recomputed/generated from current staging evidence; immutable reopen must independently verify.,"CURRENT|scripts/l24h_v10186_title_help_r2_build.py:392|v101.86|JUSTIFIED| 'Live/Installed PWA,G-36,Existing install updates to v101.85 without loss of supported personal data; retired legacy ◈ marks are not preserved.,NOT_TESTED,,':'Live/Installed PWA,G-36,Existing install updates to v101.86 "
reports/stale_reference_scan.txt,432,VERIFIED,Recomputed/generated from current staging evidence; immutable reopen must independently verify.,"HISTORICAL_COMPATIBILITY_PROVENANCE|scripts/l24h_v10186_title_help_r2_build.py:395|v101.85|JUSTIFIED| 'User feedback,G-80,v101.85 backup round-trip preserves title marks and schema-7/snapshot-4 migration preserves prior data.,NOT_TESTED,,':'User feedback,G-80,v101.86 backup round-trip preserves title marks and schema-7/"
reports/stale_reference_scan.txt,433,VERIFIED,Recomputed/generated from current staging evidence; immutable reopen must independently verify.,"CURRENT|scripts/l24h_v10186_title_help_r2_build.py:395|v101.86|JUSTIFIED| 'User feedback,G-80,v101.85 backup round-trip preserves title marks and schema-7/snapshot-4 migration preserves prior data.,NOT_TESTED,,':'User feedback,G-80,v101.86 backup round-trip preserves title marks and schema-7/"
reports/stale_reference_scan.txt,434,VERIFIED,Recomputed/generated from current staging evidence; immutable reopen must independently verify.,"HISTORICAL_COMPATIBILITY_PROVENANCE|scripts/l24h_v10186_title_help_r2_build.py:416|v101.85|JUSTIFIED| badstrings=['Visible version v101.85','luisa-24h-v101-84','updates to v101.85','same v101.85 build','Export/import a v101.85 backup','greater than 4','review is already closed','states that the editorial review of the c"
reports/stale_reference_scan.txt,435,VERIFIED,Recomputed/generated from current staging evidence; immutable reopen must independently verify.,"HISTORICAL_COMPATIBILITY_PROVENANCE|scripts/l24h_v10186_title_help_r2_build.py:416|luisa-24h-v101-84|JUSTIFIED| badstrings=['Visible version v101.85','luisa-24h-v101-84','updates to v101.85','same v101.85 build','Export/import a v101.85 backup','greater than 4','review is already closed','states that the editorial review of the c"
reports/stale_reference_scan.txt,436,VERIFIED,Recomputed/generated from current staging evidence; immutable reopen must independently verify.,"HISTORICAL_COMPATIBILITY_PROVENANCE|scripts/l24h_v10186_title_help_r2_build.py:416|v101.85|JUSTIFIED| badstrings=['Visible version v101.85','luisa-24h-v101-84','updates to v101.85','same v101.85 build','Export/import a v101.85 backup','greater than 4','review is already closed','states that the editorial review of the c"
reports/stale_reference_scan.txt,437,VERIFIED,Recomputed/generated from current staging evidence; immutable reopen must independently verify.,"HISTORICAL_COMPATIBILITY_PROVENANCE|scripts/l24h_v10186_title_help_r2_build.py:416|v101.85|JUSTIFIED| badstrings=['Visible version v101.85','luisa-24h-v101-84','updates to v101.85','same v101.85 build','Export/import a v101.85 backup','greater than 4','review is already closed','states that the editorial review of the c"
reports/stale_reference_scan.txt,438,VERIFIED,Recomputed/generated from current staging evidence; immutable reopen must independently verify.,"HISTORICAL_COMPATIBILITY_PROVENANCE|scripts/l24h_v10186_title_help_r2_build.py:416|v101.85|JUSTIFIED| badstrings=['Visible version v101.85','luisa-24h-v101-84','updates to v101.85','same v101.85 build','Export/import a v101.85 backup','greater than 4','review is already closed','states that the editorial review of the c"
reports/stale_reference_scan.txt,439,VERIFIED,Recomputed/generated from current staging evidence; immutable reopen must independently verify.,"CURRENT|scripts/l24h_v10186_title_help_r2_build.py:419|v101.86|JUSTIFIED| required=['Visible version v101.86','luisa-24h-v101-86','greater than 5','G-85','GE / Lumen Luminis / septembre 2021']"
reports/stale_reference_scan.txt,440,VERIFIED,Recomputed/generated from current staging evidence; immutable reopen must independently verify.,"HISTORICAL_COMPATIBILITY_PROVENANCE|scripts/l24h_v10186_title_help_r2_build.py:419|luisa-24h-v101-86|JUSTIFIED| required=['Visible version v101.86','luisa-24h-v101-86','greater than 5','G-85','GE / Lumen Luminis / septembre 2021']"
reports/stale_reference_scan.txt,441,VERIFIED,Recomputed/generated from current staging evidence; immutable reopen must independently verify.,"HISTORICAL_COMPATIBILITY_PROVENANCE|scripts/l24h_v10186_title_help_r2_build.py:443|v101.85|JUSTIFIED| sw=stage/'sw.js';ws=sw.read_text('utf-8');ws=ws.replace('/* v101.85 */','/* v101.86 */',1).replace(""const CACHE_NAME = 'luisa-24h-v101-85';"",""const CACHE_NAME = 'luisa-24h-v101-86';"",1);sw.write_text(ws,'utf-8')"
reports/stale_reference_scan.txt,442,VERIFIED,Recomputed/generated from current staging evidence; immutable reopen must independently verify.,"CURRENT|scripts/l24h_v10186_title_help_r2_build.py:443|v101.86|JUSTIFIED| sw=stage/'sw.js';ws=sw.read_text('utf-8');ws=ws.replace('/* v101.85 */','/* v101.86 */',1).replace(""const CACHE_NAME = 'luisa-24h-v101-85';"",""const CACHE_NAME = 'luisa-24h-v101-86';"",1);sw.write_text(ws,'utf-8')"
reports/stale_reference_scan.txt,443,VERIFIED,Recomputed/generated from current staging evidence; immutable reopen must independently verify.,"HISTORICAL_COMPATIBILITY_PROVENANCE|scripts/l24h_v10186_title_help_r2_build.py:443|luisa-24h-v101-85|JUSTIFIED| sw=stage/'sw.js';ws=sw.read_text('utf-8');ws=ws.replace('/* v101.85 */','/* v101.86 */',1).replace(""const CACHE_NAME = 'luisa-24h-v101-85';"",""const CACHE_NAME = 'luisa-24h-v101-86';"",1);sw.write_text(ws,'utf-8')"
reports/stale_reference_scan.txt,444,VERIFIED,Recomputed/generated from current staging evidence; immutable reopen must independently verify.,"HISTORICAL_COMPATIBILITY_PROVENANCE|scripts/l24h_v10186_title_help_r2_build.py:443|luisa-24h-v101-86|JUSTIFIED| sw=stage/'sw.js';ws=sw.read_text('utf-8');ws=ws.replace('/* v101.85 */','/* v101.86 */',1).replace(""const CACHE_NAME = 'luisa-24h-v101-85';"",""const CACHE_NAME = 'luisa-24h-v101-86';"",1);sw.write_text(ws,'utf-8')"
reports/stale_reference_scan.txt,445,VERIFIED,Recomputed/generated from current staging evidence; immutable reopen must independently verify.,CURRENT|scripts/l24h_v10186_title_help_r2_build.py:444|v101.86|JUSTIFIED| v=json.loads((stage/'version.json').read_text('utf-8'));v['app_version']='v101.86';v['build_date']=BUILD_DATE;v['evidence_stage']='24H-TITLE-HELP-TH1-R2-AUDIT-RECONCILED';v['status']='PREPUBLIC_TITLE_HELP_R2_AUDIT_RECON
reports/stale_reference_scan.txt,446,VERIFIED,Recomputed/generated from current staging evidence; immutable reopen must independently verify.,CURRENT|scripts/l24h_v10186_title_help_r2_build.py:444|v101.86|JUSTIFIED| v=json.loads((stage/'version.json').read_text('utf-8'));v['app_version']='v101.86';v['build_date']=BUILD_DATE;v['evidence_stage']='24H-TITLE-HELP-TH1-R2-AUDIT-RECONCILED';v['status']='PREPUBLIC_TITLE_HELP_R2_AUDIT_RECON
reports/stale_reference_scan.txt,447,VERIFIED,Recomputed/generated from current staging evidence; immutable reopen must independently verify.,"CURRENT|scripts/l24h_v10186_title_help_r2_build.py:445|v101.86|JUSTIFIED| m=json.loads((stage/'manifest.json').read_text('utf-8'));m['version']='v101.86';(stage/'manifest.json').write_text(json.dumps(m,ensure_ascii=False,indent=2)+'\n','utf-8')"
reports/stale_reference_scan.txt,448,VERIFIED,Recomputed/generated from current staging evidence; immutable reopen must independently verify.,"HISTORICAL_COMPATIBILITY_PROVENANCE|scripts/l24h_v10186_title_help_r2_build.py:446|v101.85|JUSTIFIED| readme=(stage/'README.md').read_text('utf-8');readme=readme.replace('Version: `v101.85`','Version: `v101.86`',1);note='''\n## v101.86 — Stage TH1 title-highlight UX + Aide/À propos reconciliation (19 August 2026)\n\n- A"
reports/stale_reference_scan.txt,449,VERIFIED,Recomputed/generated from current staging evidence; immutable reopen must independently verify.,"CURRENT|scripts/l24h_v10186_title_help_r2_build.py:446|v101.86|JUSTIFIED| readme=(stage/'README.md').read_text('utf-8');readme=readme.replace('Version: `v101.85`','Version: `v101.86`',1);note='''\n## v101.86 — Stage TH1 title-highlight UX + Aide/À propos reconciliation (19 August 2026)\n\n- A"
reports/stale_reference_scan.txt,450,VERIFIED,Recomputed/generated from current staging evidence; immutable reopen must independently verify.,"CURRENT|scripts/l24h_v10186_title_help_r2_build.py:446|v101.86|JUSTIFIED| readme=(stage/'README.md').read_text('utf-8');readme=readme.replace('Version: `v101.85`','Version: `v101.86`',1);note='''\n## v101.86 — Stage TH1 title-highlight UX + Aide/À propos reconciliation (19 August 2026)\n\n- A"
reports/stale_reference_scan.txt,451,VERIFIED,Recomputed/generated from current staging evidence; immutable reopen must independently verify.,"HISTORICAL_COMPATIBILITY_PROVENANCE|scripts/l24h_v10186_title_help_r2_build.py:446|v101.85|JUSTIFIED| readme=(stage/'README.md').read_text('utf-8');readme=readme.replace('Version: `v101.85`','Version: `v101.86`',1);note='''\n## v101.86 — Stage TH1 title-highlight UX + Aide/À propos reconciliation (19 August 2026)\n\n- A"
reports/stale_reference_scan.txt,452,VERIFIED,Recomputed/generated from current staging evidence; immutable reopen must independently verify.,CURRENT|scripts/l24h_v10186_title_help_r2_build.py:448|v101.86|JUSTIFIED|## v101.86 — TH1-R2 audit reconciliation (19 August 2026)
reports/stale_reference_scan.txt,453,VERIFIED,Recomputed/generated from current staging evidence; immutable reopen must independently verify.,CURRENT|scripts/l24h_v10186_title_help_r2_build.py:451|v101.86|JUSTIFIED|- Active physical-device/live QA checklist and results template are reconciled to v101.86/schema 8/snapshot 5/current cache/title-highlight Help truth.
reports/stale_reference_scan.txt,454,VERIFIED,Recomputed/generated from current staging evidence; immutable reopen must independently verify.,"CURRENT|scripts/l24h_v10186_title_help_r2_build.py:456|v101.86|JUSTIFIED| marker='Version: `v101.86`\n';readme=readme.replace(marker,marker+r2note+note,1);(stage/'README.md').write_text(readme,'utf-8')"
reports/stale_reference_scan.txt,455,VERIFIED,Recomputed/generated from current staging evidence; immutable reopen must independently verify.,"CURRENT|scripts/l24h_v10186_title_help_r2_build.py:468|v101.86|JUSTIFIED|  'version_v10186':""const APP_VERSION = 'v101.86';"" in s,"
reports/stale_reference_scan.txt,456,VERIFIED,Recomputed/generated from current staging evidence; immutable reopen must independently verify.,CURRENT|sw.js:1|v101.86|JUSTIFIED|/* v101.86 */
reports/stale_reference_scan.txt,457,VERIFIED,Recomputed/generated from current staging evidence; immutable reopen must independently verify.,HISTORICAL_COMPATIBILITY_PROVENANCE|sw.js:2|luisa-24h-v101-86|JUSTIFIED|const CACHE_NAME = 'luisa-24h-v101-86';
reports/stale_reference_scan.txt,458,VERIFIED,Recomputed/generated from current staging evidence; immutable reopen must independently verify.,"HISTORICAL_COMPATIBILITY_PROVENANCE|sw.js:19|v101.53|JUSTIFIED|/* v101.53 FINDING-01 fix: cache.addAll() fetches with the DEFAULT cache mode, which consults the"
reports/stale_reference_scan.txt,459,VERIFIED,Recomputed/generated from current staging evidence; immutable reopen must independently verify.,"HISTORICAL_COMPATIBILITY_PROVENANCE|sw.js:35|v101.7|JUSTIFIED|self.addEventListener('fetch', event => { if(event.request.method!=='GET') return; if(event.request.url.includes('version.json')) return; event.respondWith((async()=>{ const cache=await caches.open(CACHE_NAME); const cac"
reports/stale_reference_scan.txt,460,VERIFIED,Recomputed/generated from current staging evidence; immutable reopen must independently verify.,"CURRENT|version.json:2|v101.86|JUSTIFIED|  ""app_version"": ""v101.86"","
reports/stale_reference_scan.txt,461,VERIFIED,Recomputed/generated from current staging evidence; immutable reopen must independently verify.,"CURRENT|version.json:4|2026-08-19|JUSTIFIED|  ""build_date"": ""2026-08-19"","
reports/stale_reference_scan.txt,462,VERIFIED,Recomputed/generated from current staging evidence; immutable reopen must independently verify.,"CURRENT|version.json:6|v101.86|JUSTIFIED|  ""real_device_status"": ""Static/browser/package validation only until final audits pass; exact v101.86 iPhone/iPad/Samsung, installed-PWA/offline/live-origin, assistive-technology and rollback certification remain NOT_TE"
reports/pass4_contradiction_stale_scan.txt,1,VERIFIED,Recomputed/generated from current staging evidence; immutable reopen must independently verify.,status=PASS
reports/pass4_contradiction_stale_scan.txt,2,VERIFIED,Recomputed/generated from current staging evidence; immutable reopen must independently verify.,unjustified=0
reports/pass4_contradiction_stale_scan.txt,3,VERIFIED,Recomputed/generated from current staging evidence; immutable reopen must independently verify.,active_contradictions=0
reports/pass4_contradiction_stale_scan.txt,4,VERIFIED,Recomputed/generated from current staging evidence; immutable reopen must independently verify.,scanned_occurrences=460
