authority_id,lane,record_id,epistemic_class,operation_type,current_text,current_sha256,target_text,target_sha256,edit_operations_json,evidence_source,source_authority,known_contradiction_screen,recension_sensitive,future_dependency,prior_status,recommended_action,rationale
INTERIM-LOCAL-PASSION24.HOUR.02.P001,LOCAL_24H,PASSION24.HOUR.02.P001,A_RECENSION_INVARIANT_CLOSED,REPLACE_TEXT_SPAN,"Mon adorable Jésus, j’ai pris part à tes Souffrances et à celles de ta Maman dans vos dernières Étreintes. Je vois que Tu Te décides à partir pour aller là où T’appelle la Volonté du Père. Il est si grand l’Amour entre Toi et ta Mère, ta douce Reine, qu’il Vous rend inséparables.",ed91fdb0aa9bece095ad6fa349214518cda2f218c0c028526668a4e96d5e21ff,"Mon adorable Jésus, j’ai pris part à tes Souffrances et à celles de ta Maman dans vos dernières Étreintes. Je vois que Tu Te décides à partir pour aller là où T’appelle la Volonté du Père. Il est si grand, l’Amour entre Toi et ta Mère, ta douce Reine, qu’il Vous rend inséparables.",11fe5fe0dd8ba780ad610681a367b724df1714737b71bf27c2294885b3515424,"[{""op"": ""insert"", ""old_start"": 204, ""old_end"": 204, ""old_text"": """", ""new_text"": "",""}]",NATIVE_24H_RESIDUAL_TERMINAL_WORKING.csv,,PASS,False,NONE_KNOWN,PRE_MUTATION_OPERATION_FROZEN,INCLUDE_IN_INTERIM_SUCCESSOR_AFTER_EXPLICIT_AUTHORIZATION,Closed local French/punctuation/case/syntax repair in native 24H; no overlap with upstream LDC lane; no known recension dependency.
INTERIM-LOCAL-PASSION24.HOUR.02.P008,LOCAL_24H,PASSION24.HOUR.02.P008,A_RECENSION_INVARIANT_CLOSED,REPLACE_TEXT_SPAN,"Elle est si grande sa Douleur que, tandis qu’elle veut Te dire adieu, sa Voix s’étouffe sur ses Lèvres. Elle s’évanouit presque. Et dans son tourment d’Amour, elle dit :",1bed5eb6aacd66646e589f583b079330cfacf6024cc6c9a7b24f0fa5d0667e41,"Elle est si grande, sa Douleur, que, tandis qu’elle veut Te dire adieu, sa Voix s’étouffe sur ses Lèvres. Elle s’évanouit presque. Et dans son tourment d’Amour, elle dit :",f81091c83077026cc1201205b50fd11aa9395fe7590e9a3a49870fb03f9b2188,"[{""op"": ""insert"", ""old_start"": 18, ""old_end"": 18, ""old_text"": """", ""new_text"": "",""}, {""op"": ""insert"", ""old_start"": 29, ""old_end"": 29, ""old_text"": """", ""new_text"": "",""}]",NATIVE_24H_RESIDUAL_TERMINAL_WORKING.csv,,PASS,False,NONE_KNOWN,PRE_MUTATION_OPERATION_FROZEN,INCLUDE_IN_INTERIM_SUCCESSOR_AFTER_EXPLICIT_AUTHORIZATION,Closed local French/punctuation/case/syntax repair in native 24H; no overlap with upstream LDC lane; no known recension dependency.
INTERIM-LOCAL-PASSION24.HOUR.04.P031,LOCAL_24H,PASSION24.HOUR.04.P031,A_RECENSION_INVARIANT_CLOSED,REPLACE_TEXT_SPAN,"Vois, ô Père, que peu d’heures Me restent sur cette terre. Qui aura le cœur de laisser mes enfants orphelins et seuls ? Ils sont nombreux leurs ennemis. Elles sont épaisses les ténèbres qui les couvrent. Elle est grande leur faiblesse. Qui les aidera ?",6e983cebe13f26acd5486da4a19e2090ff310e5603d4eb43caadc32efe602912,"Vois, ô Père, que peu d’heures Me restent sur cette terre. Qui aura le cœur de laisser mes enfants orphelins et seuls ? Ils sont nombreux, leurs ennemis. Elles sont épaisses, les ténèbres qui les couvrent. Elle est grande, leur faiblesse. Qui les aidera ?",53bd70ab53e446df7ba5b3c668f1c00bf9335c2c57aaf3841b8d382ace5fda74,"[{""op"": ""insert"", ""old_start"": 137, ""old_end"": 137, ""old_text"": """", ""new_text"": "",""}, {""op"": ""insert"", ""old_start"": 172, ""old_end"": 172, ""old_text"": """", ""new_text"": "",""}, {""op"": ""insert"", ""old_start"": 219, ""old_end"": 219, ""old_text"": """", ""new_text"": "",""}]",NATIVE_24H_RESIDUAL_TERMINAL_WORKING.csv,,PASS,False,NONE_KNOWN,PRE_MUTATION_OPERATION_FROZEN,INCLUDE_IN_INTERIM_SUCCESSOR_AFTER_EXPLICIT_AUTHORIZATION,Closed local French/punctuation/case/syntax repair in native 24H; no overlap with upstream LDC lane; no known recension dependency.
INTERIM-LOCAL-PASSION24.HOUR.04.P073,LOCAL_24H,PASSION24.HOUR.04.P073,A_RECENSION_INVARIANT_CLOSED,REPLACE_TEXT_SPAN,"Combien de fois, mon Amour, es-Tu contraint de descendre du Ciel entre des mains et dans des poitrines indignes.",844ff0b2d27fe837ea606c90602d5fd5edbee0478da05a4ead39e5bbae1445bd,"Combien de fois, mon Amour, es-Tu contraint de descendre du Ciel entre des mains et dans des poitrines indignes !",7cdee25879ad4f3b48094afafea4cf69bf1d72696e2b86886178de9a0212de35,"[{""op"": ""replace"", ""old_start"": 111, ""old_end"": 112, ""old_text"": ""."", ""new_text"": "" !""}]",NATIVE_24H_RESIDUAL_TERMINAL_WORKING.csv,,PASS,False,NONE_KNOWN,PRE_MUTATION_OPERATION_FROZEN,INCLUDE_IN_INTERIM_SUCCESSOR_AFTER_EXPLICIT_AUTHORIZATION,Closed local French/punctuation/case/syntax repair in native 24H; no overlap with upstream LDC lane; no known recension dependency.
INTERIM-LOCAL-PASSION24.HOUR.07.P010,LOCAL_24H,PASSION24.HOUR.07.P010,A_RECENSION_INVARIANT_CLOSED,REPLACE_TEXT_SPAN,"Par conséquent : Je compatis avec Toi pour ces âmes dont les négligences, les légèretés et les offenses sont particulièrement amères à ton Cœur.",8edf9178c4b5a412c943d18431c71c91011e5df911de11dbfd45ca1b96dcce87,"Par conséquent, je compatis avec Toi pour ces âmes dont les négligences, les légèretés et les offenses sont particulièrement amères à ton Cœur.",e6dc330a13b260a44a9008a43dd60ad008f056bc1510e37bbaeb33d0661ce4be,"[{""op"": ""replace"", ""old_start"": 14, ""old_end"": 16, ""old_text"": "" :"", ""new_text"": "",""}, {""op"": ""replace"", ""old_start"": 17, ""old_end"": 18, ""old_text"": ""J"", ""new_text"": ""j""}]",NATIVE_24H_RESIDUAL_TERMINAL_WORKING.csv,,PASS,False,NONE_KNOWN,PRE_MUTATION_OPERATION_FROZEN,INCLUDE_IN_INTERIM_SUCCESSOR_AFTER_EXPLICIT_AUTHORIZATION,Closed local French/punctuation/case/syntax repair in native 24H; no overlap with upstream LDC lane; no known recension dependency.
INTERIM-LOCAL-PASSION24.HOUR.07.P049,LOCAL_24H,PASSION24.HOUR.07.P049,A_RECENSION_INVARIANT_CLOSED,REPLACE_TEXT_SPAN,"2. Cheminons encore et entrons dans les chambres des moribonds. Maman, quelle terreur ! Combien d’âmes sont sur le point de tomber en enfer ! Combien de gens, après une vie de péchés, donnent l’ultime douleur au Cœur de Jésus en accompagnant leur dernier souffle d’un acte de désespoir.",65ecdd472e3a0bc42a209dadc4db4561adfdf3f39fff8bc4d0b66dfa114e7ee0,"2. Cheminons encore et entrons dans les chambres des moribonds. Maman, quelle terreur ! Combien d’âmes sont sur le point de tomber en enfer ! Combien de gens, après une vie de péchés, donnent l’ultime douleur au Cœur de Jésus en accompagnant leur dernier souffle d’un acte de désespoir !",4e054f11b115715b184316b374679b5b31d7bfc767d48d741623cb908fc809eb,"[{""op"": ""replace"", ""old_start"": 285, ""old_end"": 286, ""old_text"": ""."", ""new_text"": "" !""}]",NATIVE_24H_RESIDUAL_TERMINAL_WORKING.csv,,PASS,False,NONE_KNOWN,PRE_MUTATION_OPERATION_FROZEN,INCLUDE_IN_INTERIM_SUCCESSOR_AFTER_EXPLICIT_AUTHORIZATION,Closed local French/punctuation/case/syntax repair in native 24H; no overlap with upstream LDC lane; no known recension dependency.
INTERIM-LOCAL-PASSION24.HOUR.07.P065,LOCAL_24H,PASSION24.HOUR.07.P065,A_RECENSION_INVARIANT_CLOSED,REPLACE_TEXT_SPAN,"Par conséquent, donnons-leur le Sang de Jésus pour qu’ils trouvent en Lui la force et la grâce de ne pas tomber dans le péché.",02955a75aaffbfca90ea9a480e7efb8ecf603d58a90a753bc540585ff9127498,"Par conséquent, donnons-leur le Sang de Jésus pour qu’elles trouvent en Lui la force et la grâce de ne pas tomber dans le péché.",7cc8d108b2ede68823f29687fbf0a2e1bba68cef38b60c04dfff0a21034764e2,"[{""op"": ""replace"", ""old_start"": 54, ""old_end"": 55, ""old_text"": ""i"", ""new_text"": ""e""}, {""op"": ""insert"", ""old_start"": 56, ""old_end"": 56, ""old_text"": """", ""new_text"": ""le""}]",NATIVE_24H_RESIDUAL_TERMINAL_WORKING.csv,,PASS,False,NONE_KNOWN,PRE_MUTATION_OPERATION_FROZEN,INCLUDE_IN_INTERIM_SUCCESSOR_AFTER_EXPLICIT_AUTHORIZATION,Closed local French/punctuation/case/syntax repair in native 24H; no overlap with upstream LDC lane; no known recension dependency.
INTERIM-LOCAL-PASSION24.HOUR.07.P069,LOCAL_24H,PASSION24.HOUR.07.P069,A_RECENSION_INVARIANT_CLOSED,REPLACE_TEXT_SPAN,"Le Ciel les regarde et pleure de douleur. La terre les regarde avec dégoût. Tous les éléments sont contre elles et voudraient les détruire, parce qu’elles sont les ennemis du Créateur.",9e7c2d43ce4ad685803ecf300f691dd7946ae0d5db515378b01a81527839c718,"Le Ciel les regarde et pleure de douleur. La terre les regarde avec dégoût. Tous les éléments sont contre elles et voudraient les détruire, parce qu’elles sont les ennemies du Créateur.",223d8c2a86ce517e21023a0c0b32e8fe92d8552424cea1fffc8b2c5ce9a7d81f,"[{""op"": ""insert"", ""old_start"": 170, ""old_end"": 170, ""old_text"": """", ""new_text"": ""e""}]",NATIVE_24H_RESIDUAL_TERMINAL_WORKING.csv,,PASS,False,NONE_KNOWN,PRE_MUTATION_OPERATION_FROZEN,INCLUDE_IN_INTERIM_SUCCESSOR_AFTER_EXPLICIT_AUTHORIZATION,Closed local French/punctuation/case/syntax repair in native 24H; no overlap with upstream LDC lane; no known recension dependency.
INTERIM-LOCAL-PASSION24.HOUR.07.P081,LOCAL_24H,PASSION24.HOUR.07.P081,A_RECENSION_INVARIANT_CLOSED,REPLACE_TEXT_SPAN,"Combien de douleurs Jésus ne ressent-Il pas dans ces régions. Lui qui est la Vie de tous, n’a en retour pas même un petit acte d’amour de ces âmes. Il n’est pas connu de ses propres créatures. De grâce, Maman, donnons-leur ce Sang, afin qu’Il mette en fuite les ténèbres de l’ignorance et de l’hérésie.",43eb6ab7c5df99e0aca3f0208c7234667b9339740626868d182bd1d82b3a904e,"Combien de douleurs Jésus ne ressent-Il pas dans ces régions ! Lui qui est la Vie de tous, n’a en retour pas même un petit acte d’amour de ces âmes. Il n’est pas connu de ses propres créatures. De grâce, Maman, donnons-leur ce Sang, afin qu’Il mette en fuite les ténèbres de l’ignorance et de l’hérésie.",b26a9a4b37924555a3410a5b8385e85296333d355e7bd5994aaaa00df4e4494d,"[{""op"": ""replace"", ""old_start"": 60, ""old_end"": 61, ""old_text"": ""."", ""new_text"": "" !""}]",NATIVE_24H_RESIDUAL_TERMINAL_WORKING.csv,,PASS,False,NONE_KNOWN,PRE_MUTATION_OPERATION_FROZEN,INCLUDE_IN_INTERIM_SUCCESSOR_AFTER_EXPLICIT_AUTHORIZATION,Closed local French/punctuation/case/syntax repair in native 24H; no overlap with upstream LDC lane; no known recension dependency.
INTERIM-LOCAL-PASSION24.HOUR.07.P115,LOCAL_24H,PASSION24.HOUR.07.P115,A_RECENSION_INVARIANT_CLOSED,REPLACE_TEXT_SPAN,"Je vois que Jésus ne cherche pas tellement la lumière, les étoiles, les fleurs, les oiseaux. Il veut des âmes, des âmes ! Mon doux Bien, ta chère Maman est tout près de Toi. Repose-Toi entre ses Bras. Elle sera réconfortée elle aussi en Te pressant sur son Sein. Parce qu’elle a pris grande part à ta douloureuse Agonie.",a7f0f281de8b98e96d9a629603a283013850deb12390f407025a44320b121284,"Je vois que Jésus ne cherche pas tellement la lumière, les étoiles, les fleurs, les oiseaux. Il veut des âmes, des âmes ! Mon doux Bien, ta chère Maman est tout près de Toi. Repose-Toi entre ses Bras. Elle sera réconfortée elle aussi en Te pressant sur son Sein, parce qu’elle a pris grande part à ta douloureuse Agonie.",1087430f42bae9afa9d9509f1bfa5cc092e25ab773f23d8bd239c242d1febeb9,"[{""op"": ""replace"", ""old_start"": 261, ""old_end"": 262, ""old_text"": ""."", ""new_text"": "",""}, {""op"": ""replace"", ""old_start"": 263, ""old_end"": 264, ""old_text"": ""P"", ""new_text"": ""p""}]",SAMPLE20_RESIDUAL_TERMINAL_WORKING.csv,,PASS,False,NONE_KNOWN,PRE_MUTATION_OPERATION_FROZEN,INCLUDE_IN_INTERIM_SUCCESSOR_AFTER_EXPLICIT_AUTHORIZATION,Closed local French/punctuation/case/syntax repair in native 24H; no overlap with upstream LDC lane; no known recension dependency.
INTERIM-LOCAL-PASSION24.HOUR.08.P004,LOCAL_24H,PASSION24.HOUR.08.P004,A_RECENSION_INVARIANT_CLOSED,REPLACE_TEXT_SPAN,"Mais, mon doux Bien, quelle scène émouvante je vois : Le premier qui se présente est le perfide Judas. Il s’approche de Toi. Il met ses bras autour de ton Cou, il Te salue et Te donne le baiser. Et Toi, Amour infini, Tu ne dédaignes pas de donner un baiser à ses lèvres infernales : Tu l’embrasses et même Tu le serres sur ton Cœur. Tu lui donnes un nouveau signe d’Amour pour l’arracher à l’enfer. Mon Jésus, comment est-ce possible qu’il ne T’aime pas ? La tendresse de ton Amour est telle qu’elle devrait amener tout cœur à T’aimer. Et pourtant Tu n’es pas aimé !",aa2a456be8ba2e8c90abb39c50f1c4f3932a773b4d085c5272e27648e262d090,"Mais, mon doux Bien, quelle scène émouvante je vois : le premier qui se présente est le perfide Judas. Il s’approche de Toi. Il met ses bras autour de ton Cou, il Te salue et Te donne le baiser. Et Toi, Amour infini, Tu ne dédaignes pas de donner un baiser à ses lèvres infernales : Tu l’embrasses et même Tu le serres sur ton Cœur. Tu lui donnes un nouveau signe d’Amour pour l’arracher à l’enfer. Mon Jésus, comment est-ce possible qu’il ne T’aime pas ? La tendresse de ton Amour est telle qu’elle devrait amener tout cœur à T’aimer. Et pourtant Tu n’es pas aimé !",95c4dc7c9bdbd86c52592e50410d3e3b9835cdba23e8dc0f5f10da3b0b1bd565,"[{""op"": ""replace"", ""old_start"": 54, ""old_end"": 55, ""old_text"": ""L"", ""new_text"": ""l""}]",NATIVE_24H_RESIDUAL_TERMINAL_WORKING.csv,,PASS,False,NONE_KNOWN,PRE_MUTATION_OPERATION_FROZEN,INCLUDE_IN_INTERIM_SUCCESSOR_AFTER_EXPLICIT_AUTHORIZATION,Closed local French/punctuation/case/syntax repair in native 24H; no overlap with upstream LDC lane; no known recension dependency.
INTERIM-LOCAL-PASSION24.HOUR.09.P018,LOCAL_24H,PASSION24.HOUR.09.P018,A_RECENSION_INVARIANT_CLOSED,REPLACE_TEXT_SPAN,"Tel est l’état lamentable des créatures quand elles commettent le péché : Elles se couvrent d’un manteau de saletés répugnantes, à en dégoûter le Ciel et la terre, attirant ainsi les foudres de la Justice divine !",b9348d8e970239ee63d1fcc1aa0b5f58ae1b456dca1a805939610b675de23fbf,"Tel est l’état lamentable des créatures quand elles commettent le péché : elles se couvrent d’un manteau de saletés répugnantes, à en dégoûter le Ciel et la terre, attirant ainsi les foudres de la Justice divine !",c6044b651979b8e8084f1fb761e22814e06a4393be76c656d62e30ee3dc807be,"[{""op"": ""replace"", ""old_start"": 74, ""old_end"": 75, ""old_text"": ""E"", ""new_text"": ""e""}]",NATIVE_24H_RESIDUAL_TERMINAL_WORKING.csv,,PASS,False,NONE_KNOWN,PRE_MUTATION_OPERATION_FROZEN,INCLUDE_IN_INTERIM_SUCCESSOR_AFTER_EXPLICIT_AUTHORIZATION,Closed local French/punctuation/case/syntax repair in native 24H; no overlap with upstream LDC lane; no known recension dependency.
INTERIM-LOCAL-PASSION24.HOUR.12.P011,LOCAL_24H,PASSION24.HOUR.12.P011,A_RECENSION_INVARIANT_CLOSED,REPLACE_TEXT_SPAN,"Mon Bien tyrannisé, je vois, que les soldats fatigués et ivres veulent se reposer. Mais mon cœur brisé à la vue de tant de Souffrances, ne veut pas rester seul avec Toi. Il ressent le besoin d’une autre compagnie.",09cd24ad49ee2eaba7e4f40d6663375c25683b93cf6a3d193bf19d5b1ef03ec7,"Mon Bien tyrannisé, je vois que les soldats fatigués et ivres veulent se reposer. Mais mon cœur brisé à la vue de tant de Souffrances ne veut pas rester seul avec Toi. Il ressent le besoin d’une autre compagnie.",edab4d4885ef5d36fd5dab56467df795e4ba89ac8d8fd51e3c78ac5d91eb0c41,"[{""op"": ""delete"", ""old_start"": 27, ""old_end"": 28, ""old_text"": "","", ""new_text"": """"}, {""op"": ""delete"", ""old_start"": 134, ""old_end"": 135, ""old_text"": "","", ""new_text"": """"}]",NATIVE_24H_RESIDUAL_TERMINAL_WORKING.csv,,PASS,False,NONE_KNOWN,PRE_MUTATION_OPERATION_FROZEN,INCLUDE_IN_INTERIM_SUCCESSOR_AFTER_EXPLICIT_AUTHORIZATION,Closed local French/punctuation/case/syntax repair in native 24H; no overlap with upstream LDC lane; no known recension dependency.
INTERIM-LOCAL-PASSION24.HOUR.14.P009,LOCAL_24H,PASSION24.HOUR.14.P009,A_RECENSION_INVARIANT_CLOSED,REPLACE_TEXT_SPAN,"C’est pour Toi la Douleur de voir ta Maman affligée, pâle et accablée par le deuil. C’est sa Douleur de Te voir Toi, Soleil divin, éclipsé par tant d’opprobres et tout couvert de Sang.",a3034f5fe17ddf1954178159be0911a158d50f6550a3ad37d633f19da096d53a,"c’est pour Toi la Douleur de voir ta Maman affligée, pâle et accablée par le deuil. C’est sa Douleur de Te voir Toi, Soleil divin, éclipsé par tant d’opprobres et tout couvert de Sang.",a9b413dd67948ee54ba6773c45fd3f09bf2c98b81b859256f6ea41492cf7785c,"[{""op"": ""replace"", ""old_start"": 0, ""old_end"": 1, ""old_text"": ""C"", ""new_text"": ""c""}]",NATIVE_24H_RESIDUAL_TERMINAL_WORKING.csv,,PASS,False,NONE_KNOWN,PRE_MUTATION_OPERATION_FROZEN,INCLUDE_IN_INTERIM_SUCCESSOR_AFTER_EXPLICIT_AUTHORIZATION,Closed local French/punctuation/case/syntax repair in native 24H; no overlap with upstream LDC lane; no known recension dependency.
INTERIM-LOCAL-PASSION24.HOUR.15.P020,LOCAL_24H,PASSION24.HOUR.15.P020,A_RECENSION_INVARIANT_CLOSED,REPLACE_TEXT_SPAN,"Elle est si grande ta folie d’Amour, qu’au lieu de Te froisser de tout ce qu’on Te fait, Tu pries et répares pour les rois qui établissent leur règne en ruinant des peuples, pour les nombreux massacres qu’ils font, pour le sang qu’ils font couler par caprice, pour leurs péchés de curiosité, pour les fautes commises dans les cours et dans les armées.",302d4d5e0bced701df9ab4bce03d8b606a6c974162f7f794138afae50d4d252a,"Elle est si grande, ta folie d’Amour, qu’au lieu de Te froisser de tout ce qu’on Te fait, Tu pries et répares pour les rois qui établissent leur règne en ruinant des peuples, pour les nombreux massacres qu’ils font, pour le sang qu’ils font couler par caprice, pour leurs péchés de curiosité, pour les fautes commises dans les cours et dans les armées.",1bd86f5ded8fa784130bbd8d9858eb2d95c6ab52acd65fdcf658fa1ce0ad8169,"[{""op"": ""insert"", ""old_start"": 18, ""old_end"": 18, ""old_text"": """", ""new_text"": "",""}]",NATIVE_24H_RESIDUAL_TERMINAL_WORKING.csv,,PASS,False,NONE_KNOWN,PRE_MUTATION_OPERATION_FROZEN,INCLUDE_IN_INTERIM_SUCCESSOR_AFTER_EXPLICIT_AUTHORIZATION,Closed local French/punctuation/case/syntax repair in native 24H; no overlap with upstream LDC lane; no known recension dependency.
INTERIM-LOCAL-PASSION24.HOUR.16.P024,LOCAL_24H,PASSION24.HOUR.16.P024,A_RECENSION_INVARIANT_CLOSED,REPLACE_TEXT_SPAN,"Puis ils T’attachent à la colonne et ils font courir les cordes jusqu’à tes Pieds. Ils Te lient, si fermement que Tu ne peux faire aucun mouvement. Et ils font ainsi pour être plus libres de se déchaîner sur Toi ! Mon Jésus, Toi qui habilles toutes les choses créées, le soleil de lumière, le ciel d’étoiles, les plantes de feuilles, les oiseaux de plumes, Te voilà dévêtu ! Quelle effronterie !",f5d4ae959e1afb3a007e4e14cc9650cfa10a97b42c7513abeed0576197df3054,"Puis ils T’attachent à la colonne et ils font courir les cordes jusqu’à tes Pieds. Ils Te lient si fermement que Tu ne peux faire aucun mouvement. Et ils font ainsi pour être plus libres de se déchaîner sur Toi ! Mon Jésus, Toi qui habilles toutes les choses créées, le soleil de lumière, le ciel d’étoiles, les plantes de feuilles, les oiseaux de plumes, Te voilà dévêtu ! Quelle effronterie !",fe2b38eab4a8e0f7cb49db497407f03505c10ea10df1615c635dde005a6cc3ed,"[{""op"": ""delete"", ""old_start"": 95, ""old_end"": 96, ""old_text"": "","", ""new_text"": """"}]",NATIVE_24H_RESIDUAL_TERMINAL_WORKING.csv,,PASS,False,NONE_KNOWN,PRE_MUTATION_OPERATION_FROZEN,INCLUDE_IN_INTERIM_SUCCESSOR_AFTER_EXPLICIT_AUTHORIZATION,Closed local French/punctuation/case/syntax repair in native 24H; no overlap with upstream LDC lane; no known recension dependency.
INTERIM-LOCAL-PASSION24.HOUR.18.P015,LOCAL_24H,PASSION24.HOUR.18.P015,A_RECENSION_INVARIANT_CLOSED,REPLACE_TEXT_SPAN,"Apparemment, l’action de Me vêtir est bonne mais, dans leur cœur, elle est mauvaise. Combien de gens font de bonnes œuvres, administrent les sacrements ou les fréquentent, mais à des fins humaines, sinon carrément mauvaises.",13cabb04b68737e8153cf984f132afb63ed40770145f28c38e4d8d32c7d65f46,"Apparemment, l’action de Me vêtir est bonne mais, dans leur cœur, elle est mauvaise. Combien de gens font de bonnes œuvres, administrent les sacrements ou les fréquentent, mais à des fins humaines, sinon carrément mauvaises !",8539cb95ac7366a9877151cf83c51c98ae032ab92c7760a57979597c783d109c,"[{""op"": ""replace"", ""old_start"": 223, ""old_end"": 224, ""old_text"": ""."", ""new_text"": "" !""}]",NATIVE_24H_RESIDUAL_TERMINAL_WORKING.csv,,PASS,False,NONE_KNOWN,PRE_MUTATION_OPERATION_FROZEN,INCLUDE_IN_INTERIM_SUCCESSOR_AFTER_EXPLICIT_AUTHORIZATION,Closed local French/punctuation/case/syntax repair in native 24H; no overlap with upstream LDC lane; no known recension dependency.
INTERIM-LOCAL-PASSION24.HOUR.18.P027,LOCAL_24H,PASSION24.HOUR.18.P027,A_RECENSION_INVARIANT_CLOSED,REPLACE_TEXT_SPAN,"Et tandis que ton Humanité infiniment sainte frissonne de joie, Tu la regardes et en mesures la longueur et la largeur. Tu en établis une portion pour chaque créature. Tu en dotes suffisamment pour chacune, afin de la lier à la Divinité par le lien du mariage et pour la rendre héritière du Royaume des Cieux.",c1c7144e35384e8e4b50f6cb4fa16d3fd77ebb3ede46e568ddfb0df91daa3f35,"Et tandis que ton Humanité infiniment sainte frissonne de joie, Tu la regardes et en mesures la longueur et la largeur. Tu en établis une portion pour chaque créature. Tu en dotes suffisamment chacune, afin de la lier à la Divinité par le lien du mariage et pour la rendre héritière du Royaume des Cieux.",70f6de4da40b6acbeaa4ed1e259f613d61f5433c39927853003af4b6ec055c18,"[{""op"": ""delete"", ""old_start"": 193, ""old_end"": 198, ""old_text"": ""pour "", ""new_text"": """"}]",NATIVE_24H_RESIDUAL_TERMINAL_WORKING.csv,,PASS,False,NONE_KNOWN,PRE_MUTATION_OPERATION_FROZEN,INCLUDE_IN_INTERIM_SUCCESSOR_AFTER_EXPLICIT_AUTHORIZATION,Closed local French/punctuation/case/syntax repair in native 24H; no overlap with upstream LDC lane; no known recension dependency.
INTERIM-LOCAL-PASSION24.HOUR.18.P052,LOCAL_24H,PASSION24.HOUR.18.P052,A_RECENSION_INVARIANT_CLOSED,REPLACE_TEXT_SPAN,"Et comme Tu n’as pas la force de Te relever, tes ennemis, irrités, cherchent à Te remettre sur pied par des coups de pied et des bousculades. Mon Amour tombé sous la Croix, laisse-moi T’aider à Te remettre sur pieds. Je T’embrasse, j’essuie ton Sang. Je veux réparer pour ceux qui pèchent par ignorance ou fragilité. Je Te prie d’aider ces âmes.",c22e07cb6586e0e8d71654f9fac672cf9c4abdb9244830e81ada24aab6dc26e0,"Et comme Tu n’as pas la force de Te relever, tes ennemis, irrités, cherchent à Te remettre sur pied par des coups de pied et des bousculades. Mon Amour tombé sous la Croix, laisse-moi T’aider à Te remettre sur pied. Je T’embrasse, j’essuie ton Sang. Je veux réparer pour ceux qui pèchent par ignorance ou fragilité. Je Te prie d’aider ces âmes.",7c13c0c45439ceee8a00bf148321d847c443ab40841aaccb27d139dd456c3284,"[{""op"": ""delete"", ""old_start"": 214, ""old_end"": 215, ""old_text"": ""s"", ""new_text"": """"}]",NATIVE_24H_RESIDUAL_TERMINAL_WORKING.csv,,PASS,False,NONE_KNOWN,PRE_MUTATION_OPERATION_FROZEN,INCLUDE_IN_INTERIM_SUCCESSOR_AFTER_EXPLICIT_AUTHORIZATION,Closed local French/punctuation/case/syntax repair in native 24H; no overlap with upstream LDC lane; no known recension dependency.
INTERIM-LOCAL-PASSION24.HOUR.18.P055,LOCAL_24H,PASSION24.HOUR.18.P055,A_RECENSION_INVARIANT_CLOSED,REPLACE_TEXT_SPAN,"Tandis que Tu marches en chancelant, j’entends ton Souffle haletant. Ton Cœur bat plus fort et de nouvelles Peines Te transpercent. Tu secoues la Tête pour Te débarrasser les Yeux du Sang qui les remplit. Anxieux, Tu regardes. Ah ! mon Jésus, j’ai tout compris :",a9bf0763d696fd2bdfb3863362841cc63b9967cab24a6c09766b49de141f3d3c,"Tandis que Tu marches en chancelant, j’entends ton Souffle haletant. Ton Cœur bat plus fort et de nouvelles Peines Te transpercent. Tu secoues la Tête pour débarrasser tes Yeux du Sang qui les remplit. Anxieux, Tu regardes. Ah ! mon Jésus, j’ai tout compris :",a788358bf77f33f3207d9fc1b03df5547d891e85bc0aa6b9fc77d86179469a81,"[{""op"": ""delete"", ""old_start"": 156, ""old_end"": 159, ""old_text"": ""Te "", ""new_text"": """"}, {""op"": ""replace"", ""old_start"": 171, ""old_end"": 172, ""old_text"": ""l"", ""new_text"": ""t""}]",NATIVE_24H_RESIDUAL_TERMINAL_WORKING.csv,,PASS,False,NONE_KNOWN,PRE_MUTATION_OPERATION_FROZEN,INCLUDE_IN_INTERIM_SUCCESSOR_AFTER_EXPLICIT_AUTHORIZATION,Closed local French/punctuation/case/syntax repair in native 24H; no overlap with upstream LDC lane; no known recension dependency.
INTERIM-LOCAL-PASSION24.HOUR.18.P056,LOCAL_24H,PASSION24.HOUR.18.P056,A_RECENSION_INVARIANT_CLOSED,REPLACE_TEXT_SPAN,"Ta Maman qui, comme une colombe plaintive, cherche à Te rencontrer, elle veut Te dire une dernière parole et recevoir un dernier Regard de Toi. Tu la vois qui, pénétrant dans la foule, veut à tout prix Te voir, T’embrasser et Te faire un dernier adieu. Et Tu ressens son Cœur lacéré.",273213a9c9d04e29472df477184f355fed375c6016a310f3aa5f644cdbc48b3e,"ta Maman qui, comme une colombe plaintive, cherche à Te rencontrer, elle veut Te dire une dernière parole et recevoir un dernier Regard de Toi. Tu la vois qui, pénétrant dans la foule, veut à tout prix Te voir, T’embrasser et Te faire un dernier adieu. Et Tu ressens son Cœur lacéré.",b0326a1510fb8ba8bfc9676655f1be3957ee441ae4a30264b614421651ee9156,"[{""op"": ""replace"", ""old_start"": 0, ""old_end"": 1, ""old_text"": ""T"", ""new_text"": ""t""}]",NATIVE_24H_RESIDUAL_TERMINAL_WORKING.csv,,PASS,False,NONE_KNOWN,PRE_MUTATION_OPERATION_FROZEN,INCLUDE_IN_INTERIM_SUCCESSOR_AFTER_EXPLICIT_AUTHORIZATION,Closed local French/punctuation/case/syntax repair in native 24H; no overlap with upstream LDC lane; no known recension dependency.
INTERIM-LOCAL-PASSION24.HOUR.18.P058,LOCAL_24H,PASSION24.HOUR.18.P058,A_RECENSION_INVARIANT_CLOSED,REPLACE_TEXT_SPAN,"Si elle vit, c’est un pur miracle de ton Omnipotence. Tu fais des pas pour la rencontrer, Mais c’est à grand peine que Vous pouvez échanger un Regard ! Quels transpercements dans vos deux Cœurs ! Les soldats s’en aperçoivent. Par des bousculades, ils empêchent que la Maman et le Fils communiquent leur dernier adieu.",5b51e4c967e4cc071b5f58302b9caf99efa74447a7ffafd2c4ad6128b4ed2c7b,"Si elle vit, c’est un pur miracle de ton Omnipotence. Tu fais des pas pour la rencontrer, mais c’est à grand peine que Vous pouvez échanger un Regard ! Quels transpercements dans vos deux Cœurs ! Les soldats s’en aperçoivent. Par des bousculades, ils empêchent que la Maman et le Fils communiquent leur dernier adieu.",7ed067b45b73bb33d70138a6fb2755347fbeb2fdcdb256cc6e6f6b3497548d25,"[{""op"": ""replace"", ""old_start"": 90, ""old_end"": 91, ""old_text"": ""M"", ""new_text"": ""m""}]",NATIVE_24H_RESIDUAL_TERMINAL_WORKING.csv,,PASS,False,NONE_KNOWN,PRE_MUTATION_OPERATION_FROZEN,INCLUDE_IN_INTERIM_SUCCESSOR_AFTER_EXPLICIT_AUTHORIZATION,Closed local French/punctuation/case/syntax repair in native 24H; no overlap with upstream LDC lane; no known recension dependency.
INTERIM-LOCAL-PASSION24.HOUR.18.P063,LOCAL_24H,PASSION24.HOUR.18.P063,A_RECENSION_INVARIANT_CLOSED,REPLACE_TEXT_SPAN,"Elle entre en Toi, elle fait sien le Vouloir de l’Éternel, elle s’associe à toutes tes Peines, et elle Te fait office de Maman, elle Te donne des Baisers, Te refait, Te soulage, et elle verse en toutes tes Plaies le baume de son Amour endolori !",ae5a7f5de98eec608ad15342643772f20c5f59cb08c0f2958a42844086e2b858,"elle entre en Toi, elle fait sien le Vouloir de l’Éternel, elle s’associe à toutes tes Peines, et elle Te fait office de Maman, elle Te donne des Baisers, Te refait, Te soulage, et elle verse en toutes tes Plaies le baume de son Amour endolori !",41bdee4e27e6243183ab18731905737f925b4a4a3ae03bb7025d001fe3dfda1c,"[{""op"": ""replace"", ""old_start"": 0, ""old_end"": 1, ""old_text"": ""E"", ""new_text"": ""e""}]",NATIVE_24H_RESIDUAL_TERMINAL_WORKING.csv,,PASS,False,NONE_KNOWN,PRE_MUTATION_OPERATION_FROZEN,INCLUDE_IN_INTERIM_SUCCESSOR_AFTER_EXPLICIT_AUTHORIZATION,Closed local French/punctuation/case/syntax repair in native 24H; no overlap with upstream LDC lane; no known recension dependency.
INTERIM-LOCAL-PASSION24.HOUR.18.P079,LOCAL_24H,PASSION24.HOUR.18.P079,A_RECENSION_INVARIANT_CLOSED,REPLACE_TEXT_SPAN,"Mon Jésus, c’est à grand peine que, tout courbé, Tu avances. Mais je vois que Tu T’arrêtes et cherches du Regard. Mon Cœur, qu’est-ce c’est ? Que veux-Tu ?",8d897b660a4a7a1d1205b206e41d8594cf6a0921a8a9fb467dc55705f7a837b8,"Mon Jésus, c’est à grand peine que, tout courbé, Tu avances. Mais je vois que Tu T’arrêtes et cherches du Regard. Mon Cœur, qu’est-ce que c’est ? Que veux-Tu ?",167f61ec857217914c5ad4fbdf6d32e61ab0f55a382847b4e8b1802d398b77fb,"[{""op"": ""insert"", ""old_start"": 134, ""old_end"": 134, ""old_text"": """", ""new_text"": ""que ""}]",NATIVE_24H_RESIDUAL_TERMINAL_WORKING.csv,,PASS,False,NONE_KNOWN,PRE_MUTATION_OPERATION_FROZEN,INCLUDE_IN_INTERIM_SUCCESSOR_AFTER_EXPLICIT_AUTHORIZATION,Closed local French/punctuation/case/syntax repair in native 24H; no overlap with upstream LDC lane; no known recension dependency.
INTERIM-LOCAL-PASSION24.HOUR.18.P110,LOCAL_24H,PASSION24.HOUR.18.P110,A_RECENSION_INVARIANT_CLOSED,REPLACE_TEXT_SPAN,"Et tandis qu’ils T’arrachent tes vêtements, ils arrachent aussi les Chairs lacérées qui y sont collées. Tes Plaies se déchirent, et c’est à ruisseaux que ton Sang coule. Elle est si grande ta Souffrance que, presque mort, Tu T’écroules. Mais personne n’a pitié de Toi, ô mon Bien ! Au contraire, dans une fureur bestiale, ils Te remettent la couronne d’épines en la frappant fortement. À cause de toutes tes lacérations et du coup sec qu’ils donnent à tes Cheveux amassés dans le Sang coagulé, ta torture est extrême. Seuls les anges pourraient dire ce que Tu souffres, tandis que, horrifiés, ils détournent leurs regards et pleurent. Mon Jésus dépouillé, permets-moi de Te serrer sur mon cœur pour Te réchauffer, car je vois que Tu trembles et qu’une Sueur glacée de mort envahit ton Humanité.",9f8ceac7ea0f66a06c16eaff9165deb177944bd114271b14b1c2892865a8b853,"Et tandis qu’ils T’arrachent tes vêtements, ils arrachent aussi les Chairs lacérées qui y sont collées. Tes Plaies se déchirent, et c’est à ruisseaux que ton Sang coule. Elle est si grande, ta Souffrance, que, presque mort, Tu T’écroules. Mais personne n’a pitié de Toi, ô mon Bien ! Au contraire, dans une fureur bestiale, ils Te remettent la couronne d’épines en la frappant fortement. À cause de toutes tes lacérations et du coup sec qu’ils donnent à tes Cheveux amassés dans le Sang coagulé, ta torture est extrême. Seuls les anges pourraient dire ce que Tu souffres, tandis que, horrifiés, ils détournent leurs regards et pleurent. Mon Jésus dépouillé, permets-moi de Te serrer sur mon cœur pour Te réchauffer, car je vois que Tu trembles et qu’une Sueur glacée de mort envahit ton Humanité.",43976bfffd4141fc373f4ceae8867880e196215b2b3bbecf4618934cfa263a75,"[{""op"": ""insert"", ""old_start"": 188, ""old_end"": 188, ""old_text"": """", ""new_text"": "",""}, {""op"": ""insert"", ""old_start"": 202, ""old_end"": 202, ""old_text"": """", ""new_text"": "",""}]",NATIVE_24H_RESIDUAL_TERMINAL_WORKING.csv,,PASS,False,NONE_KNOWN,PRE_MUTATION_OPERATION_FROZEN,INCLUDE_IN_INTERIM_SUCCESSOR_AFTER_EXPLICIT_AUTHORIZATION,Closed local French/punctuation/case/syntax repair in native 24H; no overlap with upstream LDC lane; no known recension dependency.
INTERIM-LOCAL-PASSION24.HOUR.19.P018,LOCAL_24H,PASSION24.HOUR.19.P018,A_RECENSION_INVARIANT_CLOSED,REPLACE_TEXT_SPAN,"Et par toi Je donnerai de copieux Héritages, Victoires, Triomphes et Couronnes à mes enfants. » Mais, qui peut dire tout ce que mon doux Jésus a dit sur la Croix ? Et tandis que Jésus parle ainsi, ses bourreaux Lui ordonnent de S’étendre sur la Croix. Il leur obéit promptement, réparant ainsi nos désobéissances.",52eb8baa16a1bc6b09855b603038e76a0c8f5e64939e8e0427cb0944cc5ee541,"Et par toi Je donnerai de copieux Héritages, Victoires, Triomphes et Couronnes à mes enfants. » Mais qui peut dire tout ce que mon doux Jésus a dit sur la Croix ? Et tandis que Jésus parle ainsi, ses bourreaux Lui ordonnent de S’étendre sur la Croix. Il leur obéit promptement, réparant ainsi nos désobéissances.",cb7959eb51880b779db151b9aafd266e075be1df29094c433c12ad66bb2071ab,"[{""op"": ""delete"", ""old_start"": 100, ""old_end"": 101, ""old_text"": "","", ""new_text"": """"}]",NATIVE_24H_RESIDUAL_TERMINAL_WORKING.csv,,PASS,False,NONE_KNOWN,PRE_MUTATION_OPERATION_FROZEN,INCLUDE_IN_INTERIM_SUCCESSOR_AFTER_EXPLICIT_AUTHORIZATION,Closed local French/punctuation/case/syntax repair in native 24H; no overlap with upstream LDC lane; no known recension dependency.
INTERIM-LOCAL-PASSION24.HOUR.19.P032,LOCAL_24H,PASSION24.HOUR.19.P032,A_RECENSION_INVARIANT_CLOSED,REPLACE_TEXT_SPAN,Elle est si grande ta Douleur que Tu en trembles.,ebe7e11be15130f56a934863911fd9b7f572f01ed4df961dbfa168e2d7af3479,"Elle est si grande, ta Douleur, que Tu en trembles.",fd16fdd79dc57e4202536205971927ee479d0e59387ce445f34e38635e4c7877,"[{""op"": ""insert"", ""old_start"": 18, ""old_end"": 18, ""old_text"": """", ""new_text"": "",""}, {""op"": ""insert"", ""old_start"": 29, ""old_end"": 29, ""old_text"": """", ""new_text"": "",""}]",NATIVE_24H_RESIDUAL_TERMINAL_WORKING.csv,,PASS,False,NONE_KNOWN,PRE_MUTATION_OPERATION_FROZEN,INCLUDE_IN_INTERIM_SUCCESSOR_AFTER_EXPLICIT_AUTHORIZATION,Closed local French/punctuation/case/syntax repair in native 24H; no overlap with upstream LDC lane; no known recension dependency.
INTERIM-LOCAL-PASSION24.HOUR.19.P088,LOCAL_24H,PASSION24.HOUR.19.P088,A_RECENSION_INVARIANT_CLOSED,REPLACE_TEXT_SPAN,"Et de leur intelligence, qui était censée s’occuper de Le comprendre, ils font un réceptacle où se nichent tous leurs défauts. Et Toi, ô mon Jésus, pour L’apaiser, Tu attires l’attention du divin Père pour qu’Il regarde ta Tête très sainte, percée d’épines dans des douleurs atroces.",2038f82cbd15a08ff6b71c28d8f60db996f11881ab24bbafe2716f44ea272530,"Et de leur intelligence, qui était censée s’occuper de Le comprendre, elles font un réceptacle où se nichent tous leurs défauts. Et Toi, ô mon Jésus, pour L’apaiser, Tu attires l’attention du divin Père pour qu’Il regarde ta Tête très sainte, percée d’épines dans des douleurs atroces.",0c8aa51286ade9a19c7d50ea970601028ea1d73202cd2464942d4570eaef8793,"[{""op"": ""replace"", ""old_start"": 70, ""old_end"": 71, ""old_text"": ""i"", ""new_text"": ""e""}, {""op"": ""insert"", ""old_start"": 72, ""old_end"": 72, ""old_text"": """", ""new_text"": ""le""}]",NATIVE_24H_RESIDUAL_TERMINAL_WORKING.csv,,PASS,False,NONE_KNOWN,PRE_MUTATION_OPERATION_FROZEN,INCLUDE_IN_INTERIM_SUCCESSOR_AFTER_EXPLICIT_AUTHORIZATION,Closed local French/punctuation/case/syntax repair in native 24H; no overlap with upstream LDC lane; no known recension dependency.
INTERIM-LOCAL-PASSION24.HOUR.19.P118,LOCAL_24H,PASSION24.HOUR.19.P118,B_SOURCE_SUPPORTED_SAFE,REPLACE_TEXT_SPAN,"Mon Jésus, adorable crucifié, la créature irrite toujours la Justice divine de sa langue résonne l’écho d’horribles blasphèmes, de voix d’imprécations et de malédictions, de discours diaboliques, de manières de la meilleure façon de tuer et de faire un carnage.",86541f3cc53d4ae59e3c890b7e5910eb9f5a78681af8298f70cfbe260d67e7d1,"Mon Jésus, adorable crucifié, la créature irrite toujours la Justice divine, et de sa langue résonne l’écho d’horribles blasphèmes, de voix d’imprécations et de malédictions, de discours diaboliques, d’ententes sur la meilleure façon de tuer et de faire des carnages.",47138e2b6f7d446918c7c355d1391ed981c52ff2b0baded5fd83534aa6e5f043,"[{""op"": ""insert"", ""old_start"": 75, ""old_end"": 75, ""old_text"": """", ""new_text"": "", et""}, {""op"": ""insert"", ""old_start"": 197, ""old_end"": 197, ""old_text"": """", ""new_text"": ""’""}, {""op"": ""delete"", ""old_start"": 198, ""old_end"": 201, ""old_text"": "" ma"", ""new_text"": """"}, {""op"": ""replace"", ""old_start"": 202, ""old_end"": 205, ""old_text"": ""ièr"", ""new_text"": ""tent""}, {""op"": ""replace"", ""old_start"": 208, ""old_end"": 210, ""old_text"": ""de"", ""new_text"": ""sur""}, {""op"": ""replace"", ""old_start"": 250, ""old_end"": 252, ""old_text"": ""un"", ""new_text"": ""des""}, {""op"": ""insert"", ""old_start"": 260, ""old_end"": 260, ""old_text"": """", ""new_text"": ""s""}]",ITALIAN_24H_PRIMARY_PLUS_FRENCH_WITNESS__2026-09-06,,PASS,False,NONE_KNOWN,PRE_MUTATION_OPERATION_FROZEN__LOCAL_HOLD_RESOLVED,INCLUDE_IN_INTERIM_SUCCESSOR_AFTER_EXPLICIT_AUTHORIZATION,Malformed French repaired against primary Italian plus French witness; local hold formally resolved; no known competing recension evidence at this locus.
INTERIM-LOCAL-PASSION24.HOUR.19.P154,LOCAL_24H,PASSION24.HOUR.19.P154,A_RECENSION_INVARIANT_CLOSED,REPLACE_TEXT_SPAN,"Délirant d’Amour et de Souffrances, Elle demande aide et pitié ! Jésus crucifié, est-il possible que Toi qui gouvernes tout et donnes Vie à tous, Tu demandes de l’aide ?",b42308ea98c8584a82d64975e5be631f183c598d08cb5013dadaba1be448b97e,"Délirant d’Amour et de Souffrances, elle demande aide et pitié ! Jésus crucifié, est-il possible que Toi qui gouvernes tout et donnes Vie à tous, Tu demandes de l’aide ?",6c820469d7a085d5761c5dab78aef6d22dda8b87be8349c64e79882f875aac6a,"[{""op"": ""replace"", ""old_start"": 36, ""old_end"": 37, ""old_text"": ""E"", ""new_text"": ""e""}]",NATIVE_24H_RESIDUAL_TERMINAL_WORKING.csv,,PASS,False,NONE_KNOWN,PRE_MUTATION_OPERATION_FROZEN,INCLUDE_IN_INTERIM_SUCCESSOR_AFTER_EXPLICIT_AUTHORIZATION,Closed local French/punctuation/case/syntax repair in native 24H; no overlap with upstream LDC lane; no known recension dependency.
INTERIM-LOCAL-PASSION24.HOUR.19.P168,LOCAL_24H,PASSION24.HOUR.19.P168,A_RECENSION_INVARIANT_CLOSED,REPLACE_TEXT_SPAN,"Mon Père, ne les rejetez pas. Elles seront mes défenderesses qui continueront ma Vie sur la terre. » Père très aimant, considérez que, mon Humanité a maintenant atteint le sommet de ses Souffrances, et mon Cœur se déchire aussi par l’Amertume, les Douleurs intimes et les Douleurs inouïes que J’ai subies pendant trente-quatre ans, commençant à l’instant de mon Incarnation.",615f291ba83bb87571d0f1c57542ea41515657108a607040c43d22980ff57cf9,"Mon Père, ne les rejetez pas. Elles seront mes défenderesses qui continueront ma Vie sur la terre. » Père très aimant, considérez que mon Humanité a maintenant atteint le sommet de ses Souffrances, et mon Cœur se déchire aussi par l’Amertume, les Douleurs intimes et les Douleurs inouïes que J’ai subies pendant trente-quatre ans, commençant à l’instant de mon Incarnation.",c1eebeda8143f68819ee0263e6bbe8d7b593709298d33380ef28126185b6ef97,"[{""op"": ""delete"", ""old_start"": 133, ""old_end"": 134, ""old_text"": "","", ""new_text"": """"}]",NATIVE_24H_RESIDUAL_TERMINAL_WORKING.csv,,PASS,False,NONE_KNOWN,PRE_MUTATION_OPERATION_FROZEN,INCLUDE_IN_INTERIM_SUCCESSOR_AFTER_EXPLICIT_AUTHORIZATION,Closed local French/punctuation/case/syntax repair in native 24H; no overlap with upstream LDC lane; no known recension dependency.
INTERIM-LOCAL-PASSION24.HOUR.19.P169,LOCAL_24H,PASSION24.HOUR.19.P169,A_RECENSION_INVARIANT_CLOSED,REPLACE_TEXT_SPAN,"Tu connais l’intensité de cette Amertume intérieure, qui M’aurait fait mourir à chaque instant par l’atrocité des spasmes, Si notre Toute-Puissance ne M’avait pas soutenu, pour prolonger mes Souffrances jusqu’à cette Agonie extrême.",be05c6c0ba363d681d5824bfacc1be5e9a8ded79cf2dc08280d66fd748171fe5,"Tu connais l’intensité de cette Amertume intérieure, qui M’aurait fait mourir à chaque instant par l’atrocité des spasmes, si notre Toute-Puissance ne M’avait pas soutenu, pour prolonger mes Souffrances jusqu’à cette Agonie extrême.",6e0ed2c9a53fda1ba26d021a346eaa9eb5fb8704cdfe29a99fa401ee5cdbc6dd,"[{""op"": ""replace"", ""old_start"": 123, ""old_end"": 124, ""old_text"": ""S"", ""new_text"": ""s""}]",NATIVE_24H_RESIDUAL_TERMINAL_WORKING.csv,,PASS,False,NONE_KNOWN,PRE_MUTATION_OPERATION_FROZEN,INCLUDE_IN_INTERIM_SUCCESSOR_AFTER_EXPLICIT_AUTHORIZATION,Closed local French/punctuation/case/syntax repair in native 24H; no overlap with upstream LDC lane; no known recension dependency.
INTERIM-LOCAL-PASSION24.HOUR.21.P023,LOCAL_24H,PASSION24.HOUR.21.P023,A_RECENSION_INVARIANT_CLOSED,REPLACE_TEXT_SPAN,"Il Te fait dire : « Tu vois, ô âme, combien Je t’ai aimée. Si tu ne veux pas avoir pitié de toi-même, aie au moins pitié de mon Amour ! » Leur ayant tout donné, Tu n’as plus rien à donner aux créatures. Tu tournes ton Regard suppliant vers ta Maman. Elle comme Toi, se sent crucifiée à cause de tes Souffrances et de l’Amour qui la torture.",cfd323fd3ba0dee71cfaeced5d39d7b952e8eab8bb9a70e77dfa1eb80f1c27a5,"Il Te fait dire : « Tu vois, ô âme, combien Je t’ai aimée. Si tu ne veux pas avoir pitié de toi-même, aie au moins pitié de mon Amour ! » Leur ayant tout donné, Tu n’as plus rien à donner aux créatures. Tu tournes ton Regard suppliant vers ta Maman. Elle, comme Toi, se sent crucifiée à cause de tes Souffrances et de l’Amour qui la torture.",d5fc79f8f4479d4d43e1a5ade2be691a40b78ba5b604779734b1574a6b89c107,"[{""op"": ""insert"", ""old_start"": 254, ""old_end"": 254, ""old_text"": """", ""new_text"": "",""}]",NATIVE_24H_RESIDUAL_TERMINAL_WORKING.csv,,PASS,False,NONE_KNOWN,PRE_MUTATION_OPERATION_FROZEN,INCLUDE_IN_INTERIM_SUCCESSOR_AFTER_EXPLICIT_AUTHORIZATION,Closed local French/punctuation/case/syntax repair in native 24H; no overlap with upstream LDC lane; no known recension dependency.
INTERIM-LOCAL-PASSION24.HOUR.21.P060,LOCAL_24H,PASSION24.HOUR.21.P060,A_RECENSION_INVARIANT_CLOSED,REPLACE_TEXT_SPAN,"À ce cri, tous tremblent les ténèbres deviennent plus épaisses, ta Maman pétrifiée pâlit et se sent très mal !",e3106e4b068f2fb70980e3a1ddd9bed96a0940fef844456695f9ca0a47762ec8,"À ce cri, tous tremblent, les ténèbres deviennent plus épaisses, ta Maman pétrifiée pâlit et se sent très mal !",19be8667337f354099355427a0c2e190d6a59d75b32a641350b4032224079052,"[{""op"": ""insert"", ""old_start"": 24, ""old_end"": 24, ""old_text"": """", ""new_text"": "",""}]",NATIVE_24H_RESIDUAL_TERMINAL_WORKING.csv,,PASS,False,NONE_KNOWN,PRE_MUTATION_OPERATION_FROZEN,INCLUDE_IN_INTERIM_SUCCESSOR_AFTER_EXPLICIT_AUTHORIZATION,Closed local French/punctuation/case/syntax repair in native 24H; no overlap with upstream LDC lane; no known recension dependency.
INTERIM-LOCAL-PASSION24.HOUR.21.P080,LOCAL_24H,PASSION24.HOUR.21.P080,A_RECENSION_INVARIANT_CLOSED,REPLACE_TEXT_SPAN,– je fais mienne la Tendresse divine pour Te donner un plus grand soulagement et avec elle que je veux compatir avec Toi.,6d16328711b61b699be31d90c0c594d41088392d2c121a9f6fad219700a88b50,"– je fais mienne la Tendresse divine pour Te donner un plus grand soulagement, et c’est avec elle que je veux compatir avec Toi.",99bebfaa9b736db5ea508a51147f24bac4290c9386f710115033386483fcf23d,"[{""op"": ""insert"", ""old_start"": 77, ""old_end"": 77, ""old_text"": """", ""new_text"": "",""}, {""op"": ""insert"", ""old_start"": 79, ""old_end"": 79, ""old_text"": """", ""new_text"": ""t c’es""}]",NATIVE_24H_RESIDUAL_TERMINAL_WORKING.csv,,PASS,False,NONE_KNOWN,PRE_MUTATION_OPERATION_FROZEN,INCLUDE_IN_INTERIM_SUCCESSOR_AFTER_EXPLICIT_AUTHORIZATION,Closed local French/punctuation/case/syntax repair in native 24H; no overlap with upstream LDC lane; no known recension dependency.
INTERIM-LOCAL-PASSION24.HOUR.22.P020,LOCAL_24H,PASSION24.HOUR.22.P020,A_RECENSION_INVARIANT_CLOSED,REPLACE_TEXT_SPAN,"Il n’y a plus d’espoir que Tu puisses Te ranimer. Au Feu qui Te brûle, s’ajoute une Sueur froide qui Te baigne le Front. Tes Muscles et tes Nerfs se contractent de plus en plus à cause de l’âpreté de tes Douleurs et des Blessures des clous. Tes Plaies se déchirent encore.",3997280556755efacd6a5b274f310541fd25808e33561465f389926ae553651a,"il n’y a plus d’espoir que Tu puisses Te ranimer. Au Feu qui Te brûle, s’ajoute une Sueur froide qui Te baigne le Front. Tes Muscles et tes Nerfs se contractent de plus en plus à cause de l’âpreté de tes Douleurs et des Blessures des clous. Tes Plaies se déchirent encore.",492a27f49be3967712b0ea3fda82d244f4f7313c2c17d1bd97b65edc691ca252,"[{""op"": ""replace"", ""old_start"": 0, ""old_end"": 1, ""old_text"": ""I"", ""new_text"": ""i""}]",NATIVE_24H_RESIDUAL_TERMINAL_WORKING.csv,,PASS,False,NONE_KNOWN,PRE_MUTATION_OPERATION_FROZEN,INCLUDE_IN_INTERIM_SUCCESSOR_AFTER_EXPLICIT_AUTHORIZATION,Closed local French/punctuation/case/syntax repair in native 24H; no overlap with upstream LDC lane; no known recension dependency.
INTERIM-LOCAL-PASSION24.HOUR.22.P021,LOCAL_24H,PASSION24.HOUR.22.P021,A_RECENSION_INVARIANT_CLOSED,REPLACE_TEXT_SPAN,"Et moi, je tremble et me sens mourir. Je Te regarde, ô mon Bien. Je vois descendre de tes Yeux tes dernières Larmes, signes avant-coureurs de ta Mort. A grand-peine Tu fais entendre encore une Parole :",12fe421f8665152e42b31a7fffc4543c7026df0816b1033513c8ded846d302a0,"Et moi, je tremble et me sens mourir. Je Te regarde, ô mon Bien. Je vois descendre de tes Yeux tes dernières Larmes, signes avant-coureurs de ta Mort. À grand-peine Tu fais entendre encore une Parole :",3e1243a2dbd994a4f2b0ee8f635ac051ce61cf68fa8bc7a095a8825a25416ed7,"[{""op"": ""replace"", ""old_start"": 151, ""old_end"": 152, ""old_text"": ""A"", ""new_text"": ""À""}]",NATIVE_24H_RESIDUAL_TERMINAL_WORKING.csv,,PASS,False,NONE_KNOWN,PRE_MUTATION_OPERATION_FROZEN,INCLUDE_IN_INTERIM_SUCCESSOR_AFTER_EXPLICIT_AUTHORIZATION,Closed local French/punctuation/case/syntax repair in native 24H; no overlap with upstream LDC lane; no known recension dependency.
INTERIM-LOCAL-PASSION24.HOUR.22.P022,LOCAL_24H,PASSION24.HOUR.22.P022,A_RECENSION_INVARIANT_CLOSED,REPLACE_TEXT_SPAN,"« Tout est consommé ! » Ô mon Jésus, Tu as déjà tout épuisé. Il ne Te reste rien d’autre. L’Amour est parvenu à son terme. Et moi, me suis-je consumée tout entière par amour ? Quels remerciements ne devrais-je pas Te faire. Quelle ne devrait pas être ma gratitude envers Toi ?",4c0b8a36dcc295d5e9d25509a74b5f28a74540d4701d710fe7a2b7ddedf54ada,"« Tout est consommé ! » Ô mon Jésus, Tu as déjà tout épuisé. Il ne Te reste rien d’autre. L’Amour est parvenu à son terme. Et moi, me suis-je consumée tout entière par amour ? Quels remerciements ne devrais-je pas Te faire ! Quelle ne devrait pas être ma gratitude envers Toi !",4095f14c0b60faec030aeb7474c5ccc7564d2d4f4b3ad89c9cf7619eab028227,"[{""op"": ""replace"", ""old_start"": 222, ""old_end"": 223, ""old_text"": ""."", ""new_text"": "" !""}, {""op"": ""replace"", ""old_start"": 275, ""old_end"": 276, ""old_text"": ""?"", ""new_text"": ""!""}]",NATIVE_24H_RESIDUAL_TERMINAL_WORKING.csv,,PASS,False,NONE_KNOWN,PRE_MUTATION_OPERATION_FROZEN,INCLUDE_IN_INTERIM_SUCCESSOR_AFTER_EXPLICIT_AUTHORIZATION,Closed local French/punctuation/case/syntax repair in native 24H; no overlap with upstream LDC lane; no known recension dependency.
INTERIM-LOCAL-PASSION24.HOUR.22.P048,LOCAL_24H,PASSION24.HOUR.22.P048,A_RECENSION_INVARIANT_CLOSED,REPLACE_TEXT_SPAN,"« Jésus et Marie, je Vous recommande mon âme ! ». Jésus, je donne un baiser à tes beaux Yeux encore baignés de Larmes et tout couverts de Sang coagulé.",484417c53ef72956ca9b8a0042688ae3326521af820794e81815f27cd4b38d94,"« Jésus et Marie, je Vous recommande mon âme ! » Jésus, je donne un baiser à tes beaux Yeux encore baignés de Larmes et tout couverts de Sang coagulé.",b78bf2c564ef3457fa65a57cdb78728348f931ab3f52b8c48ac83f1f2681f225,"[{""op"": ""delete"", ""old_start"": 48, ""old_end"": 49, ""old_text"": ""."", ""new_text"": """"}]",NATIVE_24H_RESIDUAL_TERMINAL_WORKING.csv,,PASS,False,NONE_KNOWN,PRE_MUTATION_OPERATION_FROZEN,INCLUDE_IN_INTERIM_SUCCESSOR_AFTER_EXPLICIT_AUTHORIZATION,Closed local French/punctuation/case/syntax repair in native 24H; no overlap with upstream LDC lane; no known recension dependency.
INTERIM-LOCAL-PASSION24.HOUR.22.P050,LOCAL_24H,PASSION24.HOUR.22.P050,A_RECENSION_INVARIANT_CLOSED,REPLACE_TEXT_SPAN,"Je Te promets que chaque fois que mes yeux seront portés à s’arrêter aux choses de la terre, je crierai immédiatement : « Jésus et Marie, je Vous recommande mon âme ! ». Jésus, je donne un baiser à tes Oreilles infiniment sacrées, accablées par tant d’insultes et d’horribles blasphèmes. Je Te demande pardon pour toutes les fois que j’ai écouté ou j’ai fait écouter des paroles qui éloignent de Toi.",a59bfcf700206708302309e287541bb68babc465adcae5b0f31c7afc12e7efe5,"Je Te promets que chaque fois que mes yeux seront portés à s’arrêter aux choses de la terre, je crierai immédiatement : « Jésus et Marie, je Vous recommande mon âme ! » Jésus, je donne un baiser à tes Oreilles infiniment sacrées, accablées par tant d’insultes et d’horribles blasphèmes. Je Te demande pardon pour toutes les fois que j’ai écouté ou j’ai fait écouter des paroles qui éloignent de Toi.",3133b21d104b3289d7e44e284408d005895bb0b267e0bda8471fa914c675acab,"[{""op"": ""delete"", ""old_start"": 168, ""old_end"": 169, ""old_text"": ""."", ""new_text"": """"}]",NATIVE_24H_RESIDUAL_TERMINAL_WORKING.csv,,PASS,False,NONE_KNOWN,PRE_MUTATION_OPERATION_FROZEN,INCLUDE_IN_INTERIM_SUCCESSOR_AFTER_EXPLICIT_AUTHORIZATION,Closed local French/punctuation/case/syntax repair in native 24H; no overlap with upstream LDC lane; no known recension dependency.
INTERIM-LOCAL-PASSION24.HOUR.22.P052,LOCAL_24H,PASSION24.HOUR.22.P052,A_RECENSION_INVARIANT_CLOSED,REPLACE_TEXT_SPAN,"Je Te promets que chaque fois que je me trouverai dans l’occasion d’entendre des conversations inconvenantes, je crierai immédiatement : « Jésus et Marie, je Vous recommande mon âme ! ». Jésus, je donne un baiser à ton Visage infiniment saint, livide et ensanglanté.",7bf55e1316e559ff5b115d075c2623f2c1c99ff1872c8268c58b689e0a603aa5,"Je Te promets que chaque fois que je me trouverai dans l’occasion d’entendre des conversations inconvenantes, je crierai immédiatement : « Jésus et Marie, je Vous recommande mon âme ! » Jésus, je donne un baiser à ton Visage infiniment saint, livide et ensanglanté.",a0d3a65545eae55e1ec612678108f3139e882fab981a5917e59d1affc43ae281,"[{""op"": ""delete"", ""old_start"": 185, ""old_end"": 186, ""old_text"": ""."", ""new_text"": """"}]",NATIVE_24H_RESIDUAL_TERMINAL_WORKING.csv,,PASS,False,NONE_KNOWN,PRE_MUTATION_OPERATION_FROZEN,INCLUDE_IN_INTERIM_SUCCESSOR_AFTER_EXPLICIT_AUTHORIZATION,Closed local French/punctuation/case/syntax repair in native 24H; no overlap with upstream LDC lane; no known recension dependency.
INTERIM-LOCAL-PASSION24.HOUR.22.P054,LOCAL_24H,PASSION24.HOUR.22.P054,A_RECENSION_INVARIANT_CLOSED,REPLACE_TEXT_SPAN,"Je Te promets que chaque fois que me viendra la tentation de ne pas Te donner toute la gloire, l’amour et l’adoration qui Te sont dus, je crierai immédiatement : « Jésus et Marie, je Vous recommande mon âme ! ». Jésus, je donne un baiser à ta Bouche infiniment sacrée, desséchée et remplie d’amertume.",f6da2041ae695e356581f33dd63fd424ff71749bd151b8e5c4aaa1b40dc71e49,"Je Te promets que chaque fois que me viendra la tentation de ne pas Te donner toute la gloire, l’amour et l’adoration qui Te sont dus, je crierai immédiatement : « Jésus et Marie, je Vous recommande mon âme ! » Jésus, je donne un baiser à ta Bouche infiniment sacrée, desséchée et remplie d’amertume.",ad75bb4204ff4d1de2f1f4aa463915c0053c38794003a57b4e567b2c118be47b,"[{""op"": ""delete"", ""old_start"": 210, ""old_end"": 211, ""old_text"": ""."", ""new_text"": """"}]",NATIVE_24H_RESIDUAL_TERMINAL_WORKING.csv,,PASS,False,NONE_KNOWN,PRE_MUTATION_OPERATION_FROZEN,INCLUDE_IN_INTERIM_SUCCESSOR_AFTER_EXPLICIT_AUTHORIZATION,Closed local French/punctuation/case/syntax repair in native 24H; no overlap with upstream LDC lane; no known recension dependency.
INTERIM-LOCAL-PASSION24.HOUR.22.P056,LOCAL_24H,PASSION24.HOUR.22.P056,A_RECENSION_INVARIANT_CLOSED,REPLACE_TEXT_SPAN,"Je promets que chaque fois que me viendra la pensée d’entretenir des conversations qui pourraient T’offenser, je crierai immédiatement : « Jésus et Marie, je Vous recommande mon âme ! ». Jésus, je donne un baiser à ton Cou infiniment saint, où je vois encore les marques des chaînes et des cordes qui T’ont tyrannisé.",672086f09a3c86e2364e19d1c340f875655056fd2daee7b9d6385b6ad2647333,"Je promets que chaque fois que me viendra la pensée d’entretenir des conversations qui pourraient T’offenser, je crierai immédiatement : « Jésus et Marie, je Vous recommande mon âme ! » Jésus, je donne un baiser à ton Cou infiniment saint, où je vois encore les marques des chaînes et des cordes qui T’ont tyrannisé.",a834f36e89ac334458c2c0ee810a4280181fd944c38a5f8692e692ff33cac39a,"[{""op"": ""delete"", ""old_start"": 185, ""old_end"": 186, ""old_text"": ""."", ""new_text"": """"}]",NATIVE_24H_RESIDUAL_TERMINAL_WORKING.csv,,PASS,False,NONE_KNOWN,PRE_MUTATION_OPERATION_FROZEN,INCLUDE_IN_INTERIM_SUCCESSOR_AFTER_EXPLICIT_AUTHORIZATION,Closed local French/punctuation/case/syntax repair in native 24H; no overlap with upstream LDC lane; no known recension dependency.
INTERIM-LOCAL-PASSION24.HOUR.22.P059,LOCAL_24H,PASSION24.HOUR.22.P059,A_RECENSION_INVARIANT_CLOSED,REPLACE_TEXT_SPAN,"« Jésus et Marie, je Vous recommande mon âme ! ». Jésus, je donne un baiser à tes Épaules infiniment saintes.",75c8515cace1819bd390a8f88ad9149700072b902bde9d4d8f6a5bac3599b2f8,"« Jésus et Marie, je Vous recommande mon âme ! » Jésus, je donne un baiser à tes Épaules infiniment saintes.",94b7a437be1f41c5cc9cac2d2d46576b42e531b1354ca8aade1f83bcc7ea00db,"[{""op"": ""delete"", ""old_start"": 48, ""old_end"": 49, ""old_text"": ""."", ""new_text"": """"}]",NATIVE_24H_RESIDUAL_TERMINAL_WORKING.csv,,PASS,False,NONE_KNOWN,PRE_MUTATION_OPERATION_FROZEN,INCLUDE_IN_INTERIM_SUCCESSOR_AFTER_EXPLICIT_AUTHORIZATION,Closed local French/punctuation/case/syntax repair in native 24H; no overlap with upstream LDC lane; no known recension dependency.
INTERIM-LOCAL-PASSION24.HOUR.22.P061,LOCAL_24H,PASSION24.HOUR.22.P061,A_RECENSION_INVARIANT_CLOSED,REPLACE_TEXT_SPAN,"Je Te promets que chaque fois que me viendra la pensée de me procurer des plaisirs ou satisfactions qui ne soient pas pour ta Gloire, je crierai immédiatement : « Jésus et Marie, je Vous recommande mon âme ! ». Jésus, je donne un baiser à ta Poitrine infiniment sainte.",8be1a5cfe17ec37aac18d5d1c948553a49b68e23418a55310297a6339d5efb9b,"Je Te promets que chaque fois que me viendra la pensée de me procurer des plaisirs ou satisfactions qui ne soient pas pour ta Gloire, je crierai immédiatement : « Jésus et Marie, je Vous recommande mon âme ! » Jésus, je donne un baiser à ta Poitrine infiniment sainte.",2ed2793f771ecbc839226528931e42cd443b25301a3fecec719fa124290421f2,"[{""op"": ""delete"", ""old_start"": 209, ""old_end"": 210, ""old_text"": ""."", ""new_text"": """"}]",NATIVE_24H_RESIDUAL_TERMINAL_WORKING.csv,,PASS,False,NONE_KNOWN,PRE_MUTATION_OPERATION_FROZEN,INCLUDE_IN_INTERIM_SUCCESSOR_AFTER_EXPLICIT_AUTHORIZATION,Closed local French/punctuation/case/syntax repair in native 24H; no overlap with upstream LDC lane; no known recension dependency.
INTERIM-LOCAL-PASSION24.HOUR.22.P063,LOCAL_24H,PASSION24.HOUR.22.P063,A_RECENSION_INVARIANT_CLOSED,REPLACE_TEXT_SPAN,"Je Te promets que chaque fois que je sentirai se refroidir mon amour pour Toi, je crierai immédiatement : « Jésus et Marie, je Vous recommande mon âme ! ». Jésus, je donne un baiser à tes Mains infiniment sacrées.",d4562f6536a17ee480293eb103437c0aa1358b13c395c2bfe821f01c916b8c34,"Je Te promets que chaque fois que je sentirai se refroidir mon amour pour Toi, je crierai immédiatement : « Jésus et Marie, je Vous recommande mon âme ! » Jésus, je donne un baiser à tes Mains infiniment sacrées.",189d18a1e1e60879966fbfd9e6810323ecb826f9e5d0a9c02d8062974d5384d4,"[{""op"": ""delete"", ""old_start"": 154, ""old_end"": 155, ""old_text"": ""."", ""new_text"": """"}]",NATIVE_24H_RESIDUAL_TERMINAL_WORKING.csv,,PASS,False,NONE_KNOWN,PRE_MUTATION_OPERATION_FROZEN,INCLUDE_IN_INTERIM_SUCCESSOR_AFTER_EXPLICIT_AUTHORIZATION,Closed local French/punctuation/case/syntax repair in native 24H; no overlap with upstream LDC lane; no known recension dependency.
INTERIM-LOCAL-PASSION24.HOUR.22.P065,LOCAL_24H,PASSION24.HOUR.22.P065,A_RECENSION_INVARIANT_CLOSED,REPLACE_TEXT_SPAN,"Je Te promets que chaque fois que me viendra la pensée de ne pas agir seulement par amour pour Toi, je crierai immédiatement : « Jésus et Marie, je Vous recommande mon âme ! ». Jésus, je donne un baiser à tes Pieds infiniment saints.",dd9e03f515e514f5373c2941b14708bc37283105eb567779c39fbc55932e5558,"Je Te promets que chaque fois que me viendra la pensée de ne pas agir seulement par amour pour Toi, je crierai immédiatement : « Jésus et Marie, je Vous recommande mon âme ! » Jésus, je donne un baiser à tes Pieds infiniment saints.",e8d041685a4c0011532f39fb95ab1f3065e3f46b8ad09445d96562e8b44fb363,"[{""op"": ""delete"", ""old_start"": 175, ""old_end"": 176, ""old_text"": ""."", ""new_text"": """"}]",NATIVE_24H_RESIDUAL_TERMINAL_WORKING.csv,,PASS,False,NONE_KNOWN,PRE_MUTATION_OPERATION_FROZEN,INCLUDE_IN_INTERIM_SUCCESSOR_AFTER_EXPLICIT_AUTHORIZATION,Closed local French/punctuation/case/syntax repair in native 24H; no overlap with upstream LDC lane; no known recension dependency.
INTERIM-LOCAL-PASSION24.HOUR.22.P070,LOCAL_24H,PASSION24.HOUR.22.P070,A_RECENSION_INVARIANT_CLOSED,REPLACE_TEXT_SPAN,"Je Te promets que chaque fois où me viendra la pensée de m’éloigner de Toi, je crierai immédiatement : « Jésus et Marie, je Vous recommande mon âme ! ».",1288eac1c1e3647b039c35ffb101836719853083d5a1af1dd547747aea04bd1d,"Je Te promets que chaque fois où me viendra la pensée de m’éloigner de Toi, je crierai immédiatement : « Jésus et Marie, je Vous recommande mon âme ! »",9e0479fa2bbe876d3cec58d67fba1beb10cc0ac2bbe7725d28c428c8798ab3c9,"[{""op"": ""delete"", ""old_start"": 151, ""old_end"": 152, ""old_text"": ""."", ""new_text"": """"}]",NATIVE_24H_RESIDUAL_TERMINAL_WORKING.csv,,PASS,False,NONE_KNOWN,PRE_MUTATION_OPERATION_FROZEN,INCLUDE_IN_INTERIM_SUCCESSOR_AFTER_EXPLICIT_AUTHORIZATION,Closed local French/punctuation/case/syntax repair in native 24H; no overlap with upstream LDC lane; no known recension dependency.
INTERIM-LOCAL-PASSION24.SECTION.BENEFITS.P184,LOCAL_24H,PASSION24.SECTION.BENEFITS.P184,B_SOURCE_BOUND_DERIVATIVE_LAYOUT_SAFE,REPLACE_TEXT_SPAN,"toutes les fois que l'âme pense à Ma Passion, chaque fois qu'elle se souvient de ce que J'ai souffert ou chaque fois qu'elle sent de la compassion pour Moi, l'application de Mes souffrances est renouvelée en elle.",24b0804846a7b814e72d53b563e68ab4cf5d905aced10583cc155eb1cc97809a,"Toutes les fois que l'âme pense à Ma Passion, chaque fois qu'elle se souvient de ce que J'ai souffert ou chaque fois qu'elle sent de la compassion pour Moi, l'application de Mes souffrances est renouvelée en elle.",c9661ba50b044ae0e0ae5b83875838edbf53bb0a5babf78b7df73d6e3df82731,"[{""op"": ""replace"", ""old_start"": 0, ""old_end"": 1, ""old_text"": ""t"", ""new_text"": ""T""}]",SAMPLE11_RESIDUAL_TERMINAL_WORKING.csv,,PASS,False,NONE_KNOWN,PRE_MUTATION_OPERATION_FROZEN,INCLUDE_IN_INTERIM_SUCCESSOR_AFTER_EXPLICIT_AUTHORIZATION,Closed source/layout correction in LDC-derived 24H surface; exact current bind verified; no overlap with 300 upstream records and no official-R6 collision.
INTERIM-LOCAL-PASSION24.TEXT.PART_III_MARY_SORROWS.BODY.P177,LOCAL_24H,PASSION24.TEXT.PART_III_MARY_SORROWS.BODY.P177,B_SOURCE_BOUND_DERIVATIVE_LAYOUT_SAFE,REPLACE_TEXT_SPAN,"qu’elle ne connaissait pas d'autre vie, d'autre Volonté que la mienne.",eacfcd5bf4be6ae9133d465bfc33fcf5fc972111efc4ba9ec0224d4b07109282,"Elle ne connaissait pas d'autre vie, d'autre Volonté que la mienne.",cf8fb0be60b6f6a9528f5a9823bcdde299a3341f9e0cfa2092031bd9599e8f7f,"[{""op"": ""replace"", ""old_start"": 0, ""old_end"": 4, ""old_text"": ""qu’e"", ""new_text"": ""E""}]",R5 LDC.T19.E0037.P074 + display boundary before P177,,PASS,False,NONE_KNOWN,PRE_MUTATION_OPERATION_FROZEN,INCLUDE_IN_INTERIM_SUCCESSOR_AFTER_EXPLICIT_AUTHORIZATION,Closed source/layout correction in LDC-derived 24H surface; exact current bind verified; no overlap with 300 upstream records and no official-R6 collision.
INTERIM-LOCAL-PASSION24.TEXT.PART_III_MARY_SORROWS.BODY.P224,LOCAL_24H,PASSION24.TEXT.PART_III_MARY_SORROWS.BODY.P224,B_SOURCE_BOUND_DERIVATIVE_LAYOUT_SAFE,REPLACE_TEXT_SPAN,dit cela Il disparut. Et même,a3071732e98320bdc72b0bd991a42b5ced121790c5c2637f57bf579b35e0ef6d,"dit cela Il disparut. Et même si dans Mon esprit trottaient des choses étranges et disproportionnées, J'essayais de faire Mes actes dans l'adorable Volonté de Dieu.",0123b588673ad150001525da0f817e9258027b560d1c4e87243b3a12b3fbb55a,"[{""op"": ""insert"", ""old_start"": 29, ""old_end"": 29, ""old_text"": """", ""new_text"": "" si dans Mon esprit trottaient des choses étranges et disproportionnées, J'essayais de faire Mes actes dans l'adorable Volonté de Dieu.""}]",R5 LDC.T19.E0050.P060-P061; completes current truncated second sentence,,PASS,False,NONE_KNOWN,PRE_MUTATION_OPERATION_FROZEN,INCLUDE_IN_INTERIM_SUCCESSOR_AFTER_EXPLICIT_AUTHORIZATION,Closed source/layout correction in LDC-derived 24H surface; exact current bind verified; no overlap with 300 upstream records and no official-R6 collision.
INTERIM-LOCAL-PASSION24.TEXT.PROMISES_BENEFITS.BODY.P179,LOCAL_24H,PASSION24.TEXT.PROMISES_BENEFITS.BODY.P179,B_SOURCE_BOUND_DERIVATIVE_LAYOUT_SAFE,REPLACE_TEXT_SPAN,"toutes les fois que l'âme pense à Ma Passion, chaque fois qu'elle se souvient de ce que J'ai souffert ou chaque fois qu'elle sent de la compassion pour Moi, l'application de Mes souffrances est renouvelée en elle.",24b0804846a7b814e72d53b563e68ab4cf5d905aced10583cc155eb1cc97809a,"Toutes les fois que l'âme pense à Ma Passion, chaque fois qu'elle se souvient de ce que J'ai souffert ou chaque fois qu'elle sent de la compassion pour Moi, l'application de Mes souffrances est renouvelée en elle.",c9661ba50b044ae0e0ae5b83875838edbf53bb0a5babf78b7df73d6e3df82731,"[{""op"": ""replace"", ""old_start"": 0, ""old_end"": 1, ""old_text"": ""t"", ""new_text"": ""T""}]",SAMPLE11_RESIDUAL_TERMINAL_WORKING.csv,,PASS,False,NONE_KNOWN,PRE_MUTATION_OPERATION_FROZEN,INCLUDE_IN_INTERIM_SUCCESSOR_AFTER_EXPLICIT_AUTHORIZATION,Closed source/layout correction in LDC-derived 24H surface; exact current bind verified; no overlap with 300 upstream records and no official-R6 collision.
INTERIM-LOCAL-PASSION24.TEXT.RELATED_HOUR_03.BODY.P010,LOCAL_24H,PASSION24.TEXT.RELATED_HOUR_03.BODY.P010,B_SOURCE_BOUND_DERIVATIVE_LAYOUT_SAFE,REPLACE_TEXT_SPAN,Je t'ai aussi appelée. Je t'ai donné la place d'honneur entre Moi et Jean J'ai fait de toi une petite confidente de Ma Volonté.,e83ef180a6cc8e6eda214bbbab2ab7e526ed26ef61053b149171182c25460363,Je t'ai aussi appelée. Je t'ai donné la place d'honneur entre Moi et Jean. J'ai fait de toi une petite confidente de Ma Volonté.,fc4a8e7c99f33ce4800b07551a5db5b539262e065a820ced7d45e8c6b9d23400,"[{""op"": ""insert"", ""old_start"": 73, ""old_end"": 73, ""old_text"": """", ""new_text"": "".""}]",SAMPLE21_RESIDUAL_TERMINAL_WORKING.csv,,PASS,False,NONE_KNOWN,PRE_MUTATION_OPERATION_FROZEN,INCLUDE_IN_INTERIM_SUCCESSOR_AFTER_EXPLICIT_AUTHORIZATION,Closed source/layout correction in LDC-derived 24H surface; exact current bind verified; no overlap with 300 upstream records and no official-R6 collision.
INTERIM-LOCAL-PASSION24.TEXT.RELATED_HOUR_03.BODY.P015,LOCAL_24H,PASSION24.TEXT.RELATED_HOUR_03.BODY.P015,B_SOURCE_BOUND_DERIVATIVE_LAYOUT_SAFE,REPLACE_TEXT_SPAN,pourquoi Je les ai tous appelés et Je leur ai tous donné l'agneau ? Parce que Je désirais aussi de la nourriture de leur part :,0bc159910076b101e422befdacb3c11bb8b4a486212838d5f44bc9322ac4054a,Pourquoi Je les ai tous appelés et Je leur ai tous donné l'agneau ? Parce que Je désirais aussi de la nourriture de leur part :,8806650da7054ddcb797e2075e134a4a16e019b84d1ce89f5f2c1902c9243488,"[{""op"": ""replace"", ""old_start"": 0, ""old_end"": 1, ""old_text"": ""p"", ""new_text"": ""P""}]",R5 LDC.T13.E0019.P016; standalone after prior full question,,PASS,False,NONE_KNOWN,PRE_MUTATION_OPERATION_FROZEN,INCLUDE_IN_INTERIM_SUCCESSOR_AFTER_EXPLICIT_AUTHORIZATION,Closed source/layout correction in LDC-derived 24H surface; exact current bind verified; no overlap with 300 upstream records and no official-R6 collision.
INTERIM-LOCAL-PASSION24.TEXT.RELATED_HOUR_03.BODY.P025,LOCAL_24H,PASSION24.TEXT.RELATED_HOUR_03.BODY.P025,B_SOURCE_BOUND_DERIVATIVE_LAYOUT_SAFE,REPLACE_TEXT_SPAN,"si, dans sa volonté, elle veut M'offenser, elle fait une arme de ses actions pour Me blesser et même Me tuer.",f232b0d9a345b66696bf241d87bb1fdfa5ce081b3b681c1785bb3b9cfaf6c9af,"Si, dans sa volonté, elle veut M'offenser, elle fait une arme de ses actions pour Me blesser et même Me tuer.",c1b25d275399156b1c9bb1bc4412501e95f3a632c8d9f4e1348dbe0ba19b34bf,"[{""op"": ""replace"", ""old_start"": 0, ""old_end"": 1, ""old_text"": ""s"", ""new_text"": ""S""}]",R5 LDC.T13.E0019.P026; standalone after prior full stop,,PASS,False,NONE_KNOWN,PRE_MUTATION_OPERATION_FROZEN,INCLUDE_IN_INTERIM_SUCCESSOR_AFTER_EXPLICIT_AUTHORIZATION,Closed source/layout correction in LDC-derived 24H surface; exact current bind verified; no overlap with 300 upstream records and no official-R6 collision.
INTERIM-LOCAL-PASSION24.TEXT.RELATED_HOUR_04.BODY.P002,LOCAL_24H,PASSION24.TEXT.RELATED_HOUR_04.BODY.P002,B_SOURCE_BOUND_DERIVATIVE_LAYOUT_SAFE,REPLACE_TEXT_SPAN,• Tome 20 — 4 novembre 1926 — la Très Sainte Vierge était la copie fidèle de son Créateur et de toute la Création. La Volonté Divine a la vertu de changer les gouttes d’eau en mer. La Volonté Divine est voilée dans les choses créées.,d2f451bd7fb38b24f36463e4536e1e5fa2b43d8139ce61221984f0b0215c17a9,• Tome 20 — 4 novembre 1926 — La Très Sainte Vierge était la copie fidèle de son Créateur et de toute la Création. La Volonté Divine a la vertu de changer les gouttes d’eau en mer. La Volonté Divine est voilée dans les choses créées.,eca2ece9b091133f0bb993df16f4faeea41b7bf3b1096a6243231156327c7624,"[{""op"": ""replace"", ""old_start"": 30, ""old_end"": 31, ""old_text"": ""l"", ""new_text"": ""L""}]",Current R5 title LDC.T20.E0021,,PASS,False,NONE_KNOWN,PRE_MUTATION_OPERATION_FROZEN,INCLUDE_IN_INTERIM_SUCCESSOR_AFTER_EXPLICIT_AUTHORIZATION,Closed source/layout correction in LDC-derived 24H surface; exact current bind verified; no overlap with 300 upstream records and no official-R6 collision.
INTERIM-LOCAL-PASSION24.TEXT.RELATED_HOUR_04.BODY.P008,LOCAL_24H,PASSION24.TEXT.RELATED_HOUR_04.BODY.P008,B_SOURCE_BOUND_DERIVATIVE_LAYOUT_SAFE,REPLACE_TEXT_SPAN,Tome 20 — 4 novembre 1926 — la Très Sainte Vierge était la copie fidèle de son Créateur et de toute la Création. La Volonté Divine a la vertu de changer les gouttes d’eau en mer. La Volonté Divine est voilée dans les choses créées.,57c3e62cfd523cfe2f2d60a9931acc56031af8c516b2f3df4197e0c9f7c5192c,Tome 20 — 4 novembre 1926 — La Très Sainte Vierge était la copie fidèle de son Créateur et de toute la Création. La Volonté Divine a la vertu de changer les gouttes d’eau en mer. La Volonté Divine est voilée dans les choses créées.,268ab4d9d931e119e8ce1a1da295476f0b701edfa9e5c38488d840c71ff18211,"[{""op"": ""replace"", ""old_start"": 28, ""old_end"": 29, ""old_text"": ""l"", ""new_text"": ""L""}]",Current R5 title LDC.T20.E0021,,PASS,False,NONE_KNOWN,PRE_MUTATION_OPERATION_FROZEN,INCLUDE_IN_INTERIM_SUCCESSOR_AFTER_EXPLICIT_AUTHORIZATION,Closed source/layout correction in LDC-derived 24H surface; exact current bind verified; no overlap with 300 upstream records and no official-R6 collision.
INTERIM-LOCAL-PASSION24.TEXT.RELATED_HOUR_04.BODY.P021,LOCAL_24H,PASSION24.TEXT.RELATED_HOUR_04.BODY.P021,B_SOURCE_BOUND_DERIVATIVE_LAYOUT_SAFE,REPLACE_TEXT_SPAN,des prodiges jusqu’alors inconnus.,9d7d98a25c39beb44d6dffb99fab91c7257cfea884ad7f629911deb703575168,"des prodiges jusqu’alors inconnus,",021cb0692ece3895da97f3bc43c5a390396e77e20f87b20d30e2077cd657e6d5,"[{""op"": ""replace"", ""old_start"": 33, ""old_end"": 34, ""old_text"": ""."", ""new_text"": "",""}]",R5 LDC.T20.E0021.P018-P023; flattened inline list,,PASS,False,NONE_KNOWN,PRE_MUTATION_OPERATION_FROZEN,INCLUDE_IN_INTERIM_SUCCESSOR_AFTER_EXPLICIT_AUTHORIZATION,Closed source/layout correction in LDC-derived 24H surface; exact current bind verified; no overlap with 300 upstream records and no official-R6 collision.
INTERIM-LOCAL-PASSION24.TEXT.RELATED_HOUR_04.BODY.P024,LOCAL_24H,PASSION24.TEXT.RELATED_HOUR_04.BODY.P024,B_SOURCE_BOUND_DERIVATIVE_LAYOUT_SAFE,REPLACE_TEXT_SPAN,une mer de cristal où Nous nous reflétions pour voir notre fille.,fed221de9ad0e48a485d0683b8c21aa1661b7b2a4b78095f737e2e5c40e51176,"une mer de cristal où Nous nous reflétions pour voir notre fille,",030fb0e7d6d7775ef6c946e7597d98bfe4ce8c27ff9a9b94574d0eb95e259bc1,"[{""op"": ""replace"", ""old_start"": 64, ""old_end"": 65, ""old_text"": ""."", ""new_text"": "",""}]",R5 LDC.T20.E0021.P018-P023; flattened inline list,,PASS,False,NONE_KNOWN,PRE_MUTATION_OPERATION_FROZEN,INCLUDE_IN_INTERIM_SUCCESSOR_AFTER_EXPLICIT_AUTHORIZATION,Closed source/layout correction in LDC-derived 24H surface; exact current bind verified; no overlap with 300 upstream records and no official-R6 collision.
INTERIM-LOCAL-PASSION24.TEXT.RELATED_HOUR_04.BODY.P048,LOCAL_24H,PASSION24.TEXT.RELATED_HOUR_04.BODY.P048,B_SOURCE_BOUND_DERIVATIVE_LAYOUT_SAFE,REPLACE_TEXT_SPAN,combien d’oiseaux et combien de plantes remplissent la terre ?,7aa663dbbae0da97df5507fccef79e3931360a48da5e78a8086c82fc937d6f2e,Combien d’oiseaux et combien de plantes remplissent la terre ?,0a8e50f415613ac721f29c25d05a8d6c8d5e309c37b34b29892ededd3da25fb2,"[{""op"": ""replace"", ""old_start"": 0, ""old_end"": 1, ""old_text"": ""c"", ""new_text"": ""C""}]",R5 LDC.T20.E0021.P064-P066; second displayed question,,PASS,False,NONE_KNOWN,PRE_MUTATION_OPERATION_FROZEN,INCLUDE_IN_INTERIM_SUCCESSOR_AFTER_EXPLICIT_AUTHORIZATION,Closed source/layout correction in LDC-derived 24H surface; exact current bind verified; no overlap with 300 upstream records and no official-R6 collision.
INTERIM-LOCAL-PASSION24.TEXT.RELATED_HOUR_04.BODY.P066,LOCAL_24H,PASSION24.TEXT.RELATED_HOUR_04.BODY.P066,B_SOURCE_BOUND_DERIVATIVE_LAYOUT_SAFE,REPLACE_TEXT_SPAN,Mais l’homme marche sur Elle sans même remarquer qui soutient son pas qui maintient si fermement pour lui cette grande masse de terre afin qu’il ne trébuche pas.,d6ef317853bbad0dca90a696dcfffd068288764bc19a10cfbedd6b5816829b3b,Mais l’homme marche sur Elle sans même remarquer qui soutient son pas et qui maintient si fermement pour lui cette grande masse de terre afin qu’il ne trébuche pas.,0e2dc798bd56d85234e6d97108b7a3888c9de665e086cf890ab06a1a8cae885c,"[{""op"": ""insert"", ""old_start"": 69, ""old_end"": 69, ""old_text"": """", ""new_text"": "" et""}]",SAMPLE17_RESIDUAL_TERMINAL_WORKING.csv,,PASS,False,NONE_KNOWN,PRE_MUTATION_OPERATION_FROZEN,INCLUDE_IN_INTERIM_SUCCESSOR_AFTER_EXPLICIT_AUTHORIZATION,Closed source/layout correction in LDC-derived 24H surface; exact current bind verified; no overlap with 300 upstream records and no official-R6 collision.
INTERIM-LOCAL-PASSION24.TEXT.RELATED_HOUR_04.BODY.P077,LOCAL_24H,PASSION24.TEXT.RELATED_HOUR_04.BODY.P077,B_SOURCE_BOUND_DERIVATIVE_LAYOUT_SAFE,REPLACE_TEXT_SPAN,fera savoir ce qu’Elle a fait durant tant de siècles par Amour pour l’homme.,13ca000ee3c6ca71abf9225a5baeca53b3ae9cd952003f089af754e3c4b67994,fera savoir ce qu’Elle a fait durant tant de siècles par Amour pour l’homme et,1b6e2dafbd4b12a0c856290bbd12da392b7b80e4a55a632b4e21fe4b596da324,"[{""op"": ""replace"", ""old_start"": 75, ""old_end"": 76, ""old_text"": ""."", ""new_text"": "" et""}]",R5 LDC.T20.E0021.P124-P127; inline three-verb list,,PASS,False,NONE_KNOWN,PRE_MUTATION_OPERATION_FROZEN,INCLUDE_IN_INTERIM_SUCCESSOR_AFTER_EXPLICIT_AUTHORIZATION,Closed source/layout correction in LDC-derived 24H surface; exact current bind verified; no overlap with 300 upstream records and no official-R6 collision.
INTERIM-LOCAL-PASSION24.TEXT.RELATED_HOUR_04.BODY.P147,LOCAL_24H,PASSION24.TEXT.RELATED_HOUR_04.BODY.P147,B_SOURCE_BOUND_DERIVATIVE_LAYOUT_SAFE,REPLACE_TEXT_SPAN,"J'ai dû hausser le ton pour que tu M'entendes. Écoute, Ma fille, quand J'ai institué l'Eucharistie, J'ai vu toutes les créatures et Je les ai toutes invitées à venir à Moi toutes les générations, du premier homme jusqu'au dernier afin que Je puisse offrir à tous Ma Vie sacramentelle.",aebf9501d3b50d8caa75345cdf8bd5d32b49832cf7400c5d0580119944ea7ad6,"J'ai dû hausser le ton pour que tu M'entendes. Écoute, Ma fille, quand J'ai institué l'Eucharistie, J'ai vu toutes les créatures, toutes les générations, du premier homme jusqu'au dernier, et Je les ai toutes invitées à venir à Moi afin que Je puisse offrir à tous Ma Vie sacramentelle.",3ee246d54e7ab2d0407cd9092174c702f76df706ec35ee57075e12abdb2c296a,"[{""op"": ""replace"", ""old_start"": 128, ""old_end"": 171, ""old_text"": "" et Je les ai toutes invitées à venir à Moi"", ""new_text"": "",""}, {""op"": ""insert"", ""old_start"": 229, ""old_end"": 229, ""old_text"": """", ""new_text"": "", et Je les ai toutes invitées à venir à Moi""}]",SAMPLE23_RESIDUAL_TERMINAL_WORKING.csv,,PASS,False,NONE_KNOWN,PRE_MUTATION_OPERATION_FROZEN,INCLUDE_IN_INTERIM_SUCCESSOR_AFTER_EXPLICIT_AUTHORIZATION,Closed source/layout correction in LDC-derived 24H surface; exact current bind verified; no overlap with 300 upstream records and no official-R6 collision.
INTERIM-LOCAL-PASSION24.TEXT.RELATED_HOUR_05.BODY.P036,LOCAL_24H,PASSION24.TEXT.RELATED_HOUR_05.BODY.P036,B_SOURCE_BOUND_DERIVATIVE_LAYOUT_SAFE,REPLACE_TEXT_SPAN,"il n'y a rien en toi et en dehors de toi qui ne soit entouré de Mes Actes répétés d'Amour. Voilà pourquoi, dans le Jardin de Gethsémani, Mon Humanité gémissait, suffoquait et se sentait écrasée sous le poids de tant d'Amour.",4ea7b72def65402588fba963ae76af98d0ecdcb413268fa264ac00e1a44ef1a6,"Il n'y a rien en toi et en dehors de toi qui ne soit entouré de Mes Actes répétés d'Amour. Voilà pourquoi, dans le Jardin de Gethsémani, Mon Humanité gémissait, suffoquait et se sentait écrasée sous le poids de tant d'Amour.",e5f063e830e12e689acaee0b171f2dab59095afb3e4f3d13478351546a19b6eb,"[{""op"": ""replace"", ""old_start"": 0, ""old_end"": 1, ""old_text"": ""i"", ""new_text"": ""I""}]",R5 LDC.T17.E0021.P069; visible sentence start,,PASS,False,NONE_KNOWN,PRE_MUTATION_OPERATION_FROZEN,INCLUDE_IN_INTERIM_SUCCESSOR_AFTER_EXPLICIT_AUTHORIZATION,Closed source/layout correction in LDC-derived 24H surface; exact current bind verified; no overlap with 300 upstream records and no official-R6 collision.
INTERIM-LOCAL-PASSION24.TEXT.RELATED_HOUR_06.BODY.P011,LOCAL_24H,PASSION24.TEXT.RELATED_HOUR_06.BODY.P011,B_SOURCE_BOUND_DERIVATIVE_LAYOUT_SAFE,REPLACE_TEXT_SPAN,"Ainsi, de toutes les choses, J'entendrai l'écho de la Divine Volonté. «",df3bce6bc5fa308672f83c9482ee095481e57ba5a4d46bc4947c426127183721,"Ainsi, de toutes les choses, J'entendrai l'écho de la Divine Volonté.",eb342569b480a305aeb71f01d2f918c56eff21204d801a9d58fc0969a414e888,"[{""op"": ""delete"", ""old_start"": 69, ""old_end"": 71, ""old_text"": "" «"", ""new_text"": """"}]",R5 LDC.T14.E0047.P010-P011; move opening guillemet to P012,,PASS,False,NONE_KNOWN,PRE_MUTATION_OPERATION_FROZEN,INCLUDE_IN_INTERIM_SUCCESSOR_AFTER_EXPLICIT_AUTHORIZATION,Closed source/layout correction in LDC-derived 24H surface; exact current bind verified; no overlap with 300 upstream records and no official-R6 collision.
INTERIM-LOCAL-PASSION24.TEXT.RELATED_HOUR_06.BODY.P012,LOCAL_24H,PASSION24.TEXT.RELATED_HOUR_06.BODY.P012,B_SOURCE_BOUND_DERIVATIVE_LAYOUT_SAFE,REPLACE_TEXT_SPAN,"Ma fille, J'ai souffert une double mort pour chaque mort que les créatures ont subie : une mort par Amour et une autre par affliction.",e29fe6ec26e2a7bbfa977f5a6d29ce88e5f5422a88eb55320b69d6f022bef51f,"«Ma fille, J'ai souffert une double mort pour chaque mort que les créatures ont subie : une mort par Amour et une autre par affliction.",0788c171e146eeeaa490a316efc926bd931742a2d64e3ff1caf3b4abf702148c,"[{""op"": ""insert"", ""old_start"": 0, ""old_end"": 0, ""old_text"": """", ""new_text"": ""«""}]",R5 LDC.T14.E0047.P011 exact opening guillemet,,PASS,False,NONE_KNOWN,PRE_MUTATION_OPERATION_FROZEN,INCLUDE_IN_INTERIM_SUCCESSOR_AFTER_EXPLICIT_AUTHORIZATION,Closed source/layout correction in LDC-derived 24H surface; exact current bind verified; no overlap with 300 upstream records and no official-R6 collision.
INTERIM-LOCAL-PASSION24.TEXT.RELATED_HOUR_13.BODY.P047,LOCAL_24H,PASSION24.TEXT.RELATED_HOUR_13.BODY.P047,B_SOURCE_BOUND_DERIVATIVE_LAYOUT_SAFE,REPLACE_TEXT_SPAN,"Et Jésus, pour calmer mon agitation, sortit de moi. Je Lui dis : «",bd806c72a5bf88e3494cb063b6c9e032b13a9539f4dada4abe4b7274c7c6b10a,"Et Jésus, pour calmer mon agitation, sortit de moi. Je Lui dis :",1e1814020a37a64a456a035045bfaa0e0d00d1a93ee7567bcf3c8e67ea1083a4,"[{""op"": ""delete"", ""old_start"": 64, ""old_end"": 66, ""old_text"": "" «"", ""new_text"": """"}]",R5 LDC.T20.E0031.P003-P004; move opening guillemet to P048,,PASS,False,NONE_KNOWN,PRE_MUTATION_OPERATION_FROZEN,INCLUDE_IN_INTERIM_SUCCESSOR_AFTER_EXPLICIT_AUTHORIZATION,Closed source/layout correction in LDC-derived 24H surface; exact current bind verified; no overlap with 300 upstream records and no official-R6 collision.
INTERIM-LOCAL-PASSION24.TEXT.RELATED_HOUR_13.BODY.P048,LOCAL_24H,PASSION24.TEXT.RELATED_HOUR_13.BODY.P048,B_SOURCE_BOUND_DERIVATIVE_LAYOUT_SAFE,REPLACE_TEXT_SPAN,"Mon Amour, comme Tu me fais lutter et soupirer pour Ton Amour.",285e6c005f8a30d1e56a0909363d73636d12bb13bc24aef72f0a47f0b41ee5d6,"« Mon Amour, comme Tu me fais lutter et soupirer pour Ton Amour.",07c7251272550dd43bd58fcad94b311f393c28b35571ed7675d4ba5dd0298910,"[{""op"": ""insert"", ""old_start"": 0, ""old_end"": 0, ""old_text"": """", ""new_text"": ""« ""}]",R5 LDC.T20.E0031.P004 exact opening guillemet,,PASS,False,NONE_KNOWN,PRE_MUTATION_OPERATION_FROZEN,INCLUDE_IN_INTERIM_SUCCESSOR_AFTER_EXPLICIT_AUTHORIZATION,Closed source/layout correction in LDC-derived 24H surface; exact current bind verified; no overlap with 300 upstream records and no official-R6 collision.
INTERIM-LOCAL-PASSION24.TEXT.RELATED_HOUR_13.BODY.P106,LOCAL_24H,PASSION24.TEXT.RELATED_HOUR_13.BODY.P106,B_SOURCE_BOUND_DERIVATIVE_LAYOUT_SAFE,REPLACE_TEXT_SPAN,l’obscurité épaisse,33390730150425c0c3976d3bbee9e14a6d05ebc060eb3a296d9e0eb680c8dd10,l’obscurité épaisse ;,9be027b95a3334ba9016caf763c392586c23554831ad7631039936e35116d37d,"[{""op"": ""insert"", ""old_start"": 19, ""old_end"": 19, ""old_text"": """", ""new_text"": "" ;""}]",R5 LDC.T20.E0031.P095-P097; flattened list separator,,PASS,False,NONE_KNOWN,PRE_MUTATION_OPERATION_FROZEN,INCLUDE_IN_INTERIM_SUCCESSOR_AFTER_EXPLICIT_AUTHORIZATION,Closed source/layout correction in LDC-derived 24H surface; exact current bind verified; no overlap with 300 upstream records and no official-R6 collision.
INTERIM-LOCAL-PASSION24.TEXT.RELATED_HOUR_13.BODY.P108,LOCAL_24H,PASSION24.TEXT.RELATED_HOUR_13.BODY.P108,B_SOURCE_BOUND_DERIVATIVE_LAYOUT_SAFE,REPLACE_TEXT_SPAN,"Ma position était insoutenable couvert de crachats, les cheveux en désordre, souffrant en tous Mes membres, ligoté, incurvé attaché sans même pouvoir Me tenir bien droit, ne pouvant faire aucun mouvement pour Me soulager, ne pouvant même pas enlever de Mes yeux, les cheveux qui Me gênaient.",74a420777b75e2ec05d4b4b5895e9b197ff07900602215eb3dc21bf478f93a59,"Ma position était insoutenable : couvert de crachats ; les cheveux en désordre ; souffrant en tous Mes membres ; ligoté, incurvé ; attaché sans même pouvoir Me tenir bien droit ; ne pouvant faire aucun mouvement pour Me soulager ; ne pouvant même pas enlever de Mes yeux les cheveux qui Me gênaient.",cbbcb40967efa147a24ef267c3624043c3c44bfe73d161e0f16c6bb8186114d9,"[{""op"": ""insert"", ""old_start"": 31, ""old_end"": 31, ""old_text"": """", ""new_text"": "": ""}, {""op"": ""replace"", ""old_start"": 50, ""old_end"": 51, ""old_text"": "","", ""new_text"": "" ;""}, {""op"": ""replace"", ""old_start"": 75, ""old_end"": 76, ""old_text"": "","", ""new_text"": "" ;""}, {""op"": ""replace"", ""old_start"": 106, ""old_end"": 107, ""old_text"": "","", ""new_text"": "" ;""}, {""op"": ""insert"", ""old_start"": 123, ""old_end"": 123, ""old_text"": """", ""new_text"": "" ;""}, {""op"": ""replace"", ""old_start"": 169, ""old_end"": 170, ""old_text"": "","", ""new_text"": "" ;""}, {""op"": ""replace"", ""old_start"": 220, ""old_end"": 221, ""old_text"": "","", ""new_text"": "" ;""}, {""op"": ""delete"", ""old_start"": 261, ""old_end"": 262, ""old_text"": "","", ""new_text"": """"}]",R5 LDC.T20.E0031.P098-P105 flattened source list; punctuation-only normalization,,PASS,False,NONE_KNOWN,PRE_MUTATION_OPERATION_FROZEN,INCLUDE_IN_INTERIM_SUCCESSOR_AFTER_EXPLICIT_AUTHORIZATION,Closed source/layout correction in LDC-derived 24H surface; exact current bind verified; no overlap with 300 upstream records and no official-R6 collision.
INTERIM-LOCAL-PASSION24.TEXT.RELATED_HOUR_13.BODY.P111,LOCAL_24H,PASSION24.TEXT.RELATED_HOUR_13.BODY.P111,B_SOURCE_BOUND_DERIVATIVE_LAYOUT_SAFE,REPLACE_TEXT_SPAN,La puanteur qu’elle exhale est insupportable,40b3d828c9fc2b988a3b9e8d65027612a359a7b52afa42c3f9656ef1624bc4f1,La puanteur qu’elle exhale est insupportable ;,f3daec975fbdd53568151fd1b01c3e41b5e74b732900d5bd643263956e5bf5d1,"[{""op"": ""insert"", ""old_start"": 44, ""old_end"": 44, ""old_text"": """", ""new_text"": "" ;""}]",R5 LDC.T20.E0031.P108-P110; flattened list separator,,PASS,False,NONE_KNOWN,PRE_MUTATION_OPERATION_FROZEN,INCLUDE_IN_INTERIM_SUCCESSOR_AFTER_EXPLICIT_AUTHORIZATION,Closed source/layout correction in LDC-derived 24H surface; exact current bind verified; no overlap with 300 upstream records and no official-R6 collision.
INTERIM-LOCAL-PASSION24.TEXT.RELATED_HOUR_13.BODY.P112,LOCAL_24H,PASSION24.TEXT.RELATED_HOUR_13.BODY.P112,B_SOURCE_BOUND_DERIVATIVE_LAYOUT_SAFE,REPLACE_TEXT_SPAN,"l’obscurité épaisse, bien souvent, il ne leur reste même pas la petite lampe de la raison.",ae3e365aeb6df80be635d6d3caaad09ba500f285ca8147dfccc6695a17a28fc8,"l’obscurité épaisse ; bien souvent, il ne leur reste même pas la petite lampe de la raison.",181cb23907cf010a3de8b632cdff19091f8cb4c45eca2f28825d0f94f4a96bab,"[{""op"": ""replace"", ""old_start"": 19, ""old_end"": 20, ""old_text"": "","", ""new_text"": "" ;""}]",R5 LDC.T20.E0031.P109; separates elliptical list member from following clause,,PASS,False,NONE_KNOWN,PRE_MUTATION_OPERATION_FROZEN,INCLUDE_IN_INTERIM_SUCCESSOR_AFTER_EXPLICIT_AUTHORIZATION,Closed source/layout correction in LDC-derived 24H surface; exact current bind verified; no overlap with 300 upstream records and no official-R6 collision.
INTERIM-LOCAL-PASSION24.TEXT.RELATED_HOUR_13.BODY.P127,LOCAL_24H,PASSION24.TEXT.RELATED_HOUR_13.BODY.P127,B_SOURCE_BOUND_DERIVATIVE_LAYOUT_SAFE,REPLACE_TEXT_SPAN,mais il était plus fort que n’importe quel bruit.,99dd7e2b36db07f234431218d1aa8f5de54406a2870ee768356df2b3f7d83694,Mais il était plus fort que n’importe quel bruit.,7358ee598289d377e48a726e429431aae61a2e8f88dd699f7b4b829be6764521,"[{""op"": ""replace"", ""old_start"": 0, ""old_end"": 1, ""old_text"": ""m"", ""new_text"": ""M""}]",R5 LDC.T20.E0040.P013; visible sentence begins after full stop,,PASS,False,NONE_KNOWN,PRE_MUTATION_OPERATION_FROZEN,INCLUDE_IN_INTERIM_SUCCESSOR_AFTER_EXPLICIT_AUTHORIZATION,Closed source/layout correction in LDC-derived 24H surface; exact current bind verified; no overlap with 300 upstream records and no official-R6 collision.
INTERIM-LOCAL-PASSION24.TEXT.RELATED_HOUR_15.BODY.P192,LOCAL_24H,PASSION24.TEXT.RELATED_HOUR_15.BODY.P192,B_SOURCE_BOUND_DERIVATIVE_LAYOUT_SAFE,REPLACE_TEXT_SPAN,"sa Victoire sera complète, ayant ainsi constitué en toi son Royaume.",28201e4ce5524fa3544b315b344752c768e53652507af2d2eb3bb13209e765c1,"Sa Victoire sera complète, ayant ainsi constitué en toi son Royaume.",b7a3dd5d53b35d705113a2e4a0461d5ade1073df42f9da453e9eb873703607d0,"[{""op"": ""replace"", ""old_start"": 0, ""old_end"": 1, ""old_text"": ""s"", ""new_text"": ""S""}]",R5 LDC.T20.E0044.P078-P080; 24H boundary makes item standalone,,PASS,False,NONE_KNOWN,PRE_MUTATION_OPERATION_FROZEN,INCLUDE_IN_INTERIM_SUCCESSOR_AFTER_EXPLICIT_AUTHORIZATION,Closed source/layout correction in LDC-derived 24H surface; exact current bind verified; no overlap with 300 upstream records and no official-R6 collision.
INTERIM-LOCAL-PASSION24.TEXT.RELATED_HOUR_16.BODY.P038,LOCAL_24H,PASSION24.TEXT.RELATED_HOUR_16.BODY.P038,B_SOURCE_BOUND_DERIVATIVE_LAYOUT_SAFE,REPLACE_TEXT_SPAN,"Il le transforme, de la plus belle des créatures sortie de Mes mains en la plus laide et la plus horrible chose qui provoque le dégoût et la répugnance.",a3fd019d7e0ea412a596ea62535792315ab2093f0b1991cf45db7d10688f5a21,Il le transforme de la plus belle des créatures sortie de Mes mains en la plus laide et la plus horrible chose qui provoque le dégoût et la répugnance.,1d3c1d681548f11ba2611b8c46f6b3fbe48c33dc361f95d32a81d948ebaacc4a,"[{""op"": ""delete"", ""old_start"": 16, ""old_end"": 17, ""old_text"": "","", ""new_text"": """"}]",SAMPLE9_AND_AUTHORITY_OMISSIONS_TERMINAL_WORKING.csv,,PASS,False,NONE_KNOWN,PRE_MUTATION_OPERATION_FROZEN,INCLUDE_IN_INTERIM_SUCCESSOR_AFTER_EXPLICIT_AUTHORIZATION,Closed source/layout correction in LDC-derived 24H surface; exact current bind verified; no overlap with 300 upstream records and no official-R6 collision.
INTERIM-LOCAL-PASSION24.TEXT.RELATED_HOUR_16.BODY.P050,LOCAL_24H,PASSION24.TEXT.RELATED_HOUR_16.BODY.P050,B_SOURCE_BOUND_DERIVATIVE_LAYOUT_SAFE,REPLACE_TEXT_SPAN,"J'aurais été prête à souffrir n'importe quelle peine pour l'empêcher de pleurer. je lui donnai ma compassion, j'embrassai ses blessures et je séchai ses larmes.",e69ce051b4fb58420ec560abddd9dec0b94df18e18cb4b9075484c44159d0a97,"J'aurais été prête à souffrir n'importe quelle peine pour l'empêcher de pleurer. Je lui donnai ma compassion, j'embrassai ses blessures et je séchai ses larmes.",7dfe521c4ffb40f96253da211f0a707208071d17cf123b3119eb09099d7204b5,"[{""op"": ""replace"", ""old_start"": 81, ""old_end"": 82, ""old_text"": ""j"", ""new_text"": ""J""}]",R5 LDC.T14.E0003.P032-P035 flattened list,,PASS,False,NONE_KNOWN,PRE_MUTATION_OPERATION_FROZEN,INCLUDE_IN_INTERIM_SUCCESSOR_AFTER_EXPLICIT_AUTHORIZATION,Closed source/layout correction in LDC-derived 24H surface; exact current bind verified; no overlap with 300 upstream records and no official-R6 collision.
INTERIM-LOCAL-PASSION24.TEXT.RELATED_HOUR_16.BODY.P074,LOCAL_24H,PASSION24.TEXT.RELATED_HOUR_16.BODY.P074,B_SOURCE_BOUND_DERIVATIVE_LAYOUT_SAFE,REPLACE_TEXT_SPAN,"Et comme rançon, afin que cela ne Me soit pas refusé, J'offris Mon Sang, Ma Chair déchirée en lambeaux. et Je Me laissai déshabiller non seulement de Mes vêtements, mais aussi de Ma peau.",d4f17066a41bca155318fa3831fedb6a58c460e4bff2af34080f2801e5a658aa,"Et comme rançon, afin que cela ne Me soit pas refusé, J'offris Mon Sang, Ma Chair déchirée en lambeaux. Et Je Me laissai déshabiller non seulement de Mes vêtements, mais aussi de Ma peau.",cd24717b40bca48cdf8d333b21012b13c7754b7a7930c6d8a2b983f25b47ee28,"[{""op"": ""replace"", ""old_start"": 104, ""old_end"": 105, ""old_text"": ""e"", ""new_text"": ""E""}]",R5 LDC.T16.E0033.P023-P025 flattened list,,PASS,False,NONE_KNOWN,PRE_MUTATION_OPERATION_FROZEN,INCLUDE_IN_INTERIM_SUCCESSOR_AFTER_EXPLICIT_AUTHORIZATION,Closed source/layout correction in LDC-derived 24H surface; exact current bind verified; no overlap with 300 upstream records and no official-R6 collision.
INTERIM-LOCAL-PASSION24.TEXT.RELATED_HOUR_17.BODY.P191,LOCAL_24H,PASSION24.TEXT.RELATED_HOUR_17.BODY.P191,B_SOURCE_BOUND_DERIVATIVE_LAYOUT_SAFE,REPLACE_TEXT_SPAN,et beaucoup d’autres choses qu’il n’est pas nécessaire d’écrire.,4742642d9d4bdafbdfc2a11d5fe09809942fa640cef6a159030c87e37d06f79c,Et beaucoup d’autres choses qu’il n’est pas nécessaire d’écrire.,df39d5a0212a0eca7bca6883bc1fa3b0d655919e7264fa39fed292fe66701111,"[{""op"": ""replace"", ""old_start"": 0, ""old_end"": 1, ""old_text"": ""e"", ""new_text"": ""E""}]",R5 LDC.T24.E0048.P004; visible standalone continuation,,PASS,False,NONE_KNOWN,PRE_MUTATION_OPERATION_FROZEN,INCLUDE_IN_INTERIM_SUCCESSOR_AFTER_EXPLICIT_AUTHORIZATION,Closed source/layout correction in LDC-derived 24H surface; exact current bind verified; no overlap with 300 upstream records and no official-R6 collision.
INTERIM-LOCAL-PASSION24.TEXT.RELATED_HOUR_21.BODY.P004,LOCAL_24H,PASSION24.TEXT.RELATED_HOUR_21.BODY.P004,B_SOURCE_BOUND_DERIVATIVE_LAYOUT_SAFE,REPLACE_TEXT_SPAN,"• Tome 18 — 10 octobre 1925 — Échange de Volontés entre le Père céleste, la Vierge Marie et Luisa. La Vierge Marie répète pour ceux qui vivent dans la Volonté Divine ce qu’elle fit pour son fils.",69a052b613383bb7d79c9041f29abc6908894339c71200009afe8779a0f663c7,"• Tome 18 — 10 octobre 1925 — Échange de Volontés entre le Père céleste, la Vierge Marie et Luisa. La Vierge Marie répète pour ceux qui vivent dans la Volonté Divine ce qu’elle fit pour son Fils.",6ac499a0614642e9a0b74b342e4bdc90f5c2132176eefcdb32af39c97089baf8,"[{""op"": ""replace"", ""old_start"": 190, ""old_end"": 191, ""old_text"": ""f"", ""new_text"": ""F""}]",Current R5 title LDC.T18.E0005A / stable LDC.T18.E0005,,PASS,False,NONE_KNOWN,PRE_MUTATION_OPERATION_FROZEN,INCLUDE_IN_INTERIM_SUCCESSOR_AFTER_EXPLICIT_AUTHORIZATION,Closed source/layout correction in LDC-derived 24H surface; exact current bind verified; no overlap with 300 upstream records and no official-R6 collision.
INTERIM-LOCAL-PASSION24.TEXT.RELATED_HOUR_21.BODY.P008,LOCAL_24H,PASSION24.TEXT.RELATED_HOUR_21.BODY.P008,B_SOURCE_BOUND_DERIVATIVE_LAYOUT_SAFE,REPLACE_TEXT_SPAN,"• Tome 35 — 22 mars 1938 — Dès que la créature se décide de vivre dans notre Vouloir, tout change pour elle, parce qu’elle est mise dans les mêmes conditions que la Divinité. Ce à quoi serviront les enfants du divin Fiat qui auront en eux la Vie de leur Père céleste. L’ultime regard d’Amour au moment de la mort.",a6e6296b3ea2cad5210c53982c832cd879e4d54ae2bfc7fe2c5368965c9f4524,"• Tome 35 — 22 mars 1938 — Dès que la créature se décide à vivre dans notre Vouloir, tout change pour elle, parce qu’elle est mise dans les mêmes conditions que la Divinité. Ce à quoi serviront les enfants du divin Fiat qui auront en eux la Vie de leur Père céleste. L’ultime regard d’Amour au moment de la mort.",e48f10ce50bfdc0614b35d7f13ca03051d624d3311a6bea10d9635a7ad70a7a7,"[{""op"": ""replace"", ""old_start"": 57, ""old_end"": 59, ""old_text"": ""de"", ""new_text"": ""à""}]",Current corrected R5 title LDC.T35.E0040,,PASS,False,NONE_KNOWN,PRE_MUTATION_OPERATION_FROZEN,INCLUDE_IN_INTERIM_SUCCESSOR_AFTER_EXPLICIT_AUTHORIZATION,Closed source/layout correction in LDC-derived 24H surface; exact current bind verified; no overlap with 300 upstream records and no official-R6 collision.
INTERIM-LOCAL-PASSION24.TEXT.RELATED_HOUR_21.BODY.P034,LOCAL_24H,PASSION24.TEXT.RELATED_HOUR_21.BODY.P034,B_SOURCE_BOUND_DERIVATIVE_LAYOUT_SAFE,REPLACE_TEXT_SPAN,"d’autres viennent en second, d’autres arrivent troisièmes, quatrièmes, selon l’intensité de leur amour.",2a0e3f2e7b6a75f21efacc65e39ab6642653b87cd3d156663b2dd4b5354cf213,"D’autres viennent en second, d’autres arrivent troisièmes, quatrièmes, selon l’intensité de leur amour.",c59d61e55df12d758cd774203e51e1543542ac43ba20cee9fc6c3975f8263841,"[{""op"": ""replace"", ""old_start"": 0, ""old_end"": 1, ""old_text"": ""d"", ""new_text"": ""D""}]",R5 LDC.T20.E0027.P041-P044 flattened ranking list,,PASS,False,NONE_KNOWN,PRE_MUTATION_OPERATION_FROZEN,INCLUDE_IN_INTERIM_SUCCESSOR_AFTER_EXPLICIT_AUTHORIZATION,Closed source/layout correction in LDC-derived 24H surface; exact current bind verified; no overlap with 300 upstream records and no official-R6 collision.
INTERIM-LOCAL-PASSION24.TEXT.RELATED_HOUR_21.BODY.P060,LOCAL_24H,PASSION24.TEXT.RELATED_HOUR_21.BODY.P060,B_SOURCE_BOUND_DERIVATIVE_LAYOUT_SAFE,REPLACE_TEXT_SPAN,"Tome 18 — 10 octobre 1925 — Échange de Volontés entre le Père céleste, la Vierge Marie et Luisa. La Vierge Marie répète pour ceux qui vivent dans la Volonté Divine ce qu’elle fit pour son fils.",7e9ed736e64ee9c7a2e2101e28efd45a8bb7a12943eae3387aff8491103e8488,"Tome 18 — 10 octobre 1925 — Échange de Volontés entre le Père céleste, la Vierge Marie et Luisa. La Vierge Marie répète pour ceux qui vivent dans la Volonté Divine ce qu’elle fit pour son Fils.",7c34a23dc20faf5cc8939079bd0e63b36c371e42807b821467f637276b5817b4,"[{""op"": ""replace"", ""old_start"": 188, ""old_end"": 189, ""old_text"": ""f"", ""new_text"": ""F""}]",Current R5 title LDC.T18.E0005A / stable LDC.T18.E0005,,PASS,False,NONE_KNOWN,PRE_MUTATION_OPERATION_FROZEN,INCLUDE_IN_INTERIM_SUCCESSOR_AFTER_EXPLICIT_AUTHORIZATION,Closed source/layout correction in LDC-derived 24H surface; exact current bind verified; no overlap with 300 upstream records and no official-R6 collision.
INTERIM-LOCAL-PASSION24.TEXT.RELATED_HOUR_21.BODY.P124,LOCAL_24H,PASSION24.TEXT.RELATED_HOUR_21.BODY.P124,B_SOURCE_BOUND_DERIVATIVE_LAYOUT_SAFE,REPLACE_TEXT_SPAN,"Tome 35 — 22 mars 1938 — Dès que la créature se décide de vivre dans notre Vouloir, tout change pour elle, parce qu’elle est mise dans les mêmes conditions que la Divinité. Ce à quoi serviront les enfants du divin Fiat qui auront en eux la Vie de leur Père céleste. L’ultime regard d’Amour au moment de la mort.",57b8dd16972ee9a39ce0faa9c4e8cae50b611493628f1ba5cc1d9ca7339ad042,"Tome 35 — 22 mars 1938 — Dès que la créature se décide à vivre dans notre Vouloir, tout change pour elle, parce qu’elle est mise dans les mêmes conditions que la Divinité. Ce à quoi serviront les enfants du divin Fiat qui auront en eux la Vie de leur Père céleste. L’ultime regard d’Amour au moment de la mort.",f23e5be27cc4344486445a6b2188a325b5d5541d303ff2c34faff98f54f5a81a,"[{""op"": ""replace"", ""old_start"": 55, ""old_end"": 57, ""old_text"": ""de"", ""new_text"": ""à""}]",Current corrected R5 title LDC.T35.E0040,,PASS,False,NONE_KNOWN,PRE_MUTATION_OPERATION_FROZEN,INCLUDE_IN_INTERIM_SUCCESSOR_AFTER_EXPLICIT_AUTHORIZATION,Closed source/layout correction in LDC-derived 24H surface; exact current bind verified; no overlap with 300 upstream records and no official-R6 collision.
INTERIM-R6SYNC-PASSION24.TEXT.RELATED_HOUR_10.BODY.P005,AUTHORITATIVE_R6_DERIVATIVE_SYNC,PASSION24.TEXT.RELATED_HOUR_10.BODY.P005,B_AUTHORITATIVE_R6_SYNC,REPLACE_TEXT_FROM_OFFICIAL_R6,"Ce matin, alors que j'étais dans mon état habituel, mon adorable Jésus est venu en compagnie de mon confesseur.",157f551facabf7b5d7871cc17f20a8ebcf1e4fbc7db4ba2d058e3f4be9634ae1,"Ce matin, alors que j'étais dans mon état habituel, mon adorable Jésus est venu et, au même instant, j'ai vu mon confesseur.",f9444bff833a10e6959116507c645960f1bbc60f63693b32c2ee3ad70d241af6,,R6-L0030,LDC.T02.1899-05-31.E001.P001,PASS,False,NONE_KNOWN,AUTHORITATIVE_R6_SYNC_REQUIRED__PREAUTH_NO_24H_MUTATION,INCLUDE_IN_INTERIM_SUCCESSOR_AFTER_EXPLICIT_AUTHORIZATION,Exact derivative synchronization to already-official LDC R6; source operation and old/new hashes replay-verified. No upstream-record overlap.
INTERIM-R6SYNC-PASSION24.TEXT.RELATED_HOUR_10.BODY.P009,AUTHORITATIVE_R6_DERIVATIVE_SYNC,PASSION24.TEXT.RELATED_HOUR_10.BODY.P009,B_AUTHORITATIVE_R6_SYNC,REPLACE_TEXT_FROM_OFFICIAL_R6,"Si vous voulez consulter deux ou trois prêtres parmi les meilleurs, les plus saints et les plus érudits afin d'être éclairé, Je vous y autorise. Mais pour le reste, non et non ! Ce serait vouloir gâcher Mes œuvres, les tourner en risée, ce qui Me déplairait beaucoup.» Ensuite, Jésus me dit : «Tout ce que Je te demande, c'est de rester dans la droiture et la simplicité. Ne te préoccupe pas des opinions des créatures. Laisse-les penser ce qu'elles veulent sans te troubler en rien. Car en voulant chercher l'approbation de toutes, tu cesses d'imiter Ma propre Vie.»",c6748a7f3849a3d7058319b333cc0c038a0e257c46a192a2224a5e052e7f96e6,"Si vous voulez consulter deux ou trois prêtres parmi les meilleurs, les plus saints et les plus érudits afin d'être éclairé et de faire ce que Je veux dans les choses à accomplir, par les bons conseils et la prière, Je vous y autorise. Mais pour le reste, non et non ! Ce serait vouloir gâcher Mes œuvres, les tourner en risée, ce qui Me déplairait beaucoup.» Ensuite, Jésus me dit : «Tout ce que Je te demande, c'est de rester dans la droiture et la simplicité. Ne te préoccupe pas des opinions des créatures. Laisse-les penser ce qu'elles veulent sans te troubler en rien. Car en voulant chercher l'approbation de toutes, tu cesses d'imiter Ma propre Vie.»",6cc3200afee4720335c73a5d52c03a9c76e40d5a89067133e6a3c8f66f334bff,,R6-L0031,LDC.T02.1899-05-31.E001.P005,PASS,False,NONE_KNOWN,AUTHORITATIVE_R6_SYNC_REQUIRED__PREAUTH_NO_24H_MUTATION,INCLUDE_IN_INTERIM_SUCCESSOR_AFTER_EXPLICIT_AUTHORIZATION,Exact derivative synchronization to already-official LDC R6; source operation and old/new hashes replay-verified. No upstream-record overlap.
INTERIM-R6SYNC-PASSION24.TEXT.RELATED_HOUR_01.BODY.P015,AUTHORITATIVE_R6_DERIVATIVE_SYNC,PASSION24.TEXT.RELATED_HOUR_01.BODY.P015,B_AUTHORITATIVE_R6_SYNC,REPLACE_TEXT_FROM_OFFICIAL_R6,"Les créatures ne peuvent embrasser tout ce que J'ai fait. Leurs capacités sont limitées. Ainsi, dans telle âme Je continue Ma réparation, dans telle autre Ma louange, dans telle autre Mes actions de grâce, dans telle autre Mon zèle pour la sainteté des âmes, dans telle autre Mes souffrances, et ainsi de suite.",56d20cabf316965abebcf338382c45e5b43a01db3f23615e491453e30820627d,"Les créatures ne peuvent embrasser tout ce que J'ai fait. Leurs capacités sont limitées. Ainsi, dans telle âme Je continue Ma réparation, dans telle autre Ma louange, dans telle autre Mes actions de grâce, dans telle autre Mon zèle pour le salut des âmes, dans telle autre Mes souffrances, et ainsi de suite.",704b6bb611889b886df0cf5a30adfdbbe0e44a2eb617c07a2d0a97cc172fb5dd,,R6-L0048,LDC.T05.1903-10-03.E001.P009,PASS,False,NONE_KNOWN,AUTHORITATIVE_R6_SYNC_REQUIRED__PREAUTH_NO_24H_MUTATION,INCLUDE_IN_INTERIM_SUCCESSOR_AFTER_EXPLICIT_AUTHORIZATION,Exact derivative synchronization to already-official LDC R6; source operation and old/new hashes replay-verified. No upstream-record overlap.
INTERIM-R6SYNC-PASSION24.TEXT.RELATED_HOUR_17.BODY.P020,AUTHORITATIVE_R6_DERIVATIVE_SYNC,PASSION24.TEXT.RELATED_HOUR_17.BODY.P020,B_AUTHORITATIVE_R6_SYNC,REPLACE_TEXT_FROM_OFFICIAL_R6,"Ma tête devait restaurer Mon Règne et Ma Seigneurie, obtenir les mérites pour que les nouveaux cieux de grâces et les nouveaux mondes de vérités puissent pénétrer l'esprit humain pour y contrer les enfers de péchés et de viles passions.",394828af8ae1c8299e3ac56397611f509a941d36615be74f60de7ababcb4e53f,"Ma tête devait rendre à l’homme le gouvernement et la domination, et lui mériter que de nouveaux cieux de grâces et de nouveaux mondes de vérités pénètrent l’esprit humain pour y contrer les enfers de péchés et de viles passions.",b35510b1b71ec656d4356d92f25fceefb9bbb058cf244a126d6c94ecc5c965e0,,R6-L0052,LDC.T05.1903-10-12.E001.P012,PASS,False,NONE_KNOWN,AUTHORITATIVE_R6_SYNC_REQUIRED__PREAUTH_NO_24H_MUTATION,INCLUDE_IN_INTERIM_SUCCESSOR_AFTER_EXPLICIT_AUTHORIZATION,Exact derivative synchronization to already-official LDC R6; source operation and old/new hashes replay-verified. No upstream-record overlap.
INTERIM-R6SYNC-PASSION24.TEXT.RELATED_HOUR_18.BODY.P039,AUTHORITATIVE_R6_DERIVATIVE_SYNC,PASSION24.TEXT.RELATED_HOUR_18.BODY.P039,B_AUTHORITATIVE_R6_SYNC,REPLACE_TEXT_FROM_OFFICIAL_R6,La véritable adoration consiste en cela : la créature se dissout dans la sphère divine en s'unissant à Dieu dans tout ce qu'Il fait.,1dff2a7cc0fa52f55a46d4987a268f88af4441cc427fb95624f92a5d90b11d0c,"La véritable adoration consiste en cela : la créature se dissout dans la sphère divine, adore tout ce que Dieu fait et s’unit à Lui.",fe11bc0a45f1507b03664cb61b0f32ca49150ed2b3ed46173e8dd5341eac96bd,,M7RC-L0155,LDC.T06.1903-12-17.E001.P003,PASS,False,NONE_KNOWN,AUTHORITATIVE_R6_SYNC_REQUIRED__PREAUTH_NO_24H_MUTATION,INCLUDE_IN_INTERIM_SUCCESSOR_AFTER_EXPLICIT_AUTHORIZATION,Exact derivative synchronization to already-official LDC R6; source operation and old/new hashes replay-verified. No upstream-record overlap.
INTERIM-R6SYNC-PASSION24.TEXT.RELATED_HOUR_11.BODY.P031,AUTHORITATIVE_R6_DERIVATIVE_SYNC,PASSION24.TEXT.RELATED_HOUR_11.BODY.P031,B_AUTHORITATIVE_R6_SYNC,REPLACE_TEXT_FROM_OFFICIAL_R6,"À partir de ces quelques bons prêtres, Je rebâtirai Mon Église, la sauvant de son agonie.",c23a6e16b0ea6b2b1e3ab1bb3d51d6ccceb6269e045fa1300e30966db0e1d7ae,"À partir de ces quelques bons prêtres, Mon Église se remettra de son agonie.",f064b2d6ae0dc1f05a421aab64c9227220154690fd36277cc33310550293687f,,R6-L0085,LDC.T10.1911-01-28.E001.P014,PASS,False,NONE_KNOWN,AUTHORITATIVE_R6_SYNC_REQUIRED__PREAUTH_NO_24H_MUTATION,INCLUDE_IN_INTERIM_SUCCESSOR_AFTER_EXPLICIT_AUTHORIZATION,Exact derivative synchronization to already-official LDC R6; source operation and old/new hashes replay-verified. No upstream-record overlap.
INTERIM-R6SYNC-PASSION24.SECTION.BENEFITS.P040,AUTHORITATIVE_R6_DERIVATIVE_SYNC,PASSION24.SECTION.BENEFITS.P040,B_AUTHORITATIVE_R6_SYNC,REPLACE_TEXT_FROM_OFFICIAL_R6,"Ma Passion fit acquérir à Mon Humanité le mérite nécessaire pour que tous soient sauvés, même si certains ne veulent pas en profiter. La même chose pour",f64ea34de74ee068c5e8e058ca7b8c464627e53654d50661aba5c350de3e9c94,"Ma Passion fit acquérir à Mon Humanité le mérite nécessaire pour que tous soient sauvés, même si certains ne veulent pas en profiter. Ma Volonté était de sauver tous, et J'ai mérité selon ce que Je voulais, non selon le profit qu'ils en tireraient. La même chose pour",5c5a2145243b63de0942a495e782016ac2bfe4d5bd76709acaadc56ea78ea219,,R6-L0094,LDC.T11.1914-10-14.E001.P007,PASS,False,NONE_KNOWN,AUTHORITATIVE_R6_SYNC_REQUIRED__PREAUTH_NO_24H_MUTATION,INCLUDE_IN_INTERIM_SUCCESSOR_AFTER_EXPLICIT_AUTHORIZATION,Exact derivative synchronization to already-official LDC R6; source operation and old/new hashes replay-verified. No upstream-record overlap.
INTERIM-R6SYNC-PASSION24.SECTION.BENEFITS.P112,AUTHORITATIVE_R6_DERIVATIVE_SYNC,PASSION24.SECTION.BENEFITS.P112,B_AUTHORITATIVE_R6_SYNC,REPLACE_TEXT_FROM_OFFICIAL_R6,"Ma Passion fit acquérir à Mon Humanité le mérite nécessaire pour que tous soient sauvés, même si certains ne veulent pas en profiter.",d8252398a02e1424a4defe4c97e4f29f8858746547ca1ecc7a8c166a4287f7bf,"Ma Passion fit acquérir à Mon Humanité le mérite nécessaire pour que tous soient sauvés, même si certains ne veulent pas en profiter. Ma Volonté était de sauver tous, et J'ai mérité selon ce que Je voulais, non selon le profit qu'ils en tireraient.",b112fe662cce062e815b25044a837d091e809a5a82f24d9836067864574fd109,,R6-L0094,LDC.T11.1914-10-14.E001.P007,PASS,False,NONE_KNOWN,AUTHORITATIVE_R6_SYNC_REQUIRED__PREAUTH_NO_24H_MUTATION,INCLUDE_IN_INTERIM_SUCCESSOR_AFTER_EXPLICIT_AUTHORIZATION,Exact derivative synchronization to already-official LDC R6; source operation and old/new hashes replay-verified. No upstream-record overlap.
INTERIM-R6SYNC-PASSION24.TEXT.RELATED_HOUR_24.BODY.P013,AUTHORITATIVE_R6_DERIVATIVE_SYNC,PASSION24.TEXT.RELATED_HOUR_24.BODY.P013,B_AUTHORITATIVE_R6_SYNC,REPLACE_TEXT_FROM_OFFICIAL_R6,"Ma Passion fit acquérir à Mon Humanité le mérite nécessaire pour que tous soient sauvés, même si certains ne veulent pas en profiter.",d8252398a02e1424a4defe4c97e4f29f8858746547ca1ecc7a8c166a4287f7bf,"Ma Passion fit acquérir à Mon Humanité le mérite nécessaire pour que tous soient sauvés, même si certains ne veulent pas en profiter. Ma Volonté était de sauver tous, et J'ai mérité selon ce que Je voulais, non selon le profit qu'ils en tireraient.",b112fe662cce062e815b25044a837d091e809a5a82f24d9836067864574fd109,,R6-L0094,LDC.T11.1914-10-14.E001.P007,PASS,False,NONE_KNOWN,AUTHORITATIVE_R6_SYNC_REQUIRED__PREAUTH_NO_24H_MUTATION,INCLUDE_IN_INTERIM_SUCCESSOR_AFTER_EXPLICIT_AUTHORIZATION,Exact derivative synchronization to already-official LDC R6; source operation and old/new hashes replay-verified. No upstream-record overlap.
INTERIM-R6SYNC-PASSION24.TEXT.PROMISES_BENEFITS.BODY.P038,AUTHORITATIVE_R6_DERIVATIVE_SYNC,PASSION24.TEXT.PROMISES_BENEFITS.BODY.P038,B_AUTHORITATIVE_R6_SYNC,REPLACE_TEXT_FROM_OFFICIAL_R6,"Ma Passion fit acquérir à Mon Humanité le mérite nécessaire pour que tous soient sauvés, même si certains ne veulent pas en profiter. La même chose pour",f64ea34de74ee068c5e8e058ca7b8c464627e53654d50661aba5c350de3e9c94,"Ma Passion fit acquérir à Mon Humanité le mérite nécessaire pour que tous soient sauvés, même si certains ne veulent pas en profiter. Ma Volonté était de sauver tous, et J'ai mérité selon ce que Je voulais, non selon le profit qu'ils en tireraient. La même chose pour",5c5a2145243b63de0942a495e782016ac2bfe4d5bd76709acaadc56ea78ea219,,R6-L0094,LDC.T11.1914-10-14.E001.P007,PASS,False,NONE_KNOWN,AUTHORITATIVE_R6_SYNC_REQUIRED__PREAUTH_NO_24H_MUTATION,INCLUDE_IN_INTERIM_SUCCESSOR_AFTER_EXPLICIT_AUTHORIZATION,Exact derivative synchronization to already-official LDC R6; source operation and old/new hashes replay-verified. No upstream-record overlap.
INTERIM-R6SYNC-PASSION24.TEXT.PROMISES_BENEFITS.BODY.P107,AUTHORITATIVE_R6_DERIVATIVE_SYNC,PASSION24.TEXT.PROMISES_BENEFITS.BODY.P107,B_AUTHORITATIVE_R6_SYNC,REPLACE_TEXT_FROM_OFFICIAL_R6,"Ma Passion fit acquérir à Mon Humanité le mérite nécessaire pour que tous soient sauvés, même si certains ne veulent pas en profiter.",d8252398a02e1424a4defe4c97e4f29f8858746547ca1ecc7a8c166a4287f7bf,"Ma Passion fit acquérir à Mon Humanité le mérite nécessaire pour que tous soient sauvés, même si certains ne veulent pas en profiter. Ma Volonté était de sauver tous, et J'ai mérité selon ce que Je voulais, non selon le profit qu'ils en tireraient.",b112fe662cce062e815b25044a837d091e809a5a82f24d9836067864574fd109,,R6-L0094,LDC.T11.1914-10-14.E001.P007,PASS,False,NONE_KNOWN,AUTHORITATIVE_R6_SYNC_REQUIRED__PREAUTH_NO_24H_MUTATION,INCLUDE_IN_INTERIM_SUCCESSOR_AFTER_EXPLICIT_AUTHORIZATION,Exact derivative synchronization to already-official LDC R6; source operation and old/new hashes replay-verified. No upstream-record overlap.
INTERIM-R6SYNC-PASSION24.TEXT.RELATED_HOUR_04.BODY.P127,AUTHORITATIVE_R6_DERIVATIVE_SYNC,PASSION24.TEXT.RELATED_HOUR_04.BODY.P127,B_AUTHORITATIVE_R6_SYNC,REPLACE_TEXT_FROM_OFFICIAL_R6,"Cependant, J'ai besoin d'un prêtre pour consacrer les hosties. Dans le cas de Ma Volonté, J'ai besoin des actes des créatures qui sont des hosties vivantes non inertes comme les hosties sacramentelles avant leur consécration afin que Ma Volonté puisse s'inclure dans ces actes. Ainsi, Je suis reproduit dans chaque acte d'une âme quand ils sont réalisés dans Ma Volonté. Pour cette raison, Mon Amour trouve plein soulagement et pleine satisfaction dans les âmes qui vivent dans Ma Volonté.",0973301dbbda77ad260e3056eb778939435116315e9e174cb0d2f371841df10e,"Cependant, J'ai besoin d'un prêtre pour consacrer les hosties. Dans le cas de Ma Volonté, J'ai besoin des actes des créatures qui sont des hosties vivantes non inertes comme les hosties sacramentelles avant leur consécration et dans lesquels Ma Volonté Me consacre et M'enferme. Ainsi, Je suis reproduit dans chaque acte d'une âme quand ils sont réalisés dans Ma Volonté. Pour cette raison, Mon Amour trouve plein soulagement et pleine satisfaction dans les âmes qui vivent dans Ma Volonté.",e7b16aabea7f38653e15c69242174f3d7f4a7e2df73861980e760bdfb71eda35,,R6-L0097,LDC.T14.E0016.P007,PASS_WITH_KNOWN_LINGUISTIC_FOLLOWUP,False,UPSTREAM_LINGUISTIC_FOLLOWUP_ON_SAME_RECORD_AFTER_R6_BASELINE_SYNC,AUTHORITATIVE_R6_SYNC_REQUIRED__PREAUTH_NO_24H_MUTATION,INCLUDE_IN_INTERIM_SUCCESSOR_AFTER_EXPLICIT_AUTHORIZATION,Exact derivative synchronization to already-official LDC R6; source operation and old/new hashes replay-verified. A separate linguistic defect remains open in the same record; it must be rebased later on this R6-synchronized text.
INTERIM-R6SYNC-PASSION24.TEXT.RELATED_HOUR_04.BODY.P179,AUTHORITATIVE_R6_DERIVATIVE_SYNC,PASSION24.TEXT.RELATED_HOUR_04.BODY.P179,B_AUTHORITATIVE_R6_SYNC,REPLACE_TEXT_FROM_OFFICIAL_R6,C’est uniquement à cause de cela que Je peux supporter Ma Vie sacramentelle.,ed43747adec2aea12c79b286a1e6ccf7ea70f84d0b32da267578ac9f907e6160,C’est uniquement à cause de cela que Je peux continuer Ma Vie sacramentelle.,bc6369687fa5ed394fc81bf0d1f042ee0cb33c2fa523901d1f7547e61f834ee3,,R6-L0111,LDC.T21.E0016.P032,PASS,False,NONE_KNOWN,AUTHORITATIVE_R6_SYNC_REQUIRED__PREAUTH_NO_24H_MUTATION,INCLUDE_IN_INTERIM_SUCCESSOR_AFTER_EXPLICIT_AUTHORIZATION,Exact derivative synchronization to already-official LDC R6; source operation and old/new hashes replay-verified. No upstream-record overlap.
