route_type,route_id,surface,renderer_family,record_id,source_offset,source_char,source_codepoint,display,action,dom_class,first_visible_exists,first_visible_offset,first_visible_char,first_visible_width
hour,1,meditationContent,speech_presentation_break,PASSION24.HOUR.01.P008,110, ,U+0020,block,,speech-end-visual-break speech-presentation-visual-break,True,111,C,
hour,1,meditationContent,speech_presentation_break,PASSION24.HOUR.01.P014,119, ,U+0020,block,,speech-end-visual-break speech-presentation-visual-break,True,120,Ô,
hour,10,meditationContent,speech_presentation_break,PASSION24.HOUR.10.P002,206, ,U+0020,block,,speech-end-visual-break speech-presentation-visual-break,True,207,À,
hour,10,reflectionsContent,display_segment,PASSION24.HOUR.10.REF.P005,136,J,U+004A,block,,para-seg,False,,,
hour,10,reflectionsContent,display_segment,PASSION24.HOUR.10.REF.P005,165,E,U+0045,block,,para-seg,False,,,
hour,10,reflectionsContent,display_segment,PASSION24.HOUR.10.REF.P005,539,C,U+0043,block,,para-seg,False,,,
hour,10,reflectionsContent,display_segment,PASSION24.HOUR.10.REF.P005,739,M,U+004D,block,,para-seg,False,,,
hour,11,meditationContent,speech_presentation_break,PASSION24.HOUR.11.P010,141, ,U+0020,block,,speech-end-visual-break speech-presentation-visual-break,True,142,M,
hour,11,meditationContent,display_segment,PASSION24.HOUR.11.P014,356,M,U+004D,block,,para-seg,False,,,
hour,11,meditationContent,speech_presentation_break,PASSION24.HOUR.11.P021,251, ,U+0020,block,,speech-end-visual-break speech-presentation-visual-break,True,252,M,
hour,11,meditationContent,speech_presentation_break,PASSION24.HOUR.11.P030,126,À,U+00C0,block,,speech-end-visual-break speech-presentation-visual-break,True,126,À,
hour,11,meditationContent,display_segment,PASSION24.HOUR.11.P036,193,M,U+004D,block,,para-seg,False,,,
hour,11,meditationContent,display_segment,PASSION24.HOUR.11.P036,438,M,U+004D,block,,para-seg,False,,,
hour,12,meditationContent,display_segment,PASSION24.HOUR.12.P006,188,I,U+0049,block,,para-seg,False,,,
hour,12,meditationContent,display_segment,PASSION24.HOUR.12.P007,99,J,U+004A,block,,para-seg,False,,,
hour,12,meditationContent,display_segment,PASSION24.HOUR.12.P007,337,J,U+004A,block,,para-seg,False,,,
hour,12,meditationContent,display_segment,PASSION24.HOUR.12.P007,642,M,U+004D,block,,para-seg,False,,,
hour,12,reflectionsContent,display_segment,PASSION24.HOUR.12.REF.P005,151,S,U+0053,block,,para-seg,False,,,
hour,12,reflectionsContent,display_segment,PASSION24.HOUR.12.REF.P005,249,M,U+004D,block,,para-seg,False,,,
hour,12,reflectionsContent,display_segment,PASSION24.HOUR.12.REF.P005,390,S,U+0053,block,,para-seg,False,,,
hour,13,meditationContent,display_segment,PASSION24.HOUR.13.P005,148,M,U+004D,block,,para-seg,False,,,
hour,13,reflectionsContent,display_segment,PASSION24.HOUR.13.REF.P001,88,I,U+0049,block,,para-seg,False,,,
hour,13,reflectionsContent,display_segment,PASSION24.HOUR.13.REF.P001,327,P,U+0050,block,,para-seg,False,,,
hour,14,meditationContent,display_segment,PASSION24.HOUR.14.P008,289,D,U+0044,block,,para-seg,False,,,
hour,14,meditationContent,display_segment,PASSION24.HOUR.14.P008,716,Ô,U+00D4,block,,para-seg,False,,,
hour,14,reflectionsContent,display_segment,PASSION24.HOUR.14.REF.P002,239,T,U+0054,block,,para-seg,False,,,
hour,14,reflectionsContent,display_segment,PASSION24.HOUR.14.REF.P002,294,S,U+0053,block,,para-seg,False,,,
hour,14,reflectionsContent,display_segment,PASSION24.HOUR.14.REF.P002,566,C,U+0043,block,,para-seg,False,,,
hour,14,reflectionsContent,display_segment,PASSION24.HOUR.14.REF.P002,684,N,U+004E,block,,para-seg,False,,,
hour,15,meditationContent,speech_presentation_break,PASSION24.HOUR.15.P005,162, ,U+0020,block,,speech-end-visual-break speech-presentation-visual-break,True,163,P,
hour,15,reflectionsContent,display_segment,PASSION24.HOUR.15.REF.P006,223,E,U+0045,block,,para-seg,False,,,
hour,15,reflectionsContent,display_segment,PASSION24.HOUR.15.REF.P006,403,À,U+00C0,block,,para-seg,False,,,
hour,15,reflectionsContent,display_segment,PASSION24.HOUR.15.REF.P007,46,D,U+0044,block,,para-seg,False,,,
hour,15,reflectionsContent,display_segment,PASSION24.HOUR.15.REF.P007,184,E,U+0045,block,,para-seg,False,,,
hour,15,reflectionsContent,display_segment,PASSION24.HOUR.15.REF.P007,333,M,U+004D,block,,para-seg,False,,,
hour,16,meditationContent,speech_presentation_break,PASSION24.HOUR.16.P015,103, ,U+0020,block,,speech-end-visual-break speech-presentation-visual-break,True,104,C,
hour,16,meditationContent,speech_presentation_break,PASSION24.HOUR.16.P028,76, ,U+0020,block,,speech-end-visual-break speech-presentation-visual-break,True,77,J,
hour,16,meditationContent,speech_presentation_break,PASSION24.HOUR.16.P045,193, ,U+0020,block,,speech-end-visual-break speech-presentation-visual-break,True,194,J,
hour,16,meditationContent,display_segment,PASSION24.HOUR.16.P046,246,T,U+0054,block,,para-seg,False,,,
hour,17,meditationContent,speech_presentation_break,PASSION24.HOUR.17.P014,47, ,U+0020,block,,speech-end-visual-break speech-presentation-visual-break,True,48,P,
hour,17,meditationContent,speech_presentation_break,PASSION24.HOUR.17.P027,155,M,U+004D,block,,speech-end-visual-break speech-presentation-visual-break,True,155,M,
hour,17,meditationContent,speech_presentation_break,PASSION24.HOUR.17.P044,293, ,U+0020,block,,speech-end-visual-break speech-presentation-visual-break,True,294,M,
hour,18,meditationContent,speech_presentation_break,PASSION24.HOUR.18.P002,61, ,U+0020,block,,speech-end-visual-break speech-presentation-visual-break,True,62,C,
hour,18,meditationContent,display_segment,PASSION24.HOUR.18.P008,342,T,U+0054,block,,para-seg,False,,,
hour,18,meditationContent,speech_presentation_break,PASSION24.HOUR.18.P031,156, ,U+0020,block,,speech-end-visual-break speech-presentation-visual-break,True,157,A,
hour,18,meditationContent,display_segment,PASSION24.HOUR.18.P077,293,M,U+004D,block,,para-seg,False,,,
hour,18,meditationContent,display_segment,PASSION24.HOUR.18.P093,196,Ô,U+00D4,block,,para-seg,False,,,
hour,18,meditationContent,display_segment,PASSION24.HOUR.18.P110,237,M,U+004D,block,,para-seg,False,,,
hour,18,meditationContent,display_segment,PASSION24.HOUR.18.P110,635,M,U+004D,block,,para-seg,False,,,
hour,18,meditationContent,display_segment,PASSION24.HOUR.18.P111,117,C,U+0043,block,,para-seg,False,,,
hour,18,meditationContent,speech_presentation_break,PASSION24.HOUR.18.P113,148, ,U+0020,block,,speech-end-visual-break speech-presentation-visual-break,True,149,M,
hour,18,reflectionsContent,display_segment,PASSION24.HOUR.18.REF.P002,166,Q,U+0051,block,,para-seg,False,,,
hour,18,reflectionsContent,display_segment,PASSION24.HOUR.18.REF.P002,431,Q,U+0051,block,,para-seg,False,,,
hour,19,meditationContent,display_segment,PASSION24.HOUR.19.P010,235,E,U+0045,block,,para-seg,False,,,
hour,19,meditationContent,speech_presentation_break,PASSION24.HOUR.19.P018,95, ,U+0020,block,,speech-end-visual-break speech-presentation-visual-break,True,96,M,
hour,19,meditationContent,display_segment,PASSION24.HOUR.19.P097,268,M,U+004D,block,,para-seg,False,,,
hour,19,meditationContent,display_segment,PASSION24.HOUR.19.P097,531,E,U+0045,block,,para-seg,False,,,
hour,19,meditationContent,speech_presentation_break,PASSION24.HOUR.19.P126,145, ,U+0020,block,,speech-end-visual-break speech-presentation-visual-break,True,146,M,
hour,19,meditationContent,speech_presentation_break,PASSION24.HOUR.19.P137,119, ,U+0020,block,,speech-end-visual-break speech-presentation-visual-break,True,120,M,
hour,19,meditationContent,display_segment,PASSION24.HOUR.19.P153,192,O,U+004F,block,,para-seg,False,,,
hour,19,meditationContent,display_segment,PASSION24.HOUR.19.P153,253,L,U+004C,block,,para-seg,False,,,
hour,19,meditationContent,speech_presentation_break,PASSION24.HOUR.19.P165,150, ,U+0020,block,,speech-end-visual-break speech-presentation-visual-break,True,151,M,
hour,19,meditationContent,display_segment,PASSION24.HOUR.19.P187,225,T,U+0054,block,,para-seg,False,,,
hour,19,meditationContent,display_segment,PASSION24.HOUR.19.P201,124,Q,U+0051,block,,para-seg,False,,,
hour,19,reflectionsContent,display_segment,PASSION24.HOUR.19.REF.P002,169,T,U+0054,block,,para-seg,False,,,
hour,19,reflectionsContent,display_segment,PASSION24.HOUR.19.REF.P006,214,(,U+0028,block,,para-seg,False,,,
hour,19,reflectionsContent,display_segment,PASSION24.HOUR.19.REF.P007,238,E,U+0045,block,,para-seg,False,,,
hour,19,reflectionsContent,display_segment,PASSION24.HOUR.19.REF.P007,368,I,U+0049,block,,para-seg,False,,,
hour,19,reflectionsContent,display_segment,PASSION24.HOUR.19.REF.P007,439,E,U+0045,block,,para-seg,False,,,
hour,2,meditationContent,display_segment,PASSION24.HOUR.02.P011,367,M,U+004D,block,,para-seg,False,,,
hour,2,meditationContent,speech_presentation_break,PASSION24.HOUR.02.P014,203, ,U+0020,block,,speech-end-visual-break speech-presentation-visual-break,True,204,À,
hour,2,meditationContent,speech_presentation_break,PASSION24.HOUR.02.P015,147, ,U+0020,block,,speech-end-visual-break speech-presentation-visual-break,True,148,D,
hour,2,reflectionsContent,display_segment,PASSION24.HOUR.02.REF.P010,239,M,U+004D,block,,para-seg,False,,,
hour,2,reflectionsContent,display_segment,PASSION24.HOUR.02.REF.P010,754,Q,U+0051,block,,para-seg,False,,,
hour,2,reflectionsContent,display_segment,PASSION24.HOUR.02.REF.P010,1102,M,U+004D,block,,para-seg,False,,,
hour,20,meditationContent,speech_presentation_break,PASSION24.HOUR.20.P010,63, ,U+0020,block,,speech-end-visual-break speech-presentation-visual-break,True,64,E,
hour,20,meditationContent,display_segment,PASSION24.HOUR.20.P035,94,J,U+004A,block,,para-seg,False,,,
hour,20,meditationContent,display_segment,PASSION24.HOUR.20.P035,252,J,U+004A,block,,para-seg,False,,,
hour,20,meditationContent,display_segment,PASSION24.HOUR.20.P035,492,J,U+004A,block,,para-seg,False,,,
hour,21,meditationContent,speech_presentation_break,PASSION24.HOUR.21.P023,137, ,U+0020,block,,speech-end-visual-break speech-presentation-visual-break,True,138,L,
hour,21,meditationContent,speech_presentation_break,PASSION24.HOUR.21.P027,216, ,U+0020,block,,speech-end-visual-break speech-presentation-visual-break,True,217,E,
hour,21,meditationContent,display_segment,PASSION24.HOUR.21.P027,245,J,U+004A,block,,para-seg,False,,,
hour,21,meditationContent,speech_presentation_break,PASSION24.HOUR.21.P068,86, ,U+0020,block,,speech-end-visual-break speech-presentation-visual-break,True,87,M,
hour,21,reflectionsContent,display_segment,PASSION24.HOUR.21.REF.P005,208,C,U+0043,block,,para-seg,False,,,
hour,21,reflectionsContent,display_segment,PASSION24.HOUR.21.REF.P005,339,D,U+0044,block,,para-seg,False,,,
hour,21,reflectionsContent,display_segment,PASSION24.HOUR.21.REF.P005,517,P,U+0050,block,,para-seg,False,,,
hour,22,meditationContent,speech_presentation_break,PASSION24.HOUR.22.P006,160, ,U+0020,block,,speech-end-visual-break speech-presentation-visual-break,True,161,A,
hour,22,meditationContent,speech_presentation_break,PASSION24.HOUR.22.P022,23, ,U+0020,block,,speech-end-visual-break speech-presentation-visual-break,True,24,Ô,
hour,22,meditationContent,display_segment,PASSION24.HOUR.22.P048,50,J,U+004A,block,,para-seg,False,,,
hour,22,meditationContent,display_segment,PASSION24.HOUR.22.P050,170,J,U+004A,block,,para-seg,False,,,
hour,22,meditationContent,display_segment,PASSION24.HOUR.22.P052,187,J,U+004A,block,,para-seg,False,,,
hour,22,meditationContent,display_segment,PASSION24.HOUR.22.P054,212,J,U+004A,block,,para-seg,False,,,
hour,22,meditationContent,display_segment,PASSION24.HOUR.22.P056,187,J,U+004A,block,,para-seg,False,,,
hour,22,meditationContent,display_segment,PASSION24.HOUR.22.P059,50,J,U+004A,block,,para-seg,False,,,
hour,22,meditationContent,display_segment,PASSION24.HOUR.22.P061,211,J,U+004A,block,,para-seg,False,,,
hour,22,meditationContent,display_segment,PASSION24.HOUR.22.P063,156,J,U+004A,block,,para-seg,False,,,
hour,22,meditationContent,display_segment,PASSION24.HOUR.22.P065,177,J,U+004A,block,,para-seg,False,,,
hour,22,reflectionsContent,display_segment,PASSION24.HOUR.22.REF.P001,149,J,U+004A,block,,para-seg,False,,,
hour,22,reflectionsContent,display_segment,PASSION24.HOUR.22.REF.P001,238,J,U+004A,block,,para-seg,False,,,
hour,22,reflectionsContent,display_segment,PASSION24.HOUR.22.REF.P001,583,J,U+004A,block,,para-seg,False,,,
hour,22,reflectionsContent,display_segment,PASSION24.HOUR.22.REF.P001,723,S,U+0053,block,,para-seg,False,,,
hour,23,meditationContent,display_segment,PASSION24.HOUR.23.P007,369,M,U+004D,block,,para-seg,False,,,
hour,23,meditationContent,display_segment,PASSION24.HOUR.23.P026,282,M,U+004D,block,,para-seg,False,,,
hour,24,meditationContent,speech_presentation_break,PASSION24.HOUR.24.DESOL.P014,119, ,U+0020,block,,speech-end-visual-break speech-presentation-visual-break,True,120,M,
hour,24,meditationContent,speech_presentation_break,PASSION24.HOUR.24.DESOL.P027,79, ,U+0020,block,,speech-end-visual-break speech-presentation-visual-break,True,80,T,
hour,24,meditationContent,speech_presentation_break,PASSION24.HOUR.24.DESOL.P037,62, ,U+0020,block,,speech-end-visual-break speech-presentation-visual-break,True,63,M,
hour,24,meditationContent,display_segment,PASSION24.HOUR.24.P012,119,Ô,U+00D4,block,,para-seg,False,,,
hour,24,meditationContent,display_segment,PASSION24.HOUR.24.P012,400,Ô,U+00D4,block,,para-seg,False,,,
hour,24,reflectionsContent,display_segment,PASSION24.HOUR.24.REF.P003,406,E,U+0045,block,,para-seg,False,,,
hour,24,reflectionsContent,display_segment,PASSION24.HOUR.24.REF.P004,239,J,U+004A,block,,para-seg,False,,,
hour,24,reflectionsContent,display_segment,PASSION24.HOUR.24.REF.P004,485,J,U+004A,block,,para-seg,False,,,
hour,3,meditationContent,display_segment,PASSION24.HOUR.03.P001,279,J,U+004A,block,,para-seg,False,,,
hour,3,meditationContent,display_segment,PASSION24.HOUR.03.P005,303,E,U+0045,block,,para-seg,False,,,
hour,3,meditationContent,display_segment,PASSION24.HOUR.03.P012,288,Ô,U+00D4,block,,para-seg,False,,,
hour,3,reflectionsContent,display_segment,PASSION24.HOUR.03.REF.P005,150,L,U+004C,block,,para-seg,False,,,
hour,3,reflectionsContent,display_segment,PASSION24.HOUR.03.REF.P005,453,Q,U+0051,block,,para-seg,False,,,
hour,3,reflectionsContent,display_segment,PASSION24.HOUR.03.REF.P014,83,J,U+004A,block,,para-seg,False,,,
hour,3,reflectionsContent,display_segment,PASSION24.HOUR.03.REF.P014,165,D,U+0044,block,,para-seg,False,,,
hour,3,reflectionsContent,display_segment,PASSION24.HOUR.03.REF.P014,417,Q,U+0051,block,,para-seg,False,,,
hour,3,reflectionsContent,display_segment,PASSION24.HOUR.03.REF.P014,661,P,U+0050,block,,para-seg,False,,,
hour,3,reflectionsContent,display_segment,PASSION24.HOUR.03.REF.P014,857,M,U+004D,block,,para-seg,False,,,
hour,3,reflectionsContent,display_segment,PASSION24.HOUR.03.REF.P014,1004,L,U+004C,block,,para-seg,False,,,
hour,3,reflectionsContent,display_segment,PASSION24.HOUR.03.REF.P018,195,J,U+004A,block,,para-seg,False,,,
hour,4,meditationContent,display_segment,PASSION24.HOUR.04.P003,149,Ô,U+00D4,block,,para-seg,False,,,
hour,4,meditationContent,display_segment,PASSION24.HOUR.04.P016,161,E,U+0045,block,,para-seg,False,,,
hour,4,meditationContent,display_segment,PASSION24.HOUR.04.P022,117,Ô,U+00D4,block,,para-seg,False,,,
hour,4,meditationContent,speech_presentation_break,PASSION24.HOUR.04.P034,113, ,U+0020,block,,speech-end-visual-break speech-presentation-visual-break,True,114,L,
hour,4,meditationContent,display_segment,PASSION24.HOUR.04.P050,204,J,U+004A,block,,para-seg,False,,,
hour,4,meditationContent,speech_presentation_break,PASSION24.HOUR.04.P065,93, ,U+0020,block,,speech-end-visual-break speech-presentation-visual-break,True,94,C,
hour,4,reflectionsContent,display_segment,PASSION24.HOUR.04.REF.P014,169,P,U+0050,block,,para-seg,False,,,
hour,4,reflectionsContent,display_segment,PASSION24.HOUR.04.REF.P014,382,I,U+0049,block,,para-seg,False,,,
hour,4,reflectionsContent,display_segment,PASSION24.HOUR.04.REF.P026,115,Ô,U+00D4,block,,para-seg,False,,,
hour,4,reflectionsContent,display_segment,PASSION24.HOUR.04.REF.P026,322,J,U+004A,block,,para-seg,False,,,
hour,4,reflectionsContent,display_segment,PASSION24.HOUR.04.REF.P026,581,Ô,U+00D4,block,,para-seg,False,,,
hour,5,meditationContent,display_segment,PASSION24.HOUR.05.P028,269,M,U+004D,block,,para-seg,False,,,
hour,5,meditationContent,display_segment,PASSION24.HOUR.05.P028,426,A,U+0041,block,,para-seg,False,,,
hour,5,meditationContent,display_segment,PASSION24.HOUR.05.P028,484,M,U+004D,block,,para-seg,False,,,
hour,5,reflectionsContent,speech_presentation_break,PASSION24.HOUR.05.REF.P005,142, ,U+0020,block,,speech-end-visual-break speech-presentation-visual-break,True,143,P,
hour,6,meditationContent,display_segment,PASSION24.HOUR.06.P003,228,E,U+0045,block,,para-seg,False,,,
hour,6,meditationContent,display_segment,PASSION24.HOUR.06.P007,212,J,U+004A,block,,para-seg,False,,,
hour,6,meditationContent,speech_presentation_break,PASSION24.HOUR.06.P012,106, ,U+0020,block,,speech-end-visual-break speech-presentation-visual-break,True,107,C,
hour,6,meditationContent,display_segment,PASSION24.HOUR.06.P012,217,T,U+0054,block,,para-seg,False,,,
hour,6,meditationContent,display_segment,PASSION24.HOUR.06.P020,281,M,U+004D,block,,para-seg,False,,,
hour,6,meditationContent,display_segment,PASSION24.HOUR.06.P043,153,E,U+0045,block,,para-seg,False,,,
hour,6,meditationContent,display_segment,PASSION24.HOUR.06.P043,307,J,U+004A,block,,para-seg,False,,,
hour,6,meditationContent,display_segment,PASSION24.HOUR.06.P043,518,P,U+0050,block,,para-seg,False,,,
hour,6,reflectionsContent,display_segment,PASSION24.HOUR.06.REF.P005,427,M,U+004D,block,,para-seg,False,,,
hour,7,meditationContent,speech_presentation_break,PASSION24.HOUR.07.P007,165, ,U+0020,block,,speech-end-visual-break speech-presentation-visual-break,True,166,J,
hour,7,meditationContent,speech_presentation_break,PASSION24.HOUR.07.P015,147, ,U+0020,block,,speech-end-visual-break speech-presentation-visual-break,True,148,P,
hour,7,meditationContent,speech_presentation_break,PASSION24.HOUR.07.P030,22, ,U+0020,block,,speech-end-visual-break speech-presentation-visual-break,True,23,J,
hour,7,meditationContent,display_segment,PASSION24.HOUR.07.P117,229,Ô,U+00D4,block,,para-seg,False,,,
hour,7,meditationContent,speech_presentation_break,PASSION24.HOUR.07.P125,128, ,U+0020,block,,speech-end-visual-break speech-presentation-visual-break,True,129,M,
hour,7,reflectionsContent,display_segment,PASSION24.HOUR.07.REF.P003,306,J,U+004A,block,,para-seg,False,,,
hour,7,reflectionsContent,display_segment,PASSION24.HOUR.07.REF.P004,252,D,U+0044,block,,para-seg,False,,,
hour,7,reflectionsContent,display_segment,PASSION24.HOUR.07.REF.P004,385,Q,U+0051,block,,para-seg,False,,,
hour,8,meditationContent,display_segment,PASSION24.HOUR.08.P004,399,M,U+004D,block,,para-seg,False,,,
hour,8,meditationContent,speech_presentation_break,PASSION24.HOUR.08.P007,111, ,U+0020,block,,speech-end-visual-break speech-presentation-visual-break,True,112,O,
hour,8,meditationContent,speech_presentation_break,PASSION24.HOUR.08.P008,42, ,U+0020,block,,speech-end-visual-break speech-presentation-visual-break,True,43,E,
hour,8,meditationContent,speech_presentation_break,PASSION24.HOUR.08.P009,93, ,U+0020,block,,speech-end-visual-break speech-presentation-visual-break,True,94,T,
hour,8,meditationContent,speech_presentation_break,PASSION24.HOUR.08.P009,210, ,U+0020,block,,speech-end-visual-break speech-presentation-visual-break,True,211,Q,
hour,8,meditationContent,speech_presentation_break,PASSION24.HOUR.08.P014,34, ,U+0020,block,,speech-end-visual-break speech-presentation-visual-break,True,35,P,
hour,8,meditationContent,display_segment,PASSION24.HOUR.08.P015,146,E,U+0045,block,,para-seg,False,,,
hour,8,meditationContent,display_segment,PASSION24.HOUR.08.P015,484,E,U+0045,block,,para-seg,False,,,
hour,8,meditationContent,display_segment,PASSION24.HOUR.08.P015,620,P,U+0050,block,,para-seg,False,,,
hour,8,meditationContent,display_segment,PASSION24.HOUR.08.P030,217,M,U+004D,block,,para-seg,False,,,
hour,9,meditationContent,speech_presentation_break,PASSION24.HOUR.09.P010,147, ,U+0020,block,,speech-end-visual-break speech-presentation-visual-break,True,148,O,
hour,9,reflectionsContent,display_segment,PASSION24.HOUR.09.REF.P002,165,J,U+004A,block,,para-seg,False,,,
library,PASSION24.TEXT.PART_III_DIVINE_PASSION,library,ldc_cross_record,,,,,block,paragraph_break,ldc-visual-paragraph-break ldc-ra18-boundary ldc-ra18-paragraph_break,False,,,
library,PASSION24.TEXT.PART_III_DIVINE_PASSION,library,ldc_cross_record,,,,,block,paragraph_break,ldc-visual-paragraph-break ldc-ra18-boundary ldc-ra18-paragraph_break,False,,,
library,PASSION24.TEXT.PART_III_DIVINE_PASSION,library,ldc_cross_record,,,,,block,paragraph_break,ldc-visual-paragraph-break ldc-ra18-boundary ldc-ra18-paragraph_break,False,,,
library,PASSION24.TEXT.PART_III_DIVINE_PASSION,library,ldc_cross_record,,,,,block,paragraph_break,ldc-visual-paragraph-break ldc-ra18-boundary ldc-ra18-paragraph_break,False,,,
library,PASSION24.TEXT.PART_III_DIVINE_PASSION,library,ldc_cross_record,,,,,block,paragraph_break,ldc-visual-paragraph-break ldc-ra18-boundary ldc-ra18-paragraph_break,False,,,
library,PASSION24.TEXT.PART_III_DIVINE_PASSION,library,ldc_cross_record,,,,,block,paragraph_break,ldc-visual-paragraph-break ldc-ra18-boundary ldc-ra18-paragraph_break,False,,,
library,PASSION24.TEXT.PART_III_DIVINE_PASSION,library,ldc_cross_record,,,,,block,paragraph_break,ldc-visual-paragraph-break ldc-ra18-boundary ldc-ra18-paragraph_break,False,,,
library,PASSION24.TEXT.PART_III_DIVINE_PASSION,library,ldc_cross_record,,,,,block,paragraph_break,ldc-visual-paragraph-break ldc-ra18-boundary ldc-ra18-paragraph_break,False,,,
library,PASSION24.TEXT.PART_III_DIVINE_PASSION,library,ldc_cross_record,,,,,block,paragraph_break,ldc-visual-paragraph-break ldc-ra18-boundary ldc-ra18-paragraph_break,False,,,
library,PASSION24.TEXT.PART_III_DIVINE_PASSION,library,ldc_cross_record,,,,,block,paragraph_break,ldc-visual-paragraph-break ldc-ra18-boundary ldc-ra18-paragraph_break,False,,,
library,PASSION24.TEXT.PART_III_DIVINE_PASSION,library,ldc_cross_record,,,,,block,paragraph_break,ldc-visual-paragraph-break ldc-ra18-boundary ldc-ra18-paragraph_break,False,,,
library,PASSION24.TEXT.PART_III_DIVINE_PASSION,library,ldc_cross_record,,,,,block,paragraph_break,ldc-visual-paragraph-break ldc-ra18-boundary ldc-ra18-paragraph_break,False,,,
library,PASSION24.TEXT.PART_III_DIVINE_PASSION,library,ldc_cross_record,,,,,block,paragraph_break,ldc-visual-paragraph-break ldc-ra18-boundary ldc-ra18-paragraph_break,False,,,
library,PASSION24.TEXT.PART_III_DIVINE_PASSION,library,ldc_cross_record,,,,,block,paragraph_break,ldc-visual-paragraph-break ldc-ra18-boundary ldc-ra18-paragraph_break,False,,,
library,PASSION24.TEXT.PART_III_DIVINE_PASSION,library,ldc_cross_record,,,,,block,paragraph_break,ldc-visual-paragraph-break ldc-ra18-boundary ldc-ra18-paragraph_break,False,,,
library,PASSION24.TEXT.PART_III_DIVINE_PASSION,library,ldc_cross_record,,,,,block,paragraph_break,ldc-visual-paragraph-break ldc-ra18-boundary ldc-ra18-paragraph_break,False,,,
library,PASSION24.TEXT.PART_III_DIVINE_PASSION,library,ldc_cross_record,,,,,block,paragraph_break,ldc-visual-paragraph-break ldc-ra18-boundary ldc-ra18-paragraph_break,False,,,
library,PASSION24.TEXT.PART_III_DIVINE_PASSION,library,ldc_cross_record,,,,,block,paragraph_break,ldc-visual-paragraph-break ldc-ra18-boundary ldc-ra18-paragraph_break,False,,,
library,PASSION24.TEXT.PART_III_DIVINE_PASSION,library,ldc_cross_record,,,,,block,paragraph_break,ldc-visual-paragraph-break ldc-ra18-boundary ldc-ra18-paragraph_break,False,,,
library,PASSION24.TEXT.PART_III_DIVINE_PASSION,library,ldc_cross_record,,,,,block,paragraph_break,ldc-visual-paragraph-break ldc-ra18-boundary ldc-ra18-paragraph_break,False,,,
library,PASSION24.TEXT.PART_III_DIVINE_PASSION,library,ldc_cross_record,,,,,block,paragraph_break,ldc-visual-paragraph-break ldc-ra18-boundary ldc-ra18-paragraph_break,False,,,
library,PASSION24.TEXT.PART_III_DIVINE_PASSION,library,ldc_cross_record,,,,,block,paragraph_break,ldc-visual-paragraph-break ldc-ra18-boundary ldc-ra18-paragraph_break,False,,,
library,PASSION24.TEXT.PART_III_DIVINE_PASSION,library,ldc_cross_record,,,,,block,paragraph_break,ldc-visual-paragraph-break ldc-ra18-boundary ldc-ra18-paragraph_break,False,,,
library,PASSION24.TEXT.PART_III_DIVINE_PASSION,library,ldc_cross_record,,,,,block,paragraph_break,ldc-visual-paragraph-break ldc-ra18-boundary ldc-ra18-paragraph_break,False,,,
library,PASSION24.TEXT.PART_III_DIVINE_PASSION,library,ldc_cross_record,,,,,block,paragraph_break,ldc-visual-paragraph-break ldc-ra18-boundary ldc-ra18-paragraph_break,False,,,
library,PASSION24.TEXT.PART_III_DIVINE_PASSION,library,ldc_cross_record,,,,,block,paragraph_break,ldc-visual-paragraph-break ldc-ra18-boundary ldc-ra18-paragraph_break,False,,,
library,PASSION24.TEXT.PART_III_DIVINE_PASSION,library,ldc_cross_record,,,,,block,paragraph_break,ldc-visual-paragraph-break ldc-ra18-boundary ldc-ra18-paragraph_break,False,,,
library,PASSION24.TEXT.PART_III_DIVINE_PASSION,library,ldc_cross_record,,,,,block,paragraph_break,ldc-visual-paragraph-break ldc-ra18-boundary ldc-ra18-paragraph_break,False,,,
library,PASSION24.TEXT.PART_III_DIVINE_PASSION,library,ldc_cross_record,,,,,block,paragraph_break,ldc-visual-paragraph-break ldc-ra18-boundary ldc-ra18-paragraph_break,False,,,
library,PASSION24.TEXT.PART_III_DIVINE_PASSION,library,ldc_cross_record,,,,,block,paragraph_break,ldc-visual-paragraph-break ldc-ra18-boundary ldc-ra18-paragraph_break,False,,,
library,PASSION24.TEXT.PART_III_DIVINE_PASSION,library,ldc_cross_record,,,,,block,paragraph_break,ldc-visual-paragraph-break ldc-ra18-boundary ldc-ra18-paragraph_break,False,,,
library,PASSION24.TEXT.PART_III_DIVINE_PASSION,library,ldc_cross_record,,,,,block,paragraph_break,ldc-visual-paragraph-break ldc-ra18-boundary ldc-ra18-paragraph_break,False,,,
library,PASSION24.TEXT.PART_III_DIVINE_PASSION,library,ldc_cross_record,,,,,block,paragraph_break,ldc-visual-paragraph-break ldc-ra18-boundary ldc-ra18-paragraph_break,False,,,
library,PASSION24.TEXT.PART_III_DIVINE_PASSION,library,ldc_cross_record,,,,,block,paragraph_break,ldc-visual-paragraph-break ldc-ra18-boundary ldc-ra18-paragraph_break,False,,,
library,PASSION24.TEXT.PART_III_MARY_SORROWS,library,ldc_cross_record,,,,,block,paragraph_break,ldc-visual-paragraph-break ldc-ra18-boundary ldc-ra18-paragraph_break,False,,,
library,PASSION24.TEXT.PART_III_MARY_SORROWS,library,ldc_cross_record,,,,,block,paragraph_break,ldc-visual-paragraph-break ldc-ra18-boundary ldc-ra18-paragraph_break,False,,,
library,PASSION24.TEXT.PART_III_MARY_SORROWS,library,ldc_cross_record,,,,,block,paragraph_break,ldc-visual-paragraph-break ldc-ra18-boundary ldc-ra18-paragraph_break,False,,,
library,PASSION24.TEXT.PART_III_MARY_SORROWS,library,ldc_cross_record,,,,,block,paragraph_break,ldc-visual-paragraph-break ldc-ra18-boundary ldc-ra18-paragraph_break,False,,,
library,PASSION24.TEXT.PART_III_MARY_SORROWS,library,ldc_cross_record,,,,,block,paragraph_break,ldc-visual-paragraph-break ldc-ra18-boundary ldc-ra18-paragraph_break,False,,,
library,PASSION24.TEXT.PART_III_MARY_SORROWS,library,ldc_cross_record,,,,,block,paragraph_break,ldc-visual-paragraph-break ldc-ra18-boundary ldc-ra18-paragraph_break,False,,,
library,PASSION24.TEXT.PART_III_MARY_SORROWS,library,ldc_cross_record,,,,,block,paragraph_break,ldc-visual-paragraph-break ldc-ra18-boundary ldc-ra18-paragraph_break,False,,,
library,PASSION24.TEXT.PART_III_MARY_SORROWS,library,ldc_cross_record,,,,,block,paragraph_break,ldc-visual-paragraph-break ldc-ra18-boundary ldc-ra18-paragraph_break,False,,,
library,PASSION24.TEXT.PART_III_MARY_SORROWS,library,ldc_cross_record,,,,,block,paragraph_break,ldc-visual-paragraph-break ldc-ra18-boundary ldc-ra18-paragraph_break,False,,,
library,PASSION24.TEXT.PART_III_MARY_SORROWS,library,ldc_cross_record,,,,,block,paragraph_break,ldc-visual-paragraph-break ldc-ra18-boundary ldc-ra18-paragraph_break,False,,,
library,PASSION24.TEXT.PART_III_MARY_SORROWS,library,ldc_cross_record,,,,,block,paragraph_break,ldc-visual-paragraph-break ldc-ra18-boundary ldc-ra18-paragraph_break,False,,,
library,PASSION24.TEXT.PART_III_MARY_SORROWS,library,ldc_cross_record,,,,,block,paragraph_break,ldc-visual-paragraph-break ldc-ra18-boundary ldc-ra18-paragraph_break,False,,,
library,PASSION24.TEXT.PART_III_MARY_SORROWS,library,ldc_cross_record,,,,,block,paragraph_break,ldc-visual-paragraph-break ldc-ra18-boundary ldc-ra18-paragraph_break,False,,,
library,PASSION24.TEXT.PART_III_MARY_SORROWS,library,ldc_cross_record,,,,,block,paragraph_break,ldc-visual-paragraph-break ldc-ra18-boundary ldc-ra18-paragraph_break,False,,,
library,PASSION24.TEXT.PART_III_MARY_SORROWS,library,ldc_cross_record,,,,,block,paragraph_break,ldc-visual-paragraph-break ldc-ra18-boundary ldc-ra18-paragraph_break,False,,,
library,PASSION24.TEXT.PART_III_MARY_SORROWS,library,ldc_cross_record,,,,,block,paragraph_break,ldc-visual-paragraph-break ldc-ra18-boundary ldc-ra18-paragraph_break,False,,,
library,PASSION24.TEXT.PART_III_MARY_SORROWS,library,ldc_cross_record,,,,,block,paragraph_break,ldc-visual-paragraph-break ldc-ra18-boundary ldc-ra18-paragraph_break,False,,,
library,PASSION24.TEXT.PART_III_MARY_SORROWS,library,ldc_cross_record,,,,,block,paragraph_break,ldc-visual-paragraph-break ldc-ra18-boundary ldc-ra18-paragraph_break,False,,,
library,PASSION24.TEXT.PART_III_MARY_SORROWS,library,ldc_cross_record,,,,,block,paragraph_break,ldc-visual-paragraph-break ldc-ra18-boundary ldc-ra18-paragraph_break,False,,,
library,PASSION24.TEXT.PART_III_MARY_SORROWS,library,ldc_cross_record,,,,,block,paragraph_break,ldc-visual-paragraph-break ldc-ra18-boundary ldc-ra18-paragraph_break,False,,,
library,PASSION24.TEXT.PART_III_MARY_SORROWS,library,ldc_cross_record,,,,,block,paragraph_break,ldc-visual-paragraph-break ldc-ra18-boundary ldc-ra18-paragraph_break,False,,,
library,PASSION24.TEXT.PART_III_MARY_SORROWS,library,ldc_cross_record,,,,,block,paragraph_break,ldc-visual-paragraph-break ldc-ra18-boundary ldc-ra18-paragraph_break,False,,,
library,PASSION24.TEXT.PART_III_MARY_SORROWS,library,ldc_cross_record,,,,,block,paragraph_break,ldc-visual-paragraph-break ldc-ra18-boundary ldc-ra18-paragraph_break,False,,,
library,PASSION24.TEXT.PART_III_MARY_SORROWS,library,ldc_cross_record,,,,,block,paragraph_break,ldc-visual-paragraph-break ldc-ra18-boundary ldc-ra18-paragraph_break,False,,,
library,PASSION24.TEXT.PART_III_MARY_SORROWS,library,ldc_cross_record,,,,,block,paragraph_break,ldc-visual-paragraph-break ldc-ra18-boundary ldc-ra18-paragraph_break,False,,,
library,PASSION24.TEXT.PART_III_MARY_SORROWS,library,ldc_cross_record,,,,,block,paragraph_break,ldc-visual-paragraph-break ldc-ra18-boundary ldc-ra18-paragraph_break,False,,,
library,PASSION24.TEXT.PART_III_MARY_SORROWS,library,ldc_cross_record,,,,,block,paragraph_break,ldc-visual-paragraph-break ldc-ra18-boundary ldc-ra18-paragraph_break,False,,,
library,PASSION24.TEXT.PART_III_MARY_SORROWS,library,ldc_cross_record,,,,,block,paragraph_break,ldc-visual-paragraph-break ldc-ra18-boundary ldc-ra18-paragraph_break,False,,,
library,PASSION24.TEXT.PART_III_MARY_SORROWS,library,ldc_cross_record,,,,,block,paragraph_break,ldc-visual-paragraph-break ldc-ra18-boundary ldc-ra18-paragraph_break,False,,,
library,PASSION24.TEXT.PART_III_MARY_SORROWS,library,ldc_cross_record,,,,,block,paragraph_break,ldc-visual-paragraph-break ldc-ra18-boundary ldc-ra18-paragraph_break,False,,,
library,PASSION24.TEXT.PART_III_MARY_SORROWS,library,ldc_cross_record,,,,,block,paragraph_break,ldc-visual-paragraph-break ldc-ra18-boundary ldc-ra18-paragraph_break,False,,,
library,PASSION24.TEXT.PART_III_MARY_SORROWS,library,ldc_cross_record,,,,,block,paragraph_break,ldc-visual-paragraph-break ldc-ra18-boundary ldc-ra18-paragraph_break,False,,,
library,PASSION24.TEXT.PART_III_MARY_SORROWS,library,ldc_cross_record,,,,,block,paragraph_break,ldc-visual-paragraph-break ldc-ra18-boundary ldc-ra18-paragraph_break,False,,,
library,PASSION24.TEXT.PART_III_MARY_SORROWS,library,ldc_cross_record,,,,,block,paragraph_break,ldc-visual-paragraph-break ldc-ra18-boundary ldc-ra18-paragraph_break,False,,,
library,PASSION24.TEXT.PART_III_MARY_SORROWS,library,ldc_cross_record,,,,,block,paragraph_break,ldc-visual-paragraph-break ldc-ra18-boundary ldc-ra18-paragraph_break,False,,,
library,PASSION24.TEXT.PART_III_MARY_SORROWS,library,ldc_cross_record,,,,,block,paragraph_break,ldc-visual-paragraph-break ldc-ra18-boundary ldc-ra18-paragraph_break,False,,,
library,PASSION24.TEXT.PART_III_MARY_SORROWS,library,ldc_cross_record,,,,,block,paragraph_break,ldc-visual-paragraph-break ldc-ra18-boundary ldc-ra18-paragraph_break,False,,,
library,PASSION24.TEXT.PART_III_MARY_SORROWS,library,ldc_cross_record,,,,,block,paragraph_break,ldc-visual-paragraph-break ldc-ra18-boundary ldc-ra18-paragraph_break,False,,,
library,PASSION24.TEXT.PART_III_MARY_SORROWS,library,ldc_cross_record,,,,,block,paragraph_break,ldc-visual-paragraph-break ldc-ra18-boundary ldc-ra18-paragraph_break,False,,,
library,PASSION24.TEXT.PART_III_MARY_SORROWS,library,ldc_cross_record,,,,,block,paragraph_break,ldc-visual-paragraph-break ldc-ra18-boundary ldc-ra18-paragraph_break,False,,,
library,PASSION24.TEXT.PART_III_MARY_SORROWS,library,ldc_cross_record,,,,,block,paragraph_break,ldc-visual-paragraph-break ldc-ra18-boundary ldc-ra18-paragraph_break,False,,,
library,PASSION24.TEXT.PART_III_MARY_SORROWS,library,ldc_cross_record,,,,,block,paragraph_break,ldc-visual-paragraph-break ldc-ra18-boundary ldc-ra18-paragraph_break,False,,,
library,PASSION24.TEXT.PART_III_MARY_SORROWS,library,ldc_cross_record,,,,,block,paragraph_break,ldc-visual-paragraph-break ldc-ra18-boundary ldc-ra18-paragraph_break,False,,,
library,PASSION24.TEXT.PART_III_MARY_SORROWS,library,ldc_cross_record,,,,,block,paragraph_break,ldc-visual-paragraph-break ldc-ra18-boundary ldc-ra18-paragraph_break,False,,,
library,PASSION24.TEXT.PART_III_MARY_SORROWS,library,ldc_cross_record,,,,,block,paragraph_break,ldc-visual-paragraph-break ldc-ra18-boundary ldc-ra18-paragraph_break,False,,,
library,PASSION24.TEXT.PART_III_MARY_SORROWS,library,ldc_cross_record,,,,,block,paragraph_break,ldc-visual-paragraph-break ldc-ra18-boundary ldc-ra18-paragraph_break,False,,,
library,PASSION24.TEXT.PART_III_MARY_SORROWS,library,ldc_cross_record,,,,,block,paragraph_break,ldc-visual-paragraph-break ldc-ra18-boundary ldc-ra18-paragraph_break,False,,,
library,PASSION24.TEXT.PART_III_MARY_SORROWS,library,ldc_cross_record,,,,,block,paragraph_break,ldc-visual-paragraph-break ldc-ra18-boundary ldc-ra18-paragraph_break,False,,,
library,PASSION24.TEXT.PART_III_MARY_SORROWS,library,ldc_cross_record,,,,,block,paragraph_break,ldc-visual-paragraph-break ldc-ra18-boundary ldc-ra18-paragraph_break,False,,,
library,PASSION24.TEXT.PART_III_MARY_SORROWS,library,ldc_cross_record,,,,,block,paragraph_break,ldc-visual-paragraph-break ldc-ra18-boundary ldc-ra18-paragraph_break,False,,,
library,PASSION24.TEXT.PART_III_MARY_SORROWS,library,ldc_cross_record,,,,,block,paragraph_break,ldc-visual-paragraph-break ldc-ra18-boundary ldc-ra18-paragraph_break,False,,,
library,PASSION24.TEXT.PART_III_MARY_SORROWS,library,ldc_cross_record,,,,,block,paragraph_break,ldc-visual-paragraph-break ldc-ra18-boundary ldc-ra18-paragraph_break,False,,,
library,PASSION24.TEXT.PART_III_MARY_SORROWS,library,ldc_cross_record,,,,,block,paragraph_break,ldc-visual-paragraph-break ldc-ra18-boundary ldc-ra18-paragraph_break,False,,,
library,PASSION24.TEXT.PART_III_MARY_SORROWS,library,ldc_cross_record,,,,,block,paragraph_break,ldc-visual-paragraph-break ldc-ra18-boundary ldc-ra18-paragraph_break,False,,,
library,PASSION24.TEXT.PART_III_MARY_SORROWS,library,ldc_cross_record,,,,,block,paragraph_break,ldc-visual-paragraph-break ldc-ra18-boundary ldc-ra18-paragraph_break,False,,,
library,PASSION24.TEXT.PART_III_MARY_SORROWS,library,ldc_cross_record,,,,,block,paragraph_break,ldc-visual-paragraph-break ldc-ra18-boundary ldc-ra18-paragraph_break,False,,,
library,PASSION24.TEXT.PART_III_MARY_SORROWS,library,ldc_cross_record,,,,,block,paragraph_break,ldc-visual-paragraph-break ldc-ra18-boundary ldc-ra18-paragraph_break,False,,,
library,PASSION24.TEXT.PART_III_MARY_SORROWS,library,ldc_cross_record,,,,,block,paragraph_break,ldc-visual-paragraph-break ldc-ra18-boundary ldc-ra18-paragraph_break,False,,,
library,PASSION24.TEXT.PART_III_MARY_SORROWS,library,ldc_cross_record,,,,,block,paragraph_break,ldc-visual-paragraph-break ldc-ra18-boundary ldc-ra18-paragraph_break,False,,,
library,PASSION24.TEXT.PART_III_MARY_SORROWS,library,ldc_cross_record,,,,,block,paragraph_break,ldc-visual-paragraph-break ldc-ra18-boundary ldc-ra18-paragraph_break,False,,,
library,PASSION24.TEXT.PART_III_MARY_SORROWS,library,ldc_cross_record,,,,,block,paragraph_break,ldc-visual-paragraph-break ldc-ra18-boundary ldc-ra18-paragraph_break,False,,,
library,PASSION24.TEXT.PART_III_MARY_SORROWS,library,ldc_cross_record,,,,,block,paragraph_break,ldc-visual-paragraph-break ldc-ra18-boundary ldc-ra18-paragraph_break,False,,,
library,PASSION24.TEXT.PART_III_MARY_SORROWS,library,ldc_cross_record,,,,,block,paragraph_break,ldc-visual-paragraph-break ldc-ra18-boundary ldc-ra18-paragraph_break,False,,,
library,PASSION24.TEXT.PART_III_MARY_SORROWS,library,ldc_cross_record,,,,,block,paragraph_break,ldc-visual-paragraph-break ldc-ra18-boundary ldc-ra18-paragraph_break,False,,,
library,PASSION24.TEXT.PART_III_MARY_SORROWS,library,ldc_cross_record,,,,,block,paragraph_break,ldc-visual-paragraph-break ldc-ra18-boundary ldc-ra18-paragraph_break,False,,,
library,PASSION24.TEXT.PART_III_MARY_SORROWS,library,ldc_cross_record,,,,,block,paragraph_break,ldc-visual-paragraph-break ldc-ra18-boundary ldc-ra18-paragraph_break,False,,,
library,PASSION24.TEXT.PART_III_MARY_SORROWS,library,ldc_cross_record,,,,,block,paragraph_break,ldc-visual-paragraph-break ldc-ra18-boundary ldc-ra18-paragraph_break,False,,,
library,PASSION24.TEXT.PART_III_MARY_SORROWS,library,ldc_cross_record,,,,,block,paragraph_break,ldc-visual-paragraph-break ldc-ra18-boundary ldc-ra18-paragraph_break,False,,,
library,PASSION24.TEXT.PART_III_MARY_SORROWS,library,ldc_cross_record,,,,,block,paragraph_break,ldc-visual-paragraph-break ldc-ra18-boundary ldc-ra18-paragraph_break,False,,,
library,PASSION24.TEXT.PART_III_MARY_SORROWS,library,ldc_cross_record,,,,,block,paragraph_break,ldc-visual-paragraph-break ldc-ra18-boundary ldc-ra18-paragraph_break,False,,,
library,PASSION24.TEXT.PART_III_MARY_SORROWS,library,ldc_cross_record,,,,,block,paragraph_break,ldc-visual-paragraph-break ldc-ra18-boundary ldc-ra18-paragraph_break,False,,,
library,PASSION24.TEXT.PART_III_MARY_SORROWS,library,ldc_cross_record,,,,,block,paragraph_break,ldc-visual-paragraph-break ldc-ra18-boundary ldc-ra18-paragraph_break,False,,,
library,PASSION24.TEXT.PART_III_MARY_SORROWS,library,ldc_cross_record,,,,,block,paragraph_break,ldc-visual-paragraph-break ldc-ra18-boundary ldc-ra18-paragraph_break,False,,,
library,PASSION24.TEXT.PART_III_MARY_SORROWS,library,ldc_cross_record,,,,,block,paragraph_break,ldc-visual-paragraph-break ldc-ra18-boundary ldc-ra18-paragraph_break,False,,,
library,PASSION24.TEXT.PART_III_MARY_SORROWS,library,ldc_cross_record,,,,,block,paragraph_break,ldc-visual-paragraph-break ldc-ra18-boundary ldc-ra18-paragraph_break,False,,,
library,PASSION24.TEXT.PART_III_MARY_SORROWS,library,ldc_cross_record,,,,,block,paragraph_break,ldc-visual-paragraph-break ldc-ra18-boundary ldc-ra18-paragraph_break,False,,,
library,PASSION24.TEXT.PART_III_MARY_SORROWS,library,ldc_cross_record,,,,,block,paragraph_break,ldc-visual-paragraph-break ldc-ra18-boundary ldc-ra18-paragraph_break,False,,,
library,PASSION24.TEXT.PART_III_MARY_SORROWS,library,ldc_cross_record,,,,,block,paragraph_break,ldc-visual-paragraph-break ldc-ra18-boundary ldc-ra18-paragraph_break,False,,,
library,PASSION24.TEXT.PART_III_MARY_SORROWS,library,ldc_cross_record,,,,,block,paragraph_break,ldc-visual-paragraph-break ldc-ra18-boundary ldc-ra18-paragraph_break,False,,,
library,PASSION24.TEXT.PART_III_MARY_SORROWS,library,ldc_cross_record,,,,,block,paragraph_break,ldc-visual-paragraph-break ldc-ra18-boundary ldc-ra18-paragraph_break,False,,,
library,PASSION24.TEXT.PART_III_MARY_SORROWS,library,ldc_cross_record,,,,,block,paragraph_break,ldc-visual-paragraph-break ldc-ra18-boundary ldc-ra18-paragraph_break,False,,,
library,PASSION24.TEXT.PART_III_MARY_SORROWS,library,ldc_cross_record,,,,,block,paragraph_break,ldc-visual-paragraph-break ldc-ra18-boundary ldc-ra18-paragraph_break,False,,,
library,PASSION24.TEXT.PART_III_MARY_SORROWS,library,ldc_cross_record,,,,,block,paragraph_break,ldc-visual-paragraph-break ldc-ra18-boundary ldc-ra18-paragraph_break,False,,,
library,PASSION24.TEXT.PART_III_MARY_SORROWS,library,ldc_cross_record,,,,,block,paragraph_break,ldc-visual-paragraph-break ldc-ra18-boundary ldc-ra18-paragraph_break,False,,,
library,PASSION24.TEXT.PART_III_MARY_SORROWS,library,ldc_cross_record,,,,,block,paragraph_break,ldc-visual-paragraph-break ldc-ra18-boundary ldc-ra18-paragraph_break,False,,,
library,PASSION24.TEXT.PART_III_MARY_SORROWS,library,ldc_cross_record,,,,,block,paragraph_break,ldc-visual-paragraph-break ldc-ra18-boundary ldc-ra18-paragraph_break,False,,,
library,PASSION24.TEXT.PART_III_MARY_SORROWS,library,ldc_cross_record,,,,,block,paragraph_break,ldc-visual-paragraph-break ldc-ra18-boundary ldc-ra18-paragraph_break,False,,,
library,PASSION24.TEXT.PART_III_MARY_SORROWS,library,ldc_cross_record,,,,,block,paragraph_break,ldc-visual-paragraph-break ldc-ra18-boundary ldc-ra18-paragraph_break,False,,,
library,PASSION24.TEXT.PART_III_MARY_SORROWS,library,ldc_cross_record,,,,,block,paragraph_break,ldc-visual-paragraph-break ldc-ra18-boundary ldc-ra18-paragraph_break,False,,,
library,PASSION24.TEXT.PART_III_MARY_SORROWS,library,ldc_cross_record,,,,,block,paragraph_break,ldc-visual-paragraph-break ldc-ra18-boundary ldc-ra18-paragraph_break,False,,,
library,PASSION24.TEXT.PART_III_MARY_SORROWS,library,ldc_cross_record,,,,,block,paragraph_break,ldc-visual-paragraph-break ldc-ra18-boundary ldc-ra18-paragraph_break,False,,,
library,PASSION24.TEXT.PART_III_MARY_SORROWS,library,ldc_cross_record,,,,,block,paragraph_break,ldc-visual-paragraph-break ldc-ra18-boundary ldc-ra18-paragraph_break,False,,,
library,PASSION24.TEXT.PART_III_MARY_SORROWS,library,ldc_cross_record,,,,,block,paragraph_break,ldc-visual-paragraph-break ldc-ra18-boundary ldc-ra18-paragraph_break,False,,,
library,PASSION24.TEXT.PART_III_MARY_SORROWS,library,ldc_cross_record,,,,,block,paragraph_break,ldc-visual-paragraph-break ldc-ra18-boundary ldc-ra18-paragraph_break,False,,,
library,PASSION24.TEXT.PART_III_MARY_SORROWS,library,ldc_cross_record,,,,,block,paragraph_break,ldc-visual-paragraph-break ldc-ra18-boundary ldc-ra18-paragraph_break,False,,,
library,PASSION24.TEXT.PART_III_MARY_SORROWS,library,ldc_cross_record,,,,,block,paragraph_break,ldc-visual-paragraph-break ldc-ra18-boundary ldc-ra18-paragraph_break,False,,,
library,PASSION24.TEXT.PART_III_MARY_SORROWS,library,ldc_cross_record,,,,,block,paragraph_break,ldc-visual-paragraph-break ldc-ra18-boundary ldc-ra18-paragraph_break,False,,,
library,PASSION24.TEXT.PART_III_MARY_SORROWS,library,ldc_cross_record,,,,,block,paragraph_break,ldc-visual-paragraph-break ldc-ra18-boundary ldc-ra18-paragraph_break,False,,,
library,PASSION24.TEXT.PART_III_MARY_SORROWS,library,ldc_cross_record,,,,,block,paragraph_break,ldc-visual-paragraph-break ldc-ra18-boundary ldc-ra18-paragraph_break,False,,,
library,PASSION24.TEXT.PART_III_MARY_SORROWS,library,ldc_cross_record,,,,,block,paragraph_break,ldc-visual-paragraph-break ldc-ra18-boundary ldc-ra18-paragraph_break,False,,,
library,PASSION24.TEXT.PART_III_MARY_SORROWS,library,ldc_cross_record,,,,,block,paragraph_break,ldc-visual-paragraph-break ldc-ra18-boundary ldc-ra18-paragraph_break,False,,,
library,PASSION24.TEXT.PART_III_MARY_SORROWS,library,ldc_cross_record,,,,,block,paragraph_break,ldc-visual-paragraph-break ldc-ra18-boundary ldc-ra18-paragraph_break,False,,,
library,PASSION24.TEXT.PART_III_MARY_SORROWS,library,ldc_cross_record,,,,,block,paragraph_break,ldc-visual-paragraph-break ldc-ra18-boundary ldc-ra18-paragraph_break,False,,,
library,PASSION24.TEXT.PART_III_MARY_SORROWS,library,ldc_cross_record,,,,,block,paragraph_break,ldc-visual-paragraph-break ldc-ra18-boundary ldc-ra18-paragraph_break,False,,,
library,PASSION24.TEXT.PART_III_MARY_SORROWS,library,ldc_cross_record,,,,,block,paragraph_break,ldc-visual-paragraph-break ldc-ra18-boundary ldc-ra18-paragraph_break,False,,,
library,PASSION24.TEXT.PART_III_MARY_SORROWS,library,ldc_cross_record,,,,,block,paragraph_break,ldc-visual-paragraph-break ldc-ra18-boundary ldc-ra18-paragraph_break,False,,,
library,PASSION24.TEXT.PART_III_MARY_SORROWS,library,ldc_cross_record,,,,,block,paragraph_break,ldc-visual-paragraph-break ldc-ra18-boundary ldc-ra18-paragraph_break,False,,,
library,PASSION24.TEXT.PART_III_MARY_SORROWS,library,ldc_cross_record,,,,,block,paragraph_break,ldc-visual-paragraph-break ldc-ra18-boundary ldc-ra18-paragraph_break,False,,,
library,PASSION24.TEXT.PART_III_MARY_SORROWS,library,ldc_cross_record,,,,,block,paragraph_break,ldc-visual-paragraph-break ldc-ra18-boundary ldc-ra18-paragraph_break,False,,,
library,PASSION24.TEXT.PART_III_MARY_SORROWS,library,ldc_cross_record,,,,,block,paragraph_break,ldc-visual-paragraph-break ldc-ra18-boundary ldc-ra18-paragraph_break,False,,,
library,PASSION24.TEXT.PART_III_MARY_SORROWS,library,ldc_cross_record,,,,,block,paragraph_break,ldc-visual-paragraph-break ldc-ra18-boundary ldc-ra18-paragraph_break,False,,,
library,PASSION24.TEXT.PART_III_MARY_SORROWS,library,ldc_cross_record,,,,,block,paragraph_break,ldc-visual-paragraph-break ldc-ra18-boundary ldc-ra18-paragraph_break,False,,,
library,PASSION24.TEXT.PART_III_MARY_SORROWS,library,ldc_cross_record,,,,,block,paragraph_break,ldc-visual-paragraph-break ldc-ra18-boundary ldc-ra18-paragraph_break,False,,,
library,PASSION24.TEXT.PART_III_MARY_SORROWS,library,ldc_cross_record,,,,,block,paragraph_break,ldc-visual-paragraph-break ldc-ra18-boundary ldc-ra18-paragraph_break,False,,,
library,PASSION24.TEXT.PART_III_MARY_SORROWS,library,ldc_cross_record,,,,,block,paragraph_break,ldc-visual-paragraph-break ldc-ra18-boundary ldc-ra18-paragraph_break,False,,,
library,PASSION24.TEXT.PART_III_MARY_SORROWS,library,ldc_cross_record,,,,,block,paragraph_break,ldc-visual-paragraph-break ldc-ra18-boundary ldc-ra18-paragraph_break,False,,,
library,PASSION24.TEXT.PART_III_MARY_SORROWS,library,ldc_cross_record,,,,,block,paragraph_break,ldc-visual-paragraph-break ldc-ra18-boundary ldc-ra18-paragraph_break,False,,,
library,PASSION24.TEXT.PART_III_MARY_SORROWS,library,ldc_cross_record,,,,,block,paragraph_break,ldc-visual-paragraph-break ldc-ra18-boundary ldc-ra18-paragraph_break,False,,,
library,PASSION24.TEXT.PART_III_MARY_SORROWS,library,ldc_cross_record,,,,,block,paragraph_break,ldc-visual-paragraph-break ldc-ra18-boundary ldc-ra18-paragraph_break,False,,,
library,PASSION24.TEXT.PART_III_MARY_SORROWS,library,ldc_cross_record,,,,,block,paragraph_break,ldc-visual-paragraph-break ldc-ra18-boundary ldc-ra18-paragraph_break,False,,,
library,PASSION24.TEXT.PART_III_MARY_SORROWS,library,ldc_cross_record,,,,,block,paragraph_break,ldc-visual-paragraph-break ldc-ra18-boundary ldc-ra18-paragraph_break,False,,,
library,PASSION24.TEXT.PART_III_MARY_SORROWS,library,ldc_cross_record,,,,,block,paragraph_break,ldc-visual-paragraph-break ldc-ra18-boundary ldc-ra18-paragraph_break,False,,,
library,PASSION24.TEXT.PART_III_MARY_SORROWS,library,ldc_cross_record,,,,,block,paragraph_break,ldc-visual-paragraph-break ldc-ra18-boundary ldc-ra18-paragraph_break,False,,,
library,PASSION24.TEXT.PART_III_MARY_SORROWS,library,ldc_cross_record,,,,,block,paragraph_break,ldc-visual-paragraph-break ldc-ra18-boundary ldc-ra18-paragraph_break,False,,,
library,PASSION24.TEXT.PART_III_MARY_SORROWS,library,ldc_cross_record,,,,,block,paragraph_break,ldc-visual-paragraph-break ldc-ra18-boundary ldc-ra18-paragraph_break,False,,,
library,PASSION24.TEXT.PART_III_MARY_SORROWS,library,ldc_cross_record,,,,,block,paragraph_break,ldc-visual-paragraph-break ldc-ra18-boundary ldc-ra18-paragraph_break,False,,,
library,PASSION24.TEXT.PART_III_MARY_SORROWS,library,ldc_cross_record,,,,,block,paragraph_break,ldc-visual-paragraph-break ldc-ra18-boundary ldc-ra18-paragraph_break,False,,,
library,PASSION24.TEXT.PART_III_MARY_SORROWS,library,ldc_cross_record,,,,,block,paragraph_break,ldc-visual-paragraph-break ldc-ra18-boundary ldc-ra18-paragraph_break,False,,,
library,PASSION24.TEXT.PART_III_MARY_SORROWS,library,ldc_cross_record,,,,,block,paragraph_break,ldc-visual-paragraph-break ldc-ra18-boundary ldc-ra18-paragraph_break,False,,,
library,PASSION24.TEXT.PART_III_MARY_SORROWS,library,ldc_cross_record,,,,,block,paragraph_break,ldc-visual-paragraph-break ldc-ra18-boundary ldc-ra18-paragraph_break,False,,,
library,PASSION24.TEXT.PART_III_MARY_SORROWS,library,ldc_cross_record,,,,,block,paragraph_break,ldc-visual-paragraph-break ldc-ra18-boundary ldc-ra18-paragraph_break,False,,,
library,PASSION24.TEXT.PART_III_MARY_SORROWS,library,ldc_cross_record,,,,,block,paragraph_break,ldc-visual-paragraph-break ldc-ra18-boundary ldc-ra18-paragraph_break,False,,,
library,PASSION24.TEXT.PART_III_MARY_SORROWS,library,ldc_cross_record,,,,,block,paragraph_break,ldc-visual-paragraph-break ldc-ra18-boundary ldc-ra18-paragraph_break,False,,,
library,PASSION24.TEXT.PART_III_MARY_SORROWS,library,ldc_cross_record,,,,,block,paragraph_break,ldc-visual-paragraph-break ldc-ra18-boundary ldc-ra18-paragraph_break,False,,,
library,PASSION24.TEXT.PART_III_MARY_SORROWS,library,ldc_cross_record,,,,,block,paragraph_break,ldc-visual-paragraph-break ldc-ra18-boundary ldc-ra18-paragraph_break,False,,,
library,PASSION24.TEXT.PART_III_MARY_SORROWS,library,ldc_cross_record,,,,,block,paragraph_break,ldc-visual-paragraph-break ldc-ra18-boundary ldc-ra18-paragraph_break,False,,,
library,PASSION24.TEXT.PART_III_MARY_SORROWS,library,ldc_cross_record,,,,,block,paragraph_break,ldc-visual-paragraph-break ldc-ra18-boundary ldc-ra18-paragraph_break,False,,,
library,PASSION24.TEXT.PART_III_MARY_SORROWS,library,ldc_cross_record,,,,,block,paragraph_break,ldc-visual-paragraph-break ldc-ra18-boundary ldc-ra18-paragraph_break,False,,,
library,PASSION24.TEXT.PART_III_MARY_SORROWS,library,ldc_cross_record,,,,,block,paragraph_break,ldc-visual-paragraph-break ldc-ra18-boundary ldc-ra18-paragraph_break,False,,,
library,PASSION24.TEXT.PART_III_MARY_SORROWS,library,ldc_cross_record,,,,,block,paragraph_break,ldc-visual-paragraph-break ldc-ra18-boundary ldc-ra18-paragraph_break,False,,,
library,PASSION24.TEXT.PART_III_MARY_SORROWS,library,ldc_cross_record,,,,,block,paragraph_break,ldc-visual-paragraph-break ldc-ra18-boundary ldc-ra18-paragraph_break,False,,,
library,PASSION24.TEXT.PART_III_MARY_SORROWS,library,ldc_cross_record,,,,,block,paragraph_break,ldc-visual-paragraph-break ldc-ra18-boundary ldc-ra18-paragraph_break,False,,,
library,PASSION24.TEXT.PART_III_MARY_SORROWS,library,ldc_cross_record,,,,,block,paragraph_break,ldc-visual-paragraph-break ldc-ra18-boundary ldc-ra18-paragraph_break,False,,,
library,PASSION24.TEXT.PART_III_MARY_SORROWS,library,ldc_cross_record,,,,,block,paragraph_break,ldc-visual-paragraph-break ldc-ra18-boundary ldc-ra18-paragraph_break,False,,,
library,PASSION24.TEXT.PART_III_MARY_SORROWS,library,ldc_cross_record,,,,,block,paragraph_break,ldc-visual-paragraph-break ldc-ra18-boundary ldc-ra18-paragraph_break,False,,,
library,PASSION24.TEXT.PART_III_MARY_SORROWS,library,ldc_cross_record,,,,,block,paragraph_break,ldc-visual-paragraph-break ldc-ra18-boundary ldc-ra18-paragraph_break,False,,,
library,PASSION24.TEXT.PART_III_MARY_SORROWS,library,ldc_cross_record,,,,,block,paragraph_break,ldc-visual-paragraph-break ldc-ra18-boundary ldc-ra18-paragraph_break,False,,,
library,PASSION24.TEXT.PART_III_MARY_SORROWS,library,ldc_cross_record,,,,,block,paragraph_break,ldc-visual-paragraph-break ldc-ra18-boundary ldc-ra18-paragraph_break,False,,,
library,PASSION24.TEXT.PART_III_MARY_SORROWS,library,ldc_cross_record,,,,,block,paragraph_break,ldc-visual-paragraph-break ldc-ra18-boundary ldc-ra18-paragraph_break,False,,,
library,PASSION24.TEXT.PART_III_MARY_SORROWS,library,ldc_cross_record,,,,,block,paragraph_break,ldc-visual-paragraph-break ldc-ra18-boundary ldc-ra18-paragraph_break,False,,,
library,PASSION24.TEXT.PART_III_MARY_SORROWS,library,ldc_cross_record,,,,,block,paragraph_break,ldc-visual-paragraph-break ldc-ra18-boundary ldc-ra18-paragraph_break,False,,,
library,PASSION24.TEXT.PART_III_MARY_SORROWS,library,ldc_cross_record,,,,,block,paragraph_break,ldc-visual-paragraph-break ldc-ra18-boundary ldc-ra18-paragraph_break,False,,,
library,PASSION24.TEXT.PART_III_MARY_SORROWS,library,ldc_cross_record,,,,,block,paragraph_break,ldc-visual-paragraph-break ldc-ra18-boundary ldc-ra18-paragraph_break,False,,,
library,PASSION24.TEXT.PART_III_MARY_SORROWS,library,ldc_cross_record,,,,,block,paragraph_break,ldc-visual-paragraph-break ldc-ra18-boundary ldc-ra18-paragraph_break,False,,,
library,PASSION24.TEXT.PART_III_MARY_SORROWS,library,ldc_cross_record,,,,,block,paragraph_break,ldc-visual-paragraph-break ldc-ra18-boundary ldc-ra18-paragraph_break,False,,,
library,PASSION24.TEXT.PART_III_MARY_SORROWS,library,ldc_cross_record,,,,,block,paragraph_break,ldc-visual-paragraph-break ldc-ra18-boundary ldc-ra18-paragraph_break,False,,,
library,PASSION24.TEXT.PART_III_MARY_SORROWS,library,ldc_cross_record,,,,,block,paragraph_break,ldc-visual-paragraph-break ldc-ra18-boundary ldc-ra18-paragraph_break,False,,,
library,PASSION24.TEXT.PART_III_MARY_SORROWS,library,ldc_cross_record,,,,,block,paragraph_break,ldc-visual-paragraph-break ldc-ra18-boundary ldc-ra18-paragraph_break,False,,,
library,PASSION24.TEXT.PART_III_MARY_SORROWS,library,ldc_cross_record,,,,,block,paragraph_break,ldc-visual-paragraph-break ldc-ra18-boundary ldc-ra18-paragraph_break,False,,,
library,PASSION24.TEXT.PART_III_MARY_SORROWS,library,ldc_cross_record,,,,,block,paragraph_break,ldc-visual-paragraph-break ldc-ra18-boundary ldc-ra18-paragraph_break,False,,,
library,PASSION24.TEXT.PART_III_MARY_SORROWS,library,ldc_cross_record,,,,,block,paragraph_break,ldc-visual-paragraph-break ldc-ra18-boundary ldc-ra18-paragraph_break,False,,,
library,PASSION24.TEXT.PART_III_MARY_SORROWS,library,ldc_cross_record,,,,,block,paragraph_break,ldc-visual-paragraph-break ldc-ra18-boundary ldc-ra18-paragraph_break,False,,,
library,PASSION24.TEXT.PART_III_MARY_SORROWS,library,ldc_cross_record,,,,,block,paragraph_break,ldc-visual-paragraph-break ldc-ra18-boundary ldc-ra18-paragraph_break,False,,,
library,PASSION24.TEXT.PART_III_MARY_SORROWS,library,ldc_cross_record,,,,,block,paragraph_break,ldc-visual-paragraph-break ldc-ra18-boundary ldc-ra18-paragraph_break,False,,,
library,PASSION24.TEXT.PART_III_MARY_SORROWS,library,ldc_cross_record,,,,,block,paragraph_break,ldc-visual-paragraph-break ldc-ra18-boundary ldc-ra18-paragraph_break,False,,,
library,PASSION24.TEXT.PART_III_MARY_SORROWS,library,ldc_cross_record,,,,,block,paragraph_break,ldc-visual-paragraph-break ldc-ra18-boundary ldc-ra18-paragraph_break,False,,,
library,PASSION24.TEXT.PART_III_MARY_SORROWS,library,ldc_cross_record,,,,,block,paragraph_break,ldc-visual-paragraph-break ldc-ra18-boundary ldc-ra18-paragraph_break,False,,,
library,PASSION24.TEXT.PART_III_MARY_SORROWS,library,ldc_cross_record,,,,,block,paragraph_break,ldc-visual-paragraph-break ldc-ra18-boundary ldc-ra18-paragraph_break,False,,,
library,PASSION24.TEXT.PART_III_MARY_SORROWS,library,ldc_cross_record,,,,,block,paragraph_break,ldc-visual-paragraph-break ldc-ra18-boundary ldc-ra18-paragraph_break,False,,,
library,PASSION24.TEXT.PART_III_MARY_SORROWS,library,ldc_cross_record,,,,,block,paragraph_break,ldc-visual-paragraph-break ldc-ra18-boundary ldc-ra18-paragraph_break,False,,,
library,PASSION24.TEXT.PART_III_MARY_SORROWS,library,ldc_cross_record,,,,,block,paragraph_break,ldc-visual-paragraph-break ldc-ra18-boundary ldc-ra18-paragraph_break,False,,,
library,PASSION24.TEXT.PART_III_MARY_SORROWS,library,ldc_cross_record,,,,,block,paragraph_break,ldc-visual-paragraph-break ldc-ra18-boundary ldc-ra18-paragraph_break,False,,,
library,PASSION24.TEXT.PART_III_MARY_SORROWS,library,ldc_cross_record,,,,,block,paragraph_break,ldc-visual-paragraph-break ldc-ra18-boundary ldc-ra18-paragraph_break,False,,,
library,PASSION24.TEXT.PART_III_MARY_SORROWS,library,ldc_cross_record,,,,,block,paragraph_break,ldc-visual-paragraph-break ldc-ra18-boundary ldc-ra18-paragraph_break,False,,,
library,PASSION24.TEXT.PART_III_MARY_SORROWS,library,ldc_cross_record,,,,,block,paragraph_break,ldc-visual-paragraph-break ldc-ra18-boundary ldc-ra18-paragraph_break,False,,,
library,PASSION24.TEXT.PART_III_MARY_SORROWS,library,ldc_cross_record,,,,,block,paragraph_break,ldc-visual-paragraph-break ldc-ra18-boundary ldc-ra18-paragraph_break,False,,,
library,PASSION24.TEXT.PART_III_MARY_SORROWS,library,ldc_cross_record,,,,,block,paragraph_break,ldc-visual-paragraph-break ldc-ra18-boundary ldc-ra18-paragraph_break,False,,,
library,PASSION24.TEXT.PART_III_MARY_SORROWS,library,ldc_cross_record,,,,,block,paragraph_break,ldc-visual-paragraph-break ldc-ra18-boundary ldc-ra18-paragraph_break,False,,,
library,PASSION24.TEXT.PART_III_MARY_SORROWS,library,ldc_cross_record,,,,,block,paragraph_break,ldc-visual-paragraph-break ldc-ra18-boundary ldc-ra18-paragraph_break,False,,,
library,PASSION24.TEXT.PART_III_MARY_SORROWS,library,ldc_cross_record,,,,,block,paragraph_break,ldc-visual-paragraph-break ldc-ra18-boundary ldc-ra18-paragraph_break,False,,,
library,PASSION24.TEXT.PART_III_MARY_SORROWS,library,ldc_cross_record,,,,,block,paragraph_break,ldc-visual-paragraph-break ldc-ra18-boundary ldc-ra18-paragraph_break,False,,,
library,PASSION24.TEXT.PART_III_MARY_SORROWS,library,ldc_cross_record,,,,,block,paragraph_break,ldc-visual-paragraph-break ldc-ra18-boundary ldc-ra18-paragraph_break,False,,,
library,PASSION24.TEXT.PART_III_MARY_SORROWS,library,ldc_intra_break,PASSION24.TEXT.PART_III_MARY_SORROWS.BODY.P062,56,d,U+0064,block,paragraph_break,ldc-visual-paragraph-break ldc-ra18-boundary ldc-ra18-paragraph_break,True,56,d,
library,PASSION24.TEXT.PART_III_MARY_SORROWS,library,ldc_intra_break,PASSION24.TEXT.PART_III_MARY_SORROWS.BODY.P083,260,a,U+0061,block,paragraph_break,ldc-visual-paragraph-break ldc-ra18-boundary ldc-ra18-paragraph_break,True,260,a,
library,PASSION24.TEXT.PART_III_MARY_SORROWS,library,ldc_intra_break,PASSION24.TEXT.PART_III_MARY_SORROWS.BODY.P114,121,a,U+0061,block,paragraph_break,ldc-visual-paragraph-break ldc-ra18-boundary ldc-ra18-paragraph_break,True,121,a,
library,PASSION24.TEXT.PART_III_MARY_SORROWS,library,ldc_intra_break,PASSION24.TEXT.PART_III_MARY_SORROWS.BODY.P208,29,n,U+006E,block,paragraph_break,ldc-visual-paragraph-break ldc-ra18-boundary ldc-ra18-paragraph_break,True,29,n,
library,PASSION24.TEXT.PART_III_MARY_SORROWS,library,ldc_intra_break,PASSION24.TEXT.PART_III_MARY_SORROWS.BODY.P208,49,m,U+006D,block,paragraph_break,ldc-visual-paragraph-break ldc-ra18-boundary ldc-ra18-paragraph_break,True,49,m,
library,PASSION24.TEXT.PART_III_MARY_SORROWS,library,ldc_intra_break,PASSION24.TEXT.PART_III_MARY_SORROWS.BODY.P212,70, ,U+0020,block,paragraph_break,ldc-visual-paragraph-break ldc-ra18-boundary ldc-ra18-paragraph_break,True,71,b,
library,PASSION24.TEXT.PART_III_MARY_SORROWS,library,ldc_intra_break,PASSION24.TEXT.PART_III_MARY_SORROWS.BODY.P224,22,E,U+0045,block,paragraph_break,ldc-visual-paragraph-break ldc-ra18-boundary ldc-ra18-paragraph_break,True,22,E,
library,PASSION24.TEXT.PROMISES_BENEFITS,library,ldc_cross_record,,,,,block,paragraph_break,ldc-visual-paragraph-break ldc-ra18-boundary ldc-ra18-paragraph_break,False,,,
library,PASSION24.TEXT.PROMISES_BENEFITS,library,ldc_cross_record,,,,,block,paragraph_break,ldc-visual-paragraph-break ldc-ra18-boundary ldc-ra18-paragraph_break,False,,,
library,PASSION24.TEXT.PROMISES_BENEFITS,library,ldc_cross_record,,,,,block,paragraph_break,ldc-visual-paragraph-break ldc-ra18-boundary ldc-ra18-paragraph_break,False,,,
library,PASSION24.TEXT.PROMISES_BENEFITS,library,ldc_cross_record,,,,,block,paragraph_break,ldc-visual-paragraph-break ldc-ra18-boundary ldc-ra18-paragraph_break,False,,,
library,PASSION24.TEXT.PROMISES_BENEFITS,library,ldc_cross_record,,,,,block,paragraph_break,ldc-visual-paragraph-break ldc-ra18-boundary ldc-ra18-paragraph_break,False,,,
library,PASSION24.TEXT.PROMISES_BENEFITS,library,ldc_cross_record,,,,,block,paragraph_break,ldc-visual-paragraph-break ldc-ra18-boundary ldc-ra18-paragraph_break,False,,,
library,PASSION24.TEXT.PROMISES_BENEFITS,library,ldc_cross_record,,,,,block,paragraph_break,ldc-visual-paragraph-break ldc-ra18-boundary ldc-ra18-paragraph_break,False,,,
library,PASSION24.TEXT.PROMISES_BENEFITS,library,ldc_cross_record,,,,,block,paragraph_break,ldc-visual-paragraph-break ldc-ra18-boundary ldc-ra18-paragraph_break,False,,,
library,PASSION24.TEXT.PROMISES_BENEFITS,library,ldc_cross_record,,,,,block,paragraph_break,ldc-visual-paragraph-break ldc-ra18-boundary ldc-ra18-paragraph_break,False,,,
library,PASSION24.TEXT.PROMISES_BENEFITS,library,ldc_cross_record,,,,,block,paragraph_break,ldc-visual-paragraph-break ldc-ra18-boundary ldc-ra18-paragraph_break,False,,,
library,PASSION24.TEXT.PROMISES_BENEFITS,library,ldc_cross_record,,,,,block,paragraph_break,ldc-visual-paragraph-break ldc-ra18-boundary ldc-ra18-paragraph_break,False,,,
library,PASSION24.TEXT.PROMISES_BENEFITS,library,ldc_cross_record,,,,,block,paragraph_break,ldc-visual-paragraph-break ldc-ra18-boundary ldc-ra18-paragraph_break,False,,,
library,PASSION24.TEXT.PROMISES_BENEFITS,library,ldc_cross_record,,,,,block,paragraph_break,ldc-visual-paragraph-break ldc-ra18-boundary ldc-ra18-paragraph_break,False,,,
library,PASSION24.TEXT.PROMISES_BENEFITS,library,ldc_cross_record,,,,,block,paragraph_break,ldc-visual-paragraph-break ldc-ra18-boundary ldc-ra18-paragraph_break,False,,,
library,PASSION24.TEXT.PROMISES_BENEFITS,library,ldc_cross_record,,,,,block,paragraph_break,ldc-visual-paragraph-break ldc-ra18-boundary ldc-ra18-paragraph_break,False,,,
library,PASSION24.TEXT.PROMISES_BENEFITS,library,ldc_cross_record,,,,,block,paragraph_break,ldc-visual-paragraph-break ldc-ra18-boundary ldc-ra18-paragraph_break,False,,,
library,PASSION24.TEXT.PROMISES_BENEFITS,library,ldc_cross_record,,,,,block,paragraph_break,ldc-visual-paragraph-break ldc-ra18-boundary ldc-ra18-paragraph_break,False,,,
library,PASSION24.TEXT.PROMISES_BENEFITS,library,ldc_cross_record,,,,,block,paragraph_break,ldc-visual-paragraph-break ldc-ra18-boundary ldc-ra18-paragraph_break,False,,,
library,PASSION24.TEXT.PROMISES_BENEFITS,library,ldc_cross_record,,,,,block,paragraph_break,ldc-visual-paragraph-break ldc-ra18-boundary ldc-ra18-paragraph_break,False,,,
library,PASSION24.TEXT.PROMISES_BENEFITS,library,ldc_cross_record,,,,,block,paragraph_break,ldc-visual-paragraph-break ldc-ra18-boundary ldc-ra18-paragraph_break,False,,,
library,PASSION24.TEXT.PROMISES_BENEFITS,library,ldc_cross_record,,,,,block,paragraph_break,ldc-visual-paragraph-break ldc-ra18-boundary ldc-ra18-paragraph_break,False,,,
library,PASSION24.TEXT.PROMISES_BENEFITS,library,ldc_cross_record,,,,,block,paragraph_break,ldc-visual-paragraph-break ldc-ra18-boundary ldc-ra18-paragraph_break,False,,,
library,PASSION24.TEXT.PROMISES_BENEFITS,library,ldc_cross_record,,,,,block,paragraph_break,ldc-visual-paragraph-break ldc-ra18-boundary ldc-ra18-paragraph_break,False,,,
library,PASSION24.TEXT.PROMISES_BENEFITS,library,ldc_cross_record,,,,,block,paragraph_break,ldc-visual-paragraph-break ldc-ra18-boundary ldc-ra18-paragraph_break,False,,,
library,PASSION24.TEXT.PROMISES_BENEFITS,library,ldc_cross_record,,,,,block,paragraph_break,ldc-visual-paragraph-break ldc-ra18-boundary ldc-ra18-paragraph_break,False,,,
library,PASSION24.TEXT.PROMISES_BENEFITS,library,ldc_cross_record,,,,,block,paragraph_break,ldc-visual-paragraph-break ldc-ra18-boundary ldc-ra18-paragraph_break,False,,,
library,PASSION24.TEXT.PROMISES_BENEFITS,library,ldc_cross_record,,,,,block,paragraph_break,ldc-visual-paragraph-break ldc-ra18-boundary ldc-ra18-paragraph_break,False,,,
library,PASSION24.TEXT.PROMISES_BENEFITS,library,ldc_cross_record,,,,,block,paragraph_break,ldc-visual-paragraph-break ldc-ra18-boundary ldc-ra18-paragraph_break,False,,,
library,PASSION24.TEXT.PROMISES_BENEFITS,library,ldc_cross_record,,,,,block,paragraph_break,ldc-visual-paragraph-break ldc-ra18-boundary ldc-ra18-paragraph_break,False,,,
library,PASSION24.TEXT.PROMISES_BENEFITS,library,ldc_cross_record,,,,,block,paragraph_break,ldc-visual-paragraph-break ldc-ra18-boundary ldc-ra18-paragraph_break,False,,,
library,PASSION24.TEXT.PROMISES_BENEFITS,library,ldc_cross_record,,,,,block,paragraph_break,ldc-visual-paragraph-break ldc-ra18-boundary ldc-ra18-paragraph_break,False,,,
library,PASSION24.TEXT.PROMISES_BENEFITS,library,ldc_cross_record,,,,,block,paragraph_break,ldc-visual-paragraph-break ldc-ra18-boundary ldc-ra18-paragraph_break,False,,,
library,PASSION24.TEXT.PROMISES_BENEFITS,library,ldc_cross_record,,,,,block,paragraph_break,ldc-visual-paragraph-break ldc-ra18-boundary ldc-ra18-paragraph_break,False,,,
library,PASSION24.TEXT.PROMISES_BENEFITS,library,ldc_cross_record,,,,,block,paragraph_break,ldc-visual-paragraph-break ldc-ra18-boundary ldc-ra18-paragraph_break,False,,,
library,PASSION24.TEXT.PROMISES_BENEFITS,library,ldc_cross_record,,,,,block,paragraph_break,ldc-visual-paragraph-break ldc-ra18-boundary ldc-ra18-paragraph_break,False,,,
library,PASSION24.TEXT.PROMISES_BENEFITS,library,ldc_cross_record,,,,,block,paragraph_break,ldc-visual-paragraph-break ldc-ra18-boundary ldc-ra18-paragraph_break,False,,,
library,PASSION24.TEXT.PROMISES_BENEFITS,library,ldc_cross_record,,,,,block,paragraph_break,ldc-visual-paragraph-break ldc-ra18-boundary ldc-ra18-paragraph_break,False,,,
library,PASSION24.TEXT.PROMISES_BENEFITS,library,ldc_cross_record,,,,,block,paragraph_break,ldc-visual-paragraph-break ldc-ra18-boundary ldc-ra18-paragraph_break,False,,,
library,PASSION24.TEXT.PROMISES_BENEFITS,library,ldc_cross_record,,,,,block,paragraph_break,ldc-visual-paragraph-break ldc-ra18-boundary ldc-ra18-paragraph_break,False,,,
library,PASSION24.TEXT.PROMISES_BENEFITS,library,ldc_cross_record,,,,,block,paragraph_break,ldc-visual-paragraph-break ldc-ra18-boundary ldc-ra18-paragraph_break,False,,,
library,PASSION24.TEXT.PROMISES_BENEFITS,library,ldc_cross_record,,,,,block,paragraph_break,ldc-visual-paragraph-break ldc-ra18-boundary ldc-ra18-paragraph_break,False,,,
library,PASSION24.TEXT.PROMISES_BENEFITS,library,ldc_cross_record,,,,,block,paragraph_break,ldc-visual-paragraph-break ldc-ra18-boundary ldc-ra18-paragraph_break,False,,,
library,PASSION24.TEXT.PROMISES_BENEFITS,library,ldc_cross_record,,,,,block,paragraph_break,ldc-visual-paragraph-break ldc-ra18-boundary ldc-ra18-paragraph_break,False,,,
library,PASSION24.TEXT.PROMISES_BENEFITS,library,ldc_cross_record,,,,,block,paragraph_break,ldc-visual-paragraph-break ldc-ra18-boundary ldc-ra18-paragraph_break,False,,,
library,PASSION24.TEXT.PROMISES_BENEFITS,library,ldc_cross_record,,,,,block,paragraph_break,ldc-visual-paragraph-break ldc-ra18-boundary ldc-ra18-paragraph_break,False,,,
library,PASSION24.TEXT.PROMISES_BENEFITS,library,ldc_cross_record,,,,,block,paragraph_break,ldc-visual-paragraph-break ldc-ra18-boundary ldc-ra18-paragraph_break,False,,,
library,PASSION24.TEXT.PROMISES_BENEFITS,library,ldc_cross_record,,,,,block,paragraph_break,ldc-visual-paragraph-break ldc-ra18-boundary ldc-ra18-paragraph_break,False,,,
library,PASSION24.TEXT.PROMISES_BENEFITS,library,ldc_cross_record,,,,,block,paragraph_break,ldc-visual-paragraph-break ldc-ra18-boundary ldc-ra18-paragraph_break,False,,,
library,PASSION24.TEXT.PROMISES_BENEFITS,library,ldc_cross_record,,,,,block,paragraph_break,ldc-visual-paragraph-break ldc-ra18-boundary ldc-ra18-paragraph_break,False,,,
library,PASSION24.TEXT.PROMISES_BENEFITS,library,ldc_cross_record,,,,,block,paragraph_break,ldc-visual-paragraph-break ldc-ra18-boundary ldc-ra18-paragraph_break,False,,,
library,PASSION24.TEXT.PROMISES_BENEFITS,library,ldc_cross_record,,,,,block,paragraph_break,ldc-visual-paragraph-break ldc-ra18-boundary ldc-ra18-paragraph_break,False,,,
library,PASSION24.TEXT.PROMISES_BENEFITS,library,ldc_cross_record,,,,,block,paragraph_break,ldc-visual-paragraph-break ldc-ra18-boundary ldc-ra18-paragraph_break,False,,,
library,PASSION24.TEXT.PROMISES_BENEFITS,library,ldc_cross_record,,,,,block,paragraph_break,ldc-visual-paragraph-break ldc-ra18-boundary ldc-ra18-paragraph_break,False,,,
library,PASSION24.TEXT.PROMISES_BENEFITS,library,ldc_cross_record,,,,,block,paragraph_break,ldc-visual-paragraph-break ldc-ra18-boundary ldc-ra18-paragraph_break,False,,,
library,PASSION24.TEXT.PROMISES_BENEFITS,library,ldc_cross_record,,,,,block,paragraph_break,ldc-visual-paragraph-break ldc-ra18-boundary ldc-ra18-paragraph_break,False,,,
library,PASSION24.TEXT.PROMISES_BENEFITS,library,ldc_cross_record,,,,,block,paragraph_break,ldc-visual-paragraph-break ldc-ra18-boundary ldc-ra18-paragraph_break,False,,,
library,PASSION24.TEXT.PROMISES_BENEFITS,library,ldc_cross_record,,,,,block,paragraph_break,ldc-visual-paragraph-break ldc-ra18-boundary ldc-ra18-paragraph_break,False,,,
library,PASSION24.TEXT.PROMISES_BENEFITS,library,ldc_cross_record,,,,,block,paragraph_break,ldc-visual-paragraph-break ldc-ra18-boundary ldc-ra18-paragraph_break,False,,,
library,PASSION24.TEXT.PROMISES_BENEFITS,library,ldc_cross_record,,,,,block,paragraph_break,ldc-visual-paragraph-break ldc-ra18-boundary ldc-ra18-paragraph_break,False,,,
library,PASSION24.TEXT.PROMISES_BENEFITS,library,ldc_cross_record,,,,,block,paragraph_break,ldc-visual-paragraph-break ldc-ra18-boundary ldc-ra18-paragraph_break,False,,,
library,PASSION24.TEXT.PROMISES_BENEFITS,library,speech_cross_record,,,,,block,,speech-end-visual-break speech-presentation-visual-break speech-cross-record-visual-break,False,,,
library,PASSION24.TEXT.PROMISES_BENEFITS,library,ldc_intra_break,PASSION24.TEXT.PROMISES_BENEFITS.BODY.P004,98,M,U+004D,block,paragraph_break,ldc-visual-paragraph-break ldc-ra18-boundary ldc-ra18-paragraph_break,True,98,M,
library,PASSION24.TEXT.PROMISES_BENEFITS,library,ldc_intra_break,PASSION24.TEXT.PROMISES_BENEFITS.BODY.P004,204,C,U+0043,block,paragraph_break,ldc-visual-paragraph-break ldc-ra18-boundary ldc-ra18-paragraph_break,True,204,C,
library,PASSION24.TEXT.PROMISES_BENEFITS,library,ldc_intra_break,PASSION24.TEXT.PROMISES_BENEFITS.BODY.P006,121,C,U+0043,block,paragraph_break,ldc-visual-paragraph-break ldc-ra18-boundary ldc-ra18-paragraph_break,True,121,C,
library,PASSION24.TEXT.PROMISES_BENEFITS,library,ldc_intra_break,PASSION24.TEXT.PROMISES_BENEFITS.BODY.P006,237,C,U+0043,block,paragraph_break,ldc-visual-paragraph-break ldc-ra18-boundary ldc-ra18-paragraph_break,True,237,C,
library,PASSION24.TEXT.PROMISES_BENEFITS,library,ldc_intra_break,PASSION24.TEXT.PROMISES_BENEFITS.BODY.P010,91,A,U+0041,block,paragraph_break,ldc-visual-paragraph-break ldc-ra18-boundary ldc-ra18-paragraph_break,True,91,A,
library,PASSION24.TEXT.PROMISES_BENEFITS,library,ldc_intra_break,PASSION24.TEXT.PROMISES_BENEFITS.BODY.P015,84,M,U+004D,block,paragraph_break,ldc-visual-paragraph-break ldc-ra18-boundary ldc-ra18-paragraph_break,True,84,M,
library,PASSION24.TEXT.PROMISES_BENEFITS,library,ldc_intra_break,PASSION24.TEXT.PROMISES_BENEFITS.BODY.P016,17,A,U+0041,block,paragraph_break,ldc-visual-paragraph-break ldc-ra18-boundary ldc-ra18-paragraph_break,True,17,A,
library,PASSION24.TEXT.PROMISES_BENEFITS,library,ldc_intra_break,PASSION24.TEXT.PROMISES_BENEFITS.BODY.P018,143,I,U+0049,block,paragraph_break,ldc-visual-paragraph-break ldc-ra18-boundary ldc-ra18-paragraph_break,True,143,I,
library,PASSION24.TEXT.PROMISES_BENEFITS,library,ldc_intra_break,PASSION24.TEXT.PROMISES_BENEFITS.BODY.P019,107,S,U+0053,block,paragraph_break,ldc-visual-paragraph-break ldc-ra18-boundary ldc-ra18-paragraph_break,True,107,S,
library,PASSION24.TEXT.PROMISES_BENEFITS,library,ldc_intra_break,PASSION24.TEXT.PROMISES_BENEFITS.BODY.P022,24,P,U+0050,block,paragraph_break,ldc-visual-paragraph-break ldc-ra18-boundary ldc-ra18-paragraph_break,True,24,P,
library,PASSION24.TEXT.PROMISES_BENEFITS,library,ldc_intra_break,PASSION24.TEXT.PROMISES_BENEFITS.BODY.P023,196,Q,U+0051,block,paragraph_break,ldc-visual-paragraph-break ldc-ra18-boundary ldc-ra18-paragraph_break,True,196,Q,
library,PASSION24.TEXT.PROMISES_BENEFITS,library,ldc_intra_break,PASSION24.TEXT.PROMISES_BENEFITS.BODY.P036,124,O,U+004F,block,paragraph_break,ldc-visual-paragraph-break ldc-ra18-boundary ldc-ra18-paragraph_break,True,124,O,
library,PASSION24.TEXT.PROMISES_BENEFITS,library,ldc_intra_break,PASSION24.TEXT.PROMISES_BENEFITS.BODY.P038,134,L,U+004C,block,paragraph_break,ldc-visual-paragraph-break ldc-ra18-boundary ldc-ra18-paragraph_break,True,134,L,
library,PASSION24.TEXT.PROMISES_BENEFITS,library,ldc_intra_break,PASSION24.TEXT.PROMISES_BENEFITS.BODY.P044,173,Q,U+0051,block,paragraph_break,ldc-visual-paragraph-break ldc-ra18-boundary ldc-ra18-paragraph_break,True,173,Q,
library,PASSION24.TEXT.PROMISES_BENEFITS,library,ldc_intra_break,PASSION24.TEXT.PROMISES_BENEFITS.BODY.P053,190,D,U+0044,block,paragraph_break,ldc-visual-paragraph-break ldc-ra18-boundary ldc-ra18-paragraph_break,True,190,D,
library,PASSION24.TEXT.PROMISES_BENEFITS,library,ldc_intra_break,PASSION24.TEXT.PROMISES_BENEFITS.BODY.P055,23,I,U+0049,block,paragraph_break,ldc-visual-paragraph-break ldc-ra18-boundary ldc-ra18-paragraph_break,True,23,I,
library,PASSION24.TEXT.PROMISES_BENEFITS,library,ldc_intra_break,PASSION24.TEXT.PROMISES_BENEFITS.BODY.P059,75,D,U+0044,block,paragraph_break,ldc-visual-paragraph-break ldc-ra18-boundary ldc-ra18-paragraph_break,True,75,D,
library,PASSION24.TEXT.PROMISES_BENEFITS,library,ldc_intra_break,PASSION24.TEXT.PROMISES_BENEFITS.BODY.P079,164,p,U+0070,block,paragraph_break,ldc-visual-paragraph-break ldc-ra18-boundary ldc-ra18-paragraph_break,True,164,p,
library,PASSION24.TEXT.PROMISES_BENEFITS,library,speech_presentation_break,PASSION24.TEXT.PROMISES_BENEFITS.BODY.P097,195, ,U+0020,block,,speech-end-visual-break speech-presentation-visual-break,True,196,I,
library,PASSION24.TEXT.PROMISES_BENEFITS,library,speech_presentation_break,PASSION24.TEXT.PROMISES_BENEFITS.BODY.P111,217, ,U+0020,block,,speech-end-visual-break speech-presentation-visual-break,True,218,U,
library,PASSION24.TEXT.PROMISES_BENEFITS,library,speech_presentation_break,PASSION24.TEXT.PROMISES_BENEFITS.BODY.P117,78, ,U+0020,block,,speech-end-visual-break speech-presentation-visual-break,True,79,E,
library,PASSION24.TEXT.PROMISES_BENEFITS,library,speech_presentation_break,PASSION24.TEXT.PROMISES_BENEFITS.BODY.P131,157, ,U+0020,block,,speech-end-visual-break speech-presentation-visual-break,True,158,J,
library,PASSION24.TEXT.PROMISES_BENEFITS,library,ldc_intra_break,PASSION24.TEXT.PROMISES_BENEFITS.BODY.P137,103,P,U+0050,block,paragraph_break,ldc-visual-paragraph-break ldc-ra18-boundary ldc-ra18-paragraph_break,True,103,P,
library,PASSION24.TEXT.PROMISES_BENEFITS,library,ldc_intra_break,PASSION24.TEXT.PROMISES_BENEFITS.BODY.P139,128,J,U+004A,block,paragraph_break,ldc-visual-paragraph-break ldc-ra18-boundary ldc-ra18-paragraph_break,True,128,J,
library,PASSION24.TEXT.PROMISES_BENEFITS,library,speech_presentation_break,PASSION24.TEXT.PROMISES_BENEFITS.BODY.P144,140, ,U+0020,block,,speech-end-visual-break speech-presentation-visual-break,True,141,P,
library,PASSION24.TEXT.PROMISES_BENEFITS,library,ldc_intra_break,PASSION24.TEXT.PROMISES_BENEFITS.BODY.P148,64,M,U+004D,block,paragraph_break,ldc-visual-paragraph-break ldc-ra18-boundary ldc-ra18-paragraph_break,True,64,M,
library,PASSION24.TEXT.PROMISES_BENEFITS,library,ldc_intra_break,PASSION24.TEXT.PROMISES_BENEFITS.BODY.P148,235,C,U+0043,block,paragraph_break,ldc-visual-paragraph-break ldc-ra18-boundary ldc-ra18-paragraph_break,True,235,C,
library,PASSION24.TEXT.PROMISES_BENEFITS,library,ldc_intra_break,PASSION24.TEXT.PROMISES_BENEFITS.BODY.P151,99,D,U+0044,block,paragraph_break,ldc-visual-paragraph-break ldc-ra18-boundary ldc-ra18-paragraph_break,True,99,D,
library,PASSION24.TEXT.PROMISES_BENEFITS,library,ldc_intra_break,PASSION24.TEXT.PROMISES_BENEFITS.BODY.P151,226,D,U+0044,block,paragraph_break,ldc-visual-paragraph-break ldc-ra18-boundary ldc-ra18-paragraph_break,True,226,D,
library,PASSION24.TEXT.PROMISES_BENEFITS,library,ldc_intra_break,PASSION24.TEXT.PROMISES_BENEFITS.BODY.P164,101,J,U+004A,block,paragraph_break,ldc-visual-paragraph-break ldc-ra18-boundary ldc-ra18-paragraph_break,True,101,J,
library,PASSION24.TEXT.PROMISES_BENEFITS,library,ldc_intra_break,PASSION24.TEXT.PROMISES_BENEFITS.BODY.P164,227,Q,U+0051,block,paragraph_break,ldc-visual-paragraph-break ldc-ra18-boundary ldc-ra18-paragraph_break,True,227,Q,
library,PASSION24.TEXT.PROMISES_BENEFITS,library,ldc_intra_break,PASSION24.TEXT.PROMISES_BENEFITS.BODY.P170,69,M,U+004D,block,paragraph_break,ldc-visual-paragraph-break ldc-ra18-boundary ldc-ra18-paragraph_break,True,69,M,
library,PASSION24.TEXT.RELATED_HOUR_02,library,ldc_cross_record,,,,,block,paragraph_break,ldc-visual-paragraph-break ldc-ra18-boundary ldc-ra18-paragraph_break,False,,,
library,PASSION24.TEXT.RELATED_HOUR_02,library,ldc_cross_record,,,,,block,paragraph_break,ldc-visual-paragraph-break ldc-ra18-boundary ldc-ra18-paragraph_break,False,,,
library,PASSION24.TEXT.RELATED_HOUR_02,library,ldc_cross_record,,,,,block,paragraph_break,ldc-visual-paragraph-break ldc-ra18-boundary ldc-ra18-paragraph_break,False,,,
library,PASSION24.TEXT.RELATED_HOUR_02,library,ldc_cross_record,,,,,block,paragraph_break,ldc-visual-paragraph-break ldc-ra18-boundary ldc-ra18-paragraph_break,False,,,
library,PASSION24.TEXT.RELATED_HOUR_02,library,ldc_cross_record,,,,,block,paragraph_break,ldc-visual-paragraph-break ldc-ra18-boundary ldc-ra18-paragraph_break,False,,,
library,PASSION24.TEXT.RELATED_HOUR_02,library,ldc_cross_record,,,,,block,paragraph_break,ldc-visual-paragraph-break ldc-ra18-boundary ldc-ra18-paragraph_break,False,,,
library,PASSION24.TEXT.RELATED_HOUR_02,library,ldc_cross_record,,,,,block,paragraph_break,ldc-visual-paragraph-break ldc-ra18-boundary ldc-ra18-paragraph_break,False,,,
library,PASSION24.TEXT.RELATED_HOUR_02,library,ldc_cross_record,,,,,block,paragraph_break,ldc-visual-paragraph-break ldc-ra18-boundary ldc-ra18-paragraph_break,False,,,
library,PASSION24.TEXT.RELATED_HOUR_02,library,ldc_cross_record,,,,,block,paragraph_break,ldc-visual-paragraph-break ldc-ra18-boundary ldc-ra18-paragraph_break,False,,,
library,PASSION24.TEXT.RELATED_HOUR_02,library,ldc_cross_record,,,,,block,paragraph_break,ldc-visual-paragraph-break ldc-ra18-boundary ldc-ra18-paragraph_break,False,,,
library,PASSION24.TEXT.RELATED_HOUR_02,library,ldc_cross_record,,,,,block,paragraph_break,ldc-visual-paragraph-break ldc-ra18-boundary ldc-ra18-paragraph_break,False,,,
library,PASSION24.TEXT.RELATED_HOUR_02,library,ldc_intra_break,PASSION24.TEXT.RELATED_HOUR_02.BODY.P016,66,À,U+00C0,block,paragraph_break,ldc-visual-paragraph-break ldc-ra18-boundary ldc-ra18-paragraph_break,True,66,À,
library,PASSION24.TEXT.RELATED_HOUR_03,library,ldc_cross_record,,,,,block,paragraph_break,ldc-visual-paragraph-break ldc-ra18-boundary ldc-ra18-paragraph_break,False,,,
library,PASSION24.TEXT.RELATED_HOUR_03,library,ldc_cross_record,,,,,block,paragraph_break,ldc-visual-paragraph-break ldc-ra18-boundary ldc-ra18-paragraph_break,False,,,
library,PASSION24.TEXT.RELATED_HOUR_03,library,ldc_cross_record,,,,,block,paragraph_break,ldc-visual-paragraph-break ldc-ra18-boundary ldc-ra18-paragraph_break,False,,,
library,PASSION24.TEXT.RELATED_HOUR_03,library,ldc_cross_record,,,,,block,paragraph_break,ldc-visual-paragraph-break ldc-ra18-boundary ldc-ra18-paragraph_break,False,,,
library,PASSION24.TEXT.RELATED_HOUR_03,library,ldc_cross_record,,,,,block,paragraph_break,ldc-visual-paragraph-break ldc-ra18-boundary ldc-ra18-paragraph_break,False,,,
library,PASSION24.TEXT.RELATED_HOUR_03,library,ldc_cross_record,,,,,block,paragraph_break,ldc-visual-paragraph-break ldc-ra18-boundary ldc-ra18-paragraph_break,False,,,
library,PASSION24.TEXT.RELATED_HOUR_03,library,ldc_cross_record,,,,,block,paragraph_break,ldc-visual-paragraph-break ldc-ra18-boundary ldc-ra18-paragraph_break,False,,,
library,PASSION24.TEXT.RELATED_HOUR_03,library,ldc_cross_record,,,,,block,paragraph_break,ldc-visual-paragraph-break ldc-ra18-boundary ldc-ra18-paragraph_break,False,,,
library,PASSION24.TEXT.RELATED_HOUR_03,library,ldc_cross_record,,,,,block,paragraph_break,ldc-visual-paragraph-break ldc-ra18-boundary ldc-ra18-paragraph_break,False,,,
library,PASSION24.TEXT.RELATED_HOUR_03,library,ldc_cross_record,,,,,block,paragraph_break,ldc-visual-paragraph-break ldc-ra18-boundary ldc-ra18-paragraph_break,False,,,
library,PASSION24.TEXT.RELATED_HOUR_03,library,ldc_cross_record,,,,,block,paragraph_break,ldc-visual-paragraph-break ldc-ra18-boundary ldc-ra18-paragraph_break,False,,,
library,PASSION24.TEXT.RELATED_HOUR_03,library,ldc_cross_record,,,,,block,paragraph_break,ldc-visual-paragraph-break ldc-ra18-boundary ldc-ra18-paragraph_break,False,,,
library,PASSION24.TEXT.RELATED_HOUR_03,library,ldc_cross_record,,,,,block,paragraph_break,ldc-visual-paragraph-break ldc-ra18-boundary ldc-ra18-paragraph_break,False,,,
library,PASSION24.TEXT.RELATED_HOUR_03,library,ldc_cross_record,,,,,block,paragraph_break,ldc-visual-paragraph-break ldc-ra18-boundary ldc-ra18-paragraph_break,False,,,
library,PASSION24.TEXT.RELATED_HOUR_03,library,ldc_cross_record,,,,,block,paragraph_break,ldc-visual-paragraph-break ldc-ra18-boundary ldc-ra18-paragraph_break,False,,,
library,PASSION24.TEXT.RELATED_HOUR_03,library,ldc_cross_record,,,,,block,paragraph_break,ldc-visual-paragraph-break ldc-ra18-boundary ldc-ra18-paragraph_break,False,,,
library,PASSION24.TEXT.RELATED_HOUR_03,library,ldc_cross_record,,,,,block,paragraph_break,ldc-visual-paragraph-break ldc-ra18-boundary ldc-ra18-paragraph_break,False,,,
library,PASSION24.TEXT.RELATED_HOUR_03,library,ldc_cross_record,,,,,block,paragraph_break,ldc-visual-paragraph-break ldc-ra18-boundary ldc-ra18-paragraph_break,False,,,
library,PASSION24.TEXT.RELATED_HOUR_03,library,ldc_intra_break,PASSION24.TEXT.RELATED_HOUR_03.BODY.P010,23,J,U+004A,block,paragraph_break,ldc-visual-paragraph-break ldc-ra18-boundary ldc-ra18-paragraph_break,True,23,J,
library,PASSION24.TEXT.RELATED_HOUR_04,library,ldc_cross_record,,,,,block,paragraph_break,ldc-visual-paragraph-break ldc-ra18-boundary ldc-ra18-paragraph_break,False,,,
library,PASSION24.TEXT.RELATED_HOUR_04,library,ldc_cross_record,,,,,block,paragraph_break,ldc-visual-paragraph-break ldc-ra18-boundary ldc-ra18-paragraph_break,False,,,
library,PASSION24.TEXT.RELATED_HOUR_04,library,ldc_cross_record,,,,,block,paragraph_break,ldc-visual-paragraph-break ldc-ra18-boundary ldc-ra18-paragraph_break,False,,,
library,PASSION24.TEXT.RELATED_HOUR_04,library,ldc_cross_record,,,,,block,paragraph_break,ldc-visual-paragraph-break ldc-ra18-boundary ldc-ra18-paragraph_break,False,,,
library,PASSION24.TEXT.RELATED_HOUR_04,library,ldc_cross_record,,,,,block,paragraph_break,ldc-visual-paragraph-break ldc-ra18-boundary ldc-ra18-paragraph_break,False,,,
library,PASSION24.TEXT.RELATED_HOUR_04,library,ldc_cross_record,,,,,block,paragraph_break,ldc-visual-paragraph-break ldc-ra18-boundary ldc-ra18-paragraph_break,False,,,
library,PASSION24.TEXT.RELATED_HOUR_04,library,ldc_cross_record,,,,,block,paragraph_break,ldc-visual-paragraph-break ldc-ra18-boundary ldc-ra18-paragraph_break,False,,,
library,PASSION24.TEXT.RELATED_HOUR_04,library,ldc_cross_record,,,,,block,paragraph_break,ldc-visual-paragraph-break ldc-ra18-boundary ldc-ra18-paragraph_break,False,,,
library,PASSION24.TEXT.RELATED_HOUR_04,library,ldc_cross_record,,,,,block,paragraph_break,ldc-visual-paragraph-break ldc-ra18-boundary ldc-ra18-paragraph_break,False,,,
library,PASSION24.TEXT.RELATED_HOUR_04,library,ldc_cross_record,,,,,block,paragraph_break,ldc-visual-paragraph-break ldc-ra18-boundary ldc-ra18-paragraph_break,False,,,
library,PASSION24.TEXT.RELATED_HOUR_04,library,ldc_cross_record,,,,,block,paragraph_break,ldc-visual-paragraph-break ldc-ra18-boundary ldc-ra18-paragraph_break,False,,,
library,PASSION24.TEXT.RELATED_HOUR_04,library,ldc_cross_record,,,,,block,paragraph_break,ldc-visual-paragraph-break ldc-ra18-boundary ldc-ra18-paragraph_break,False,,,
library,PASSION24.TEXT.RELATED_HOUR_04,library,ldc_cross_record,,,,,block,paragraph_break,ldc-visual-paragraph-break ldc-ra18-boundary ldc-ra18-paragraph_break,False,,,
library,PASSION24.TEXT.RELATED_HOUR_04,library,ldc_cross_record,,,,,block,paragraph_break,ldc-visual-paragraph-break ldc-ra18-boundary ldc-ra18-paragraph_break,False,,,
library,PASSION24.TEXT.RELATED_HOUR_04,library,ldc_cross_record,,,,,block,paragraph_break,ldc-visual-paragraph-break ldc-ra18-boundary ldc-ra18-paragraph_break,False,,,
library,PASSION24.TEXT.RELATED_HOUR_04,library,ldc_cross_record,,,,,block,paragraph_break,ldc-visual-paragraph-break ldc-ra18-boundary ldc-ra18-paragraph_break,False,,,
library,PASSION24.TEXT.RELATED_HOUR_04,library,ldc_cross_record,,,,,block,paragraph_break,ldc-visual-paragraph-break ldc-ra18-boundary ldc-ra18-paragraph_break,False,,,
library,PASSION24.TEXT.RELATED_HOUR_04,library,ldc_cross_record,,,,,block,paragraph_break,ldc-visual-paragraph-break ldc-ra18-boundary ldc-ra18-paragraph_break,False,,,
library,PASSION24.TEXT.RELATED_HOUR_04,library,ldc_cross_record,,,,,block,paragraph_break,ldc-visual-paragraph-break ldc-ra18-boundary ldc-ra18-paragraph_break,False,,,
library,PASSION24.TEXT.RELATED_HOUR_04,library,ldc_cross_record,,,,,block,paragraph_break,ldc-visual-paragraph-break ldc-ra18-boundary ldc-ra18-paragraph_break,False,,,
library,PASSION24.TEXT.RELATED_HOUR_04,library,ldc_cross_record,,,,,block,paragraph_break,ldc-visual-paragraph-break ldc-ra18-boundary ldc-ra18-paragraph_break,False,,,
library,PASSION24.TEXT.RELATED_HOUR_04,library,ldc_cross_record,,,,,block,paragraph_break,ldc-visual-paragraph-break ldc-ra18-boundary ldc-ra18-paragraph_break,False,,,
library,PASSION24.TEXT.RELATED_HOUR_04,library,ldc_cross_record,,,,,block,paragraph_break,ldc-visual-paragraph-break ldc-ra18-boundary ldc-ra18-paragraph_break,False,,,
library,PASSION24.TEXT.RELATED_HOUR_04,library,ldc_cross_record,,,,,block,paragraph_break,ldc-visual-paragraph-break ldc-ra18-boundary ldc-ra18-paragraph_break,False,,,
library,PASSION24.TEXT.RELATED_HOUR_04,library,ldc_cross_record,,,,,block,paragraph_break,ldc-visual-paragraph-break ldc-ra18-boundary ldc-ra18-paragraph_break,False,,,
library,PASSION24.TEXT.RELATED_HOUR_04,library,ldc_cross_record,,,,,block,paragraph_break,ldc-visual-paragraph-break ldc-ra18-boundary ldc-ra18-paragraph_break,False,,,
library,PASSION24.TEXT.RELATED_HOUR_04,library,ldc_cross_record,,,,,block,paragraph_break,ldc-visual-paragraph-break ldc-ra18-boundary ldc-ra18-paragraph_break,False,,,
library,PASSION24.TEXT.RELATED_HOUR_04,library,ldc_cross_record,,,,,block,paragraph_break,ldc-visual-paragraph-break ldc-ra18-boundary ldc-ra18-paragraph_break,False,,,
library,PASSION24.TEXT.RELATED_HOUR_04,library,ldc_cross_record,,,,,block,paragraph_break,ldc-visual-paragraph-break ldc-ra18-boundary ldc-ra18-paragraph_break,False,,,
library,PASSION24.TEXT.RELATED_HOUR_04,library,ldc_cross_record,,,,,block,paragraph_break,ldc-visual-paragraph-break ldc-ra18-boundary ldc-ra18-paragraph_break,False,,,
library,PASSION24.TEXT.RELATED_HOUR_04,library,ldc_cross_record,,,,,block,paragraph_break,ldc-visual-paragraph-break ldc-ra18-boundary ldc-ra18-paragraph_break,False,,,
library,PASSION24.TEXT.RELATED_HOUR_04,library,ldc_cross_record,,,,,block,paragraph_break,ldc-visual-paragraph-break ldc-ra18-boundary ldc-ra18-paragraph_break,False,,,
library,PASSION24.TEXT.RELATED_HOUR_04,library,ldc_cross_record,,,,,block,paragraph_break,ldc-visual-paragraph-break ldc-ra18-boundary ldc-ra18-paragraph_break,False,,,
library,PASSION24.TEXT.RELATED_HOUR_04,library,ldc_cross_record,,,,,block,paragraph_break,ldc-visual-paragraph-break ldc-ra18-boundary ldc-ra18-paragraph_break,False,,,
library,PASSION24.TEXT.RELATED_HOUR_04,library,ldc_cross_record,,,,,block,paragraph_break,ldc-visual-paragraph-break ldc-ra18-boundary ldc-ra18-paragraph_break,False,,,
library,PASSION24.TEXT.RELATED_HOUR_04,library,ldc_cross_record,,,,,block,paragraph_break,ldc-visual-paragraph-break ldc-ra18-boundary ldc-ra18-paragraph_break,False,,,
library,PASSION24.TEXT.RELATED_HOUR_04,library,ldc_cross_record,,,,,block,paragraph_break,ldc-visual-paragraph-break ldc-ra18-boundary ldc-ra18-paragraph_break,False,,,
library,PASSION24.TEXT.RELATED_HOUR_04,library,ldc_cross_record,,,,,block,paragraph_break,ldc-visual-paragraph-break ldc-ra18-boundary ldc-ra18-paragraph_break,False,,,
library,PASSION24.TEXT.RELATED_HOUR_04,library,ldc_cross_record,,,,,block,paragraph_break,ldc-visual-paragraph-break ldc-ra18-boundary ldc-ra18-paragraph_break,False,,,
library,PASSION24.TEXT.RELATED_HOUR_04,library,ldc_cross_record,,,,,block,paragraph_break,ldc-visual-paragraph-break ldc-ra18-boundary ldc-ra18-paragraph_break,False,,,
library,PASSION24.TEXT.RELATED_HOUR_04,library,ldc_cross_record,,,,,block,paragraph_break,ldc-visual-paragraph-break ldc-ra18-boundary ldc-ra18-paragraph_break,False,,,
library,PASSION24.TEXT.RELATED_HOUR_04,library,ldc_cross_record,,,,,block,paragraph_break,ldc-visual-paragraph-break ldc-ra18-boundary ldc-ra18-paragraph_break,False,,,
library,PASSION24.TEXT.RELATED_HOUR_04,library,ldc_cross_record,,,,,block,paragraph_break,ldc-visual-paragraph-break ldc-ra18-boundary ldc-ra18-paragraph_break,False,,,
library,PASSION24.TEXT.RELATED_HOUR_04,library,ldc_cross_record,,,,,block,paragraph_break,ldc-visual-paragraph-break ldc-ra18-boundary ldc-ra18-paragraph_break,False,,,
library,PASSION24.TEXT.RELATED_HOUR_04,library,ldc_cross_record,,,,,block,paragraph_break,ldc-visual-paragraph-break ldc-ra18-boundary ldc-ra18-paragraph_break,False,,,
library,PASSION24.TEXT.RELATED_HOUR_04,library,ldc_cross_record,,,,,block,paragraph_break,ldc-visual-paragraph-break ldc-ra18-boundary ldc-ra18-paragraph_break,False,,,
library,PASSION24.TEXT.RELATED_HOUR_04,library,ldc_cross_record,,,,,block,paragraph_break,ldc-visual-paragraph-break ldc-ra18-boundary ldc-ra18-paragraph_break,False,,,
library,PASSION24.TEXT.RELATED_HOUR_04,library,ldc_cross_record,,,,,block,paragraph_break,ldc-visual-paragraph-break ldc-ra18-boundary ldc-ra18-paragraph_break,False,,,
library,PASSION24.TEXT.RELATED_HOUR_04,library,ldc_cross_record,,,,,block,paragraph_break,ldc-visual-paragraph-break ldc-ra18-boundary ldc-ra18-paragraph_break,False,,,
library,PASSION24.TEXT.RELATED_HOUR_04,library,ldc_cross_record,,,,,block,paragraph_break,ldc-visual-paragraph-break ldc-ra18-boundary ldc-ra18-paragraph_break,False,,,
library,PASSION24.TEXT.RELATED_HOUR_04,library,ldc_cross_record,,,,,block,paragraph_break,ldc-visual-paragraph-break ldc-ra18-boundary ldc-ra18-paragraph_break,False,,,
library,PASSION24.TEXT.RELATED_HOUR_04,library,ldc_cross_record,,,,,block,paragraph_break,ldc-visual-paragraph-break ldc-ra18-boundary ldc-ra18-paragraph_break,False,,,
library,PASSION24.TEXT.RELATED_HOUR_04,library,ldc_cross_record,,,,,block,paragraph_break,ldc-visual-paragraph-break ldc-ra18-boundary ldc-ra18-paragraph_break,False,,,
library,PASSION24.TEXT.RELATED_HOUR_04,library,ldc_cross_record,,,,,block,paragraph_break,ldc-visual-paragraph-break ldc-ra18-boundary ldc-ra18-paragraph_break,False,,,
library,PASSION24.TEXT.RELATED_HOUR_04,library,ldc_cross_record,,,,,block,paragraph_break,ldc-visual-paragraph-break ldc-ra18-boundary ldc-ra18-paragraph_break,False,,,
library,PASSION24.TEXT.RELATED_HOUR_04,library,ldc_cross_record,,,,,block,paragraph_break,ldc-visual-paragraph-break ldc-ra18-boundary ldc-ra18-paragraph_break,False,,,
library,PASSION24.TEXT.RELATED_HOUR_04,library,ldc_cross_record,,,,,block,paragraph_break,ldc-visual-paragraph-break ldc-ra18-boundary ldc-ra18-paragraph_break,False,,,
library,PASSION24.TEXT.RELATED_HOUR_04,library,ldc_cross_record,,,,,block,paragraph_break,ldc-visual-paragraph-break ldc-ra18-boundary ldc-ra18-paragraph_break,False,,,
library,PASSION24.TEXT.RELATED_HOUR_04,library,ldc_cross_record,,,,,block,paragraph_break,ldc-visual-paragraph-break ldc-ra18-boundary ldc-ra18-paragraph_break,False,,,
library,PASSION24.TEXT.RELATED_HOUR_04,library,ldc_cross_record,,,,,block,paragraph_break,ldc-visual-paragraph-break ldc-ra18-boundary ldc-ra18-paragraph_break,False,,,
library,PASSION24.TEXT.RELATED_HOUR_04,library,ldc_cross_record,,,,,block,paragraph_break,ldc-visual-paragraph-break ldc-ra18-boundary ldc-ra18-paragraph_break,False,,,
library,PASSION24.TEXT.RELATED_HOUR_04,library,ldc_cross_record,,,,,block,paragraph_break,ldc-visual-paragraph-break ldc-ra18-boundary ldc-ra18-paragraph_break,False,,,
library,PASSION24.TEXT.RELATED_HOUR_04,library,ldc_cross_record,,,,,block,paragraph_break,ldc-visual-paragraph-break ldc-ra18-boundary ldc-ra18-paragraph_break,False,,,
library,PASSION24.TEXT.RELATED_HOUR_04,library,ldc_cross_record,,,,,block,paragraph_break,ldc-visual-paragraph-break ldc-ra18-boundary ldc-ra18-paragraph_break,False,,,
library,PASSION24.TEXT.RELATED_HOUR_04,library,ldc_cross_record,,,,,block,paragraph_break,ldc-visual-paragraph-break ldc-ra18-boundary ldc-ra18-paragraph_break,False,,,
library,PASSION24.TEXT.RELATED_HOUR_04,library,ldc_cross_record,,,,,block,paragraph_break,ldc-visual-paragraph-break ldc-ra18-boundary ldc-ra18-paragraph_break,False,,,
library,PASSION24.TEXT.RELATED_HOUR_04,library,ldc_cross_record,,,,,block,paragraph_break,ldc-visual-paragraph-break ldc-ra18-boundary ldc-ra18-paragraph_break,False,,,
library,PASSION24.TEXT.RELATED_HOUR_04,library,ldc_cross_record,,,,,block,paragraph_break,ldc-visual-paragraph-break ldc-ra18-boundary ldc-ra18-paragraph_break,False,,,
library,PASSION24.TEXT.RELATED_HOUR_04,library,ldc_cross_record,,,,,block,paragraph_break,ldc-visual-paragraph-break ldc-ra18-boundary ldc-ra18-paragraph_break,False,,,
library,PASSION24.TEXT.RELATED_HOUR_04,library,ldc_cross_record,,,,,block,paragraph_break,ldc-visual-paragraph-break ldc-ra18-boundary ldc-ra18-paragraph_break,False,,,
library,PASSION24.TEXT.RELATED_HOUR_04,library,ldc_cross_record,,,,,block,paragraph_break,ldc-visual-paragraph-break ldc-ra18-boundary ldc-ra18-paragraph_break,False,,,
library,PASSION24.TEXT.RELATED_HOUR_04,library,ldc_cross_record,,,,,block,paragraph_break,ldc-visual-paragraph-break ldc-ra18-boundary ldc-ra18-paragraph_break,False,,,
library,PASSION24.TEXT.RELATED_HOUR_04,library,ldc_cross_record,,,,,block,paragraph_break,ldc-visual-paragraph-break ldc-ra18-boundary ldc-ra18-paragraph_break,False,,,
library,PASSION24.TEXT.RELATED_HOUR_04,library,ldc_cross_record,,,,,block,paragraph_break,ldc-visual-paragraph-break ldc-ra18-boundary ldc-ra18-paragraph_break,False,,,
library,PASSION24.TEXT.RELATED_HOUR_04,library,ldc_cross_record,,,,,block,paragraph_break,ldc-visual-paragraph-break ldc-ra18-boundary ldc-ra18-paragraph_break,False,,,
library,PASSION24.TEXT.RELATED_HOUR_04,library,ldc_cross_record,,,,,block,paragraph_break,ldc-visual-paragraph-break ldc-ra18-boundary ldc-ra18-paragraph_break,False,,,
library,PASSION24.TEXT.RELATED_HOUR_04,library,ldc_cross_record,,,,,block,paragraph_break,ldc-visual-paragraph-break ldc-ra18-boundary ldc-ra18-paragraph_break,False,,,
library,PASSION24.TEXT.RELATED_HOUR_04,library,ldc_cross_record,,,,,block,paragraph_break,ldc-visual-paragraph-break ldc-ra18-boundary ldc-ra18-paragraph_break,False,,,
library,PASSION24.TEXT.RELATED_HOUR_04,library,ldc_cross_record,,,,,block,paragraph_break,ldc-visual-paragraph-break ldc-ra18-boundary ldc-ra18-paragraph_break,False,,,
library,PASSION24.TEXT.RELATED_HOUR_04,library,ldc_cross_record,,,,,block,paragraph_break,ldc-visual-paragraph-break ldc-ra18-boundary ldc-ra18-paragraph_break,False,,,
library,PASSION24.TEXT.RELATED_HOUR_04,library,ldc_cross_record,,,,,block,paragraph_break,ldc-visual-paragraph-break ldc-ra18-boundary ldc-ra18-paragraph_break,False,,,
library,PASSION24.TEXT.RELATED_HOUR_04,library,ldc_cross_record,,,,,block,paragraph_break,ldc-visual-paragraph-break ldc-ra18-boundary ldc-ra18-paragraph_break,False,,,
library,PASSION24.TEXT.RELATED_HOUR_04,library,ldc_cross_record,,,,,block,paragraph_break,ldc-visual-paragraph-break ldc-ra18-boundary ldc-ra18-paragraph_break,False,,,
library,PASSION24.TEXT.RELATED_HOUR_04,library,ldc_cross_record,,,,,block,paragraph_break,ldc-visual-paragraph-break ldc-ra18-boundary ldc-ra18-paragraph_break,False,,,
library,PASSION24.TEXT.RELATED_HOUR_04,library,ldc_cross_record,,,,,block,paragraph_break,ldc-visual-paragraph-break ldc-ra18-boundary ldc-ra18-paragraph_break,False,,,
library,PASSION24.TEXT.RELATED_HOUR_04,library,ldc_cross_record,,,,,block,paragraph_break,ldc-visual-paragraph-break ldc-ra18-boundary ldc-ra18-paragraph_break,False,,,
library,PASSION24.TEXT.RELATED_HOUR_04,library,ldc_cross_record,,,,,block,paragraph_break,ldc-visual-paragraph-break ldc-ra18-boundary ldc-ra18-paragraph_break,False,,,
library,PASSION24.TEXT.RELATED_HOUR_04,library,ldc_cross_record,,,,,block,paragraph_break,ldc-visual-paragraph-break ldc-ra18-boundary ldc-ra18-paragraph_break,False,,,
library,PASSION24.TEXT.RELATED_HOUR_04,library,ldc_cross_record,,,,,block,paragraph_break,ldc-visual-paragraph-break ldc-ra18-boundary ldc-ra18-paragraph_break,False,,,
library,PASSION24.TEXT.RELATED_HOUR_04,library,ldc_cross_record,,,,,block,paragraph_break,ldc-visual-paragraph-break ldc-ra18-boundary ldc-ra18-paragraph_break,False,,,
library,PASSION24.TEXT.RELATED_HOUR_04,library,ldc_cross_record,,,,,block,paragraph_break,ldc-visual-paragraph-break ldc-ra18-boundary ldc-ra18-paragraph_break,False,,,
library,PASSION24.TEXT.RELATED_HOUR_04,library,ldc_cross_record,,,,,block,paragraph_break,ldc-visual-paragraph-break ldc-ra18-boundary ldc-ra18-paragraph_break,False,,,
library,PASSION24.TEXT.RELATED_HOUR_04,library,ldc_cross_record,,,,,block,paragraph_break,ldc-visual-paragraph-break ldc-ra18-boundary ldc-ra18-paragraph_break,False,,,
library,PASSION24.TEXT.RELATED_HOUR_04,library,ldc_cross_record,,,,,block,paragraph_break,ldc-visual-paragraph-break ldc-ra18-boundary ldc-ra18-paragraph_break,False,,,
library,PASSION24.TEXT.RELATED_HOUR_04,library,ldc_cross_record,,,,,block,paragraph_break,ldc-visual-paragraph-break ldc-ra18-boundary ldc-ra18-paragraph_break,False,,,
library,PASSION24.TEXT.RELATED_HOUR_04,library,ldc_cross_record,,,,,block,paragraph_break,ldc-visual-paragraph-break ldc-ra18-boundary ldc-ra18-paragraph_break,False,,,
library,PASSION24.TEXT.RELATED_HOUR_04,library,ldc_cross_record,,,,,block,paragraph_break,ldc-visual-paragraph-break ldc-ra18-boundary ldc-ra18-paragraph_break,False,,,
library,PASSION24.TEXT.RELATED_HOUR_04,library,ldc_cross_record,,,,,block,paragraph_break,ldc-visual-paragraph-break ldc-ra18-boundary ldc-ra18-paragraph_break,False,,,
library,PASSION24.TEXT.RELATED_HOUR_04,library,ldc_cross_record,,,,,block,paragraph_break,ldc-visual-paragraph-break ldc-ra18-boundary ldc-ra18-paragraph_break,False,,,
library,PASSION24.TEXT.RELATED_HOUR_04,library,ldc_cross_record,,,,,block,paragraph_break,ldc-visual-paragraph-break ldc-ra18-boundary ldc-ra18-paragraph_break,False,,,
library,PASSION24.TEXT.RELATED_HOUR_04,library,ldc_cross_record,,,,,block,paragraph_break,ldc-visual-paragraph-break ldc-ra18-boundary ldc-ra18-paragraph_break,False,,,
library,PASSION24.TEXT.RELATED_HOUR_04,library,ldc_cross_record,,,,,block,paragraph_break,ldc-visual-paragraph-break ldc-ra18-boundary ldc-ra18-paragraph_break,False,,,
library,PASSION24.TEXT.RELATED_HOUR_04,library,ldc_cross_record,,,,,block,paragraph_break,ldc-visual-paragraph-break ldc-ra18-boundary ldc-ra18-paragraph_break,False,,,
library,PASSION24.TEXT.RELATED_HOUR_04,library,ldc_cross_record,,,,,block,paragraph_break,ldc-visual-paragraph-break ldc-ra18-boundary ldc-ra18-paragraph_break,False,,,
library,PASSION24.TEXT.RELATED_HOUR_04,library,ldc_cross_record,,,,,block,paragraph_break,ldc-visual-paragraph-break ldc-ra18-boundary ldc-ra18-paragraph_break,False,,,
library,PASSION24.TEXT.RELATED_HOUR_04,library,ldc_cross_record,,,,,block,paragraph_break,ldc-visual-paragraph-break ldc-ra18-boundary ldc-ra18-paragraph_break,False,,,
library,PASSION24.TEXT.RELATED_HOUR_04,library,ldc_cross_record,,,,,block,paragraph_break,ldc-visual-paragraph-break ldc-ra18-boundary ldc-ra18-paragraph_break,False,,,
library,PASSION24.TEXT.RELATED_HOUR_04,library,ldc_cross_record,,,,,block,paragraph_break,ldc-visual-paragraph-break ldc-ra18-boundary ldc-ra18-paragraph_break,False,,,
library,PASSION24.TEXT.RELATED_HOUR_04,library,ldc_cross_record,,,,,block,paragraph_break,ldc-visual-paragraph-break ldc-ra18-boundary ldc-ra18-paragraph_break,False,,,
library,PASSION24.TEXT.RELATED_HOUR_04,library,ldc_cross_record,,,,,block,paragraph_break,ldc-visual-paragraph-break ldc-ra18-boundary ldc-ra18-paragraph_break,False,,,
library,PASSION24.TEXT.RELATED_HOUR_04,library,ldc_cross_record,,,,,block,paragraph_break,ldc-visual-paragraph-break ldc-ra18-boundary ldc-ra18-paragraph_break,False,,,
library,PASSION24.TEXT.RELATED_HOUR_04,library,ldc_cross_record,,,,,block,paragraph_break,ldc-visual-paragraph-break ldc-ra18-boundary ldc-ra18-paragraph_break,False,,,
library,PASSION24.TEXT.RELATED_HOUR_04,library,ldc_cross_record,,,,,block,paragraph_break,ldc-visual-paragraph-break ldc-ra18-boundary ldc-ra18-paragraph_break,False,,,
library,PASSION24.TEXT.RELATED_HOUR_04,library,ldc_cross_record,,,,,block,paragraph_break,ldc-visual-paragraph-break ldc-ra18-boundary ldc-ra18-paragraph_break,False,,,
library,PASSION24.TEXT.RELATED_HOUR_04,library,ldc_cross_record,,,,,block,paragraph_break,ldc-visual-paragraph-break ldc-ra18-boundary ldc-ra18-paragraph_break,False,,,
library,PASSION24.TEXT.RELATED_HOUR_04,library,ldc_cross_record,,,,,block,paragraph_break,ldc-visual-paragraph-break ldc-ra18-boundary ldc-ra18-paragraph_break,False,,,
library,PASSION24.TEXT.RELATED_HOUR_04,library,ldc_cross_record,,,,,block,paragraph_break,ldc-visual-paragraph-break ldc-ra18-boundary ldc-ra18-paragraph_break,False,,,
library,PASSION24.TEXT.RELATED_HOUR_04,library,ldc_cross_record,,,,,block,paragraph_break,ldc-visual-paragraph-break ldc-ra18-boundary ldc-ra18-paragraph_break,False,,,
library,PASSION24.TEXT.RELATED_HOUR_04,library,ldc_cross_record,,,,,block,paragraph_break,ldc-visual-paragraph-break ldc-ra18-boundary ldc-ra18-paragraph_break,False,,,
library,PASSION24.TEXT.RELATED_HOUR_04,library,ldc_cross_record,,,,,block,paragraph_break,ldc-visual-paragraph-break ldc-ra18-boundary ldc-ra18-paragraph_break,False,,,
library,PASSION24.TEXT.RELATED_HOUR_04,library,ldc_cross_record,,,,,block,paragraph_break,ldc-visual-paragraph-break ldc-ra18-boundary ldc-ra18-paragraph_break,False,,,
library,PASSION24.TEXT.RELATED_HOUR_04,library,ldc_cross_record,,,,,block,paragraph_break,ldc-visual-paragraph-break ldc-ra18-boundary ldc-ra18-paragraph_break,False,,,
library,PASSION24.TEXT.RELATED_HOUR_04,library,ldc_cross_record,,,,,block,paragraph_break,ldc-visual-paragraph-break ldc-ra18-boundary ldc-ra18-paragraph_break,False,,,
library,PASSION24.TEXT.RELATED_HOUR_04,library,ldc_cross_record,,,,,block,paragraph_break,ldc-visual-paragraph-break ldc-ra18-boundary ldc-ra18-paragraph_break,False,,,
library,PASSION24.TEXT.RELATED_HOUR_04,library,ldc_cross_record,,,,,block,paragraph_break,ldc-visual-paragraph-break ldc-ra18-boundary ldc-ra18-paragraph_break,False,,,
library,PASSION24.TEXT.RELATED_HOUR_04,library,ldc_cross_record,,,,,block,paragraph_break,ldc-visual-paragraph-break ldc-ra18-boundary ldc-ra18-paragraph_break,False,,,
library,PASSION24.TEXT.RELATED_HOUR_04,library,ldc_cross_record,,,,,block,paragraph_break,ldc-visual-paragraph-break ldc-ra18-boundary ldc-ra18-paragraph_break,False,,,
library,PASSION24.TEXT.RELATED_HOUR_04,library,ldc_cross_record,,,,,block,paragraph_break,ldc-visual-paragraph-break ldc-ra18-boundary ldc-ra18-paragraph_break,False,,,
library,PASSION24.TEXT.RELATED_HOUR_04,library,ldc_cross_record,,,,,block,paragraph_break,ldc-visual-paragraph-break ldc-ra18-boundary ldc-ra18-paragraph_break,False,,,
library,PASSION24.TEXT.RELATED_HOUR_04,library,ldc_cross_record,,,,,block,paragraph_break,ldc-visual-paragraph-break ldc-ra18-boundary ldc-ra18-paragraph_break,False,,,
library,PASSION24.TEXT.RELATED_HOUR_04,library,ldc_cross_record,,,,,block,paragraph_break,ldc-visual-paragraph-break ldc-ra18-boundary ldc-ra18-paragraph_break,False,,,
library,PASSION24.TEXT.RELATED_HOUR_04,library,ldc_cross_record,,,,,block,paragraph_break,ldc-visual-paragraph-break ldc-ra18-boundary ldc-ra18-paragraph_break,False,,,
library,PASSION24.TEXT.RELATED_HOUR_04,library,ldc_cross_record,,,,,block,paragraph_break,ldc-visual-paragraph-break ldc-ra18-boundary ldc-ra18-paragraph_break,False,,,
library,PASSION24.TEXT.RELATED_HOUR_04,library,ldc_cross_record,,,,,block,paragraph_break,ldc-visual-paragraph-break ldc-ra18-boundary ldc-ra18-paragraph_break,False,,,
library,PASSION24.TEXT.RELATED_HOUR_05,library,ldc_cross_record,,,,,block,paragraph_break,ldc-visual-paragraph-break ldc-ra18-boundary ldc-ra18-paragraph_break,False,,,
library,PASSION24.TEXT.RELATED_HOUR_05,library,ldc_cross_record,,,,,block,paragraph_break,ldc-visual-paragraph-break ldc-ra18-boundary ldc-ra18-paragraph_break,False,,,
library,PASSION24.TEXT.RELATED_HOUR_05,library,ldc_cross_record,,,,,block,paragraph_break,ldc-visual-paragraph-break ldc-ra18-boundary ldc-ra18-paragraph_break,False,,,
library,PASSION24.TEXT.RELATED_HOUR_05,library,ldc_cross_record,,,,,block,paragraph_break,ldc-visual-paragraph-break ldc-ra18-boundary ldc-ra18-paragraph_break,False,,,
library,PASSION24.TEXT.RELATED_HOUR_05,library,ldc_cross_record,,,,,block,paragraph_break,ldc-visual-paragraph-break ldc-ra18-boundary ldc-ra18-paragraph_break,False,,,
library,PASSION24.TEXT.RELATED_HOUR_05,library,ldc_cross_record,,,,,block,paragraph_break,ldc-visual-paragraph-break ldc-ra18-boundary ldc-ra18-paragraph_break,False,,,
library,PASSION24.TEXT.RELATED_HOUR_05,library,ldc_cross_record,,,,,block,paragraph_break,ldc-visual-paragraph-break ldc-ra18-boundary ldc-ra18-paragraph_break,False,,,
library,PASSION24.TEXT.RELATED_HOUR_05,library,ldc_cross_record,,,,,block,paragraph_break,ldc-visual-paragraph-break ldc-ra18-boundary ldc-ra18-paragraph_break,False,,,
library,PASSION24.TEXT.RELATED_HOUR_05,library,ldc_cross_record,,,,,block,paragraph_break,ldc-visual-paragraph-break ldc-ra18-boundary ldc-ra18-paragraph_break,False,,,
library,PASSION24.TEXT.RELATED_HOUR_05,library,ldc_cross_record,,,,,block,paragraph_break,ldc-visual-paragraph-break ldc-ra18-boundary ldc-ra18-paragraph_break,False,,,
library,PASSION24.TEXT.RELATED_HOUR_05,library,ldc_cross_record,,,,,block,paragraph_break,ldc-visual-paragraph-break ldc-ra18-boundary ldc-ra18-paragraph_break,False,,,
library,PASSION24.TEXT.RELATED_HOUR_05,library,ldc_cross_record,,,,,block,paragraph_break,ldc-visual-paragraph-break ldc-ra18-boundary ldc-ra18-paragraph_break,False,,,
library,PASSION24.TEXT.RELATED_HOUR_05,library,ldc_cross_record,,,,,block,paragraph_break,ldc-visual-paragraph-break ldc-ra18-boundary ldc-ra18-paragraph_break,False,,,
library,PASSION24.TEXT.RELATED_HOUR_05,library,ldc_cross_record,,,,,block,paragraph_break,ldc-visual-paragraph-break ldc-ra18-boundary ldc-ra18-paragraph_break,False,,,
library,PASSION24.TEXT.RELATED_HOUR_05,library,ldc_cross_record,,,,,block,paragraph_break,ldc-visual-paragraph-break ldc-ra18-boundary ldc-ra18-paragraph_break,False,,,
library,PASSION24.TEXT.RELATED_HOUR_05,library,ldc_cross_record,,,,,block,paragraph_break,ldc-visual-paragraph-break ldc-ra18-boundary ldc-ra18-paragraph_break,False,,,
library,PASSION24.TEXT.RELATED_HOUR_05,library,ldc_cross_record,,,,,block,paragraph_break,ldc-visual-paragraph-break ldc-ra18-boundary ldc-ra18-paragraph_break,False,,,
library,PASSION24.TEXT.RELATED_HOUR_05,library,ldc_cross_record,,,,,block,paragraph_break,ldc-visual-paragraph-break ldc-ra18-boundary ldc-ra18-paragraph_break,False,,,
library,PASSION24.TEXT.RELATED_HOUR_05,library,ldc_cross_record,,,,,block,paragraph_break,ldc-visual-paragraph-break ldc-ra18-boundary ldc-ra18-paragraph_break,False,,,
library,PASSION24.TEXT.RELATED_HOUR_05,library,ldc_cross_record,,,,,block,paragraph_break,ldc-visual-paragraph-break ldc-ra18-boundary ldc-ra18-paragraph_break,False,,,
library,PASSION24.TEXT.RELATED_HOUR_05,library,ldc_cross_record,,,,,block,paragraph_break,ldc-visual-paragraph-break ldc-ra18-boundary ldc-ra18-paragraph_break,False,,,
library,PASSION24.TEXT.RELATED_HOUR_05,library,ldc_cross_record,,,,,block,paragraph_break,ldc-visual-paragraph-break ldc-ra18-boundary ldc-ra18-paragraph_break,False,,,
library,PASSION24.TEXT.RELATED_HOUR_05,library,ldc_cross_record,,,,,block,paragraph_break,ldc-visual-paragraph-break ldc-ra18-boundary ldc-ra18-paragraph_break,False,,,
library,PASSION24.TEXT.RELATED_HOUR_06,library,ldc_cross_record,,,,,block,paragraph_break,ldc-visual-paragraph-break ldc-ra18-boundary ldc-ra18-paragraph_break,False,,,
library,PASSION24.TEXT.RELATED_HOUR_06,library,ldc_cross_record,,,,,block,paragraph_break,ldc-visual-paragraph-break ldc-ra18-boundary ldc-ra18-paragraph_break,False,,,
library,PASSION24.TEXT.RELATED_HOUR_06,library,ldc_cross_record,,,,,block,paragraph_break,ldc-visual-paragraph-break ldc-ra18-boundary ldc-ra18-paragraph_break,False,,,
library,PASSION24.TEXT.RELATED_HOUR_06,library,ldc_cross_record,,,,,block,paragraph_break,ldc-visual-paragraph-break ldc-ra18-boundary ldc-ra18-paragraph_break,False,,,
library,PASSION24.TEXT.RELATED_HOUR_06,library,ldc_cross_record,,,,,block,paragraph_break,ldc-visual-paragraph-break ldc-ra18-boundary ldc-ra18-paragraph_break,False,,,
library,PASSION24.TEXT.RELATED_HOUR_06,library,ldc_cross_record,,,,,block,paragraph_break,ldc-visual-paragraph-break ldc-ra18-boundary ldc-ra18-paragraph_break,False,,,
library,PASSION24.TEXT.RELATED_HOUR_06,library,ldc_cross_record,,,,,block,paragraph_break,ldc-visual-paragraph-break ldc-ra18-boundary ldc-ra18-paragraph_break,False,,,
library,PASSION24.TEXT.RELATED_HOUR_06,library,ldc_cross_record,,,,,block,paragraph_break,ldc-visual-paragraph-break ldc-ra18-boundary ldc-ra18-paragraph_break,False,,,
library,PASSION24.TEXT.RELATED_HOUR_06,library,ldc_cross_record,,,,,block,paragraph_break,ldc-visual-paragraph-break ldc-ra18-boundary ldc-ra18-paragraph_break,False,,,
library,PASSION24.TEXT.RELATED_HOUR_06,library,ldc_cross_record,,,,,block,paragraph_break,ldc-visual-paragraph-break ldc-ra18-boundary ldc-ra18-paragraph_break,False,,,
library,PASSION24.TEXT.RELATED_HOUR_06,library,ldc_cross_record,,,,,block,paragraph_break,ldc-visual-paragraph-break ldc-ra18-boundary ldc-ra18-paragraph_break,False,,,
library,PASSION24.TEXT.RELATED_HOUR_06,library,ldc_cross_record,,,,,block,paragraph_break,ldc-visual-paragraph-break ldc-ra18-boundary ldc-ra18-paragraph_break,False,,,
library,PASSION24.TEXT.RELATED_HOUR_06,library,ldc_cross_record,,,,,block,paragraph_break,ldc-visual-paragraph-break ldc-ra18-boundary ldc-ra18-paragraph_break,False,,,
library,PASSION24.TEXT.RELATED_HOUR_06,library,ldc_cross_record,,,,,block,paragraph_break,ldc-visual-paragraph-break ldc-ra18-boundary ldc-ra18-paragraph_break,False,,,
library,PASSION24.TEXT.RELATED_HOUR_06,library,ldc_cross_record,,,,,block,paragraph_break,ldc-visual-paragraph-break ldc-ra18-boundary ldc-ra18-paragraph_break,False,,,
library,PASSION24.TEXT.RELATED_HOUR_06,library,ldc_cross_record,,,,,block,paragraph_break,ldc-visual-paragraph-break ldc-ra18-boundary ldc-ra18-paragraph_break,False,,,
library,PASSION24.TEXT.RELATED_HOUR_06,library,ldc_cross_record,,,,,block,paragraph_break,ldc-visual-paragraph-break ldc-ra18-boundary ldc-ra18-paragraph_break,False,,,
library,PASSION24.TEXT.RELATED_HOUR_06,library,ldc_cross_record,,,,,block,paragraph_break,ldc-visual-paragraph-break ldc-ra18-boundary ldc-ra18-paragraph_break,False,,,
library,PASSION24.TEXT.RELATED_HOUR_06,library,ldc_cross_record,,,,,block,paragraph_break,ldc-visual-paragraph-break ldc-ra18-boundary ldc-ra18-paragraph_break,False,,,
library,PASSION24.TEXT.RELATED_HOUR_06,library,ldc_cross_record,,,,,block,paragraph_break,ldc-visual-paragraph-break ldc-ra18-boundary ldc-ra18-paragraph_break,False,,,
library,PASSION24.TEXT.RELATED_HOUR_06,library,ldc_cross_record,,,,,block,paragraph_break,ldc-visual-paragraph-break ldc-ra18-boundary ldc-ra18-paragraph_break,False,,,
library,PASSION24.TEXT.RELATED_HOUR_06,library,ldc_cross_record,,,,,block,paragraph_break,ldc-visual-paragraph-break ldc-ra18-boundary ldc-ra18-paragraph_break,False,,,
library,PASSION24.TEXT.RELATED_HOUR_06,library,ldc_cross_record,,,,,block,paragraph_break,ldc-visual-paragraph-break ldc-ra18-boundary ldc-ra18-paragraph_break,False,,,
library,PASSION24.TEXT.RELATED_HOUR_06,library,ldc_cross_record,,,,,block,paragraph_break,ldc-visual-paragraph-break ldc-ra18-boundary ldc-ra18-paragraph_break,False,,,
library,PASSION24.TEXT.RELATED_HOUR_06,library,ldc_cross_record,,,,,block,paragraph_break,ldc-visual-paragraph-break ldc-ra18-boundary ldc-ra18-paragraph_break,False,,,
library,PASSION24.TEXT.RELATED_HOUR_06,library,ldc_cross_record,,,,,block,paragraph_break,ldc-visual-paragraph-break ldc-ra18-boundary ldc-ra18-paragraph_break,False,,,
library,PASSION24.TEXT.RELATED_HOUR_06,library,ldc_cross_record,,,,,block,paragraph_break,ldc-visual-paragraph-break ldc-ra18-boundary ldc-ra18-paragraph_break,False,,,
library,PASSION24.TEXT.RELATED_HOUR_06,library,ldc_cross_record,,,,,block,paragraph_break,ldc-visual-paragraph-break ldc-ra18-boundary ldc-ra18-paragraph_break,False,,,
library,PASSION24.TEXT.RELATED_HOUR_06,library,ldc_cross_record,,,,,block,paragraph_break,ldc-visual-paragraph-break ldc-ra18-boundary ldc-ra18-paragraph_break,False,,,
library,PASSION24.TEXT.RELATED_HOUR_06,library,ldc_cross_record,,,,,block,paragraph_break,ldc-visual-paragraph-break ldc-ra18-boundary ldc-ra18-paragraph_break,False,,,
library,PASSION24.TEXT.RELATED_HOUR_06,library,ldc_cross_record,,,,,block,paragraph_break,ldc-visual-paragraph-break ldc-ra18-boundary ldc-ra18-paragraph_break,False,,,
library,PASSION24.TEXT.RELATED_HOUR_06,library,ldc_cross_record,,,,,block,paragraph_break,ldc-visual-paragraph-break ldc-ra18-boundary ldc-ra18-paragraph_break,False,,,
library,PASSION24.TEXT.RELATED_HOUR_06,library,ldc_cross_record,,,,,block,paragraph_break,ldc-visual-paragraph-break ldc-ra18-boundary ldc-ra18-paragraph_break,False,,,
library,PASSION24.TEXT.RELATED_HOUR_06,library,ldc_cross_record,,,,,block,paragraph_break,ldc-visual-paragraph-break ldc-ra18-boundary ldc-ra18-paragraph_break,False,,,
library,PASSION24.TEXT.RELATED_HOUR_06,library,ldc_cross_record,,,,,block,paragraph_break,ldc-visual-paragraph-break ldc-ra18-boundary ldc-ra18-paragraph_break,False,,,
library,PASSION24.TEXT.RELATED_HOUR_06,library,ldc_cross_record,,,,,block,paragraph_break,ldc-visual-paragraph-break ldc-ra18-boundary ldc-ra18-paragraph_break,False,,,
library,PASSION24.TEXT.RELATED_HOUR_06,library,ldc_cross_record,,,,,block,paragraph_break,ldc-visual-paragraph-break ldc-ra18-boundary ldc-ra18-paragraph_break,False,,,
library,PASSION24.TEXT.RELATED_HOUR_06,library,ldc_cross_record,,,,,block,paragraph_break,ldc-visual-paragraph-break ldc-ra18-boundary ldc-ra18-paragraph_break,False,,,
library,PASSION24.TEXT.RELATED_HOUR_06,library,ldc_cross_record,,,,,block,paragraph_break,ldc-visual-paragraph-break ldc-ra18-boundary ldc-ra18-paragraph_break,False,,,
library,PASSION24.TEXT.RELATED_HOUR_06,library,ldc_cross_record,,,,,block,paragraph_break,ldc-visual-paragraph-break ldc-ra18-boundary ldc-ra18-paragraph_break,False,,,
library,PASSION24.TEXT.RELATED_HOUR_06,library,ldc_cross_record,,,,,block,paragraph_break,ldc-visual-paragraph-break ldc-ra18-boundary ldc-ra18-paragraph_break,False,,,
library,PASSION24.TEXT.RELATED_HOUR_06,library,ldc_cross_record,,,,,block,paragraph_break,ldc-visual-paragraph-break ldc-ra18-boundary ldc-ra18-paragraph_break,False,,,
library,PASSION24.TEXT.RELATED_HOUR_06,library,ldc_cross_record,,,,,block,paragraph_break,ldc-visual-paragraph-break ldc-ra18-boundary ldc-ra18-paragraph_break,False,,,
library,PASSION24.TEXT.RELATED_HOUR_06,library,ldc_cross_record,,,,,block,paragraph_break,ldc-visual-paragraph-break ldc-ra18-boundary ldc-ra18-paragraph_break,False,,,
library,PASSION24.TEXT.RELATED_HOUR_06,library,ldc_cross_record,,,,,block,paragraph_break,ldc-visual-paragraph-break ldc-ra18-boundary ldc-ra18-paragraph_break,False,,,
library,PASSION24.TEXT.RELATED_HOUR_06,library,ldc_cross_record,,,,,block,paragraph_break,ldc-visual-paragraph-break ldc-ra18-boundary ldc-ra18-paragraph_break,False,,,
library,PASSION24.TEXT.RELATED_HOUR_06,library,ldc_cross_record,,,,,block,paragraph_break,ldc-visual-paragraph-break ldc-ra18-boundary ldc-ra18-paragraph_break,False,,,
library,PASSION24.TEXT.RELATED_HOUR_06,library,ldc_cross_record,,,,,block,paragraph_break,ldc-visual-paragraph-break ldc-ra18-boundary ldc-ra18-paragraph_break,False,,,
library,PASSION24.TEXT.RELATED_HOUR_06,library,ldc_cross_record,,,,,block,paragraph_break,ldc-visual-paragraph-break ldc-ra18-boundary ldc-ra18-paragraph_break,False,,,
library,PASSION24.TEXT.RELATED_HOUR_06,library,ldc_cross_record,,,,,block,paragraph_break,ldc-visual-paragraph-break ldc-ra18-boundary ldc-ra18-paragraph_break,False,,,
library,PASSION24.TEXT.RELATED_HOUR_06,library,ldc_cross_record,,,,,block,paragraph_break,ldc-visual-paragraph-break ldc-ra18-boundary ldc-ra18-paragraph_break,False,,,
library,PASSION24.TEXT.RELATED_HOUR_06,library,ldc_cross_record,,,,,block,paragraph_break,ldc-visual-paragraph-break ldc-ra18-boundary ldc-ra18-paragraph_break,False,,,
library,PASSION24.TEXT.RELATED_HOUR_06,library,ldc_cross_record,,,,,block,paragraph_break,ldc-visual-paragraph-break ldc-ra18-boundary ldc-ra18-paragraph_break,False,,,
library,PASSION24.TEXT.RELATED_HOUR_06,library,ldc_cross_record,,,,,block,paragraph_break,ldc-visual-paragraph-break ldc-ra18-boundary ldc-ra18-paragraph_break,False,,,
library,PASSION24.TEXT.RELATED_HOUR_06,library,ldc_cross_record,,,,,block,paragraph_break,ldc-visual-paragraph-break ldc-ra18-boundary ldc-ra18-paragraph_break,False,,,
library,PASSION24.TEXT.RELATED_HOUR_06,library,ldc_cross_record,,,,,block,paragraph_break,ldc-visual-paragraph-break ldc-ra18-boundary ldc-ra18-paragraph_break,False,,,
library,PASSION24.TEXT.RELATED_HOUR_06,library,ldc_cross_record,,,,,block,paragraph_break,ldc-visual-paragraph-break ldc-ra18-boundary ldc-ra18-paragraph_break,False,,,
library,PASSION24.TEXT.RELATED_HOUR_06,library,ldc_cross_record,,,,,block,paragraph_break,ldc-visual-paragraph-break ldc-ra18-boundary ldc-ra18-paragraph_break,False,,,
library,PASSION24.TEXT.RELATED_HOUR_06,library,speech_presentation_break,PASSION24.TEXT.RELATED_HOUR_06.BODY.P033,111, ,U+0020,block,,speech-end-visual-break speech-presentation-visual-break,True,112,E,
library,PASSION24.TEXT.RELATED_HOUR_06,library,speech_presentation_break,PASSION24.TEXT.RELATED_HOUR_06.BODY.P036,121, ,U+0020,block,,speech-end-visual-break speech-presentation-visual-break,True,122,B,
library,PASSION24.TEXT.RELATED_HOUR_07,library,ldc_cross_record,,,,,block,paragraph_break,ldc-visual-paragraph-break ldc-ra18-boundary ldc-ra18-paragraph_break,False,,,
library,PASSION24.TEXT.RELATED_HOUR_07,library,ldc_cross_record,,,,,block,paragraph_break,ldc-visual-paragraph-break ldc-ra18-boundary ldc-ra18-paragraph_break,False,,,
library,PASSION24.TEXT.RELATED_HOUR_07,library,ldc_cross_record,,,,,block,paragraph_break,ldc-visual-paragraph-break ldc-ra18-boundary ldc-ra18-paragraph_break,False,,,
library,PASSION24.TEXT.RELATED_HOUR_07,library,ldc_cross_record,,,,,block,paragraph_break,ldc-visual-paragraph-break ldc-ra18-boundary ldc-ra18-paragraph_break,False,,,
library,PASSION24.TEXT.RELATED_HOUR_07,library,ldc_cross_record,,,,,block,paragraph_break,ldc-visual-paragraph-break ldc-ra18-boundary ldc-ra18-paragraph_break,False,,,
library,PASSION24.TEXT.RELATED_HOUR_07,library,ldc_cross_record,,,,,block,paragraph_break,ldc-visual-paragraph-break ldc-ra18-boundary ldc-ra18-paragraph_break,False,,,
library,PASSION24.TEXT.RELATED_HOUR_07,library,ldc_cross_record,,,,,block,paragraph_break,ldc-visual-paragraph-break ldc-ra18-boundary ldc-ra18-paragraph_break,False,,,
library,PASSION24.TEXT.RELATED_HOUR_07,library,ldc_cross_record,,,,,block,paragraph_break,ldc-visual-paragraph-break ldc-ra18-boundary ldc-ra18-paragraph_break,False,,,
library,PASSION24.TEXT.RELATED_HOUR_07,library,ldc_cross_record,,,,,block,paragraph_break,ldc-visual-paragraph-break ldc-ra18-boundary ldc-ra18-paragraph_break,False,,,
library,PASSION24.TEXT.RELATED_HOUR_07,library,ldc_cross_record,,,,,block,paragraph_break,ldc-visual-paragraph-break ldc-ra18-boundary ldc-ra18-paragraph_break,False,,,
library,PASSION24.TEXT.RELATED_HOUR_07,library,ldc_cross_record,,,,,block,paragraph_break,ldc-visual-paragraph-break ldc-ra18-boundary ldc-ra18-paragraph_break,False,,,
library,PASSION24.TEXT.RELATED_HOUR_07,library,ldc_cross_record,,,,,block,paragraph_break,ldc-visual-paragraph-break ldc-ra18-boundary ldc-ra18-paragraph_break,False,,,
library,PASSION24.TEXT.RELATED_HOUR_07,library,ldc_cross_record,,,,,block,paragraph_break,ldc-visual-paragraph-break ldc-ra18-boundary ldc-ra18-paragraph_break,False,,,
library,PASSION24.TEXT.RELATED_HOUR_07,library,ldc_cross_record,,,,,block,paragraph_break,ldc-visual-paragraph-break ldc-ra18-boundary ldc-ra18-paragraph_break,False,,,
library,PASSION24.TEXT.RELATED_HOUR_07,library,ldc_cross_record,,,,,block,paragraph_break,ldc-visual-paragraph-break ldc-ra18-boundary ldc-ra18-paragraph_break,False,,,
library,PASSION24.TEXT.RELATED_HOUR_07,library,ldc_cross_record,,,,,block,paragraph_break,ldc-visual-paragraph-break ldc-ra18-boundary ldc-ra18-paragraph_break,False,,,
library,PASSION24.TEXT.RELATED_HOUR_07,library,ldc_cross_record,,,,,block,paragraph_break,ldc-visual-paragraph-break ldc-ra18-boundary ldc-ra18-paragraph_break,False,,,
library,PASSION24.TEXT.RELATED_HOUR_07,library,ldc_cross_record,,,,,block,paragraph_break,ldc-visual-paragraph-break ldc-ra18-boundary ldc-ra18-paragraph_break,False,,,
library,PASSION24.TEXT.RELATED_HOUR_07,library,ldc_cross_record,,,,,block,paragraph_break,ldc-visual-paragraph-break ldc-ra18-boundary ldc-ra18-paragraph_break,False,,,
library,PASSION24.TEXT.RELATED_HOUR_07,library,ldc_cross_record,,,,,block,paragraph_break,ldc-visual-paragraph-break ldc-ra18-boundary ldc-ra18-paragraph_break,False,,,
library,PASSION24.TEXT.RELATED_HOUR_07,library,ldc_cross_record,,,,,block,paragraph_break,ldc-visual-paragraph-break ldc-ra18-boundary ldc-ra18-paragraph_break,False,,,
library,PASSION24.TEXT.RELATED_HOUR_07,library,ldc_cross_record,,,,,block,paragraph_break,ldc-visual-paragraph-break ldc-ra18-boundary ldc-ra18-paragraph_break,False,,,
library,PASSION24.TEXT.RELATED_HOUR_07,library,ldc_cross_record,,,,,block,paragraph_break,ldc-visual-paragraph-break ldc-ra18-boundary ldc-ra18-paragraph_break,False,,,
library,PASSION24.TEXT.RELATED_HOUR_07,library,ldc_cross_record,,,,,block,paragraph_break,ldc-visual-paragraph-break ldc-ra18-boundary ldc-ra18-paragraph_break,False,,,
library,PASSION24.TEXT.RELATED_HOUR_07,library,ldc_cross_record,,,,,block,paragraph_break,ldc-visual-paragraph-break ldc-ra18-boundary ldc-ra18-paragraph_break,False,,,
library,PASSION24.TEXT.RELATED_HOUR_07,library,ldc_cross_record,,,,,block,paragraph_break,ldc-visual-paragraph-break ldc-ra18-boundary ldc-ra18-paragraph_break,False,,,
library,PASSION24.TEXT.RELATED_HOUR_07,library,ldc_cross_record,,,,,block,paragraph_break,ldc-visual-paragraph-break ldc-ra18-boundary ldc-ra18-paragraph_break,False,,,
library,PASSION24.TEXT.RELATED_HOUR_07,library,ldc_cross_record,,,,,block,paragraph_break,ldc-visual-paragraph-break ldc-ra18-boundary ldc-ra18-paragraph_break,False,,,
library,PASSION24.TEXT.RELATED_HOUR_07,library,ldc_cross_record,,,,,block,paragraph_break,ldc-visual-paragraph-break ldc-ra18-boundary ldc-ra18-paragraph_break,False,,,
library,PASSION24.TEXT.RELATED_HOUR_07,library,ldc_cross_record,,,,,block,paragraph_break,ldc-visual-paragraph-break ldc-ra18-boundary ldc-ra18-paragraph_break,False,,,
library,PASSION24.TEXT.RELATED_HOUR_07,library,ldc_cross_record,,,,,block,paragraph_break,ldc-visual-paragraph-break ldc-ra18-boundary ldc-ra18-paragraph_break,False,,,
library,PASSION24.TEXT.RELATED_HOUR_07,library,ldc_cross_record,,,,,block,paragraph_break,ldc-visual-paragraph-break ldc-ra18-boundary ldc-ra18-paragraph_break,False,,,
library,PASSION24.TEXT.RELATED_HOUR_07,library,ldc_cross_record,,,,,block,paragraph_break,ldc-visual-paragraph-break ldc-ra18-boundary ldc-ra18-paragraph_break,False,,,
library,PASSION24.TEXT.RELATED_HOUR_07,library,ldc_cross_record,,,,,block,paragraph_break,ldc-visual-paragraph-break ldc-ra18-boundary ldc-ra18-paragraph_break,False,,,
library,PASSION24.TEXT.RELATED_HOUR_07,library,ldc_cross_record,,,,,block,paragraph_break,ldc-visual-paragraph-break ldc-ra18-boundary ldc-ra18-paragraph_break,False,,,
library,PASSION24.TEXT.RELATED_HOUR_07,library,ldc_cross_record,,,,,block,paragraph_break,ldc-visual-paragraph-break ldc-ra18-boundary ldc-ra18-paragraph_break,False,,,
library,PASSION24.TEXT.RELATED_HOUR_07,library,ldc_cross_record,,,,,block,paragraph_break,ldc-visual-paragraph-break ldc-ra18-boundary ldc-ra18-paragraph_break,False,,,
library,PASSION24.TEXT.RELATED_HOUR_07,library,ldc_cross_record,,,,,block,paragraph_break,ldc-visual-paragraph-break ldc-ra18-boundary ldc-ra18-paragraph_break,False,,,
library,PASSION24.TEXT.RELATED_HOUR_07,library,speech_presentation_break,PASSION24.TEXT.RELATED_HOUR_07.BODY.P036,43, ,U+0020,block,,speech-end-visual-break speech-presentation-visual-break,True,44,P,
library,PASSION24.TEXT.RELATED_HOUR_08,library,ldc_cross_record,,,,,block,paragraph_break,ldc-visual-paragraph-break ldc-ra18-boundary ldc-ra18-paragraph_break,False,,,
library,PASSION24.TEXT.RELATED_HOUR_08,library,ldc_cross_record,,,,,block,paragraph_break,ldc-visual-paragraph-break ldc-ra18-boundary ldc-ra18-paragraph_break,False,,,
library,PASSION24.TEXT.RELATED_HOUR_08,library,ldc_cross_record,,,,,block,paragraph_break,ldc-visual-paragraph-break ldc-ra18-boundary ldc-ra18-paragraph_break,False,,,
library,PASSION24.TEXT.RELATED_HOUR_08,library,ldc_cross_record,,,,,block,paragraph_break,ldc-visual-paragraph-break ldc-ra18-boundary ldc-ra18-paragraph_break,False,,,
library,PASSION24.TEXT.RELATED_HOUR_08,library,ldc_cross_record,,,,,block,paragraph_break,ldc-visual-paragraph-break ldc-ra18-boundary ldc-ra18-paragraph_break,False,,,
library,PASSION24.TEXT.RELATED_HOUR_08,library,ldc_cross_record,,,,,block,paragraph_break,ldc-visual-paragraph-break ldc-ra18-boundary ldc-ra18-paragraph_break,False,,,
library,PASSION24.TEXT.RELATED_HOUR_08,library,ldc_cross_record,,,,,block,paragraph_break,ldc-visual-paragraph-break ldc-ra18-boundary ldc-ra18-paragraph_break,False,,,
library,PASSION24.TEXT.RELATED_HOUR_08,library,ldc_cross_record,,,,,block,paragraph_break,ldc-visual-paragraph-break ldc-ra18-boundary ldc-ra18-paragraph_break,False,,,
library,PASSION24.TEXT.RELATED_HOUR_08,library,ldc_cross_record,,,,,block,paragraph_break,ldc-visual-paragraph-break ldc-ra18-boundary ldc-ra18-paragraph_break,False,,,
library,PASSION24.TEXT.RELATED_HOUR_08,library,ldc_cross_record,,,,,block,paragraph_break,ldc-visual-paragraph-break ldc-ra18-boundary ldc-ra18-paragraph_break,False,,,
library,PASSION24.TEXT.RELATED_HOUR_08,library,ldc_cross_record,,,,,block,paragraph_break,ldc-visual-paragraph-break ldc-ra18-boundary ldc-ra18-paragraph_break,False,,,
library,PASSION24.TEXT.RELATED_HOUR_08,library,ldc_cross_record,,,,,block,paragraph_break,ldc-visual-paragraph-break ldc-ra18-boundary ldc-ra18-paragraph_break,False,,,
library,PASSION24.TEXT.RELATED_HOUR_08,library,ldc_cross_record,,,,,block,paragraph_break,ldc-visual-paragraph-break ldc-ra18-boundary ldc-ra18-paragraph_break,False,,,
library,PASSION24.TEXT.RELATED_HOUR_08,library,ldc_cross_record,,,,,block,paragraph_break,ldc-visual-paragraph-break ldc-ra18-boundary ldc-ra18-paragraph_break,False,,,
library,PASSION24.TEXT.RELATED_HOUR_08,library,ldc_cross_record,,,,,block,paragraph_break,ldc-visual-paragraph-break ldc-ra18-boundary ldc-ra18-paragraph_break,False,,,
library,PASSION24.TEXT.RELATED_HOUR_08,library,ldc_cross_record,,,,,block,paragraph_break,ldc-visual-paragraph-break ldc-ra18-boundary ldc-ra18-paragraph_break,False,,,
library,PASSION24.TEXT.RELATED_HOUR_08,library,ldc_cross_record,,,,,block,paragraph_break,ldc-visual-paragraph-break ldc-ra18-boundary ldc-ra18-paragraph_break,False,,,
library,PASSION24.TEXT.RELATED_HOUR_08,library,ldc_cross_record,,,,,block,paragraph_break,ldc-visual-paragraph-break ldc-ra18-boundary ldc-ra18-paragraph_break,False,,,
library,PASSION24.TEXT.RELATED_HOUR_08,library,ldc_cross_record,,,,,block,paragraph_break,ldc-visual-paragraph-break ldc-ra18-boundary ldc-ra18-paragraph_break,False,,,
library,PASSION24.TEXT.RELATED_HOUR_08,library,ldc_cross_record,,,,,block,paragraph_break,ldc-visual-paragraph-break ldc-ra18-boundary ldc-ra18-paragraph_break,False,,,
library,PASSION24.TEXT.RELATED_HOUR_08,library,ldc_cross_record,,,,,block,paragraph_break,ldc-visual-paragraph-break ldc-ra18-boundary ldc-ra18-paragraph_break,False,,,
library,PASSION24.TEXT.RELATED_HOUR_08,library,ldc_cross_record,,,,,block,paragraph_break,ldc-visual-paragraph-break ldc-ra18-boundary ldc-ra18-paragraph_break,False,,,
library,PASSION24.TEXT.RELATED_HOUR_08,library,ldc_cross_record,,,,,block,paragraph_break,ldc-visual-paragraph-break ldc-ra18-boundary ldc-ra18-paragraph_break,False,,,
library,PASSION24.TEXT.RELATED_HOUR_08,library,ldc_cross_record,,,,,block,paragraph_break,ldc-visual-paragraph-break ldc-ra18-boundary ldc-ra18-paragraph_break,False,,,
library,PASSION24.TEXT.RELATED_HOUR_08,library,ldc_cross_record,,,,,block,paragraph_break,ldc-visual-paragraph-break ldc-ra18-boundary ldc-ra18-paragraph_break,False,,,
library,PASSION24.TEXT.RELATED_HOUR_08,library,ldc_cross_record,,,,,block,paragraph_break,ldc-visual-paragraph-break ldc-ra18-boundary ldc-ra18-paragraph_break,False,,,
library,PASSION24.TEXT.RELATED_HOUR_08,library,ldc_cross_record,,,,,block,paragraph_break,ldc-visual-paragraph-break ldc-ra18-boundary ldc-ra18-paragraph_break,False,,,
library,PASSION24.TEXT.RELATED_HOUR_08,library,ldc_cross_record,,,,,block,paragraph_break,ldc-visual-paragraph-break ldc-ra18-boundary ldc-ra18-paragraph_break,False,,,
library,PASSION24.TEXT.RELATED_HOUR_08,library,ldc_cross_record,,,,,block,paragraph_break,ldc-visual-paragraph-break ldc-ra18-boundary ldc-ra18-paragraph_break,False,,,
library,PASSION24.TEXT.RELATED_HOUR_08,library,ldc_cross_record,,,,,block,paragraph_break,ldc-visual-paragraph-break ldc-ra18-boundary ldc-ra18-paragraph_break,False,,,
library,PASSION24.TEXT.RELATED_HOUR_08,library,ldc_cross_record,,,,,block,paragraph_break,ldc-visual-paragraph-break ldc-ra18-boundary ldc-ra18-paragraph_break,False,,,
library,PASSION24.TEXT.RELATED_HOUR_08,library,ldc_cross_record,,,,,block,paragraph_break,ldc-visual-paragraph-break ldc-ra18-boundary ldc-ra18-paragraph_break,False,,,
library,PASSION24.TEXT.RELATED_HOUR_08,library,ldc_cross_record,,,,,block,paragraph_break,ldc-visual-paragraph-break ldc-ra18-boundary ldc-ra18-paragraph_break,False,,,
library,PASSION24.TEXT.RELATED_HOUR_08,library,ldc_cross_record,,,,,block,paragraph_break,ldc-visual-paragraph-break ldc-ra18-boundary ldc-ra18-paragraph_break,False,,,
library,PASSION24.TEXT.RELATED_HOUR_08,library,ldc_cross_record,,,,,block,paragraph_break,ldc-visual-paragraph-break ldc-ra18-boundary ldc-ra18-paragraph_break,False,,,
library,PASSION24.TEXT.RELATED_HOUR_08,library,ldc_cross_record,,,,,block,paragraph_break,ldc-visual-paragraph-break ldc-ra18-boundary ldc-ra18-paragraph_break,False,,,
library,PASSION24.TEXT.RELATED_HOUR_08,library,ldc_cross_record,,,,,block,paragraph_break,ldc-visual-paragraph-break ldc-ra18-boundary ldc-ra18-paragraph_break,False,,,
library,PASSION24.TEXT.RELATED_HOUR_08,library,ldc_cross_record,,,,,block,paragraph_break,ldc-visual-paragraph-break ldc-ra18-boundary ldc-ra18-paragraph_break,False,,,
library,PASSION24.TEXT.RELATED_HOUR_08,library,ldc_cross_record,,,,,block,paragraph_break,ldc-visual-paragraph-break ldc-ra18-boundary ldc-ra18-paragraph_break,False,,,
library,PASSION24.TEXT.RELATED_HOUR_08,library,ldc_intra_break,PASSION24.TEXT.RELATED_HOUR_08.BODY.P036,112,M,U+004D,block,paragraph_break,ldc-visual-paragraph-break ldc-ra18-boundary ldc-ra18-paragraph_break,True,112,M,
library,PASSION24.TEXT.RELATED_HOUR_10,library,speech_presentation_break,PASSION24.TEXT.RELATED_HOUR_10.BODY.P009,268, ,U+0020,block,,speech-end-visual-break speech-presentation-visual-break,True,269,E,
library,PASSION24.TEXT.RELATED_HOUR_13,library,ldc_cross_record,,,,,block,paragraph_break,ldc-visual-paragraph-break ldc-ra18-boundary ldc-ra18-paragraph_break,False,,,
library,PASSION24.TEXT.RELATED_HOUR_13,library,ldc_cross_record,,,,,block,paragraph_break,ldc-visual-paragraph-break ldc-ra18-boundary ldc-ra18-paragraph_break,False,,,
library,PASSION24.TEXT.RELATED_HOUR_13,library,ldc_cross_record,,,,,block,paragraph_break,ldc-visual-paragraph-break ldc-ra18-boundary ldc-ra18-paragraph_break,False,,,
library,PASSION24.TEXT.RELATED_HOUR_13,library,ldc_cross_record,,,,,block,paragraph_break,ldc-visual-paragraph-break ldc-ra18-boundary ldc-ra18-paragraph_break,False,,,
library,PASSION24.TEXT.RELATED_HOUR_13,library,ldc_cross_record,,,,,block,paragraph_break,ldc-visual-paragraph-break ldc-ra18-boundary ldc-ra18-paragraph_break,False,,,
library,PASSION24.TEXT.RELATED_HOUR_13,library,ldc_cross_record,,,,,block,paragraph_break,ldc-visual-paragraph-break ldc-ra18-boundary ldc-ra18-paragraph_break,False,,,
library,PASSION24.TEXT.RELATED_HOUR_13,library,ldc_cross_record,,,,,block,paragraph_break,ldc-visual-paragraph-break ldc-ra18-boundary ldc-ra18-paragraph_break,False,,,
library,PASSION24.TEXT.RELATED_HOUR_13,library,ldc_cross_record,,,,,block,paragraph_break,ldc-visual-paragraph-break ldc-ra18-boundary ldc-ra18-paragraph_break,False,,,
library,PASSION24.TEXT.RELATED_HOUR_13,library,ldc_cross_record,,,,,block,paragraph_break,ldc-visual-paragraph-break ldc-ra18-boundary ldc-ra18-paragraph_break,False,,,
library,PASSION24.TEXT.RELATED_HOUR_13,library,ldc_cross_record,,,,,block,paragraph_break,ldc-visual-paragraph-break ldc-ra18-boundary ldc-ra18-paragraph_break,False,,,
library,PASSION24.TEXT.RELATED_HOUR_13,library,ldc_cross_record,,,,,block,paragraph_break,ldc-visual-paragraph-break ldc-ra18-boundary ldc-ra18-paragraph_break,False,,,
library,PASSION24.TEXT.RELATED_HOUR_13,library,ldc_cross_record,,,,,block,paragraph_break,ldc-visual-paragraph-break ldc-ra18-boundary ldc-ra18-paragraph_break,False,,,
library,PASSION24.TEXT.RELATED_HOUR_13,library,ldc_cross_record,,,,,block,paragraph_break,ldc-visual-paragraph-break ldc-ra18-boundary ldc-ra18-paragraph_break,False,,,
library,PASSION24.TEXT.RELATED_HOUR_13,library,ldc_cross_record,,,,,block,paragraph_break,ldc-visual-paragraph-break ldc-ra18-boundary ldc-ra18-paragraph_break,False,,,
library,PASSION24.TEXT.RELATED_HOUR_13,library,ldc_cross_record,,,,,block,paragraph_break,ldc-visual-paragraph-break ldc-ra18-boundary ldc-ra18-paragraph_break,False,,,
library,PASSION24.TEXT.RELATED_HOUR_13,library,ldc_cross_record,,,,,block,paragraph_break,ldc-visual-paragraph-break ldc-ra18-boundary ldc-ra18-paragraph_break,False,,,
library,PASSION24.TEXT.RELATED_HOUR_13,library,ldc_cross_record,,,,,block,paragraph_break,ldc-visual-paragraph-break ldc-ra18-boundary ldc-ra18-paragraph_break,False,,,
library,PASSION24.TEXT.RELATED_HOUR_13,library,ldc_cross_record,,,,,block,paragraph_break,ldc-visual-paragraph-break ldc-ra18-boundary ldc-ra18-paragraph_break,False,,,
library,PASSION24.TEXT.RELATED_HOUR_13,library,ldc_cross_record,,,,,block,paragraph_break,ldc-visual-paragraph-break ldc-ra18-boundary ldc-ra18-paragraph_break,False,,,
library,PASSION24.TEXT.RELATED_HOUR_13,library,ldc_cross_record,,,,,block,paragraph_break,ldc-visual-paragraph-break ldc-ra18-boundary ldc-ra18-paragraph_break,False,,,
library,PASSION24.TEXT.RELATED_HOUR_13,library,ldc_cross_record,,,,,block,paragraph_break,ldc-visual-paragraph-break ldc-ra18-boundary ldc-ra18-paragraph_break,False,,,
library,PASSION24.TEXT.RELATED_HOUR_13,library,ldc_cross_record,,,,,block,paragraph_break,ldc-visual-paragraph-break ldc-ra18-boundary ldc-ra18-paragraph_break,False,,,
library,PASSION24.TEXT.RELATED_HOUR_13,library,ldc_cross_record,,,,,block,paragraph_break,ldc-visual-paragraph-break ldc-ra18-boundary ldc-ra18-paragraph_break,False,,,
library,PASSION24.TEXT.RELATED_HOUR_13,library,ldc_cross_record,,,,,block,paragraph_break,ldc-visual-paragraph-break ldc-ra18-boundary ldc-ra18-paragraph_break,False,,,
library,PASSION24.TEXT.RELATED_HOUR_13,library,ldc_cross_record,,,,,block,paragraph_break,ldc-visual-paragraph-break ldc-ra18-boundary ldc-ra18-paragraph_break,False,,,
library,PASSION24.TEXT.RELATED_HOUR_13,library,ldc_cross_record,,,,,block,paragraph_break,ldc-visual-paragraph-break ldc-ra18-boundary ldc-ra18-paragraph_break,False,,,
library,PASSION24.TEXT.RELATED_HOUR_13,library,ldc_cross_record,,,,,block,paragraph_break,ldc-visual-paragraph-break ldc-ra18-boundary ldc-ra18-paragraph_break,False,,,
library,PASSION24.TEXT.RELATED_HOUR_13,library,ldc_cross_record,,,,,block,paragraph_break,ldc-visual-paragraph-break ldc-ra18-boundary ldc-ra18-paragraph_break,False,,,
library,PASSION24.TEXT.RELATED_HOUR_13,library,ldc_cross_record,,,,,block,paragraph_break,ldc-visual-paragraph-break ldc-ra18-boundary ldc-ra18-paragraph_break,False,,,
library,PASSION24.TEXT.RELATED_HOUR_13,library,ldc_cross_record,,,,,block,paragraph_break,ldc-visual-paragraph-break ldc-ra18-boundary ldc-ra18-paragraph_break,False,,,
library,PASSION24.TEXT.RELATED_HOUR_13,library,ldc_cross_record,,,,,block,paragraph_break,ldc-visual-paragraph-break ldc-ra18-boundary ldc-ra18-paragraph_break,False,,,
library,PASSION24.TEXT.RELATED_HOUR_13,library,ldc_cross_record,,,,,block,paragraph_break,ldc-visual-paragraph-break ldc-ra18-boundary ldc-ra18-paragraph_break,False,,,
library,PASSION24.TEXT.RELATED_HOUR_13,library,ldc_cross_record,,,,,block,paragraph_break,ldc-visual-paragraph-break ldc-ra18-boundary ldc-ra18-paragraph_break,False,,,
library,PASSION24.TEXT.RELATED_HOUR_13,library,ldc_cross_record,,,,,block,paragraph_break,ldc-visual-paragraph-break ldc-ra18-boundary ldc-ra18-paragraph_break,False,,,
library,PASSION24.TEXT.RELATED_HOUR_13,library,ldc_cross_record,,,,,block,paragraph_break,ldc-visual-paragraph-break ldc-ra18-boundary ldc-ra18-paragraph_break,False,,,
library,PASSION24.TEXT.RELATED_HOUR_13,library,ldc_cross_record,,,,,block,paragraph_break,ldc-visual-paragraph-break ldc-ra18-boundary ldc-ra18-paragraph_break,False,,,
library,PASSION24.TEXT.RELATED_HOUR_13,library,ldc_cross_record,,,,,block,paragraph_break,ldc-visual-paragraph-break ldc-ra18-boundary ldc-ra18-paragraph_break,False,,,
library,PASSION24.TEXT.RELATED_HOUR_13,library,ldc_cross_record,,,,,block,paragraph_break,ldc-visual-paragraph-break ldc-ra18-boundary ldc-ra18-paragraph_break,False,,,
library,PASSION24.TEXT.RELATED_HOUR_13,library,ldc_cross_record,,,,,block,paragraph_break,ldc-visual-paragraph-break ldc-ra18-boundary ldc-ra18-paragraph_break,False,,,
library,PASSION24.TEXT.RELATED_HOUR_13,library,ldc_cross_record,,,,,block,paragraph_break,ldc-visual-paragraph-break ldc-ra18-boundary ldc-ra18-paragraph_break,False,,,
library,PASSION24.TEXT.RELATED_HOUR_13,library,ldc_cross_record,,,,,block,paragraph_break,ldc-visual-paragraph-break ldc-ra18-boundary ldc-ra18-paragraph_break,False,,,
library,PASSION24.TEXT.RELATED_HOUR_13,library,ldc_cross_record,,,,,block,paragraph_break,ldc-visual-paragraph-break ldc-ra18-boundary ldc-ra18-paragraph_break,False,,,
library,PASSION24.TEXT.RELATED_HOUR_13,library,ldc_cross_record,,,,,block,paragraph_break,ldc-visual-paragraph-break ldc-ra18-boundary ldc-ra18-paragraph_break,False,,,
library,PASSION24.TEXT.RELATED_HOUR_13,library,ldc_cross_record,,,,,block,paragraph_break,ldc-visual-paragraph-break ldc-ra18-boundary ldc-ra18-paragraph_break,False,,,
library,PASSION24.TEXT.RELATED_HOUR_13,library,ldc_cross_record,,,,,block,paragraph_break,ldc-visual-paragraph-break ldc-ra18-boundary ldc-ra18-paragraph_break,False,,,
library,PASSION24.TEXT.RELATED_HOUR_13,library,ldc_cross_record,,,,,block,paragraph_break,ldc-visual-paragraph-break ldc-ra18-boundary ldc-ra18-paragraph_break,False,,,
library,PASSION24.TEXT.RELATED_HOUR_13,library,ldc_cross_record,,,,,block,paragraph_break,ldc-visual-paragraph-break ldc-ra18-boundary ldc-ra18-paragraph_break,False,,,
library,PASSION24.TEXT.RELATED_HOUR_13,library,ldc_cross_record,,,,,block,paragraph_break,ldc-visual-paragraph-break ldc-ra18-boundary ldc-ra18-paragraph_break,False,,,
library,PASSION24.TEXT.RELATED_HOUR_13,library,ldc_cross_record,,,,,block,paragraph_break,ldc-visual-paragraph-break ldc-ra18-boundary ldc-ra18-paragraph_break,False,,,
library,PASSION24.TEXT.RELATED_HOUR_13,library,ldc_cross_record,,,,,block,paragraph_break,ldc-visual-paragraph-break ldc-ra18-boundary ldc-ra18-paragraph_break,False,,,
library,PASSION24.TEXT.RELATED_HOUR_13,library,ldc_cross_record,,,,,block,paragraph_break,ldc-visual-paragraph-break ldc-ra18-boundary ldc-ra18-paragraph_break,False,,,
library,PASSION24.TEXT.RELATED_HOUR_13,library,ldc_cross_record,,,,,block,paragraph_break,ldc-visual-paragraph-break ldc-ra18-boundary ldc-ra18-paragraph_break,False,,,
library,PASSION24.TEXT.RELATED_HOUR_13,library,ldc_cross_record,,,,,block,paragraph_break,ldc-visual-paragraph-break ldc-ra18-boundary ldc-ra18-paragraph_break,False,,,
library,PASSION24.TEXT.RELATED_HOUR_13,library,ldc_cross_record,,,,,block,paragraph_break,ldc-visual-paragraph-break ldc-ra18-boundary ldc-ra18-paragraph_break,False,,,
library,PASSION24.TEXT.RELATED_HOUR_13,library,ldc_cross_record,,,,,block,paragraph_break,ldc-visual-paragraph-break ldc-ra18-boundary ldc-ra18-paragraph_break,False,,,
library,PASSION24.TEXT.RELATED_HOUR_13,library,ldc_cross_record,,,,,block,paragraph_break,ldc-visual-paragraph-break ldc-ra18-boundary ldc-ra18-paragraph_break,False,,,
library,PASSION24.TEXT.RELATED_HOUR_13,library,ldc_cross_record,,,,,block,paragraph_break,ldc-visual-paragraph-break ldc-ra18-boundary ldc-ra18-paragraph_break,False,,,
library,PASSION24.TEXT.RELATED_HOUR_13,library,ldc_cross_record,,,,,block,paragraph_break,ldc-visual-paragraph-break ldc-ra18-boundary ldc-ra18-paragraph_break,False,,,
library,PASSION24.TEXT.RELATED_HOUR_13,library,ldc_cross_record,,,,,block,paragraph_break,ldc-visual-paragraph-break ldc-ra18-boundary ldc-ra18-paragraph_break,False,,,
library,PASSION24.TEXT.RELATED_HOUR_13,library,ldc_cross_record,,,,,block,paragraph_break,ldc-visual-paragraph-break ldc-ra18-boundary ldc-ra18-paragraph_break,False,,,
library,PASSION24.TEXT.RELATED_HOUR_13,library,ldc_cross_record,,,,,block,paragraph_break,ldc-visual-paragraph-break ldc-ra18-boundary ldc-ra18-paragraph_break,False,,,
library,PASSION24.TEXT.RELATED_HOUR_13,library,ldc_cross_record,,,,,block,paragraph_break,ldc-visual-paragraph-break ldc-ra18-boundary ldc-ra18-paragraph_break,False,,,
library,PASSION24.TEXT.RELATED_HOUR_13,library,ldc_cross_record,,,,,block,paragraph_break,ldc-visual-paragraph-break ldc-ra18-boundary ldc-ra18-paragraph_break,False,,,
library,PASSION24.TEXT.RELATED_HOUR_13,library,ldc_cross_record,,,,,block,paragraph_break,ldc-visual-paragraph-break ldc-ra18-boundary ldc-ra18-paragraph_break,False,,,
library,PASSION24.TEXT.RELATED_HOUR_13,library,ldc_cross_record,,,,,block,paragraph_break,ldc-visual-paragraph-break ldc-ra18-boundary ldc-ra18-paragraph_break,False,,,
library,PASSION24.TEXT.RELATED_HOUR_13,library,ldc_cross_record,,,,,block,paragraph_break,ldc-visual-paragraph-break ldc-ra18-boundary ldc-ra18-paragraph_break,False,,,
library,PASSION24.TEXT.RELATED_HOUR_13,library,ldc_cross_record,,,,,block,paragraph_break,ldc-visual-paragraph-break ldc-ra18-boundary ldc-ra18-paragraph_break,False,,,
library,PASSION24.TEXT.RELATED_HOUR_13,library,ldc_cross_record,,,,,block,paragraph_break,ldc-visual-paragraph-break ldc-ra18-boundary ldc-ra18-paragraph_break,False,,,
library,PASSION24.TEXT.RELATED_HOUR_13,library,ldc_cross_record,,,,,block,paragraph_break,ldc-visual-paragraph-break ldc-ra18-boundary ldc-ra18-paragraph_break,False,,,
library,PASSION24.TEXT.RELATED_HOUR_13,library,ldc_cross_record,,,,,block,paragraph_break,ldc-visual-paragraph-break ldc-ra18-boundary ldc-ra18-paragraph_break,False,,,
library,PASSION24.TEXT.RELATED_HOUR_13,library,ldc_cross_record,,,,,block,paragraph_break,ldc-visual-paragraph-break ldc-ra18-boundary ldc-ra18-paragraph_break,False,,,
library,PASSION24.TEXT.RELATED_HOUR_13,library,ldc_cross_record,,,,,block,paragraph_break,ldc-visual-paragraph-break ldc-ra18-boundary ldc-ra18-paragraph_break,False,,,
library,PASSION24.TEXT.RELATED_HOUR_13,library,ldc_cross_record,,,,,block,paragraph_break,ldc-visual-paragraph-break ldc-ra18-boundary ldc-ra18-paragraph_break,False,,,
library,PASSION24.TEXT.RELATED_HOUR_13,library,ldc_cross_record,,,,,block,paragraph_break,ldc-visual-paragraph-break ldc-ra18-boundary ldc-ra18-paragraph_break,False,,,
library,PASSION24.TEXT.RELATED_HOUR_13,library,ldc_cross_record,,,,,block,paragraph_break,ldc-visual-paragraph-break ldc-ra18-boundary ldc-ra18-paragraph_break,False,,,
library,PASSION24.TEXT.RELATED_HOUR_13,library,ldc_cross_record,,,,,block,paragraph_break,ldc-visual-paragraph-break ldc-ra18-boundary ldc-ra18-paragraph_break,False,,,
library,PASSION24.TEXT.RELATED_HOUR_13,library,ldc_cross_record,,,,,block,paragraph_break,ldc-visual-paragraph-break ldc-ra18-boundary ldc-ra18-paragraph_break,False,,,
library,PASSION24.TEXT.RELATED_HOUR_13,library,ldc_cross_record,,,,,block,paragraph_break,ldc-visual-paragraph-break ldc-ra18-boundary ldc-ra18-paragraph_break,False,,,
library,PASSION24.TEXT.RELATED_HOUR_13,library,ldc_cross_record,,,,,block,paragraph_break,ldc-visual-paragraph-break ldc-ra18-boundary ldc-ra18-paragraph_break,False,,,
library,PASSION24.TEXT.RELATED_HOUR_13,library,ldc_cross_record,,,,,block,paragraph_break,ldc-visual-paragraph-break ldc-ra18-boundary ldc-ra18-paragraph_break,False,,,
library,PASSION24.TEXT.RELATED_HOUR_13,library,ldc_cross_record,,,,,block,paragraph_break,ldc-visual-paragraph-break ldc-ra18-boundary ldc-ra18-paragraph_break,False,,,
library,PASSION24.TEXT.RELATED_HOUR_13,library,ldc_cross_record,,,,,block,paragraph_break,ldc-visual-paragraph-break ldc-ra18-boundary ldc-ra18-paragraph_break,False,,,
library,PASSION24.TEXT.RELATED_HOUR_13,library,ldc_cross_record,,,,,block,paragraph_break,ldc-visual-paragraph-break ldc-ra18-boundary ldc-ra18-paragraph_break,False,,,
library,PASSION24.TEXT.RELATED_HOUR_13,library,ldc_cross_record,,,,,block,paragraph_break,ldc-visual-paragraph-break ldc-ra18-boundary ldc-ra18-paragraph_break,False,,,
library,PASSION24.TEXT.RELATED_HOUR_13,library,ldc_cross_record,,,,,block,paragraph_break,ldc-visual-paragraph-break ldc-ra18-boundary ldc-ra18-paragraph_break,False,,,
library,PASSION24.TEXT.RELATED_HOUR_13,library,ldc_cross_record,,,,,block,paragraph_break,ldc-visual-paragraph-break ldc-ra18-boundary ldc-ra18-paragraph_break,False,,,
library,PASSION24.TEXT.RELATED_HOUR_13,library,ldc_cross_record,,,,,block,paragraph_break,ldc-visual-paragraph-break ldc-ra18-boundary ldc-ra18-paragraph_break,False,,,
library,PASSION24.TEXT.RELATED_HOUR_13,library,ldc_cross_record,,,,,block,paragraph_break,ldc-visual-paragraph-break ldc-ra18-boundary ldc-ra18-paragraph_break,False,,,
library,PASSION24.TEXT.RELATED_HOUR_13,library,ldc_cross_record,,,,,block,paragraph_break,ldc-visual-paragraph-break ldc-ra18-boundary ldc-ra18-paragraph_break,False,,,
library,PASSION24.TEXT.RELATED_HOUR_13,library,ldc_cross_record,,,,,block,paragraph_break,ldc-visual-paragraph-break ldc-ra18-boundary ldc-ra18-paragraph_break,False,,,
library,PASSION24.TEXT.RELATED_HOUR_13,library,ldc_cross_record,,,,,block,paragraph_break,ldc-visual-paragraph-break ldc-ra18-boundary ldc-ra18-paragraph_break,False,,,
library,PASSION24.TEXT.RELATED_HOUR_13,library,ldc_cross_record,,,,,block,paragraph_break,ldc-visual-paragraph-break ldc-ra18-boundary ldc-ra18-paragraph_break,False,,,
library,PASSION24.TEXT.RELATED_HOUR_13,library,ldc_cross_record,,,,,block,paragraph_break,ldc-visual-paragraph-break ldc-ra18-boundary ldc-ra18-paragraph_break,False,,,
library,PASSION24.TEXT.RELATED_HOUR_13,library,ldc_cross_record,,,,,block,paragraph_break,ldc-visual-paragraph-break ldc-ra18-boundary ldc-ra18-paragraph_break,False,,,
library,PASSION24.TEXT.RELATED_HOUR_13,library,ldc_cross_record,,,,,block,paragraph_break,ldc-visual-paragraph-break ldc-ra18-boundary ldc-ra18-paragraph_break,False,,,
library,PASSION24.TEXT.RELATED_HOUR_13,library,ldc_cross_record,,,,,block,paragraph_break,ldc-visual-paragraph-break ldc-ra18-boundary ldc-ra18-paragraph_break,False,,,
library,PASSION24.TEXT.RELATED_HOUR_13,library,ldc_cross_record,,,,,block,paragraph_break,ldc-visual-paragraph-break ldc-ra18-boundary ldc-ra18-paragraph_break,False,,,
library,PASSION24.TEXT.RELATED_HOUR_13,library,ldc_cross_record,,,,,block,paragraph_break,ldc-visual-paragraph-break ldc-ra18-boundary ldc-ra18-paragraph_break,False,,,
library,PASSION24.TEXT.RELATED_HOUR_13,library,ldc_cross_record,,,,,block,paragraph_break,ldc-visual-paragraph-break ldc-ra18-boundary ldc-ra18-paragraph_break,False,,,
library,PASSION24.TEXT.RELATED_HOUR_13,library,ldc_cross_record,,,,,block,paragraph_break,ldc-visual-paragraph-break ldc-ra18-boundary ldc-ra18-paragraph_break,False,,,
library,PASSION24.TEXT.RELATED_HOUR_13,library,ldc_cross_record,,,,,block,paragraph_break,ldc-visual-paragraph-break ldc-ra18-boundary ldc-ra18-paragraph_break,False,,,
library,PASSION24.TEXT.RELATED_HOUR_13,library,ldc_cross_record,,,,,block,paragraph_break,ldc-visual-paragraph-break ldc-ra18-boundary ldc-ra18-paragraph_break,False,,,
library,PASSION24.TEXT.RELATED_HOUR_13,library,ldc_cross_record,,,,,block,paragraph_break,ldc-visual-paragraph-break ldc-ra18-boundary ldc-ra18-paragraph_break,False,,,
library,PASSION24.TEXT.RELATED_HOUR_13,library,ldc_cross_record,,,,,block,paragraph_break,ldc-visual-paragraph-break ldc-ra18-boundary ldc-ra18-paragraph_break,False,,,
library,PASSION24.TEXT.RELATED_HOUR_13,library,ldc_cross_record,,,,,block,paragraph_break,ldc-visual-paragraph-break ldc-ra18-boundary ldc-ra18-paragraph_break,False,,,
library,PASSION24.TEXT.RELATED_HOUR_13,library,ldc_cross_record,,,,,block,paragraph_break,ldc-visual-paragraph-break ldc-ra18-boundary ldc-ra18-paragraph_break,False,,,
library,PASSION24.TEXT.RELATED_HOUR_13,library,ldc_cross_record,,,,,block,paragraph_break,ldc-visual-paragraph-break ldc-ra18-boundary ldc-ra18-paragraph_break,False,,,
library,PASSION24.TEXT.RELATED_HOUR_13,library,ldc_cross_record,,,,,block,paragraph_break,ldc-visual-paragraph-break ldc-ra18-boundary ldc-ra18-paragraph_break,False,,,
library,PASSION24.TEXT.RELATED_HOUR_13,library,ldc_cross_record,,,,,block,paragraph_break,ldc-visual-paragraph-break ldc-ra18-boundary ldc-ra18-paragraph_break,False,,,
library,PASSION24.TEXT.RELATED_HOUR_13,library,ldc_cross_record,,,,,block,paragraph_break,ldc-visual-paragraph-break ldc-ra18-boundary ldc-ra18-paragraph_break,False,,,
library,PASSION24.TEXT.RELATED_HOUR_13,library,ldc_cross_record,,,,,block,paragraph_break,ldc-visual-paragraph-break ldc-ra18-boundary ldc-ra18-paragraph_break,False,,,
library,PASSION24.TEXT.RELATED_HOUR_13,library,ldc_cross_record,,,,,block,paragraph_break,ldc-visual-paragraph-break ldc-ra18-boundary ldc-ra18-paragraph_break,False,,,
library,PASSION24.TEXT.RELATED_HOUR_13,library,ldc_cross_record,,,,,block,paragraph_break,ldc-visual-paragraph-break ldc-ra18-boundary ldc-ra18-paragraph_break,False,,,
library,PASSION24.TEXT.RELATED_HOUR_13,library,ldc_cross_record,,,,,block,paragraph_break,ldc-visual-paragraph-break ldc-ra18-boundary ldc-ra18-paragraph_break,False,,,
library,PASSION24.TEXT.RELATED_HOUR_13,library,ldc_cross_record,,,,,block,paragraph_break,ldc-visual-paragraph-break ldc-ra18-boundary ldc-ra18-paragraph_break,False,,,
library,PASSION24.TEXT.RELATED_HOUR_13,library,ldc_cross_record,,,,,block,paragraph_break,ldc-visual-paragraph-break ldc-ra18-boundary ldc-ra18-paragraph_break,False,,,
library,PASSION24.TEXT.RELATED_HOUR_13,library,ldc_cross_record,,,,,block,paragraph_break,ldc-visual-paragraph-break ldc-ra18-boundary ldc-ra18-paragraph_break,False,,,
library,PASSION24.TEXT.RELATED_HOUR_13,library,ldc_cross_record,,,,,block,paragraph_break,ldc-visual-paragraph-break ldc-ra18-boundary ldc-ra18-paragraph_break,False,,,
library,PASSION24.TEXT.RELATED_HOUR_13,library,ldc_cross_record,,,,,block,paragraph_break,ldc-visual-paragraph-break ldc-ra18-boundary ldc-ra18-paragraph_break,False,,,
library,PASSION24.TEXT.RELATED_HOUR_13,library,ldc_cross_record,,,,,block,paragraph_break,ldc-visual-paragraph-break ldc-ra18-boundary ldc-ra18-paragraph_break,False,,,
library,PASSION24.TEXT.RELATED_HOUR_13,library,ldc_cross_record,,,,,block,paragraph_break,ldc-visual-paragraph-break ldc-ra18-boundary ldc-ra18-paragraph_break,False,,,
library,PASSION24.TEXT.RELATED_HOUR_13,library,ldc_cross_record,,,,,block,paragraph_break,ldc-visual-paragraph-break ldc-ra18-boundary ldc-ra18-paragraph_break,False,,,
library,PASSION24.TEXT.RELATED_HOUR_13,library,ldc_cross_record,,,,,block,paragraph_break,ldc-visual-paragraph-break ldc-ra18-boundary ldc-ra18-paragraph_break,False,,,
library,PASSION24.TEXT.RELATED_HOUR_13,library,ldc_cross_record,,,,,block,paragraph_break,ldc-visual-paragraph-break ldc-ra18-boundary ldc-ra18-paragraph_break,False,,,
library,PASSION24.TEXT.RELATED_HOUR_13,library,ldc_cross_record,,,,,block,paragraph_break,ldc-visual-paragraph-break ldc-ra18-boundary ldc-ra18-paragraph_break,False,,,
library,PASSION24.TEXT.RELATED_HOUR_13,library,ldc_cross_record,,,,,block,paragraph_break,ldc-visual-paragraph-break ldc-ra18-boundary ldc-ra18-paragraph_break,False,,,
library,PASSION24.TEXT.RELATED_HOUR_13,library,ldc_cross_record,,,,,block,paragraph_break,ldc-visual-paragraph-break ldc-ra18-boundary ldc-ra18-paragraph_break,False,,,
library,PASSION24.TEXT.RELATED_HOUR_13,library,ldc_cross_record,,,,,block,paragraph_break,ldc-visual-paragraph-break ldc-ra18-boundary ldc-ra18-paragraph_break,False,,,
library,PASSION24.TEXT.RELATED_HOUR_13,library,ldc_cross_record,,,,,block,paragraph_break,ldc-visual-paragraph-break ldc-ra18-boundary ldc-ra18-paragraph_break,False,,,
library,PASSION24.TEXT.RELATED_HOUR_13,library,ldc_cross_record,,,,,block,paragraph_break,ldc-visual-paragraph-break ldc-ra18-boundary ldc-ra18-paragraph_break,False,,,
library,PASSION24.TEXT.RELATED_HOUR_13,library,ldc_cross_record,,,,,block,paragraph_break,ldc-visual-paragraph-break ldc-ra18-boundary ldc-ra18-paragraph_break,False,,,
library,PASSION24.TEXT.RELATED_HOUR_13,library,ldc_cross_record,,,,,block,paragraph_break,ldc-visual-paragraph-break ldc-ra18-boundary ldc-ra18-paragraph_break,False,,,
library,PASSION24.TEXT.RELATED_HOUR_13,library,ldc_cross_record,,,,,block,paragraph_break,ldc-visual-paragraph-break ldc-ra18-boundary ldc-ra18-paragraph_break,False,,,
library,PASSION24.TEXT.RELATED_HOUR_13,library,ldc_cross_record,,,,,block,paragraph_break,ldc-visual-paragraph-break ldc-ra18-boundary ldc-ra18-paragraph_break,False,,,
library,PASSION24.TEXT.RELATED_HOUR_13,library,ldc_cross_record,,,,,block,paragraph_break,ldc-visual-paragraph-break ldc-ra18-boundary ldc-ra18-paragraph_break,False,,,
library,PASSION24.TEXT.RELATED_HOUR_13,library,ldc_cross_record,,,,,block,paragraph_break,ldc-visual-paragraph-break ldc-ra18-boundary ldc-ra18-paragraph_break,False,,,
library,PASSION24.TEXT.RELATED_HOUR_13,library,ldc_cross_record,,,,,block,paragraph_break,ldc-visual-paragraph-break ldc-ra18-boundary ldc-ra18-paragraph_break,False,,,
library,PASSION24.TEXT.RELATED_HOUR_13,library,ldc_cross_record,,,,,block,paragraph_break,ldc-visual-paragraph-break ldc-ra18-boundary ldc-ra18-paragraph_break,False,,,
library,PASSION24.TEXT.RELATED_HOUR_13,library,speech_presentation_break,PASSION24.TEXT.RELATED_HOUR_13.BODY.P039,422, ,U+0020,block,,speech-end-visual-break speech-presentation-visual-break,True,423,P,
library,PASSION24.TEXT.RELATED_HOUR_13,library,ldc_intra_break,PASSION24.TEXT.RELATED_HOUR_13.BODY.P057,16,M,U+004D,block,paragraph_break,ldc-visual-paragraph-break ldc-ra18-boundary ldc-ra18-paragraph_break,True,16,M,
library,PASSION24.TEXT.RELATED_HOUR_14,library,ldc_cross_record,,,,,block,paragraph_break,ldc-visual-paragraph-break ldc-ra18-boundary ldc-ra18-paragraph_break,False,,,
library,PASSION24.TEXT.RELATED_HOUR_14,library,ldc_cross_record,,,,,block,paragraph_break,ldc-visual-paragraph-break ldc-ra18-boundary ldc-ra18-paragraph_break,False,,,
library,PASSION24.TEXT.RELATED_HOUR_14,library,ldc_cross_record,,,,,block,paragraph_break,ldc-visual-paragraph-break ldc-ra18-boundary ldc-ra18-paragraph_break,False,,,
library,PASSION24.TEXT.RELATED_HOUR_14,library,ldc_cross_record,,,,,block,paragraph_break,ldc-visual-paragraph-break ldc-ra18-boundary ldc-ra18-paragraph_break,False,,,
library,PASSION24.TEXT.RELATED_HOUR_14,library,ldc_cross_record,,,,,block,paragraph_break,ldc-visual-paragraph-break ldc-ra18-boundary ldc-ra18-paragraph_break,False,,,
library,PASSION24.TEXT.RELATED_HOUR_14,library,ldc_cross_record,,,,,block,paragraph_break,ldc-visual-paragraph-break ldc-ra18-boundary ldc-ra18-paragraph_break,False,,,
library,PASSION24.TEXT.RELATED_HOUR_14,library,ldc_cross_record,,,,,block,paragraph_break,ldc-visual-paragraph-break ldc-ra18-boundary ldc-ra18-paragraph_break,False,,,
library,PASSION24.TEXT.RELATED_HOUR_14,library,ldc_cross_record,,,,,block,paragraph_break,ldc-visual-paragraph-break ldc-ra18-boundary ldc-ra18-paragraph_break,False,,,
library,PASSION24.TEXT.RELATED_HOUR_14,library,ldc_cross_record,,,,,block,paragraph_break,ldc-visual-paragraph-break ldc-ra18-boundary ldc-ra18-paragraph_break,False,,,
library,PASSION24.TEXT.RELATED_HOUR_14,library,ldc_cross_record,,,,,block,paragraph_break,ldc-visual-paragraph-break ldc-ra18-boundary ldc-ra18-paragraph_break,False,,,
library,PASSION24.TEXT.RELATED_HOUR_14,library,ldc_cross_record,,,,,block,paragraph_break,ldc-visual-paragraph-break ldc-ra18-boundary ldc-ra18-paragraph_break,False,,,
library,PASSION24.TEXT.RELATED_HOUR_14,library,ldc_cross_record,,,,,block,paragraph_break,ldc-visual-paragraph-break ldc-ra18-boundary ldc-ra18-paragraph_break,False,,,
library,PASSION24.TEXT.RELATED_HOUR_14,library,ldc_cross_record,,,,,block,paragraph_break,ldc-visual-paragraph-break ldc-ra18-boundary ldc-ra18-paragraph_break,False,,,
library,PASSION24.TEXT.RELATED_HOUR_14,library,ldc_cross_record,,,,,block,paragraph_break,ldc-visual-paragraph-break ldc-ra18-boundary ldc-ra18-paragraph_break,False,,,
library,PASSION24.TEXT.RELATED_HOUR_14,library,ldc_cross_record,,,,,block,paragraph_break,ldc-visual-paragraph-break ldc-ra18-boundary ldc-ra18-paragraph_break,False,,,
library,PASSION24.TEXT.RELATED_HOUR_14,library,ldc_cross_record,,,,,block,paragraph_break,ldc-visual-paragraph-break ldc-ra18-boundary ldc-ra18-paragraph_break,False,,,
library,PASSION24.TEXT.RELATED_HOUR_14,library,ldc_cross_record,,,,,block,paragraph_break,ldc-visual-paragraph-break ldc-ra18-boundary ldc-ra18-paragraph_break,False,,,
library,PASSION24.TEXT.RELATED_HOUR_14,library,ldc_cross_record,,,,,block,paragraph_break,ldc-visual-paragraph-break ldc-ra18-boundary ldc-ra18-paragraph_break,False,,,
library,PASSION24.TEXT.RELATED_HOUR_14,library,ldc_cross_record,,,,,block,paragraph_break,ldc-visual-paragraph-break ldc-ra18-boundary ldc-ra18-paragraph_break,False,,,
library,PASSION24.TEXT.RELATED_HOUR_14,library,ldc_cross_record,,,,,block,paragraph_break,ldc-visual-paragraph-break ldc-ra18-boundary ldc-ra18-paragraph_break,False,,,
library,PASSION24.TEXT.RELATED_HOUR_14,library,ldc_cross_record,,,,,block,paragraph_break,ldc-visual-paragraph-break ldc-ra18-boundary ldc-ra18-paragraph_break,False,,,
library,PASSION24.TEXT.RELATED_HOUR_14,library,ldc_cross_record,,,,,block,paragraph_break,ldc-visual-paragraph-break ldc-ra18-boundary ldc-ra18-paragraph_break,False,,,
library,PASSION24.TEXT.RELATED_HOUR_14,library,ldc_cross_record,,,,,block,paragraph_break,ldc-visual-paragraph-break ldc-ra18-boundary ldc-ra18-paragraph_break,False,,,
library,PASSION24.TEXT.RELATED_HOUR_14,library,ldc_cross_record,,,,,block,paragraph_break,ldc-visual-paragraph-break ldc-ra18-boundary ldc-ra18-paragraph_break,False,,,
library,PASSION24.TEXT.RELATED_HOUR_14,library,speech_presentation_break,PASSION24.TEXT.RELATED_HOUR_14.BODY.P019,66, ,U+0020,block,,speech-end-visual-break speech-presentation-visual-break,True,67,P,
library,PASSION24.TEXT.RELATED_HOUR_15,library,ldc_cross_record,,,,,block,paragraph_break,ldc-visual-paragraph-break ldc-ra18-boundary ldc-ra18-paragraph_break,False,,,
library,PASSION24.TEXT.RELATED_HOUR_15,library,ldc_cross_record,,,,,block,paragraph_break,ldc-visual-paragraph-break ldc-ra18-boundary ldc-ra18-paragraph_break,False,,,
library,PASSION24.TEXT.RELATED_HOUR_15,library,ldc_cross_record,,,,,block,paragraph_break,ldc-visual-paragraph-break ldc-ra18-boundary ldc-ra18-paragraph_break,False,,,
library,PASSION24.TEXT.RELATED_HOUR_15,library,ldc_cross_record,,,,,block,paragraph_break,ldc-visual-paragraph-break ldc-ra18-boundary ldc-ra18-paragraph_break,False,,,
library,PASSION24.TEXT.RELATED_HOUR_15,library,ldc_cross_record,,,,,block,paragraph_break,ldc-visual-paragraph-break ldc-ra18-boundary ldc-ra18-paragraph_break,False,,,
library,PASSION24.TEXT.RELATED_HOUR_15,library,ldc_cross_record,,,,,block,paragraph_break,ldc-visual-paragraph-break ldc-ra18-boundary ldc-ra18-paragraph_break,False,,,
library,PASSION24.TEXT.RELATED_HOUR_15,library,ldc_cross_record,,,,,block,paragraph_break,ldc-visual-paragraph-break ldc-ra18-boundary ldc-ra18-paragraph_break,False,,,
library,PASSION24.TEXT.RELATED_HOUR_15,library,ldc_cross_record,,,,,block,paragraph_break,ldc-visual-paragraph-break ldc-ra18-boundary ldc-ra18-paragraph_break,False,,,
library,PASSION24.TEXT.RELATED_HOUR_15,library,ldc_cross_record,,,,,block,paragraph_break,ldc-visual-paragraph-break ldc-ra18-boundary ldc-ra18-paragraph_break,False,,,
library,PASSION24.TEXT.RELATED_HOUR_15,library,ldc_cross_record,,,,,block,paragraph_break,ldc-visual-paragraph-break ldc-ra18-boundary ldc-ra18-paragraph_break,False,,,
library,PASSION24.TEXT.RELATED_HOUR_15,library,ldc_cross_record,,,,,block,paragraph_break,ldc-visual-paragraph-break ldc-ra18-boundary ldc-ra18-paragraph_break,False,,,
library,PASSION24.TEXT.RELATED_HOUR_15,library,ldc_cross_record,,,,,block,paragraph_break,ldc-visual-paragraph-break ldc-ra18-boundary ldc-ra18-paragraph_break,False,,,
library,PASSION24.TEXT.RELATED_HOUR_15,library,ldc_cross_record,,,,,block,paragraph_break,ldc-visual-paragraph-break ldc-ra18-boundary ldc-ra18-paragraph_break,False,,,
library,PASSION24.TEXT.RELATED_HOUR_15,library,ldc_cross_record,,,,,block,paragraph_break,ldc-visual-paragraph-break ldc-ra18-boundary ldc-ra18-paragraph_break,False,,,
library,PASSION24.TEXT.RELATED_HOUR_15,library,ldc_cross_record,,,,,block,paragraph_break,ldc-visual-paragraph-break ldc-ra18-boundary ldc-ra18-paragraph_break,False,,,
library,PASSION24.TEXT.RELATED_HOUR_15,library,ldc_cross_record,,,,,block,paragraph_break,ldc-visual-paragraph-break ldc-ra18-boundary ldc-ra18-paragraph_break,False,,,
library,PASSION24.TEXT.RELATED_HOUR_15,library,ldc_cross_record,,,,,block,paragraph_break,ldc-visual-paragraph-break ldc-ra18-boundary ldc-ra18-paragraph_break,False,,,
library,PASSION24.TEXT.RELATED_HOUR_15,library,ldc_cross_record,,,,,block,paragraph_break,ldc-visual-paragraph-break ldc-ra18-boundary ldc-ra18-paragraph_break,False,,,
library,PASSION24.TEXT.RELATED_HOUR_15,library,ldc_cross_record,,,,,block,paragraph_break,ldc-visual-paragraph-break ldc-ra18-boundary ldc-ra18-paragraph_break,False,,,
library,PASSION24.TEXT.RELATED_HOUR_15,library,ldc_cross_record,,,,,block,paragraph_break,ldc-visual-paragraph-break ldc-ra18-boundary ldc-ra18-paragraph_break,False,,,
library,PASSION24.TEXT.RELATED_HOUR_15,library,ldc_cross_record,,,,,block,paragraph_break,ldc-visual-paragraph-break ldc-ra18-boundary ldc-ra18-paragraph_break,False,,,
library,PASSION24.TEXT.RELATED_HOUR_15,library,ldc_cross_record,,,,,block,paragraph_break,ldc-visual-paragraph-break ldc-ra18-boundary ldc-ra18-paragraph_break,False,,,
library,PASSION24.TEXT.RELATED_HOUR_15,library,ldc_cross_record,,,,,block,paragraph_break,ldc-visual-paragraph-break ldc-ra18-boundary ldc-ra18-paragraph_break,False,,,
library,PASSION24.TEXT.RELATED_HOUR_15,library,ldc_cross_record,,,,,block,paragraph_break,ldc-visual-paragraph-break ldc-ra18-boundary ldc-ra18-paragraph_break,False,,,
library,PASSION24.TEXT.RELATED_HOUR_15,library,ldc_cross_record,,,,,block,paragraph_break,ldc-visual-paragraph-break ldc-ra18-boundary ldc-ra18-paragraph_break,False,,,
library,PASSION24.TEXT.RELATED_HOUR_15,library,ldc_cross_record,,,,,block,paragraph_break,ldc-visual-paragraph-break ldc-ra18-boundary ldc-ra18-paragraph_break,False,,,
library,PASSION24.TEXT.RELATED_HOUR_15,library,ldc_cross_record,,,,,block,paragraph_break,ldc-visual-paragraph-break ldc-ra18-boundary ldc-ra18-paragraph_break,False,,,
library,PASSION24.TEXT.RELATED_HOUR_15,library,ldc_cross_record,,,,,block,paragraph_break,ldc-visual-paragraph-break ldc-ra18-boundary ldc-ra18-paragraph_break,False,,,
library,PASSION24.TEXT.RELATED_HOUR_15,library,ldc_cross_record,,,,,block,paragraph_break,ldc-visual-paragraph-break ldc-ra18-boundary ldc-ra18-paragraph_break,False,,,
library,PASSION24.TEXT.RELATED_HOUR_15,library,ldc_cross_record,,,,,block,paragraph_break,ldc-visual-paragraph-break ldc-ra18-boundary ldc-ra18-paragraph_break,False,,,
library,PASSION24.TEXT.RELATED_HOUR_15,library,ldc_cross_record,,,,,block,paragraph_break,ldc-visual-paragraph-break ldc-ra18-boundary ldc-ra18-paragraph_break,False,,,
library,PASSION24.TEXT.RELATED_HOUR_15,library,ldc_cross_record,,,,,block,paragraph_break,ldc-visual-paragraph-break ldc-ra18-boundary ldc-ra18-paragraph_break,False,,,
library,PASSION24.TEXT.RELATED_HOUR_15,library,ldc_cross_record,,,,,block,paragraph_break,ldc-visual-paragraph-break ldc-ra18-boundary ldc-ra18-paragraph_break,False,,,
library,PASSION24.TEXT.RELATED_HOUR_15,library,ldc_cross_record,,,,,block,paragraph_break,ldc-visual-paragraph-break ldc-ra18-boundary ldc-ra18-paragraph_break,False,,,
library,PASSION24.TEXT.RELATED_HOUR_15,library,ldc_cross_record,,,,,block,paragraph_break,ldc-visual-paragraph-break ldc-ra18-boundary ldc-ra18-paragraph_break,False,,,
library,PASSION24.TEXT.RELATED_HOUR_15,library,ldc_cross_record,,,,,block,paragraph_break,ldc-visual-paragraph-break ldc-ra18-boundary ldc-ra18-paragraph_break,False,,,
library,PASSION24.TEXT.RELATED_HOUR_15,library,ldc_cross_record,,,,,block,paragraph_break,ldc-visual-paragraph-break ldc-ra18-boundary ldc-ra18-paragraph_break,False,,,
library,PASSION24.TEXT.RELATED_HOUR_15,library,ldc_cross_record,,,,,block,paragraph_break,ldc-visual-paragraph-break ldc-ra18-boundary ldc-ra18-paragraph_break,False,,,
library,PASSION24.TEXT.RELATED_HOUR_15,library,ldc_cross_record,,,,,block,paragraph_break,ldc-visual-paragraph-break ldc-ra18-boundary ldc-ra18-paragraph_break,False,,,
library,PASSION24.TEXT.RELATED_HOUR_15,library,ldc_cross_record,,,,,block,paragraph_break,ldc-visual-paragraph-break ldc-ra18-boundary ldc-ra18-paragraph_break,False,,,
library,PASSION24.TEXT.RELATED_HOUR_15,library,ldc_cross_record,,,,,block,paragraph_break,ldc-visual-paragraph-break ldc-ra18-boundary ldc-ra18-paragraph_break,False,,,
library,PASSION24.TEXT.RELATED_HOUR_15,library,ldc_cross_record,,,,,block,paragraph_break,ldc-visual-paragraph-break ldc-ra18-boundary ldc-ra18-paragraph_break,False,,,
library,PASSION24.TEXT.RELATED_HOUR_15,library,ldc_cross_record,,,,,block,paragraph_break,ldc-visual-paragraph-break ldc-ra18-boundary ldc-ra18-paragraph_break,False,,,
library,PASSION24.TEXT.RELATED_HOUR_15,library,ldc_cross_record,,,,,block,paragraph_break,ldc-visual-paragraph-break ldc-ra18-boundary ldc-ra18-paragraph_break,False,,,
library,PASSION24.TEXT.RELATED_HOUR_15,library,ldc_cross_record,,,,,block,paragraph_break,ldc-visual-paragraph-break ldc-ra18-boundary ldc-ra18-paragraph_break,False,,,
library,PASSION24.TEXT.RELATED_HOUR_15,library,ldc_cross_record,,,,,block,paragraph_break,ldc-visual-paragraph-break ldc-ra18-boundary ldc-ra18-paragraph_break,False,,,
library,PASSION24.TEXT.RELATED_HOUR_15,library,ldc_cross_record,,,,,block,paragraph_break,ldc-visual-paragraph-break ldc-ra18-boundary ldc-ra18-paragraph_break,False,,,
library,PASSION24.TEXT.RELATED_HOUR_15,library,ldc_cross_record,,,,,block,paragraph_break,ldc-visual-paragraph-break ldc-ra18-boundary ldc-ra18-paragraph_break,False,,,
library,PASSION24.TEXT.RELATED_HOUR_15,library,ldc_cross_record,,,,,block,paragraph_break,ldc-visual-paragraph-break ldc-ra18-boundary ldc-ra18-paragraph_break,False,,,
library,PASSION24.TEXT.RELATED_HOUR_15,library,ldc_cross_record,,,,,block,paragraph_break,ldc-visual-paragraph-break ldc-ra18-boundary ldc-ra18-paragraph_break,False,,,
library,PASSION24.TEXT.RELATED_HOUR_15,library,ldc_cross_record,,,,,block,paragraph_break,ldc-visual-paragraph-break ldc-ra18-boundary ldc-ra18-paragraph_break,False,,,
library,PASSION24.TEXT.RELATED_HOUR_15,library,ldc_cross_record,,,,,block,paragraph_break,ldc-visual-paragraph-break ldc-ra18-boundary ldc-ra18-paragraph_break,False,,,
library,PASSION24.TEXT.RELATED_HOUR_15,library,ldc_cross_record,,,,,block,paragraph_break,ldc-visual-paragraph-break ldc-ra18-boundary ldc-ra18-paragraph_break,False,,,
library,PASSION24.TEXT.RELATED_HOUR_15,library,ldc_cross_record,,,,,block,paragraph_break,ldc-visual-paragraph-break ldc-ra18-boundary ldc-ra18-paragraph_break,False,,,
library,PASSION24.TEXT.RELATED_HOUR_15,library,ldc_cross_record,,,,,block,paragraph_break,ldc-visual-paragraph-break ldc-ra18-boundary ldc-ra18-paragraph_break,False,,,
library,PASSION24.TEXT.RELATED_HOUR_15,library,ldc_cross_record,,,,,block,paragraph_break,ldc-visual-paragraph-break ldc-ra18-boundary ldc-ra18-paragraph_break,False,,,
library,PASSION24.TEXT.RELATED_HOUR_15,library,ldc_cross_record,,,,,block,paragraph_break,ldc-visual-paragraph-break ldc-ra18-boundary ldc-ra18-paragraph_break,False,,,
library,PASSION24.TEXT.RELATED_HOUR_15,library,ldc_cross_record,,,,,block,paragraph_break,ldc-visual-paragraph-break ldc-ra18-boundary ldc-ra18-paragraph_break,False,,,
library,PASSION24.TEXT.RELATED_HOUR_15,library,ldc_cross_record,,,,,block,paragraph_break,ldc-visual-paragraph-break ldc-ra18-boundary ldc-ra18-paragraph_break,False,,,
library,PASSION24.TEXT.RELATED_HOUR_15,library,ldc_cross_record,,,,,block,paragraph_break,ldc-visual-paragraph-break ldc-ra18-boundary ldc-ra18-paragraph_break,False,,,
library,PASSION24.TEXT.RELATED_HOUR_15,library,ldc_cross_record,,,,,block,paragraph_break,ldc-visual-paragraph-break ldc-ra18-boundary ldc-ra18-paragraph_break,False,,,
library,PASSION24.TEXT.RELATED_HOUR_15,library,ldc_cross_record,,,,,block,paragraph_break,ldc-visual-paragraph-break ldc-ra18-boundary ldc-ra18-paragraph_break,False,,,
library,PASSION24.TEXT.RELATED_HOUR_15,library,ldc_cross_record,,,,,block,paragraph_break,ldc-visual-paragraph-break ldc-ra18-boundary ldc-ra18-paragraph_break,False,,,
library,PASSION24.TEXT.RELATED_HOUR_15,library,ldc_cross_record,,,,,block,paragraph_break,ldc-visual-paragraph-break ldc-ra18-boundary ldc-ra18-paragraph_break,False,,,
library,PASSION24.TEXT.RELATED_HOUR_15,library,ldc_cross_record,,,,,block,paragraph_break,ldc-visual-paragraph-break ldc-ra18-boundary ldc-ra18-paragraph_break,False,,,
library,PASSION24.TEXT.RELATED_HOUR_15,library,ldc_cross_record,,,,,block,paragraph_break,ldc-visual-paragraph-break ldc-ra18-boundary ldc-ra18-paragraph_break,False,,,
library,PASSION24.TEXT.RELATED_HOUR_15,library,ldc_cross_record,,,,,block,paragraph_break,ldc-visual-paragraph-break ldc-ra18-boundary ldc-ra18-paragraph_break,False,,,
library,PASSION24.TEXT.RELATED_HOUR_15,library,ldc_cross_record,,,,,block,paragraph_break,ldc-visual-paragraph-break ldc-ra18-boundary ldc-ra18-paragraph_break,False,,,
library,PASSION24.TEXT.RELATED_HOUR_15,library,ldc_cross_record,,,,,block,paragraph_break,ldc-visual-paragraph-break ldc-ra18-boundary ldc-ra18-paragraph_break,False,,,
library,PASSION24.TEXT.RELATED_HOUR_15,library,ldc_cross_record,,,,,block,paragraph_break,ldc-visual-paragraph-break ldc-ra18-boundary ldc-ra18-paragraph_break,False,,,
library,PASSION24.TEXT.RELATED_HOUR_15,library,ldc_cross_record,,,,,block,paragraph_break,ldc-visual-paragraph-break ldc-ra18-boundary ldc-ra18-paragraph_break,False,,,
library,PASSION24.TEXT.RELATED_HOUR_15,library,ldc_cross_record,,,,,block,paragraph_break,ldc-visual-paragraph-break ldc-ra18-boundary ldc-ra18-paragraph_break,False,,,
library,PASSION24.TEXT.RELATED_HOUR_15,library,ldc_cross_record,,,,,block,paragraph_break,ldc-visual-paragraph-break ldc-ra18-boundary ldc-ra18-paragraph_break,False,,,
library,PASSION24.TEXT.RELATED_HOUR_15,library,ldc_cross_record,,,,,block,paragraph_break,ldc-visual-paragraph-break ldc-ra18-boundary ldc-ra18-paragraph_break,False,,,
library,PASSION24.TEXT.RELATED_HOUR_15,library,ldc_cross_record,,,,,block,paragraph_break,ldc-visual-paragraph-break ldc-ra18-boundary ldc-ra18-paragraph_break,False,,,
library,PASSION24.TEXT.RELATED_HOUR_15,library,ldc_cross_record,,,,,block,paragraph_break,ldc-visual-paragraph-break ldc-ra18-boundary ldc-ra18-paragraph_break,False,,,
library,PASSION24.TEXT.RELATED_HOUR_15,library,ldc_cross_record,,,,,block,paragraph_break,ldc-visual-paragraph-break ldc-ra18-boundary ldc-ra18-paragraph_break,False,,,
library,PASSION24.TEXT.RELATED_HOUR_15,library,ldc_cross_record,,,,,block,paragraph_break,ldc-visual-paragraph-break ldc-ra18-boundary ldc-ra18-paragraph_break,False,,,
library,PASSION24.TEXT.RELATED_HOUR_15,library,ldc_cross_record,,,,,block,paragraph_break,ldc-visual-paragraph-break ldc-ra18-boundary ldc-ra18-paragraph_break,False,,,
library,PASSION24.TEXT.RELATED_HOUR_15,library,ldc_cross_record,,,,,block,paragraph_break,ldc-visual-paragraph-break ldc-ra18-boundary ldc-ra18-paragraph_break,False,,,
library,PASSION24.TEXT.RELATED_HOUR_15,library,ldc_cross_record,,,,,block,paragraph_break,ldc-visual-paragraph-break ldc-ra18-boundary ldc-ra18-paragraph_break,False,,,
library,PASSION24.TEXT.RELATED_HOUR_15,library,ldc_cross_record,,,,,block,paragraph_break,ldc-visual-paragraph-break ldc-ra18-boundary ldc-ra18-paragraph_break,False,,,
library,PASSION24.TEXT.RELATED_HOUR_15,library,ldc_cross_record,,,,,block,paragraph_break,ldc-visual-paragraph-break ldc-ra18-boundary ldc-ra18-paragraph_break,False,,,
library,PASSION24.TEXT.RELATED_HOUR_15,library,ldc_cross_record,,,,,block,paragraph_break,ldc-visual-paragraph-break ldc-ra18-boundary ldc-ra18-paragraph_break,False,,,
library,PASSION24.TEXT.RELATED_HOUR_15,library,ldc_cross_record,,,,,block,paragraph_break,ldc-visual-paragraph-break ldc-ra18-boundary ldc-ra18-paragraph_break,False,,,
library,PASSION24.TEXT.RELATED_HOUR_15,library,ldc_cross_record,,,,,block,paragraph_break,ldc-visual-paragraph-break ldc-ra18-boundary ldc-ra18-paragraph_break,False,,,
library,PASSION24.TEXT.RELATED_HOUR_15,library,ldc_cross_record,,,,,block,paragraph_break,ldc-visual-paragraph-break ldc-ra18-boundary ldc-ra18-paragraph_break,False,,,
library,PASSION24.TEXT.RELATED_HOUR_15,library,ldc_cross_record,,,,,block,paragraph_break,ldc-visual-paragraph-break ldc-ra18-boundary ldc-ra18-paragraph_break,False,,,
library,PASSION24.TEXT.RELATED_HOUR_15,library,ldc_cross_record,,,,,block,paragraph_break,ldc-visual-paragraph-break ldc-ra18-boundary ldc-ra18-paragraph_break,False,,,
library,PASSION24.TEXT.RELATED_HOUR_15,library,ldc_cross_record,,,,,block,paragraph_break,ldc-visual-paragraph-break ldc-ra18-boundary ldc-ra18-paragraph_break,False,,,
library,PASSION24.TEXT.RELATED_HOUR_15,library,ldc_cross_record,,,,,block,paragraph_break,ldc-visual-paragraph-break ldc-ra18-boundary ldc-ra18-paragraph_break,False,,,
library,PASSION24.TEXT.RELATED_HOUR_15,library,ldc_cross_record,,,,,block,paragraph_break,ldc-visual-paragraph-break ldc-ra18-boundary ldc-ra18-paragraph_break,False,,,
library,PASSION24.TEXT.RELATED_HOUR_15,library,ldc_cross_record,,,,,block,paragraph_break,ldc-visual-paragraph-break ldc-ra18-boundary ldc-ra18-paragraph_break,False,,,
library,PASSION24.TEXT.RELATED_HOUR_15,library,ldc_cross_record,,,,,block,paragraph_break,ldc-visual-paragraph-break ldc-ra18-boundary ldc-ra18-paragraph_break,False,,,
library,PASSION24.TEXT.RELATED_HOUR_15,library,ldc_cross_record,,,,,block,paragraph_break,ldc-visual-paragraph-break ldc-ra18-boundary ldc-ra18-paragraph_break,False,,,
library,PASSION24.TEXT.RELATED_HOUR_15,library,ldc_cross_record,,,,,block,paragraph_break,ldc-visual-paragraph-break ldc-ra18-boundary ldc-ra18-paragraph_break,False,,,
library,PASSION24.TEXT.RELATED_HOUR_15,library,ldc_cross_record,,,,,block,paragraph_break,ldc-visual-paragraph-break ldc-ra18-boundary ldc-ra18-paragraph_break,False,,,
library,PASSION24.TEXT.RELATED_HOUR_15,library,ldc_cross_record,,,,,block,paragraph_break,ldc-visual-paragraph-break ldc-ra18-boundary ldc-ra18-paragraph_break,False,,,
library,PASSION24.TEXT.RELATED_HOUR_15,library,ldc_cross_record,,,,,block,paragraph_break,ldc-visual-paragraph-break ldc-ra18-boundary ldc-ra18-paragraph_break,False,,,
library,PASSION24.TEXT.RELATED_HOUR_15,library,ldc_cross_record,,,,,block,paragraph_break,ldc-visual-paragraph-break ldc-ra18-boundary ldc-ra18-paragraph_break,False,,,
library,PASSION24.TEXT.RELATED_HOUR_15,library,ldc_cross_record,,,,,block,paragraph_break,ldc-visual-paragraph-break ldc-ra18-boundary ldc-ra18-paragraph_break,False,,,
library,PASSION24.TEXT.RELATED_HOUR_15,library,ldc_cross_record,,,,,block,paragraph_break,ldc-visual-paragraph-break ldc-ra18-boundary ldc-ra18-paragraph_break,False,,,
library,PASSION24.TEXT.RELATED_HOUR_15,library,ldc_cross_record,,,,,block,paragraph_break,ldc-visual-paragraph-break ldc-ra18-boundary ldc-ra18-paragraph_break,False,,,
library,PASSION24.TEXT.RELATED_HOUR_15,library,ldc_cross_record,,,,,block,paragraph_break,ldc-visual-paragraph-break ldc-ra18-boundary ldc-ra18-paragraph_break,False,,,
library,PASSION24.TEXT.RELATED_HOUR_15,library,ldc_cross_record,,,,,block,paragraph_break,ldc-visual-paragraph-break ldc-ra18-boundary ldc-ra18-paragraph_break,False,,,
library,PASSION24.TEXT.RELATED_HOUR_15,library,ldc_cross_record,,,,,block,paragraph_break,ldc-visual-paragraph-break ldc-ra18-boundary ldc-ra18-paragraph_break,False,,,
library,PASSION24.TEXT.RELATED_HOUR_15,library,ldc_cross_record,,,,,block,paragraph_break,ldc-visual-paragraph-break ldc-ra18-boundary ldc-ra18-paragraph_break,False,,,
library,PASSION24.TEXT.RELATED_HOUR_15,library,ldc_cross_record,,,,,block,paragraph_break,ldc-visual-paragraph-break ldc-ra18-boundary ldc-ra18-paragraph_break,False,,,
library,PASSION24.TEXT.RELATED_HOUR_15,library,ldc_cross_record,,,,,block,paragraph_break,ldc-visual-paragraph-break ldc-ra18-boundary ldc-ra18-paragraph_break,False,,,
library,PASSION24.TEXT.RELATED_HOUR_15,library,ldc_cross_record,,,,,block,paragraph_break,ldc-visual-paragraph-break ldc-ra18-boundary ldc-ra18-paragraph_break,False,,,
library,PASSION24.TEXT.RELATED_HOUR_15,library,ldc_cross_record,,,,,block,paragraph_break,ldc-visual-paragraph-break ldc-ra18-boundary ldc-ra18-paragraph_break,False,,,
library,PASSION24.TEXT.RELATED_HOUR_15,library,ldc_cross_record,,,,,block,paragraph_break,ldc-visual-paragraph-break ldc-ra18-boundary ldc-ra18-paragraph_break,False,,,
library,PASSION24.TEXT.RELATED_HOUR_15,library,ldc_cross_record,,,,,block,paragraph_break,ldc-visual-paragraph-break ldc-ra18-boundary ldc-ra18-paragraph_break,False,,,
library,PASSION24.TEXT.RELATED_HOUR_15,library,ldc_cross_record,,,,,block,paragraph_break,ldc-visual-paragraph-break ldc-ra18-boundary ldc-ra18-paragraph_break,False,,,
library,PASSION24.TEXT.RELATED_HOUR_15,library,ldc_cross_record,,,,,block,paragraph_break,ldc-visual-paragraph-break ldc-ra18-boundary ldc-ra18-paragraph_break,False,,,
library,PASSION24.TEXT.RELATED_HOUR_15,library,ldc_cross_record,,,,,block,paragraph_break,ldc-visual-paragraph-break ldc-ra18-boundary ldc-ra18-paragraph_break,False,,,
library,PASSION24.TEXT.RELATED_HOUR_15,library,ldc_cross_record,,,,,block,paragraph_break,ldc-visual-paragraph-break ldc-ra18-boundary ldc-ra18-paragraph_break,False,,,
library,PASSION24.TEXT.RELATED_HOUR_15,library,ldc_cross_record,,,,,block,paragraph_break,ldc-visual-paragraph-break ldc-ra18-boundary ldc-ra18-paragraph_break,False,,,
library,PASSION24.TEXT.RELATED_HOUR_15,library,ldc_cross_record,,,,,block,paragraph_break,ldc-visual-paragraph-break ldc-ra18-boundary ldc-ra18-paragraph_break,False,,,
library,PASSION24.TEXT.RELATED_HOUR_15,library,ldc_cross_record,,,,,block,paragraph_break,ldc-visual-paragraph-break ldc-ra18-boundary ldc-ra18-paragraph_break,False,,,
library,PASSION24.TEXT.RELATED_HOUR_15,library,ldc_cross_record,,,,,block,paragraph_break,ldc-visual-paragraph-break ldc-ra18-boundary ldc-ra18-paragraph_break,False,,,
library,PASSION24.TEXT.RELATED_HOUR_15,library,ldc_cross_record,,,,,block,paragraph_break,ldc-visual-paragraph-break ldc-ra18-boundary ldc-ra18-paragraph_break,False,,,
library,PASSION24.TEXT.RELATED_HOUR_15,library,ldc_cross_record,,,,,block,paragraph_break,ldc-visual-paragraph-break ldc-ra18-boundary ldc-ra18-paragraph_break,False,,,
library,PASSION24.TEXT.RELATED_HOUR_15,library,ldc_cross_record,,,,,block,paragraph_break,ldc-visual-paragraph-break ldc-ra18-boundary ldc-ra18-paragraph_break,False,,,
library,PASSION24.TEXT.RELATED_HOUR_15,library,ldc_cross_record,,,,,block,paragraph_break,ldc-visual-paragraph-break ldc-ra18-boundary ldc-ra18-paragraph_break,False,,,
library,PASSION24.TEXT.RELATED_HOUR_15,library,ldc_cross_record,,,,,block,paragraph_break,ldc-visual-paragraph-break ldc-ra18-boundary ldc-ra18-paragraph_break,False,,,
library,PASSION24.TEXT.RELATED_HOUR_15,library,ldc_cross_record,,,,,block,paragraph_break,ldc-visual-paragraph-break ldc-ra18-boundary ldc-ra18-paragraph_break,False,,,
library,PASSION24.TEXT.RELATED_HOUR_15,library,ldc_cross_record,,,,,block,paragraph_break,ldc-visual-paragraph-break ldc-ra18-boundary ldc-ra18-paragraph_break,False,,,
library,PASSION24.TEXT.RELATED_HOUR_15,library,ldc_cross_record,,,,,block,paragraph_break,ldc-visual-paragraph-break ldc-ra18-boundary ldc-ra18-paragraph_break,False,,,
library,PASSION24.TEXT.RELATED_HOUR_15,library,ldc_cross_record,,,,,block,paragraph_break,ldc-visual-paragraph-break ldc-ra18-boundary ldc-ra18-paragraph_break,False,,,
library,PASSION24.TEXT.RELATED_HOUR_15,library,ldc_cross_record,,,,,block,paragraph_break,ldc-visual-paragraph-break ldc-ra18-boundary ldc-ra18-paragraph_break,False,,,
library,PASSION24.TEXT.RELATED_HOUR_15,library,ldc_cross_record,,,,,block,paragraph_break,ldc-visual-paragraph-break ldc-ra18-boundary ldc-ra18-paragraph_break,False,,,
library,PASSION24.TEXT.RELATED_HOUR_15,library,ldc_cross_record,,,,,block,paragraph_break,ldc-visual-paragraph-break ldc-ra18-boundary ldc-ra18-paragraph_break,False,,,
library,PASSION24.TEXT.RELATED_HOUR_15,library,ldc_cross_record,,,,,block,paragraph_break,ldc-visual-paragraph-break ldc-ra18-boundary ldc-ra18-paragraph_break,False,,,
library,PASSION24.TEXT.RELATED_HOUR_15,library,ldc_cross_record,,,,,block,paragraph_break,ldc-visual-paragraph-break ldc-ra18-boundary ldc-ra18-paragraph_break,False,,,
library,PASSION24.TEXT.RELATED_HOUR_15,library,ldc_intra_break,PASSION24.TEXT.RELATED_HOUR_15.BODY.P023,10,C,U+0043,block,paragraph_break,ldc-visual-paragraph-break ldc-ra18-boundary ldc-ra18-paragraph_break,True,10,C,
library,PASSION24.TEXT.RELATED_HOUR_15,library,speech_presentation_break,PASSION24.TEXT.RELATED_HOUR_15.BODY.P109,426, ,U+0020,block,,speech-end-visual-break speech-presentation-visual-break,True,427,P,
library,PASSION24.TEXT.RELATED_HOUR_15,library,ldc_intra_break,PASSION24.TEXT.RELATED_HOUR_15.BODY.P180,71,d,U+0064,block,paragraph_break,ldc-visual-paragraph-break ldc-ra18-boundary ldc-ra18-paragraph_break,True,71,d,
library,PASSION24.TEXT.RELATED_HOUR_16,library,ldc_cross_record,,,,,block,paragraph_break,ldc-visual-paragraph-break ldc-ra18-boundary ldc-ra18-paragraph_break,False,,,
library,PASSION24.TEXT.RELATED_HOUR_16,library,ldc_cross_record,,,,,block,paragraph_break,ldc-visual-paragraph-break ldc-ra18-boundary ldc-ra18-paragraph_break,False,,,
library,PASSION24.TEXT.RELATED_HOUR_16,library,ldc_cross_record,,,,,block,paragraph_break,ldc-visual-paragraph-break ldc-ra18-boundary ldc-ra18-paragraph_break,False,,,
library,PASSION24.TEXT.RELATED_HOUR_16,library,ldc_cross_record,,,,,block,paragraph_break,ldc-visual-paragraph-break ldc-ra18-boundary ldc-ra18-paragraph_break,False,,,
library,PASSION24.TEXT.RELATED_HOUR_16,library,ldc_cross_record,,,,,block,paragraph_break,ldc-visual-paragraph-break ldc-ra18-boundary ldc-ra18-paragraph_break,False,,,
library,PASSION24.TEXT.RELATED_HOUR_16,library,ldc_cross_record,,,,,block,paragraph_break,ldc-visual-paragraph-break ldc-ra18-boundary ldc-ra18-paragraph_break,False,,,
library,PASSION24.TEXT.RELATED_HOUR_16,library,ldc_cross_record,,,,,block,paragraph_break,ldc-visual-paragraph-break ldc-ra18-boundary ldc-ra18-paragraph_break,False,,,
library,PASSION24.TEXT.RELATED_HOUR_16,library,ldc_cross_record,,,,,block,paragraph_break,ldc-visual-paragraph-break ldc-ra18-boundary ldc-ra18-paragraph_break,False,,,
library,PASSION24.TEXT.RELATED_HOUR_16,library,ldc_cross_record,,,,,block,paragraph_break,ldc-visual-paragraph-break ldc-ra18-boundary ldc-ra18-paragraph_break,False,,,
library,PASSION24.TEXT.RELATED_HOUR_16,library,ldc_cross_record,,,,,block,paragraph_break,ldc-visual-paragraph-break ldc-ra18-boundary ldc-ra18-paragraph_break,False,,,
library,PASSION24.TEXT.RELATED_HOUR_16,library,ldc_cross_record,,,,,block,paragraph_break,ldc-visual-paragraph-break ldc-ra18-boundary ldc-ra18-paragraph_break,False,,,
library,PASSION24.TEXT.RELATED_HOUR_16,library,ldc_cross_record,,,,,block,paragraph_break,ldc-visual-paragraph-break ldc-ra18-boundary ldc-ra18-paragraph_break,False,,,
library,PASSION24.TEXT.RELATED_HOUR_16,library,ldc_cross_record,,,,,block,paragraph_break,ldc-visual-paragraph-break ldc-ra18-boundary ldc-ra18-paragraph_break,False,,,
library,PASSION24.TEXT.RELATED_HOUR_16,library,ldc_cross_record,,,,,block,paragraph_break,ldc-visual-paragraph-break ldc-ra18-boundary ldc-ra18-paragraph_break,False,,,
library,PASSION24.TEXT.RELATED_HOUR_16,library,ldc_cross_record,,,,,block,paragraph_break,ldc-visual-paragraph-break ldc-ra18-boundary ldc-ra18-paragraph_break,False,,,
library,PASSION24.TEXT.RELATED_HOUR_16,library,ldc_cross_record,,,,,block,paragraph_break,ldc-visual-paragraph-break ldc-ra18-boundary ldc-ra18-paragraph_break,False,,,
library,PASSION24.TEXT.RELATED_HOUR_16,library,ldc_cross_record,,,,,block,paragraph_break,ldc-visual-paragraph-break ldc-ra18-boundary ldc-ra18-paragraph_break,False,,,
library,PASSION24.TEXT.RELATED_HOUR_16,library,ldc_cross_record,,,,,block,paragraph_break,ldc-visual-paragraph-break ldc-ra18-boundary ldc-ra18-paragraph_break,False,,,
library,PASSION24.TEXT.RELATED_HOUR_16,library,ldc_cross_record,,,,,block,paragraph_break,ldc-visual-paragraph-break ldc-ra18-boundary ldc-ra18-paragraph_break,False,,,
library,PASSION24.TEXT.RELATED_HOUR_16,library,ldc_cross_record,,,,,block,paragraph_break,ldc-visual-paragraph-break ldc-ra18-boundary ldc-ra18-paragraph_break,False,,,
library,PASSION24.TEXT.RELATED_HOUR_16,library,ldc_cross_record,,,,,block,paragraph_break,ldc-visual-paragraph-break ldc-ra18-boundary ldc-ra18-paragraph_break,False,,,
library,PASSION24.TEXT.RELATED_HOUR_16,library,ldc_cross_record,,,,,block,paragraph_break,ldc-visual-paragraph-break ldc-ra18-boundary ldc-ra18-paragraph_break,False,,,
library,PASSION24.TEXT.RELATED_HOUR_16,library,ldc_cross_record,,,,,block,paragraph_break,ldc-visual-paragraph-break ldc-ra18-boundary ldc-ra18-paragraph_break,False,,,
library,PASSION24.TEXT.RELATED_HOUR_16,library,ldc_cross_record,,,,,block,paragraph_break,ldc-visual-paragraph-break ldc-ra18-boundary ldc-ra18-paragraph_break,False,,,
library,PASSION24.TEXT.RELATED_HOUR_16,library,ldc_cross_record,,,,,block,paragraph_break,ldc-visual-paragraph-break ldc-ra18-boundary ldc-ra18-paragraph_break,False,,,
library,PASSION24.TEXT.RELATED_HOUR_16,library,ldc_cross_record,,,,,block,paragraph_break,ldc-visual-paragraph-break ldc-ra18-boundary ldc-ra18-paragraph_break,False,,,
library,PASSION24.TEXT.RELATED_HOUR_16,library,ldc_cross_record,,,,,block,paragraph_break,ldc-visual-paragraph-break ldc-ra18-boundary ldc-ra18-paragraph_break,False,,,
library,PASSION24.TEXT.RELATED_HOUR_16,library,ldc_cross_record,,,,,block,paragraph_break,ldc-visual-paragraph-break ldc-ra18-boundary ldc-ra18-paragraph_break,False,,,
library,PASSION24.TEXT.RELATED_HOUR_16,library,ldc_cross_record,,,,,block,paragraph_break,ldc-visual-paragraph-break ldc-ra18-boundary ldc-ra18-paragraph_break,False,,,
library,PASSION24.TEXT.RELATED_HOUR_16,library,ldc_cross_record,,,,,block,paragraph_break,ldc-visual-paragraph-break ldc-ra18-boundary ldc-ra18-paragraph_break,False,,,
library,PASSION24.TEXT.RELATED_HOUR_16,library,ldc_cross_record,,,,,block,paragraph_break,ldc-visual-paragraph-break ldc-ra18-boundary ldc-ra18-paragraph_break,False,,,
library,PASSION24.TEXT.RELATED_HOUR_16,library,ldc_cross_record,,,,,block,paragraph_break,ldc-visual-paragraph-break ldc-ra18-boundary ldc-ra18-paragraph_break,False,,,
library,PASSION24.TEXT.RELATED_HOUR_16,library,ldc_cross_record,,,,,block,paragraph_break,ldc-visual-paragraph-break ldc-ra18-boundary ldc-ra18-paragraph_break,False,,,
library,PASSION24.TEXT.RELATED_HOUR_16,library,ldc_cross_record,,,,,block,paragraph_break,ldc-visual-paragraph-break ldc-ra18-boundary ldc-ra18-paragraph_break,False,,,
library,PASSION24.TEXT.RELATED_HOUR_16,library,ldc_cross_record,,,,,block,paragraph_break,ldc-visual-paragraph-break ldc-ra18-boundary ldc-ra18-paragraph_break,False,,,
library,PASSION24.TEXT.RELATED_HOUR_16,library,ldc_cross_record,,,,,block,paragraph_break,ldc-visual-paragraph-break ldc-ra18-boundary ldc-ra18-paragraph_break,False,,,
library,PASSION24.TEXT.RELATED_HOUR_16,library,ldc_cross_record,,,,,block,paragraph_break,ldc-visual-paragraph-break ldc-ra18-boundary ldc-ra18-paragraph_break,False,,,
library,PASSION24.TEXT.RELATED_HOUR_16,library,ldc_cross_record,,,,,block,paragraph_break,ldc-visual-paragraph-break ldc-ra18-boundary ldc-ra18-paragraph_break,False,,,
library,PASSION24.TEXT.RELATED_HOUR_16,library,ldc_cross_record,,,,,block,paragraph_break,ldc-visual-paragraph-break ldc-ra18-boundary ldc-ra18-paragraph_break,False,,,
library,PASSION24.TEXT.RELATED_HOUR_16,library,ldc_cross_record,,,,,block,paragraph_break,ldc-visual-paragraph-break ldc-ra18-boundary ldc-ra18-paragraph_break,False,,,
library,PASSION24.TEXT.RELATED_HOUR_16,library,ldc_cross_record,,,,,block,paragraph_break,ldc-visual-paragraph-break ldc-ra18-boundary ldc-ra18-paragraph_break,False,,,
library,PASSION24.TEXT.RELATED_HOUR_16,library,ldc_cross_record,,,,,block,paragraph_break,ldc-visual-paragraph-break ldc-ra18-boundary ldc-ra18-paragraph_break,False,,,
library,PASSION24.TEXT.RELATED_HOUR_16,library,ldc_cross_record,,,,,block,paragraph_break,ldc-visual-paragraph-break ldc-ra18-boundary ldc-ra18-paragraph_break,False,,,
library,PASSION24.TEXT.RELATED_HOUR_16,library,ldc_cross_record,,,,,block,paragraph_break,ldc-visual-paragraph-break ldc-ra18-boundary ldc-ra18-paragraph_break,False,,,
library,PASSION24.TEXT.RELATED_HOUR_16,library,ldc_cross_record,,,,,block,paragraph_break,ldc-visual-paragraph-break ldc-ra18-boundary ldc-ra18-paragraph_break,False,,,
library,PASSION24.TEXT.RELATED_HOUR_16,library,ldc_cross_record,,,,,block,paragraph_break,ldc-visual-paragraph-break ldc-ra18-boundary ldc-ra18-paragraph_break,False,,,
library,PASSION24.TEXT.RELATED_HOUR_16,library,ldc_cross_record,,,,,block,paragraph_break,ldc-visual-paragraph-break ldc-ra18-boundary ldc-ra18-paragraph_break,False,,,
library,PASSION24.TEXT.RELATED_HOUR_16,library,ldc_cross_record,,,,,block,paragraph_break,ldc-visual-paragraph-break ldc-ra18-boundary ldc-ra18-paragraph_break,False,,,
library,PASSION24.TEXT.RELATED_HOUR_16,library,ldc_cross_record,,,,,block,paragraph_break,ldc-visual-paragraph-break ldc-ra18-boundary ldc-ra18-paragraph_break,False,,,
library,PASSION24.TEXT.RELATED_HOUR_16,library,ldc_cross_record,,,,,block,paragraph_break,ldc-visual-paragraph-break ldc-ra18-boundary ldc-ra18-paragraph_break,False,,,
library,PASSION24.TEXT.RELATED_HOUR_16,library,ldc_cross_record,,,,,block,paragraph_break,ldc-visual-paragraph-break ldc-ra18-boundary ldc-ra18-paragraph_break,False,,,
library,PASSION24.TEXT.RELATED_HOUR_16,library,ldc_cross_record,,,,,block,paragraph_break,ldc-visual-paragraph-break ldc-ra18-boundary ldc-ra18-paragraph_break,False,,,
library,PASSION24.TEXT.RELATED_HOUR_16,library,ldc_cross_record,,,,,block,paragraph_break,ldc-visual-paragraph-break ldc-ra18-boundary ldc-ra18-paragraph_break,False,,,
library,PASSION24.TEXT.RELATED_HOUR_16,library,ldc_cross_record,,,,,block,paragraph_break,ldc-visual-paragraph-break ldc-ra18-boundary ldc-ra18-paragraph_break,False,,,
library,PASSION24.TEXT.RELATED_HOUR_16,library,ldc_cross_record,,,,,block,paragraph_break,ldc-visual-paragraph-break ldc-ra18-boundary ldc-ra18-paragraph_break,False,,,
library,PASSION24.TEXT.RELATED_HOUR_16,library,ldc_cross_record,,,,,block,paragraph_break,ldc-visual-paragraph-break ldc-ra18-boundary ldc-ra18-paragraph_break,False,,,
library,PASSION24.TEXT.RELATED_HOUR_16,library,ldc_cross_record,,,,,block,paragraph_break,ldc-visual-paragraph-break ldc-ra18-boundary ldc-ra18-paragraph_break,False,,,
library,PASSION24.TEXT.RELATED_HOUR_16,library,ldc_cross_record,,,,,block,paragraph_break,ldc-visual-paragraph-break ldc-ra18-boundary ldc-ra18-paragraph_break,False,,,
library,PASSION24.TEXT.RELATED_HOUR_16,library,ldc_cross_record,,,,,block,paragraph_break,ldc-visual-paragraph-break ldc-ra18-boundary ldc-ra18-paragraph_break,False,,,
library,PASSION24.TEXT.RELATED_HOUR_16,library,ldc_cross_record,,,,,block,paragraph_break,ldc-visual-paragraph-break ldc-ra18-boundary ldc-ra18-paragraph_break,False,,,
library,PASSION24.TEXT.RELATED_HOUR_16,library,ldc_cross_record,,,,,block,paragraph_break,ldc-visual-paragraph-break ldc-ra18-boundary ldc-ra18-paragraph_break,False,,,
library,PASSION24.TEXT.RELATED_HOUR_16,library,ldc_cross_record,,,,,block,paragraph_break,ldc-visual-paragraph-break ldc-ra18-boundary ldc-ra18-paragraph_break,False,,,
library,PASSION24.TEXT.RELATED_HOUR_16,library,speech_presentation_break,PASSION24.TEXT.RELATED_HOUR_16.BODY.P047,140, ,U+0020,block,,speech-end-visual-break speech-presentation-visual-break,True,141,S,
library,PASSION24.TEXT.RELATED_HOUR_16,library,ldc_intra_break,PASSION24.TEXT.RELATED_HOUR_16.BODY.P050,81,j,U+006A,block,paragraph_break,ldc-visual-paragraph-break ldc-ra18-boundary ldc-ra18-paragraph_break,True,81,j,
library,PASSION24.TEXT.RELATED_HOUR_16,library,speech_presentation_break,PASSION24.TEXT.RELATED_HOUR_16.BODY.P096,250, ,U+0020,block,,speech-end-visual-break speech-presentation-visual-break,True,251,Q,
library,PASSION24.TEXT.RELATED_HOUR_17,library,ldc_cross_record,,,,,block,paragraph_break,ldc-visual-paragraph-break ldc-ra18-boundary ldc-ra18-paragraph_break,False,,,
library,PASSION24.TEXT.RELATED_HOUR_17,library,ldc_cross_record,,,,,block,paragraph_break,ldc-visual-paragraph-break ldc-ra18-boundary ldc-ra18-paragraph_break,False,,,
library,PASSION24.TEXT.RELATED_HOUR_17,library,ldc_cross_record,,,,,block,paragraph_break,ldc-visual-paragraph-break ldc-ra18-boundary ldc-ra18-paragraph_break,False,,,
library,PASSION24.TEXT.RELATED_HOUR_17,library,ldc_cross_record,,,,,block,paragraph_break,ldc-visual-paragraph-break ldc-ra18-boundary ldc-ra18-paragraph_break,False,,,
library,PASSION24.TEXT.RELATED_HOUR_17,library,ldc_cross_record,,,,,block,paragraph_break,ldc-visual-paragraph-break ldc-ra18-boundary ldc-ra18-paragraph_break,False,,,
library,PASSION24.TEXT.RELATED_HOUR_17,library,ldc_cross_record,,,,,block,paragraph_break,ldc-visual-paragraph-break ldc-ra18-boundary ldc-ra18-paragraph_break,False,,,
library,PASSION24.TEXT.RELATED_HOUR_17,library,ldc_cross_record,,,,,block,paragraph_break,ldc-visual-paragraph-break ldc-ra18-boundary ldc-ra18-paragraph_break,False,,,
library,PASSION24.TEXT.RELATED_HOUR_17,library,ldc_cross_record,,,,,block,paragraph_break,ldc-visual-paragraph-break ldc-ra18-boundary ldc-ra18-paragraph_break,False,,,
library,PASSION24.TEXT.RELATED_HOUR_17,library,ldc_cross_record,,,,,block,paragraph_break,ldc-visual-paragraph-break ldc-ra18-boundary ldc-ra18-paragraph_break,False,,,
library,PASSION24.TEXT.RELATED_HOUR_17,library,ldc_cross_record,,,,,block,paragraph_break,ldc-visual-paragraph-break ldc-ra18-boundary ldc-ra18-paragraph_break,False,,,
library,PASSION24.TEXT.RELATED_HOUR_17,library,ldc_cross_record,,,,,block,paragraph_break,ldc-visual-paragraph-break ldc-ra18-boundary ldc-ra18-paragraph_break,False,,,
library,PASSION24.TEXT.RELATED_HOUR_17,library,ldc_cross_record,,,,,block,paragraph_break,ldc-visual-paragraph-break ldc-ra18-boundary ldc-ra18-paragraph_break,False,,,
library,PASSION24.TEXT.RELATED_HOUR_17,library,ldc_cross_record,,,,,block,paragraph_break,ldc-visual-paragraph-break ldc-ra18-boundary ldc-ra18-paragraph_break,False,,,
library,PASSION24.TEXT.RELATED_HOUR_17,library,ldc_cross_record,,,,,block,paragraph_break,ldc-visual-paragraph-break ldc-ra18-boundary ldc-ra18-paragraph_break,False,,,
library,PASSION24.TEXT.RELATED_HOUR_17,library,ldc_cross_record,,,,,block,paragraph_break,ldc-visual-paragraph-break ldc-ra18-boundary ldc-ra18-paragraph_break,False,,,
library,PASSION24.TEXT.RELATED_HOUR_17,library,ldc_cross_record,,,,,block,paragraph_break,ldc-visual-paragraph-break ldc-ra18-boundary ldc-ra18-paragraph_break,False,,,
library,PASSION24.TEXT.RELATED_HOUR_17,library,ldc_cross_record,,,,,block,paragraph_break,ldc-visual-paragraph-break ldc-ra18-boundary ldc-ra18-paragraph_break,False,,,
library,PASSION24.TEXT.RELATED_HOUR_17,library,ldc_cross_record,,,,,block,paragraph_break,ldc-visual-paragraph-break ldc-ra18-boundary ldc-ra18-paragraph_break,False,,,
library,PASSION24.TEXT.RELATED_HOUR_17,library,ldc_cross_record,,,,,block,paragraph_break,ldc-visual-paragraph-break ldc-ra18-boundary ldc-ra18-paragraph_break,False,,,
library,PASSION24.TEXT.RELATED_HOUR_17,library,ldc_cross_record,,,,,block,paragraph_break,ldc-visual-paragraph-break ldc-ra18-boundary ldc-ra18-paragraph_break,False,,,
library,PASSION24.TEXT.RELATED_HOUR_17,library,ldc_cross_record,,,,,block,paragraph_break,ldc-visual-paragraph-break ldc-ra18-boundary ldc-ra18-paragraph_break,False,,,
library,PASSION24.TEXT.RELATED_HOUR_17,library,ldc_cross_record,,,,,block,paragraph_break,ldc-visual-paragraph-break ldc-ra18-boundary ldc-ra18-paragraph_break,False,,,
library,PASSION24.TEXT.RELATED_HOUR_17,library,ldc_cross_record,,,,,block,paragraph_break,ldc-visual-paragraph-break ldc-ra18-boundary ldc-ra18-paragraph_break,False,,,
library,PASSION24.TEXT.RELATED_HOUR_17,library,ldc_cross_record,,,,,block,paragraph_break,ldc-visual-paragraph-break ldc-ra18-boundary ldc-ra18-paragraph_break,False,,,
library,PASSION24.TEXT.RELATED_HOUR_17,library,ldc_cross_record,,,,,block,paragraph_break,ldc-visual-paragraph-break ldc-ra18-boundary ldc-ra18-paragraph_break,False,,,
library,PASSION24.TEXT.RELATED_HOUR_17,library,ldc_cross_record,,,,,block,paragraph_break,ldc-visual-paragraph-break ldc-ra18-boundary ldc-ra18-paragraph_break,False,,,
library,PASSION24.TEXT.RELATED_HOUR_17,library,ldc_cross_record,,,,,block,paragraph_break,ldc-visual-paragraph-break ldc-ra18-boundary ldc-ra18-paragraph_break,False,,,
library,PASSION24.TEXT.RELATED_HOUR_17,library,ldc_cross_record,,,,,block,paragraph_break,ldc-visual-paragraph-break ldc-ra18-boundary ldc-ra18-paragraph_break,False,,,
library,PASSION24.TEXT.RELATED_HOUR_17,library,ldc_cross_record,,,,,block,paragraph_break,ldc-visual-paragraph-break ldc-ra18-boundary ldc-ra18-paragraph_break,False,,,
library,PASSION24.TEXT.RELATED_HOUR_17,library,ldc_cross_record,,,,,block,paragraph_break,ldc-visual-paragraph-break ldc-ra18-boundary ldc-ra18-paragraph_break,False,,,
library,PASSION24.TEXT.RELATED_HOUR_17,library,ldc_cross_record,,,,,block,paragraph_break,ldc-visual-paragraph-break ldc-ra18-boundary ldc-ra18-paragraph_break,False,,,
library,PASSION24.TEXT.RELATED_HOUR_17,library,ldc_cross_record,,,,,block,paragraph_break,ldc-visual-paragraph-break ldc-ra18-boundary ldc-ra18-paragraph_break,False,,,
library,PASSION24.TEXT.RELATED_HOUR_17,library,ldc_cross_record,,,,,block,paragraph_break,ldc-visual-paragraph-break ldc-ra18-boundary ldc-ra18-paragraph_break,False,,,
library,PASSION24.TEXT.RELATED_HOUR_17,library,ldc_cross_record,,,,,block,paragraph_break,ldc-visual-paragraph-break ldc-ra18-boundary ldc-ra18-paragraph_break,False,,,
library,PASSION24.TEXT.RELATED_HOUR_17,library,ldc_cross_record,,,,,block,paragraph_break,ldc-visual-paragraph-break ldc-ra18-boundary ldc-ra18-paragraph_break,False,,,
library,PASSION24.TEXT.RELATED_HOUR_17,library,ldc_cross_record,,,,,block,paragraph_break,ldc-visual-paragraph-break ldc-ra18-boundary ldc-ra18-paragraph_break,False,,,
library,PASSION24.TEXT.RELATED_HOUR_17,library,ldc_cross_record,,,,,block,paragraph_break,ldc-visual-paragraph-break ldc-ra18-boundary ldc-ra18-paragraph_break,False,,,
library,PASSION24.TEXT.RELATED_HOUR_17,library,ldc_cross_record,,,,,block,paragraph_break,ldc-visual-paragraph-break ldc-ra18-boundary ldc-ra18-paragraph_break,False,,,
library,PASSION24.TEXT.RELATED_HOUR_17,library,ldc_cross_record,,,,,block,paragraph_break,ldc-visual-paragraph-break ldc-ra18-boundary ldc-ra18-paragraph_break,False,,,
library,PASSION24.TEXT.RELATED_HOUR_17,library,ldc_cross_record,,,,,block,paragraph_break,ldc-visual-paragraph-break ldc-ra18-boundary ldc-ra18-paragraph_break,False,,,
library,PASSION24.TEXT.RELATED_HOUR_17,library,ldc_cross_record,,,,,block,paragraph_break,ldc-visual-paragraph-break ldc-ra18-boundary ldc-ra18-paragraph_break,False,,,
library,PASSION24.TEXT.RELATED_HOUR_17,library,ldc_cross_record,,,,,block,paragraph_break,ldc-visual-paragraph-break ldc-ra18-boundary ldc-ra18-paragraph_break,False,,,
library,PASSION24.TEXT.RELATED_HOUR_17,library,ldc_cross_record,,,,,block,paragraph_break,ldc-visual-paragraph-break ldc-ra18-boundary ldc-ra18-paragraph_break,False,,,
library,PASSION24.TEXT.RELATED_HOUR_17,library,ldc_cross_record,,,,,block,paragraph_break,ldc-visual-paragraph-break ldc-ra18-boundary ldc-ra18-paragraph_break,False,,,
library,PASSION24.TEXT.RELATED_HOUR_17,library,ldc_cross_record,,,,,block,paragraph_break,ldc-visual-paragraph-break ldc-ra18-boundary ldc-ra18-paragraph_break,False,,,
library,PASSION24.TEXT.RELATED_HOUR_17,library,ldc_cross_record,,,,,block,paragraph_break,ldc-visual-paragraph-break ldc-ra18-boundary ldc-ra18-paragraph_break,False,,,
library,PASSION24.TEXT.RELATED_HOUR_17,library,ldc_cross_record,,,,,block,paragraph_break,ldc-visual-paragraph-break ldc-ra18-boundary ldc-ra18-paragraph_break,False,,,
library,PASSION24.TEXT.RELATED_HOUR_17,library,ldc_cross_record,,,,,block,paragraph_break,ldc-visual-paragraph-break ldc-ra18-boundary ldc-ra18-paragraph_break,False,,,
library,PASSION24.TEXT.RELATED_HOUR_17,library,ldc_cross_record,,,,,block,paragraph_break,ldc-visual-paragraph-break ldc-ra18-boundary ldc-ra18-paragraph_break,False,,,
library,PASSION24.TEXT.RELATED_HOUR_17,library,ldc_cross_record,,,,,block,paragraph_break,ldc-visual-paragraph-break ldc-ra18-boundary ldc-ra18-paragraph_break,False,,,
library,PASSION24.TEXT.RELATED_HOUR_17,library,ldc_cross_record,,,,,block,paragraph_break,ldc-visual-paragraph-break ldc-ra18-boundary ldc-ra18-paragraph_break,False,,,
library,PASSION24.TEXT.RELATED_HOUR_17,library,ldc_cross_record,,,,,block,paragraph_break,ldc-visual-paragraph-break ldc-ra18-boundary ldc-ra18-paragraph_break,False,,,
library,PASSION24.TEXT.RELATED_HOUR_17,library,ldc_cross_record,,,,,block,paragraph_break,ldc-visual-paragraph-break ldc-ra18-boundary ldc-ra18-paragraph_break,False,,,
library,PASSION24.TEXT.RELATED_HOUR_17,library,ldc_cross_record,,,,,block,paragraph_break,ldc-visual-paragraph-break ldc-ra18-boundary ldc-ra18-paragraph_break,False,,,
library,PASSION24.TEXT.RELATED_HOUR_17,library,ldc_cross_record,,,,,block,paragraph_break,ldc-visual-paragraph-break ldc-ra18-boundary ldc-ra18-paragraph_break,False,,,
library,PASSION24.TEXT.RELATED_HOUR_17,library,ldc_cross_record,,,,,block,paragraph_break,ldc-visual-paragraph-break ldc-ra18-boundary ldc-ra18-paragraph_break,False,,,
library,PASSION24.TEXT.RELATED_HOUR_17,library,ldc_cross_record,,,,,block,paragraph_break,ldc-visual-paragraph-break ldc-ra18-boundary ldc-ra18-paragraph_break,False,,,
library,PASSION24.TEXT.RELATED_HOUR_17,library,ldc_cross_record,,,,,block,paragraph_break,ldc-visual-paragraph-break ldc-ra18-boundary ldc-ra18-paragraph_break,False,,,
library,PASSION24.TEXT.RELATED_HOUR_17,library,ldc_cross_record,,,,,block,paragraph_break,ldc-visual-paragraph-break ldc-ra18-boundary ldc-ra18-paragraph_break,False,,,
library,PASSION24.TEXT.RELATED_HOUR_17,library,ldc_cross_record,,,,,block,paragraph_break,ldc-visual-paragraph-break ldc-ra18-boundary ldc-ra18-paragraph_break,False,,,
library,PASSION24.TEXT.RELATED_HOUR_17,library,ldc_cross_record,,,,,block,paragraph_break,ldc-visual-paragraph-break ldc-ra18-boundary ldc-ra18-paragraph_break,False,,,
library,PASSION24.TEXT.RELATED_HOUR_17,library,ldc_cross_record,,,,,block,paragraph_break,ldc-visual-paragraph-break ldc-ra18-boundary ldc-ra18-paragraph_break,False,,,
library,PASSION24.TEXT.RELATED_HOUR_17,library,ldc_cross_record,,,,,block,paragraph_break,ldc-visual-paragraph-break ldc-ra18-boundary ldc-ra18-paragraph_break,False,,,
library,PASSION24.TEXT.RELATED_HOUR_17,library,ldc_cross_record,,,,,block,paragraph_break,ldc-visual-paragraph-break ldc-ra18-boundary ldc-ra18-paragraph_break,False,,,
library,PASSION24.TEXT.RELATED_HOUR_17,library,ldc_cross_record,,,,,block,paragraph_break,ldc-visual-paragraph-break ldc-ra18-boundary ldc-ra18-paragraph_break,False,,,
library,PASSION24.TEXT.RELATED_HOUR_17,library,ldc_cross_record,,,,,block,paragraph_break,ldc-visual-paragraph-break ldc-ra18-boundary ldc-ra18-paragraph_break,False,,,
library,PASSION24.TEXT.RELATED_HOUR_17,library,ldc_cross_record,,,,,block,paragraph_break,ldc-visual-paragraph-break ldc-ra18-boundary ldc-ra18-paragraph_break,False,,,
library,PASSION24.TEXT.RELATED_HOUR_17,library,ldc_cross_record,,,,,block,paragraph_break,ldc-visual-paragraph-break ldc-ra18-boundary ldc-ra18-paragraph_break,False,,,
library,PASSION24.TEXT.RELATED_HOUR_17,library,ldc_cross_record,,,,,block,paragraph_break,ldc-visual-paragraph-break ldc-ra18-boundary ldc-ra18-paragraph_break,False,,,
library,PASSION24.TEXT.RELATED_HOUR_17,library,ldc_cross_record,,,,,block,paragraph_break,ldc-visual-paragraph-break ldc-ra18-boundary ldc-ra18-paragraph_break,False,,,
library,PASSION24.TEXT.RELATED_HOUR_17,library,ldc_cross_record,,,,,block,paragraph_break,ldc-visual-paragraph-break ldc-ra18-boundary ldc-ra18-paragraph_break,False,,,
library,PASSION24.TEXT.RELATED_HOUR_17,library,ldc_cross_record,,,,,block,paragraph_break,ldc-visual-paragraph-break ldc-ra18-boundary ldc-ra18-paragraph_break,False,,,
library,PASSION24.TEXT.RELATED_HOUR_17,library,ldc_cross_record,,,,,block,paragraph_break,ldc-visual-paragraph-break ldc-ra18-boundary ldc-ra18-paragraph_break,False,,,
library,PASSION24.TEXT.RELATED_HOUR_17,library,ldc_cross_record,,,,,block,paragraph_break,ldc-visual-paragraph-break ldc-ra18-boundary ldc-ra18-paragraph_break,False,,,
library,PASSION24.TEXT.RELATED_HOUR_17,library,ldc_cross_record,,,,,block,paragraph_break,ldc-visual-paragraph-break ldc-ra18-boundary ldc-ra18-paragraph_break,False,,,
library,PASSION24.TEXT.RELATED_HOUR_17,library,ldc_cross_record,,,,,block,paragraph_break,ldc-visual-paragraph-break ldc-ra18-boundary ldc-ra18-paragraph_break,False,,,
library,PASSION24.TEXT.RELATED_HOUR_17,library,ldc_cross_record,,,,,block,paragraph_break,ldc-visual-paragraph-break ldc-ra18-boundary ldc-ra18-paragraph_break,False,,,
library,PASSION24.TEXT.RELATED_HOUR_17,library,ldc_cross_record,,,,,block,paragraph_break,ldc-visual-paragraph-break ldc-ra18-boundary ldc-ra18-paragraph_break,False,,,
library,PASSION24.TEXT.RELATED_HOUR_17,library,ldc_cross_record,,,,,block,paragraph_break,ldc-visual-paragraph-break ldc-ra18-boundary ldc-ra18-paragraph_break,False,,,
library,PASSION24.TEXT.RELATED_HOUR_17,library,ldc_cross_record,,,,,block,paragraph_break,ldc-visual-paragraph-break ldc-ra18-boundary ldc-ra18-paragraph_break,False,,,
library,PASSION24.TEXT.RELATED_HOUR_17,library,ldc_cross_record,,,,,block,paragraph_break,ldc-visual-paragraph-break ldc-ra18-boundary ldc-ra18-paragraph_break,False,,,
library,PASSION24.TEXT.RELATED_HOUR_17,library,ldc_cross_record,,,,,block,paragraph_break,ldc-visual-paragraph-break ldc-ra18-boundary ldc-ra18-paragraph_break,False,,,
library,PASSION24.TEXT.RELATED_HOUR_17,library,ldc_cross_record,,,,,block,paragraph_break,ldc-visual-paragraph-break ldc-ra18-boundary ldc-ra18-paragraph_break,False,,,
library,PASSION24.TEXT.RELATED_HOUR_17,library,ldc_cross_record,,,,,block,paragraph_break,ldc-visual-paragraph-break ldc-ra18-boundary ldc-ra18-paragraph_break,False,,,
library,PASSION24.TEXT.RELATED_HOUR_17,library,ldc_cross_record,,,,,block,paragraph_break,ldc-visual-paragraph-break ldc-ra18-boundary ldc-ra18-paragraph_break,False,,,
library,PASSION24.TEXT.RELATED_HOUR_17,library,ldc_cross_record,,,,,block,paragraph_break,ldc-visual-paragraph-break ldc-ra18-boundary ldc-ra18-paragraph_break,False,,,
library,PASSION24.TEXT.RELATED_HOUR_17,library,ldc_cross_record,,,,,block,paragraph_break,ldc-visual-paragraph-break ldc-ra18-boundary ldc-ra18-paragraph_break,False,,,
library,PASSION24.TEXT.RELATED_HOUR_17,library,ldc_cross_record,,,,,block,paragraph_break,ldc-visual-paragraph-break ldc-ra18-boundary ldc-ra18-paragraph_break,False,,,
library,PASSION24.TEXT.RELATED_HOUR_17,library,ldc_cross_record,,,,,block,paragraph_break,ldc-visual-paragraph-break ldc-ra18-boundary ldc-ra18-paragraph_break,False,,,
library,PASSION24.TEXT.RELATED_HOUR_17,library,ldc_cross_record,,,,,block,paragraph_break,ldc-visual-paragraph-break ldc-ra18-boundary ldc-ra18-paragraph_break,False,,,
library,PASSION24.TEXT.RELATED_HOUR_17,library,ldc_cross_record,,,,,block,paragraph_break,ldc-visual-paragraph-break ldc-ra18-boundary ldc-ra18-paragraph_break,False,,,
library,PASSION24.TEXT.RELATED_HOUR_17,library,ldc_cross_record,,,,,block,paragraph_break,ldc-visual-paragraph-break ldc-ra18-boundary ldc-ra18-paragraph_break,False,,,
library,PASSION24.TEXT.RELATED_HOUR_17,library,ldc_cross_record,,,,,block,paragraph_break,ldc-visual-paragraph-break ldc-ra18-boundary ldc-ra18-paragraph_break,False,,,
library,PASSION24.TEXT.RELATED_HOUR_17,library,ldc_cross_record,,,,,block,paragraph_break,ldc-visual-paragraph-break ldc-ra18-boundary ldc-ra18-paragraph_break,False,,,
library,PASSION24.TEXT.RELATED_HOUR_17,library,ldc_cross_record,,,,,block,paragraph_break,ldc-visual-paragraph-break ldc-ra18-boundary ldc-ra18-paragraph_break,False,,,
library,PASSION24.TEXT.RELATED_HOUR_17,library,ldc_cross_record,,,,,block,paragraph_break,ldc-visual-paragraph-break ldc-ra18-boundary ldc-ra18-paragraph_break,False,,,
library,PASSION24.TEXT.RELATED_HOUR_17,library,ldc_cross_record,,,,,block,paragraph_break,ldc-visual-paragraph-break ldc-ra18-boundary ldc-ra18-paragraph_break,False,,,
library,PASSION24.TEXT.RELATED_HOUR_17,library,ldc_cross_record,,,,,block,paragraph_break,ldc-visual-paragraph-break ldc-ra18-boundary ldc-ra18-paragraph_break,False,,,
library,PASSION24.TEXT.RELATED_HOUR_17,library,ldc_cross_record,,,,,block,paragraph_break,ldc-visual-paragraph-break ldc-ra18-boundary ldc-ra18-paragraph_break,False,,,
library,PASSION24.TEXT.RELATED_HOUR_17,library,ldc_cross_record,,,,,block,paragraph_break,ldc-visual-paragraph-break ldc-ra18-boundary ldc-ra18-paragraph_break,False,,,
library,PASSION24.TEXT.RELATED_HOUR_17,library,ldc_cross_record,,,,,block,paragraph_break,ldc-visual-paragraph-break ldc-ra18-boundary ldc-ra18-paragraph_break,False,,,
library,PASSION24.TEXT.RELATED_HOUR_17,library,ldc_cross_record,,,,,block,paragraph_break,ldc-visual-paragraph-break ldc-ra18-boundary ldc-ra18-paragraph_break,False,,,
library,PASSION24.TEXT.RELATED_HOUR_17,library,ldc_cross_record,,,,,block,paragraph_break,ldc-visual-paragraph-break ldc-ra18-boundary ldc-ra18-paragraph_break,False,,,
library,PASSION24.TEXT.RELATED_HOUR_17,library,ldc_cross_record,,,,,block,paragraph_break,ldc-visual-paragraph-break ldc-ra18-boundary ldc-ra18-paragraph_break,False,,,
library,PASSION24.TEXT.RELATED_HOUR_17,library,ldc_cross_record,,,,,block,paragraph_break,ldc-visual-paragraph-break ldc-ra18-boundary ldc-ra18-paragraph_break,False,,,
library,PASSION24.TEXT.RELATED_HOUR_17,library,ldc_cross_record,,,,,block,paragraph_break,ldc-visual-paragraph-break ldc-ra18-boundary ldc-ra18-paragraph_break,False,,,
library,PASSION24.TEXT.RELATED_HOUR_17,library,ldc_cross_record,,,,,block,paragraph_break,ldc-visual-paragraph-break ldc-ra18-boundary ldc-ra18-paragraph_break,False,,,
library,PASSION24.TEXT.RELATED_HOUR_17,library,ldc_cross_record,,,,,block,paragraph_break,ldc-visual-paragraph-break ldc-ra18-boundary ldc-ra18-paragraph_break,False,,,
library,PASSION24.TEXT.RELATED_HOUR_17,library,ldc_cross_record,,,,,block,paragraph_break,ldc-visual-paragraph-break ldc-ra18-boundary ldc-ra18-paragraph_break,False,,,
library,PASSION24.TEXT.RELATED_HOUR_17,library,ldc_cross_record,,,,,block,paragraph_break,ldc-visual-paragraph-break ldc-ra18-boundary ldc-ra18-paragraph_break,False,,,
library,PASSION24.TEXT.RELATED_HOUR_17,library,ldc_cross_record,,,,,block,paragraph_break,ldc-visual-paragraph-break ldc-ra18-boundary ldc-ra18-paragraph_break,False,,,
library,PASSION24.TEXT.RELATED_HOUR_17,library,ldc_cross_record,,,,,block,paragraph_break,ldc-visual-paragraph-break ldc-ra18-boundary ldc-ra18-paragraph_break,False,,,
library,PASSION24.TEXT.RELATED_HOUR_17,library,ldc_cross_record,,,,,block,paragraph_break,ldc-visual-paragraph-break ldc-ra18-boundary ldc-ra18-paragraph_break,False,,,
library,PASSION24.TEXT.RELATED_HOUR_17,library,ldc_cross_record,,,,,block,paragraph_break,ldc-visual-paragraph-break ldc-ra18-boundary ldc-ra18-paragraph_break,False,,,
library,PASSION24.TEXT.RELATED_HOUR_17,library,ldc_cross_record,,,,,block,paragraph_break,ldc-visual-paragraph-break ldc-ra18-boundary ldc-ra18-paragraph_break,False,,,
library,PASSION24.TEXT.RELATED_HOUR_17,library,ldc_cross_record,,,,,block,paragraph_break,ldc-visual-paragraph-break ldc-ra18-boundary ldc-ra18-paragraph_break,False,,,
library,PASSION24.TEXT.RELATED_HOUR_17,library,ldc_cross_record,,,,,block,paragraph_break,ldc-visual-paragraph-break ldc-ra18-boundary ldc-ra18-paragraph_break,False,,,
library,PASSION24.TEXT.RELATED_HOUR_17,library,ldc_cross_record,,,,,block,paragraph_break,ldc-visual-paragraph-break ldc-ra18-boundary ldc-ra18-paragraph_break,False,,,
library,PASSION24.TEXT.RELATED_HOUR_17,library,ldc_cross_record,,,,,block,paragraph_break,ldc-visual-paragraph-break ldc-ra18-boundary ldc-ra18-paragraph_break,False,,,
library,PASSION24.TEXT.RELATED_HOUR_17,library,ldc_cross_record,,,,,block,paragraph_break,ldc-visual-paragraph-break ldc-ra18-boundary ldc-ra18-paragraph_break,False,,,
library,PASSION24.TEXT.RELATED_HOUR_17,library,ldc_cross_record,,,,,block,paragraph_break,ldc-visual-paragraph-break ldc-ra18-boundary ldc-ra18-paragraph_break,False,,,
library,PASSION24.TEXT.RELATED_HOUR_17,library,ldc_cross_record,,,,,block,paragraph_break,ldc-visual-paragraph-break ldc-ra18-boundary ldc-ra18-paragraph_break,False,,,
library,PASSION24.TEXT.RELATED_HOUR_17,library,ldc_cross_record,,,,,block,paragraph_break,ldc-visual-paragraph-break ldc-ra18-boundary ldc-ra18-paragraph_break,False,,,
library,PASSION24.TEXT.RELATED_HOUR_17,library,ldc_cross_record,,,,,block,paragraph_break,ldc-visual-paragraph-break ldc-ra18-boundary ldc-ra18-paragraph_break,False,,,
library,PASSION24.TEXT.RELATED_HOUR_17,library,ldc_cross_record,,,,,block,paragraph_break,ldc-visual-paragraph-break ldc-ra18-boundary ldc-ra18-paragraph_break,False,,,
library,PASSION24.TEXT.RELATED_HOUR_17,library,ldc_cross_record,,,,,block,paragraph_break,ldc-visual-paragraph-break ldc-ra18-boundary ldc-ra18-paragraph_break,False,,,
library,PASSION24.TEXT.RELATED_HOUR_17,library,ldc_cross_record,,,,,block,paragraph_break,ldc-visual-paragraph-break ldc-ra18-boundary ldc-ra18-paragraph_break,False,,,
library,PASSION24.TEXT.RELATED_HOUR_17,library,ldc_cross_record,,,,,block,paragraph_break,ldc-visual-paragraph-break ldc-ra18-boundary ldc-ra18-paragraph_break,False,,,
library,PASSION24.TEXT.RELATED_HOUR_17,library,ldc_cross_record,,,,,block,paragraph_break,ldc-visual-paragraph-break ldc-ra18-boundary ldc-ra18-paragraph_break,False,,,
library,PASSION24.TEXT.RELATED_HOUR_17,library,ldc_cross_record,,,,,block,paragraph_break,ldc-visual-paragraph-break ldc-ra18-boundary ldc-ra18-paragraph_break,False,,,
library,PASSION24.TEXT.RELATED_HOUR_17,library,ldc_cross_record,,,,,block,paragraph_break,ldc-visual-paragraph-break ldc-ra18-boundary ldc-ra18-paragraph_break,False,,,
library,PASSION24.TEXT.RELATED_HOUR_17,library,ldc_cross_record,,,,,block,paragraph_break,ldc-visual-paragraph-break ldc-ra18-boundary ldc-ra18-paragraph_break,False,,,
library,PASSION24.TEXT.RELATED_HOUR_17,library,ldc_cross_record,,,,,block,paragraph_break,ldc-visual-paragraph-break ldc-ra18-boundary ldc-ra18-paragraph_break,False,,,
library,PASSION24.TEXT.RELATED_HOUR_17,library,ldc_cross_record,,,,,block,paragraph_break,ldc-visual-paragraph-break ldc-ra18-boundary ldc-ra18-paragraph_break,False,,,
library,PASSION24.TEXT.RELATED_HOUR_17,library,ldc_cross_record,,,,,block,paragraph_break,ldc-visual-paragraph-break ldc-ra18-boundary ldc-ra18-paragraph_break,False,,,
library,PASSION24.TEXT.RELATED_HOUR_17,library,ldc_cross_record,,,,,block,paragraph_break,ldc-visual-paragraph-break ldc-ra18-boundary ldc-ra18-paragraph_break,False,,,
library,PASSION24.TEXT.RELATED_HOUR_17,library,ldc_cross_record,,,,,block,paragraph_break,ldc-visual-paragraph-break ldc-ra18-boundary ldc-ra18-paragraph_break,False,,,
library,PASSION24.TEXT.RELATED_HOUR_17,library,ldc_cross_record,,,,,block,paragraph_break,ldc-visual-paragraph-break ldc-ra18-boundary ldc-ra18-paragraph_break,False,,,
library,PASSION24.TEXT.RELATED_HOUR_17,library,ldc_cross_record,,,,,block,paragraph_break,ldc-visual-paragraph-break ldc-ra18-boundary ldc-ra18-paragraph_break,False,,,
library,PASSION24.TEXT.RELATED_HOUR_17,library,ldc_cross_record,,,,,block,paragraph_break,ldc-visual-paragraph-break ldc-ra18-boundary ldc-ra18-paragraph_break,False,,,
library,PASSION24.TEXT.RELATED_HOUR_17,library,ldc_cross_record,,,,,block,paragraph_break,ldc-visual-paragraph-break ldc-ra18-boundary ldc-ra18-paragraph_break,False,,,
library,PASSION24.TEXT.RELATED_HOUR_17,library,ldc_cross_record,,,,,block,paragraph_break,ldc-visual-paragraph-break ldc-ra18-boundary ldc-ra18-paragraph_break,False,,,
library,PASSION24.TEXT.RELATED_HOUR_17,library,ldc_cross_record,,,,,block,paragraph_break,ldc-visual-paragraph-break ldc-ra18-boundary ldc-ra18-paragraph_break,False,,,
library,PASSION24.TEXT.RELATED_HOUR_17,library,ldc_cross_record,,,,,block,paragraph_break,ldc-visual-paragraph-break ldc-ra18-boundary ldc-ra18-paragraph_break,False,,,
library,PASSION24.TEXT.RELATED_HOUR_17,library,ldc_cross_record,,,,,block,paragraph_break,ldc-visual-paragraph-break ldc-ra18-boundary ldc-ra18-paragraph_break,False,,,
library,PASSION24.TEXT.RELATED_HOUR_17,library,ldc_cross_record,,,,,block,paragraph_break,ldc-visual-paragraph-break ldc-ra18-boundary ldc-ra18-paragraph_break,False,,,
library,PASSION24.TEXT.RELATED_HOUR_17,library,ldc_cross_record,,,,,block,paragraph_break,ldc-visual-paragraph-break ldc-ra18-boundary ldc-ra18-paragraph_break,False,,,
library,PASSION24.TEXT.RELATED_HOUR_17,library,ldc_cross_record,,,,,block,paragraph_break,ldc-visual-paragraph-break ldc-ra18-boundary ldc-ra18-paragraph_break,False,,,
library,PASSION24.TEXT.RELATED_HOUR_17,library,ldc_cross_record,,,,,block,paragraph_break,ldc-visual-paragraph-break ldc-ra18-boundary ldc-ra18-paragraph_break,False,,,
library,PASSION24.TEXT.RELATED_HOUR_17,library,ldc_cross_record,,,,,block,paragraph_break,ldc-visual-paragraph-break ldc-ra18-boundary ldc-ra18-paragraph_break,False,,,
library,PASSION24.TEXT.RELATED_HOUR_17,library,ldc_cross_record,,,,,block,paragraph_break,ldc-visual-paragraph-break ldc-ra18-boundary ldc-ra18-paragraph_break,False,,,
library,PASSION24.TEXT.RELATED_HOUR_17,library,ldc_cross_record,,,,,block,paragraph_break,ldc-visual-paragraph-break ldc-ra18-boundary ldc-ra18-paragraph_break,False,,,
library,PASSION24.TEXT.RELATED_HOUR_17,library,ldc_cross_record,,,,,block,paragraph_break,ldc-visual-paragraph-break ldc-ra18-boundary ldc-ra18-paragraph_break,False,,,
library,PASSION24.TEXT.RELATED_HOUR_17,library,ldc_cross_record,,,,,block,paragraph_break,ldc-visual-paragraph-break ldc-ra18-boundary ldc-ra18-paragraph_break,False,,,
library,PASSION24.TEXT.RELATED_HOUR_17,library,ldc_cross_record,,,,,block,paragraph_break,ldc-visual-paragraph-break ldc-ra18-boundary ldc-ra18-paragraph_break,False,,,
library,PASSION24.TEXT.RELATED_HOUR_17,library,ldc_cross_record,,,,,block,paragraph_break,ldc-visual-paragraph-break ldc-ra18-boundary ldc-ra18-paragraph_break,False,,,
library,PASSION24.TEXT.RELATED_HOUR_17,library,ldc_cross_record,,,,,block,paragraph_break,ldc-visual-paragraph-break ldc-ra18-boundary ldc-ra18-paragraph_break,False,,,
library,PASSION24.TEXT.RELATED_HOUR_17,library,ldc_cross_record,,,,,block,paragraph_break,ldc-visual-paragraph-break ldc-ra18-boundary ldc-ra18-paragraph_break,False,,,
library,PASSION24.TEXT.RELATED_HOUR_17,library,ldc_cross_record,,,,,block,paragraph_break,ldc-visual-paragraph-break ldc-ra18-boundary ldc-ra18-paragraph_break,False,,,
library,PASSION24.TEXT.RELATED_HOUR_17,library,ldc_cross_record,,,,,block,paragraph_break,ldc-visual-paragraph-break ldc-ra18-boundary ldc-ra18-paragraph_break,False,,,
library,PASSION24.TEXT.RELATED_HOUR_17,library,ldc_cross_record,,,,,block,paragraph_break,ldc-visual-paragraph-break ldc-ra18-boundary ldc-ra18-paragraph_break,False,,,
library,PASSION24.TEXT.RELATED_HOUR_17,library,ldc_cross_record,,,,,block,paragraph_break,ldc-visual-paragraph-break ldc-ra18-boundary ldc-ra18-paragraph_break,False,,,
library,PASSION24.TEXT.RELATED_HOUR_17,library,ldc_cross_record,,,,,block,paragraph_break,ldc-visual-paragraph-break ldc-ra18-boundary ldc-ra18-paragraph_break,False,,,
library,PASSION24.TEXT.RELATED_HOUR_17,library,ldc_cross_record,,,,,block,paragraph_break,ldc-visual-paragraph-break ldc-ra18-boundary ldc-ra18-paragraph_break,False,,,
library,PASSION24.TEXT.RELATED_HOUR_17,library,ldc_cross_record,,,,,block,paragraph_break,ldc-visual-paragraph-break ldc-ra18-boundary ldc-ra18-paragraph_break,False,,,
library,PASSION24.TEXT.RELATED_HOUR_17,library,ldc_cross_record,,,,,block,paragraph_break,ldc-visual-paragraph-break ldc-ra18-boundary ldc-ra18-paragraph_break,False,,,
library,PASSION24.TEXT.RELATED_HOUR_17,library,ldc_cross_record,,,,,block,paragraph_break,ldc-visual-paragraph-break ldc-ra18-boundary ldc-ra18-paragraph_break,False,,,
library,PASSION24.TEXT.RELATED_HOUR_17,library,ldc_cross_record,,,,,block,paragraph_break,ldc-visual-paragraph-break ldc-ra18-boundary ldc-ra18-paragraph_break,False,,,
library,PASSION24.TEXT.RELATED_HOUR_17,library,ldc_cross_record,,,,,block,paragraph_break,ldc-visual-paragraph-break ldc-ra18-boundary ldc-ra18-paragraph_break,False,,,
library,PASSION24.TEXT.RELATED_HOUR_17,library,ldc_cross_record,,,,,block,paragraph_break,ldc-visual-paragraph-break ldc-ra18-boundary ldc-ra18-paragraph_break,False,,,
library,PASSION24.TEXT.RELATED_HOUR_17,library,ldc_cross_record,,,,,block,paragraph_break,ldc-visual-paragraph-break ldc-ra18-boundary ldc-ra18-paragraph_break,False,,,
library,PASSION24.TEXT.RELATED_HOUR_17,library,ldc_cross_record,,,,,block,paragraph_break,ldc-visual-paragraph-break ldc-ra18-boundary ldc-ra18-paragraph_break,False,,,
library,PASSION24.TEXT.RELATED_HOUR_17,library,ldc_cross_record,,,,,block,paragraph_break,ldc-visual-paragraph-break ldc-ra18-boundary ldc-ra18-paragraph_break,False,,,
library,PASSION24.TEXT.RELATED_HOUR_17,library,ldc_cross_record,,,,,block,paragraph_break,ldc-visual-paragraph-break ldc-ra18-boundary ldc-ra18-paragraph_break,False,,,
library,PASSION24.TEXT.RELATED_HOUR_17,library,ldc_cross_record,,,,,block,paragraph_break,ldc-visual-paragraph-break ldc-ra18-boundary ldc-ra18-paragraph_break,False,,,
library,PASSION24.TEXT.RELATED_HOUR_17,library,ldc_cross_record,,,,,block,paragraph_break,ldc-visual-paragraph-break ldc-ra18-boundary ldc-ra18-paragraph_break,False,,,
library,PASSION24.TEXT.RELATED_HOUR_17,library,ldc_cross_record,,,,,block,paragraph_break,ldc-visual-paragraph-break ldc-ra18-boundary ldc-ra18-paragraph_break,False,,,
library,PASSION24.TEXT.RELATED_HOUR_17,library,ldc_intra_break,PASSION24.TEXT.RELATED_HOUR_17.BODY.P023,96,L,U+004C,block,paragraph_break,ldc-visual-paragraph-break ldc-ra18-boundary ldc-ra18-paragraph_break,True,96,L,
library,PASSION24.TEXT.RELATED_HOUR_17,library,speech_presentation_break,PASSION24.TEXT.RELATED_HOUR_17.BODY.P032,102, ,U+0020,block,,speech-end-visual-break speech-presentation-visual-break,True,103,J,
library,PASSION24.TEXT.RELATED_HOUR_17,library,speech_presentation_break,PASSION24.TEXT.RELATED_HOUR_17.BODY.P050,51, ,U+0020,block,,speech-end-visual-break speech-presentation-visual-break,True,52,N,
library,PASSION24.TEXT.RELATED_HOUR_17,library,speech_presentation_break,PASSION24.TEXT.RELATED_HOUR_17.BODY.P051,90, ,U+0020,block,,speech-end-visual-break speech-presentation-visual-break,True,91,«,
library,PASSION24.TEXT.RELATED_HOUR_17,library,ldc_intra_break,PASSION24.TEXT.RELATED_HOUR_17.BODY.P054,203, ,U+0020,block,presentation_break,ldc-visual-paragraph-break ldc-ra18-boundary ldc-ra18-presentation_break,True,204,S,
library,PASSION24.TEXT.RELATED_HOUR_17,library,speech_presentation_break,PASSION24.TEXT.RELATED_HOUR_17.BODY.P057,95, ,U+0020,block,,speech-end-visual-break speech-presentation-visual-break,True,96,A,
library,PASSION24.TEXT.RELATED_HOUR_17,library,speech_presentation_break,PASSION24.TEXT.RELATED_HOUR_17.BODY.P058,50, ,U+0020,block,,speech-end-visual-break speech-presentation-visual-break,True,51,C,
library,PASSION24.TEXT.RELATED_HOUR_17,library,ldc_intra_break,PASSION24.TEXT.RELATED_HOUR_17.BODY.P185,80,l,U+006C,block,paragraph_break,ldc-visual-paragraph-break ldc-ra18-boundary ldc-ra18-paragraph_break,True,80,l,
library,PASSION24.TEXT.RELATED_HOUR_18,library,ldc_cross_record,,,,,block,paragraph_break,ldc-visual-paragraph-break ldc-ra18-boundary ldc-ra18-paragraph_break,False,,,
library,PASSION24.TEXT.RELATED_HOUR_18,library,ldc_cross_record,,,,,block,paragraph_break,ldc-visual-paragraph-break ldc-ra18-boundary ldc-ra18-paragraph_break,False,,,
library,PASSION24.TEXT.RELATED_HOUR_18,library,ldc_cross_record,,,,,block,paragraph_break,ldc-visual-paragraph-break ldc-ra18-boundary ldc-ra18-paragraph_break,False,,,
library,PASSION24.TEXT.RELATED_HOUR_18,library,ldc_cross_record,,,,,block,paragraph_break,ldc-visual-paragraph-break ldc-ra18-boundary ldc-ra18-paragraph_break,False,,,
library,PASSION24.TEXT.RELATED_HOUR_18,library,ldc_cross_record,,,,,block,paragraph_break,ldc-visual-paragraph-break ldc-ra18-boundary ldc-ra18-paragraph_break,False,,,
library,PASSION24.TEXT.RELATED_HOUR_18,library,ldc_cross_record,,,,,block,paragraph_break,ldc-visual-paragraph-break ldc-ra18-boundary ldc-ra18-paragraph_break,False,,,
library,PASSION24.TEXT.RELATED_HOUR_18,library,ldc_cross_record,,,,,block,paragraph_break,ldc-visual-paragraph-break ldc-ra18-boundary ldc-ra18-paragraph_break,False,,,
library,PASSION24.TEXT.RELATED_HOUR_18,library,ldc_cross_record,,,,,block,paragraph_break,ldc-visual-paragraph-break ldc-ra18-boundary ldc-ra18-paragraph_break,False,,,
library,PASSION24.TEXT.RELATED_HOUR_18,library,ldc_cross_record,,,,,block,paragraph_break,ldc-visual-paragraph-break ldc-ra18-boundary ldc-ra18-paragraph_break,False,,,
library,PASSION24.TEXT.RELATED_HOUR_18,library,ldc_cross_record,,,,,block,paragraph_break,ldc-visual-paragraph-break ldc-ra18-boundary ldc-ra18-paragraph_break,False,,,
library,PASSION24.TEXT.RELATED_HOUR_18,library,ldc_cross_record,,,,,block,paragraph_break,ldc-visual-paragraph-break ldc-ra18-boundary ldc-ra18-paragraph_break,False,,,
library,PASSION24.TEXT.RELATED_HOUR_18,library,ldc_cross_record,,,,,block,paragraph_break,ldc-visual-paragraph-break ldc-ra18-boundary ldc-ra18-paragraph_break,False,,,
library,PASSION24.TEXT.RELATED_HOUR_18,library,ldc_cross_record,,,,,block,paragraph_break,ldc-visual-paragraph-break ldc-ra18-boundary ldc-ra18-paragraph_break,False,,,
library,PASSION24.TEXT.RELATED_HOUR_18,library,ldc_cross_record,,,,,block,paragraph_break,ldc-visual-paragraph-break ldc-ra18-boundary ldc-ra18-paragraph_break,False,,,
library,PASSION24.TEXT.RELATED_HOUR_18,library,ldc_cross_record,,,,,block,paragraph_break,ldc-visual-paragraph-break ldc-ra18-boundary ldc-ra18-paragraph_break,False,,,
library,PASSION24.TEXT.RELATED_HOUR_18,library,ldc_cross_record,,,,,block,paragraph_break,ldc-visual-paragraph-break ldc-ra18-boundary ldc-ra18-paragraph_break,False,,,
library,PASSION24.TEXT.RELATED_HOUR_18,library,ldc_cross_record,,,,,block,paragraph_break,ldc-visual-paragraph-break ldc-ra18-boundary ldc-ra18-paragraph_break,False,,,
library,PASSION24.TEXT.RELATED_HOUR_18,library,ldc_cross_record,,,,,block,paragraph_break,ldc-visual-paragraph-break ldc-ra18-boundary ldc-ra18-paragraph_break,False,,,
library,PASSION24.TEXT.RELATED_HOUR_18,library,ldc_cross_record,,,,,block,paragraph_break,ldc-visual-paragraph-break ldc-ra18-boundary ldc-ra18-paragraph_break,False,,,
library,PASSION24.TEXT.RELATED_HOUR_18,library,ldc_cross_record,,,,,block,paragraph_break,ldc-visual-paragraph-break ldc-ra18-boundary ldc-ra18-paragraph_break,False,,,
library,PASSION24.TEXT.RELATED_HOUR_18,library,ldc_cross_record,,,,,block,paragraph_break,ldc-visual-paragraph-break ldc-ra18-boundary ldc-ra18-paragraph_break,False,,,
library,PASSION24.TEXT.RELATED_HOUR_18,library,ldc_cross_record,,,,,block,paragraph_break,ldc-visual-paragraph-break ldc-ra18-boundary ldc-ra18-paragraph_break,False,,,
library,PASSION24.TEXT.RELATED_HOUR_18,library,ldc_cross_record,,,,,block,paragraph_break,ldc-visual-paragraph-break ldc-ra18-boundary ldc-ra18-paragraph_break,False,,,
library,PASSION24.TEXT.RELATED_HOUR_18,library,ldc_cross_record,,,,,block,paragraph_break,ldc-visual-paragraph-break ldc-ra18-boundary ldc-ra18-paragraph_break,False,,,
library,PASSION24.TEXT.RELATED_HOUR_18,library,ldc_cross_record,,,,,block,paragraph_break,ldc-visual-paragraph-break ldc-ra18-boundary ldc-ra18-paragraph_break,False,,,
library,PASSION24.TEXT.RELATED_HOUR_18,library,ldc_cross_record,,,,,block,paragraph_break,ldc-visual-paragraph-break ldc-ra18-boundary ldc-ra18-paragraph_break,False,,,
library,PASSION24.TEXT.RELATED_HOUR_18,library,ldc_cross_record,,,,,block,paragraph_break,ldc-visual-paragraph-break ldc-ra18-boundary ldc-ra18-paragraph_break,False,,,
library,PASSION24.TEXT.RELATED_HOUR_18,library,ldc_cross_record,,,,,block,paragraph_break,ldc-visual-paragraph-break ldc-ra18-boundary ldc-ra18-paragraph_break,False,,,
library,PASSION24.TEXT.RELATED_HOUR_18,library,ldc_cross_record,,,,,block,paragraph_break,ldc-visual-paragraph-break ldc-ra18-boundary ldc-ra18-paragraph_break,False,,,
library,PASSION24.TEXT.RELATED_HOUR_18,library,ldc_cross_record,,,,,block,paragraph_break,ldc-visual-paragraph-break ldc-ra18-boundary ldc-ra18-paragraph_break,False,,,
library,PASSION24.TEXT.RELATED_HOUR_18,library,ldc_cross_record,,,,,block,paragraph_break,ldc-visual-paragraph-break ldc-ra18-boundary ldc-ra18-paragraph_break,False,,,
library,PASSION24.TEXT.RELATED_HOUR_18,library,ldc_cross_record,,,,,block,paragraph_break,ldc-visual-paragraph-break ldc-ra18-boundary ldc-ra18-paragraph_break,False,,,
library,PASSION24.TEXT.RELATED_HOUR_18,library,ldc_cross_record,,,,,block,paragraph_break,ldc-visual-paragraph-break ldc-ra18-boundary ldc-ra18-paragraph_break,False,,,
library,PASSION24.TEXT.RELATED_HOUR_18,library,ldc_intra_break,PASSION24.TEXT.RELATED_HOUR_18.BODY.P067,318,j,U+006A,block,paragraph_break,ldc-visual-paragraph-break ldc-ra18-boundary ldc-ra18-paragraph_break,True,318,j,
library,PASSION24.TEXT.RELATED_HOUR_18,library,speech_presentation_break,PASSION24.TEXT.RELATED_HOUR_18.BODY.P072,274, ,U+0020,block,,speech-end-visual-break speech-presentation-visual-break,True,275,J,
library,PASSION24.TEXT.RELATED_HOUR_19,library,ldc_cross_record,,,,,block,paragraph_break,ldc-visual-paragraph-break ldc-ra18-boundary ldc-ra18-paragraph_break,False,,,
library,PASSION24.TEXT.RELATED_HOUR_19,library,ldc_cross_record,,,,,block,paragraph_break,ldc-visual-paragraph-break ldc-ra18-boundary ldc-ra18-paragraph_break,False,,,
library,PASSION24.TEXT.RELATED_HOUR_19,library,ldc_cross_record,,,,,block,paragraph_break,ldc-visual-paragraph-break ldc-ra18-boundary ldc-ra18-paragraph_break,False,,,
library,PASSION24.TEXT.RELATED_HOUR_19,library,ldc_cross_record,,,,,block,paragraph_break,ldc-visual-paragraph-break ldc-ra18-boundary ldc-ra18-paragraph_break,False,,,
library,PASSION24.TEXT.RELATED_HOUR_19,library,ldc_cross_record,,,,,block,paragraph_break,ldc-visual-paragraph-break ldc-ra18-boundary ldc-ra18-paragraph_break,False,,,
library,PASSION24.TEXT.RELATED_HOUR_19,library,ldc_cross_record,,,,,block,paragraph_break,ldc-visual-paragraph-break ldc-ra18-boundary ldc-ra18-paragraph_break,False,,,
library,PASSION24.TEXT.RELATED_HOUR_19,library,ldc_cross_record,,,,,block,paragraph_break,ldc-visual-paragraph-break ldc-ra18-boundary ldc-ra18-paragraph_break,False,,,
library,PASSION24.TEXT.RELATED_HOUR_19,library,ldc_cross_record,,,,,block,paragraph_break,ldc-visual-paragraph-break ldc-ra18-boundary ldc-ra18-paragraph_break,False,,,
library,PASSION24.TEXT.RELATED_HOUR_19,library,ldc_cross_record,,,,,block,paragraph_break,ldc-visual-paragraph-break ldc-ra18-boundary ldc-ra18-paragraph_break,False,,,
library,PASSION24.TEXT.RELATED_HOUR_19,library,ldc_cross_record,,,,,block,paragraph_break,ldc-visual-paragraph-break ldc-ra18-boundary ldc-ra18-paragraph_break,False,,,
library,PASSION24.TEXT.RELATED_HOUR_19,library,ldc_cross_record,,,,,block,paragraph_break,ldc-visual-paragraph-break ldc-ra18-boundary ldc-ra18-paragraph_break,False,,,
library,PASSION24.TEXT.RELATED_HOUR_19,library,ldc_cross_record,,,,,block,paragraph_break,ldc-visual-paragraph-break ldc-ra18-boundary ldc-ra18-paragraph_break,False,,,
library,PASSION24.TEXT.RELATED_HOUR_19,library,ldc_cross_record,,,,,block,paragraph_break,ldc-visual-paragraph-break ldc-ra18-boundary ldc-ra18-paragraph_break,False,,,
library,PASSION24.TEXT.RELATED_HOUR_19,library,ldc_cross_record,,,,,block,paragraph_break,ldc-visual-paragraph-break ldc-ra18-boundary ldc-ra18-paragraph_break,False,,,
library,PASSION24.TEXT.RELATED_HOUR_19,library,ldc_cross_record,,,,,block,paragraph_break,ldc-visual-paragraph-break ldc-ra18-boundary ldc-ra18-paragraph_break,False,,,
library,PASSION24.TEXT.RELATED_HOUR_19,library,ldc_cross_record,,,,,block,paragraph_break,ldc-visual-paragraph-break ldc-ra18-boundary ldc-ra18-paragraph_break,False,,,
library,PASSION24.TEXT.RELATED_HOUR_19,library,ldc_cross_record,,,,,block,paragraph_break,ldc-visual-paragraph-break ldc-ra18-boundary ldc-ra18-paragraph_break,False,,,
library,PASSION24.TEXT.RELATED_HOUR_19,library,ldc_cross_record,,,,,block,paragraph_break,ldc-visual-paragraph-break ldc-ra18-boundary ldc-ra18-paragraph_break,False,,,
library,PASSION24.TEXT.RELATED_HOUR_19,library,speech_presentation_break,PASSION24.TEXT.RELATED_HOUR_19.BODY.P067,151, ,U+0020,block,,speech-end-visual-break speech-presentation-visual-break,True,152,S,
library,PASSION24.TEXT.RELATED_HOUR_19,library,speech_presentation_break,PASSION24.TEXT.RELATED_HOUR_19.BODY.P074,317, ,U+0020,block,,speech-end-visual-break speech-presentation-visual-break,True,318,E,
library,PASSION24.TEXT.RELATED_HOUR_20,library,ldc_intra_break,PASSION24.TEXT.RELATED_HOUR_20.BODY.P015,105, ,U+0020,block,presentation_break,ldc-visual-paragraph-break ldc-ra18-boundary ldc-ra18-presentation_break,True,106,P,
library,PASSION24.TEXT.RELATED_HOUR_20,library,ldc_intra_break,PASSION24.TEXT.RELATED_HOUR_20.BODY.P023,108, ,U+0020,block,presentation_break,ldc-visual-paragraph-break ldc-ra18-boundary ldc-ra18-presentation_break,True,109,P,
library,PASSION24.TEXT.RELATED_HOUR_20,library,speech_presentation_break,PASSION24.TEXT.RELATED_HOUR_20.BODY.P024,313, ,U+0020,block,,speech-end-visual-break speech-presentation-visual-break,True,314,C,
library,PASSION24.TEXT.RELATED_HOUR_20,library,speech_presentation_break,PASSION24.TEXT.RELATED_HOUR_20.BODY.P028,413, ,U+0020,block,,speech-end-visual-break speech-presentation-visual-break,True,414,E,
library,PASSION24.TEXT.RELATED_HOUR_21,library,ldc_cross_record,,,,,block,paragraph_break,ldc-visual-paragraph-break ldc-ra18-boundary ldc-ra18-paragraph_break,False,,,
library,PASSION24.TEXT.RELATED_HOUR_21,library,ldc_cross_record,,,,,block,paragraph_break,ldc-visual-paragraph-break ldc-ra18-boundary ldc-ra18-paragraph_break,False,,,
library,PASSION24.TEXT.RELATED_HOUR_21,library,ldc_cross_record,,,,,block,paragraph_break,ldc-visual-paragraph-break ldc-ra18-boundary ldc-ra18-paragraph_break,False,,,
library,PASSION24.TEXT.RELATED_HOUR_21,library,ldc_cross_record,,,,,block,paragraph_break,ldc-visual-paragraph-break ldc-ra18-boundary ldc-ra18-paragraph_break,False,,,
library,PASSION24.TEXT.RELATED_HOUR_21,library,ldc_cross_record,,,,,block,paragraph_break,ldc-visual-paragraph-break ldc-ra18-boundary ldc-ra18-paragraph_break,False,,,
library,PASSION24.TEXT.RELATED_HOUR_21,library,ldc_cross_record,,,,,block,paragraph_break,ldc-visual-paragraph-break ldc-ra18-boundary ldc-ra18-paragraph_break,False,,,
library,PASSION24.TEXT.RELATED_HOUR_21,library,ldc_cross_record,,,,,block,paragraph_break,ldc-visual-paragraph-break ldc-ra18-boundary ldc-ra18-paragraph_break,False,,,
library,PASSION24.TEXT.RELATED_HOUR_21,library,ldc_cross_record,,,,,block,paragraph_break,ldc-visual-paragraph-break ldc-ra18-boundary ldc-ra18-paragraph_break,False,,,
library,PASSION24.TEXT.RELATED_HOUR_21,library,ldc_cross_record,,,,,block,paragraph_break,ldc-visual-paragraph-break ldc-ra18-boundary ldc-ra18-paragraph_break,False,,,
library,PASSION24.TEXT.RELATED_HOUR_21,library,ldc_cross_record,,,,,block,paragraph_break,ldc-visual-paragraph-break ldc-ra18-boundary ldc-ra18-paragraph_break,False,,,
library,PASSION24.TEXT.RELATED_HOUR_21,library,ldc_cross_record,,,,,block,paragraph_break,ldc-visual-paragraph-break ldc-ra18-boundary ldc-ra18-paragraph_break,False,,,
library,PASSION24.TEXT.RELATED_HOUR_21,library,ldc_cross_record,,,,,block,paragraph_break,ldc-visual-paragraph-break ldc-ra18-boundary ldc-ra18-paragraph_break,False,,,
library,PASSION24.TEXT.RELATED_HOUR_21,library,ldc_cross_record,,,,,block,paragraph_break,ldc-visual-paragraph-break ldc-ra18-boundary ldc-ra18-paragraph_break,False,,,
library,PASSION24.TEXT.RELATED_HOUR_21,library,ldc_cross_record,,,,,block,paragraph_break,ldc-visual-paragraph-break ldc-ra18-boundary ldc-ra18-paragraph_break,False,,,
library,PASSION24.TEXT.RELATED_HOUR_21,library,ldc_cross_record,,,,,block,paragraph_break,ldc-visual-paragraph-break ldc-ra18-boundary ldc-ra18-paragraph_break,False,,,
library,PASSION24.TEXT.RELATED_HOUR_21,library,ldc_cross_record,,,,,block,paragraph_break,ldc-visual-paragraph-break ldc-ra18-boundary ldc-ra18-paragraph_break,False,,,
library,PASSION24.TEXT.RELATED_HOUR_21,library,ldc_cross_record,,,,,block,paragraph_break,ldc-visual-paragraph-break ldc-ra18-boundary ldc-ra18-paragraph_break,False,,,
library,PASSION24.TEXT.RELATED_HOUR_21,library,ldc_cross_record,,,,,block,paragraph_break,ldc-visual-paragraph-break ldc-ra18-boundary ldc-ra18-paragraph_break,False,,,
library,PASSION24.TEXT.RELATED_HOUR_21,library,ldc_cross_record,,,,,block,paragraph_break,ldc-visual-paragraph-break ldc-ra18-boundary ldc-ra18-paragraph_break,False,,,
library,PASSION24.TEXT.RELATED_HOUR_21,library,ldc_cross_record,,,,,block,paragraph_break,ldc-visual-paragraph-break ldc-ra18-boundary ldc-ra18-paragraph_break,False,,,
library,PASSION24.TEXT.RELATED_HOUR_21,library,ldc_cross_record,,,,,block,paragraph_break,ldc-visual-paragraph-break ldc-ra18-boundary ldc-ra18-paragraph_break,False,,,
library,PASSION24.TEXT.RELATED_HOUR_21,library,ldc_cross_record,,,,,block,paragraph_break,ldc-visual-paragraph-break ldc-ra18-boundary ldc-ra18-paragraph_break,False,,,
library,PASSION24.TEXT.RELATED_HOUR_21,library,ldc_cross_record,,,,,block,paragraph_break,ldc-visual-paragraph-break ldc-ra18-boundary ldc-ra18-paragraph_break,False,,,
library,PASSION24.TEXT.RELATED_HOUR_21,library,ldc_cross_record,,,,,block,paragraph_break,ldc-visual-paragraph-break ldc-ra18-boundary ldc-ra18-paragraph_break,False,,,
library,PASSION24.TEXT.RELATED_HOUR_21,library,ldc_cross_record,,,,,block,paragraph_break,ldc-visual-paragraph-break ldc-ra18-boundary ldc-ra18-paragraph_break,False,,,
library,PASSION24.TEXT.RELATED_HOUR_21,library,ldc_cross_record,,,,,block,paragraph_break,ldc-visual-paragraph-break ldc-ra18-boundary ldc-ra18-paragraph_break,False,,,
library,PASSION24.TEXT.RELATED_HOUR_21,library,ldc_cross_record,,,,,block,paragraph_break,ldc-visual-paragraph-break ldc-ra18-boundary ldc-ra18-paragraph_break,False,,,
library,PASSION24.TEXT.RELATED_HOUR_21,library,ldc_cross_record,,,,,block,paragraph_break,ldc-visual-paragraph-break ldc-ra18-boundary ldc-ra18-paragraph_break,False,,,
library,PASSION24.TEXT.RELATED_HOUR_21,library,ldc_cross_record,,,,,block,paragraph_break,ldc-visual-paragraph-break ldc-ra18-boundary ldc-ra18-paragraph_break,False,,,
library,PASSION24.TEXT.RELATED_HOUR_21,library,ldc_cross_record,,,,,block,paragraph_break,ldc-visual-paragraph-break ldc-ra18-boundary ldc-ra18-paragraph_break,False,,,
library,PASSION24.TEXT.RELATED_HOUR_21,library,ldc_cross_record,,,,,block,paragraph_break,ldc-visual-paragraph-break ldc-ra18-boundary ldc-ra18-paragraph_break,False,,,
library,PASSION24.TEXT.RELATED_HOUR_21,library,ldc_cross_record,,,,,block,paragraph_break,ldc-visual-paragraph-break ldc-ra18-boundary ldc-ra18-paragraph_break,False,,,
library,PASSION24.TEXT.RELATED_HOUR_21,library,ldc_cross_record,,,,,block,paragraph_break,ldc-visual-paragraph-break ldc-ra18-boundary ldc-ra18-paragraph_break,False,,,
library,PASSION24.TEXT.RELATED_HOUR_21,library,ldc_cross_record,,,,,block,paragraph_break,ldc-visual-paragraph-break ldc-ra18-boundary ldc-ra18-paragraph_break,False,,,
library,PASSION24.TEXT.RELATED_HOUR_21,library,ldc_cross_record,,,,,block,paragraph_break,ldc-visual-paragraph-break ldc-ra18-boundary ldc-ra18-paragraph_break,False,,,
library,PASSION24.TEXT.RELATED_HOUR_21,library,ldc_cross_record,,,,,block,paragraph_break,ldc-visual-paragraph-break ldc-ra18-boundary ldc-ra18-paragraph_break,False,,,
library,PASSION24.TEXT.RELATED_HOUR_21,library,ldc_cross_record,,,,,block,paragraph_break,ldc-visual-paragraph-break ldc-ra18-boundary ldc-ra18-paragraph_break,False,,,
library,PASSION24.TEXT.RELATED_HOUR_21,library,ldc_cross_record,,,,,block,paragraph_break,ldc-visual-paragraph-break ldc-ra18-boundary ldc-ra18-paragraph_break,False,,,
library,PASSION24.TEXT.RELATED_HOUR_21,library,ldc_cross_record,,,,,block,paragraph_break,ldc-visual-paragraph-break ldc-ra18-boundary ldc-ra18-paragraph_break,False,,,
library,PASSION24.TEXT.RELATED_HOUR_21,library,ldc_cross_record,,,,,block,paragraph_break,ldc-visual-paragraph-break ldc-ra18-boundary ldc-ra18-paragraph_break,False,,,
library,PASSION24.TEXT.RELATED_HOUR_21,library,ldc_cross_record,,,,,block,paragraph_break,ldc-visual-paragraph-break ldc-ra18-boundary ldc-ra18-paragraph_break,False,,,
library,PASSION24.TEXT.RELATED_HOUR_21,library,ldc_cross_record,,,,,block,paragraph_break,ldc-visual-paragraph-break ldc-ra18-boundary ldc-ra18-paragraph_break,False,,,
library,PASSION24.TEXT.RELATED_HOUR_21,library,ldc_cross_record,,,,,block,paragraph_break,ldc-visual-paragraph-break ldc-ra18-boundary ldc-ra18-paragraph_break,False,,,
library,PASSION24.TEXT.RELATED_HOUR_21,library,ldc_cross_record,,,,,block,paragraph_break,ldc-visual-paragraph-break ldc-ra18-boundary ldc-ra18-paragraph_break,False,,,
library,PASSION24.TEXT.RELATED_HOUR_21,library,ldc_cross_record,,,,,block,paragraph_break,ldc-visual-paragraph-break ldc-ra18-boundary ldc-ra18-paragraph_break,False,,,
library,PASSION24.TEXT.RELATED_HOUR_21,library,ldc_cross_record,,,,,block,paragraph_break,ldc-visual-paragraph-break ldc-ra18-boundary ldc-ra18-paragraph_break,False,,,
library,PASSION24.TEXT.RELATED_HOUR_21,library,ldc_cross_record,,,,,block,paragraph_break,ldc-visual-paragraph-break ldc-ra18-boundary ldc-ra18-paragraph_break,False,,,
library,PASSION24.TEXT.RELATED_HOUR_21,library,ldc_cross_record,,,,,block,paragraph_break,ldc-visual-paragraph-break ldc-ra18-boundary ldc-ra18-paragraph_break,False,,,
library,PASSION24.TEXT.RELATED_HOUR_21,library,ldc_cross_record,,,,,block,paragraph_break,ldc-visual-paragraph-break ldc-ra18-boundary ldc-ra18-paragraph_break,False,,,
library,PASSION24.TEXT.RELATED_HOUR_21,library,ldc_cross_record,,,,,block,paragraph_break,ldc-visual-paragraph-break ldc-ra18-boundary ldc-ra18-paragraph_break,False,,,
library,PASSION24.TEXT.RELATED_HOUR_21,library,ldc_cross_record,,,,,block,paragraph_break,ldc-visual-paragraph-break ldc-ra18-boundary ldc-ra18-paragraph_break,False,,,
library,PASSION24.TEXT.RELATED_HOUR_21,library,ldc_cross_record,,,,,block,paragraph_break,ldc-visual-paragraph-break ldc-ra18-boundary ldc-ra18-paragraph_break,False,,,
library,PASSION24.TEXT.RELATED_HOUR_21,library,ldc_cross_record,,,,,block,paragraph_break,ldc-visual-paragraph-break ldc-ra18-boundary ldc-ra18-paragraph_break,False,,,
library,PASSION24.TEXT.RELATED_HOUR_21,library,ldc_cross_record,,,,,block,paragraph_break,ldc-visual-paragraph-break ldc-ra18-boundary ldc-ra18-paragraph_break,False,,,
library,PASSION24.TEXT.RELATED_HOUR_21,library,ldc_cross_record,,,,,block,paragraph_break,ldc-visual-paragraph-break ldc-ra18-boundary ldc-ra18-paragraph_break,False,,,
library,PASSION24.TEXT.RELATED_HOUR_21,library,ldc_cross_record,,,,,block,paragraph_break,ldc-visual-paragraph-break ldc-ra18-boundary ldc-ra18-paragraph_break,False,,,
library,PASSION24.TEXT.RELATED_HOUR_21,library,ldc_cross_record,,,,,block,paragraph_break,ldc-visual-paragraph-break ldc-ra18-boundary ldc-ra18-paragraph_break,False,,,
library,PASSION24.TEXT.RELATED_HOUR_21,library,ldc_cross_record,,,,,block,paragraph_break,ldc-visual-paragraph-break ldc-ra18-boundary ldc-ra18-paragraph_break,False,,,
library,PASSION24.TEXT.RELATED_HOUR_21,library,ldc_cross_record,,,,,block,paragraph_break,ldc-visual-paragraph-break ldc-ra18-boundary ldc-ra18-paragraph_break,False,,,
library,PASSION24.TEXT.RELATED_HOUR_21,library,ldc_cross_record,,,,,block,paragraph_break,ldc-visual-paragraph-break ldc-ra18-boundary ldc-ra18-paragraph_break,False,,,
library,PASSION24.TEXT.RELATED_HOUR_21,library,ldc_cross_record,,,,,block,paragraph_break,ldc-visual-paragraph-break ldc-ra18-boundary ldc-ra18-paragraph_break,False,,,
library,PASSION24.TEXT.RELATED_HOUR_21,library,ldc_cross_record,,,,,block,paragraph_break,ldc-visual-paragraph-break ldc-ra18-boundary ldc-ra18-paragraph_break,False,,,
library,PASSION24.TEXT.RELATED_HOUR_21,library,ldc_cross_record,,,,,block,paragraph_break,ldc-visual-paragraph-break ldc-ra18-boundary ldc-ra18-paragraph_break,False,,,
library,PASSION24.TEXT.RELATED_HOUR_21,library,ldc_cross_record,,,,,block,paragraph_break,ldc-visual-paragraph-break ldc-ra18-boundary ldc-ra18-paragraph_break,False,,,
library,PASSION24.TEXT.RELATED_HOUR_21,library,ldc_cross_record,,,,,block,paragraph_break,ldc-visual-paragraph-break ldc-ra18-boundary ldc-ra18-paragraph_break,False,,,
library,PASSION24.TEXT.RELATED_HOUR_21,library,ldc_cross_record,,,,,block,paragraph_break,ldc-visual-paragraph-break ldc-ra18-boundary ldc-ra18-paragraph_break,False,,,
library,PASSION24.TEXT.RELATED_HOUR_21,library,ldc_cross_record,,,,,block,paragraph_break,ldc-visual-paragraph-break ldc-ra18-boundary ldc-ra18-paragraph_break,False,,,
library,PASSION24.TEXT.RELATED_HOUR_21,library,ldc_cross_record,,,,,block,paragraph_break,ldc-visual-paragraph-break ldc-ra18-boundary ldc-ra18-paragraph_break,False,,,
library,PASSION24.TEXT.RELATED_HOUR_21,library,ldc_cross_record,,,,,block,paragraph_break,ldc-visual-paragraph-break ldc-ra18-boundary ldc-ra18-paragraph_break,False,,,
library,PASSION24.TEXT.RELATED_HOUR_21,library,ldc_cross_record,,,,,block,paragraph_break,ldc-visual-paragraph-break ldc-ra18-boundary ldc-ra18-paragraph_break,False,,,
library,PASSION24.TEXT.RELATED_HOUR_21,library,ldc_cross_record,,,,,block,paragraph_break,ldc-visual-paragraph-break ldc-ra18-boundary ldc-ra18-paragraph_break,False,,,
library,PASSION24.TEXT.RELATED_HOUR_21,library,ldc_cross_record,,,,,block,paragraph_break,ldc-visual-paragraph-break ldc-ra18-boundary ldc-ra18-paragraph_break,False,,,
library,PASSION24.TEXT.RELATED_HOUR_21,library,ldc_cross_record,,,,,block,paragraph_break,ldc-visual-paragraph-break ldc-ra18-boundary ldc-ra18-paragraph_break,False,,,
library,PASSION24.TEXT.RELATED_HOUR_21,library,ldc_cross_record,,,,,block,paragraph_break,ldc-visual-paragraph-break ldc-ra18-boundary ldc-ra18-paragraph_break,False,,,
library,PASSION24.TEXT.RELATED_HOUR_21,library,ldc_cross_record,,,,,block,paragraph_break,ldc-visual-paragraph-break ldc-ra18-boundary ldc-ra18-paragraph_break,False,,,
library,PASSION24.TEXT.RELATED_HOUR_21,library,ldc_cross_record,,,,,block,paragraph_break,ldc-visual-paragraph-break ldc-ra18-boundary ldc-ra18-paragraph_break,False,,,
library,PASSION24.TEXT.RELATED_HOUR_21,library,ldc_cross_record,,,,,block,paragraph_break,ldc-visual-paragraph-break ldc-ra18-boundary ldc-ra18-paragraph_break,False,,,
library,PASSION24.TEXT.RELATED_HOUR_21,library,ldc_cross_record,,,,,block,paragraph_break,ldc-visual-paragraph-break ldc-ra18-boundary ldc-ra18-paragraph_break,False,,,
library,PASSION24.TEXT.RELATED_HOUR_21,library,ldc_cross_record,,,,,block,paragraph_break,ldc-visual-paragraph-break ldc-ra18-boundary ldc-ra18-paragraph_break,False,,,
library,PASSION24.TEXT.RELATED_HOUR_21,library,ldc_cross_record,,,,,block,paragraph_break,ldc-visual-paragraph-break ldc-ra18-boundary ldc-ra18-paragraph_break,False,,,
library,PASSION24.TEXT.RELATED_HOUR_21,library,ldc_cross_record,,,,,block,paragraph_break,ldc-visual-paragraph-break ldc-ra18-boundary ldc-ra18-paragraph_break,False,,,
library,PASSION24.TEXT.RELATED_HOUR_21,library,ldc_cross_record,,,,,block,paragraph_break,ldc-visual-paragraph-break ldc-ra18-boundary ldc-ra18-paragraph_break,False,,,
library,PASSION24.TEXT.RELATED_HOUR_21,library,ldc_cross_record,,,,,block,paragraph_break,ldc-visual-paragraph-break ldc-ra18-boundary ldc-ra18-paragraph_break,False,,,
library,PASSION24.TEXT.RELATED_HOUR_21,library,ldc_cross_record,,,,,block,paragraph_break,ldc-visual-paragraph-break ldc-ra18-boundary ldc-ra18-paragraph_break,False,,,
library,PASSION24.TEXT.RELATED_HOUR_21,library,ldc_cross_record,,,,,block,paragraph_break,ldc-visual-paragraph-break ldc-ra18-boundary ldc-ra18-paragraph_break,False,,,
library,PASSION24.TEXT.RELATED_HOUR_21,library,ldc_cross_record,,,,,block,paragraph_break,ldc-visual-paragraph-break ldc-ra18-boundary ldc-ra18-paragraph_break,False,,,
library,PASSION24.TEXT.RELATED_HOUR_21,library,ldc_cross_record,,,,,block,paragraph_break,ldc-visual-paragraph-break ldc-ra18-boundary ldc-ra18-paragraph_break,False,,,
library,PASSION24.TEXT.RELATED_HOUR_21,library,ldc_cross_record,,,,,block,paragraph_break,ldc-visual-paragraph-break ldc-ra18-boundary ldc-ra18-paragraph_break,False,,,
library,PASSION24.TEXT.RELATED_HOUR_21,library,ldc_cross_record,,,,,block,paragraph_break,ldc-visual-paragraph-break ldc-ra18-boundary ldc-ra18-paragraph_break,False,,,
library,PASSION24.TEXT.RELATED_HOUR_21,library,ldc_cross_record,,,,,block,paragraph_break,ldc-visual-paragraph-break ldc-ra18-boundary ldc-ra18-paragraph_break,False,,,
library,PASSION24.TEXT.RELATED_HOUR_21,library,ldc_cross_record,,,,,block,paragraph_break,ldc-visual-paragraph-break ldc-ra18-boundary ldc-ra18-paragraph_break,False,,,
library,PASSION24.TEXT.RELATED_HOUR_21,library,ldc_cross_record,,,,,block,paragraph_break,ldc-visual-paragraph-break ldc-ra18-boundary ldc-ra18-paragraph_break,False,,,
library,PASSION24.TEXT.RELATED_HOUR_21,library,ldc_cross_record,,,,,block,paragraph_break,ldc-visual-paragraph-break ldc-ra18-boundary ldc-ra18-paragraph_break,False,,,
library,PASSION24.TEXT.RELATED_HOUR_21,library,ldc_cross_record,,,,,block,paragraph_break,ldc-visual-paragraph-break ldc-ra18-boundary ldc-ra18-paragraph_break,False,,,
library,PASSION24.TEXT.RELATED_HOUR_21,library,ldc_cross_record,,,,,block,paragraph_break,ldc-visual-paragraph-break ldc-ra18-boundary ldc-ra18-paragraph_break,False,,,
library,PASSION24.TEXT.RELATED_HOUR_21,library,ldc_cross_record,,,,,block,paragraph_break,ldc-visual-paragraph-break ldc-ra18-boundary ldc-ra18-paragraph_break,False,,,
library,PASSION24.TEXT.RELATED_HOUR_21,library,ldc_cross_record,,,,,block,paragraph_break,ldc-visual-paragraph-break ldc-ra18-boundary ldc-ra18-paragraph_break,False,,,
library,PASSION24.TEXT.RELATED_HOUR_21,library,ldc_cross_record,,,,,block,paragraph_break,ldc-visual-paragraph-break ldc-ra18-boundary ldc-ra18-paragraph_break,False,,,
library,PASSION24.TEXT.RELATED_HOUR_21,library,ldc_cross_record,,,,,block,paragraph_break,ldc-visual-paragraph-break ldc-ra18-boundary ldc-ra18-paragraph_break,False,,,
library,PASSION24.TEXT.RELATED_HOUR_21,library,ldc_cross_record,,,,,block,paragraph_break,ldc-visual-paragraph-break ldc-ra18-boundary ldc-ra18-paragraph_break,False,,,
library,PASSION24.TEXT.RELATED_HOUR_21,library,ldc_cross_record,,,,,block,paragraph_break,ldc-visual-paragraph-break ldc-ra18-boundary ldc-ra18-paragraph_break,False,,,
library,PASSION24.TEXT.RELATED_HOUR_21,library,ldc_cross_record,,,,,block,paragraph_break,ldc-visual-paragraph-break ldc-ra18-boundary ldc-ra18-paragraph_break,False,,,
library,PASSION24.TEXT.RELATED_HOUR_21,library,ldc_cross_record,,,,,block,paragraph_break,ldc-visual-paragraph-break ldc-ra18-boundary ldc-ra18-paragraph_break,False,,,
library,PASSION24.TEXT.RELATED_HOUR_21,library,ldc_cross_record,,,,,block,paragraph_break,ldc-visual-paragraph-break ldc-ra18-boundary ldc-ra18-paragraph_break,False,,,
library,PASSION24.TEXT.RELATED_HOUR_21,library,ldc_cross_record,,,,,block,paragraph_break,ldc-visual-paragraph-break ldc-ra18-boundary ldc-ra18-paragraph_break,False,,,
library,PASSION24.TEXT.RELATED_HOUR_21,library,ldc_cross_record,,,,,block,paragraph_break,ldc-visual-paragraph-break ldc-ra18-boundary ldc-ra18-paragraph_break,False,,,
library,PASSION24.TEXT.RELATED_HOUR_21,library,ldc_intra_break,PASSION24.TEXT.RELATED_HOUR_21.BODY.P018,48,j,U+006A,block,paragraph_break,ldc-visual-paragraph-break ldc-ra18-boundary ldc-ra18-paragraph_break,True,48,j,
library,PASSION24.TEXT.RELATED_HOUR_21,library,speech_presentation_break,PASSION24.TEXT.RELATED_HOUR_21.BODY.P059,94, ,U+0020,block,,speech-end-visual-break speech-presentation-visual-break,True,95,J,
library,PASSION24.TEXT.RELATED_HOUR_21,library,speech_presentation_break,PASSION24.TEXT.RELATED_HOUR_21.BODY.P073,260, ,U+0020,block,,speech-end-visual-break speech-presentation-visual-break,True,261,E,
library,PASSION24.TEXT.RELATED_HOUR_21,library,speech_presentation_break,PASSION24.TEXT.RELATED_HOUR_21.BODY.P090,282, ,U+0020,block,,speech-end-visual-break speech-presentation-visual-break,True,283,C,
library,PASSION24.TEXT.RELATED_HOUR_21,library,ldc_intra_break,PASSION24.TEXT.RELATED_HOUR_21.BODY.P133,56,E,U+0045,block,paragraph_break,ldc-visual-paragraph-break ldc-ra18-boundary ldc-ra18-paragraph_break,True,56,E,
library,PASSION24.TEXT.RELATED_HOUR_21,library,ldc_intra_break,PASSION24.TEXT.RELATED_HOUR_21.BODY.P154,260,M,U+004D,block,paragraph_break,ldc-visual-paragraph-break ldc-ra18-boundary ldc-ra18-paragraph_break,True,260,M,
library,PASSION24.TEXT.RELATED_HOUR_22,library,ldc_cross_record,,,,,block,paragraph_break,ldc-visual-paragraph-break ldc-ra18-boundary ldc-ra18-paragraph_break,False,,,
library,PASSION24.TEXT.RELATED_HOUR_22,library,ldc_cross_record,,,,,block,paragraph_break,ldc-visual-paragraph-break ldc-ra18-boundary ldc-ra18-paragraph_break,False,,,
library,PASSION24.TEXT.RELATED_HOUR_22,library,ldc_cross_record,,,,,block,paragraph_break,ldc-visual-paragraph-break ldc-ra18-boundary ldc-ra18-paragraph_break,False,,,
library,PASSION24.TEXT.RELATED_HOUR_22,library,ldc_cross_record,,,,,block,paragraph_break,ldc-visual-paragraph-break ldc-ra18-boundary ldc-ra18-paragraph_break,False,,,
library,PASSION24.TEXT.RELATED_HOUR_22,library,ldc_cross_record,,,,,block,paragraph_break,ldc-visual-paragraph-break ldc-ra18-boundary ldc-ra18-paragraph_break,False,,,
library,PASSION24.TEXT.RELATED_HOUR_22,library,ldc_cross_record,,,,,block,paragraph_break,ldc-visual-paragraph-break ldc-ra18-boundary ldc-ra18-paragraph_break,False,,,
library,PASSION24.TEXT.RELATED_HOUR_22,library,ldc_cross_record,,,,,block,paragraph_break,ldc-visual-paragraph-break ldc-ra18-boundary ldc-ra18-paragraph_break,False,,,
library,PASSION24.TEXT.RELATED_HOUR_22,library,ldc_cross_record,,,,,block,paragraph_break,ldc-visual-paragraph-break ldc-ra18-boundary ldc-ra18-paragraph_break,False,,,
library,PASSION24.TEXT.RELATED_HOUR_22,library,ldc_cross_record,,,,,block,paragraph_break,ldc-visual-paragraph-break ldc-ra18-boundary ldc-ra18-paragraph_break,False,,,
library,PASSION24.TEXT.RELATED_HOUR_22,library,ldc_cross_record,,,,,block,paragraph_break,ldc-visual-paragraph-break ldc-ra18-boundary ldc-ra18-paragraph_break,False,,,
library,PASSION24.TEXT.RELATED_HOUR_22,library,ldc_cross_record,,,,,block,paragraph_break,ldc-visual-paragraph-break ldc-ra18-boundary ldc-ra18-paragraph_break,False,,,
library,PASSION24.TEXT.RELATED_HOUR_22,library,ldc_cross_record,,,,,block,paragraph_break,ldc-visual-paragraph-break ldc-ra18-boundary ldc-ra18-paragraph_break,False,,,
library,PASSION24.TEXT.RELATED_HOUR_22,library,ldc_cross_record,,,,,block,paragraph_break,ldc-visual-paragraph-break ldc-ra18-boundary ldc-ra18-paragraph_break,False,,,
library,PASSION24.TEXT.RELATED_HOUR_22,library,ldc_cross_record,,,,,block,paragraph_break,ldc-visual-paragraph-break ldc-ra18-boundary ldc-ra18-paragraph_break,False,,,
library,PASSION24.TEXT.RELATED_HOUR_22,library,ldc_cross_record,,,,,block,paragraph_break,ldc-visual-paragraph-break ldc-ra18-boundary ldc-ra18-paragraph_break,False,,,
library,PASSION24.TEXT.RELATED_HOUR_22,library,ldc_cross_record,,,,,block,paragraph_break,ldc-visual-paragraph-break ldc-ra18-boundary ldc-ra18-paragraph_break,False,,,
library,PASSION24.TEXT.RELATED_HOUR_22,library,ldc_cross_record,,,,,block,paragraph_break,ldc-visual-paragraph-break ldc-ra18-boundary ldc-ra18-paragraph_break,False,,,
library,PASSION24.TEXT.RELATED_HOUR_22,library,ldc_cross_record,,,,,block,paragraph_break,ldc-visual-paragraph-break ldc-ra18-boundary ldc-ra18-paragraph_break,False,,,
library,PASSION24.TEXT.RELATED_HOUR_22,library,ldc_cross_record,,,,,block,paragraph_break,ldc-visual-paragraph-break ldc-ra18-boundary ldc-ra18-paragraph_break,False,,,
library,PASSION24.TEXT.RELATED_HOUR_22,library,ldc_cross_record,,,,,block,paragraph_break,ldc-visual-paragraph-break ldc-ra18-boundary ldc-ra18-paragraph_break,False,,,
library,PASSION24.TEXT.RELATED_HOUR_22,library,ldc_cross_record,,,,,block,paragraph_break,ldc-visual-paragraph-break ldc-ra18-boundary ldc-ra18-paragraph_break,False,,,
library,PASSION24.TEXT.RELATED_HOUR_22,library,ldc_cross_record,,,,,block,paragraph_break,ldc-visual-paragraph-break ldc-ra18-boundary ldc-ra18-paragraph_break,False,,,
library,PASSION24.TEXT.RELATED_HOUR_22,library,ldc_cross_record,,,,,block,paragraph_break,ldc-visual-paragraph-break ldc-ra18-boundary ldc-ra18-paragraph_break,False,,,
library,PASSION24.TEXT.RELATED_HOUR_22,library,ldc_cross_record,,,,,block,paragraph_break,ldc-visual-paragraph-break ldc-ra18-boundary ldc-ra18-paragraph_break,False,,,
library,PASSION24.TEXT.RELATED_HOUR_22,library,ldc_cross_record,,,,,block,paragraph_break,ldc-visual-paragraph-break ldc-ra18-boundary ldc-ra18-paragraph_break,False,,,
library,PASSION24.TEXT.RELATED_HOUR_22,library,ldc_cross_record,,,,,block,paragraph_break,ldc-visual-paragraph-break ldc-ra18-boundary ldc-ra18-paragraph_break,False,,,
library,PASSION24.TEXT.RELATED_HOUR_22,library,ldc_cross_record,,,,,block,paragraph_break,ldc-visual-paragraph-break ldc-ra18-boundary ldc-ra18-paragraph_break,False,,,
library,PASSION24.TEXT.RELATED_HOUR_22,library,ldc_cross_record,,,,,block,paragraph_break,ldc-visual-paragraph-break ldc-ra18-boundary ldc-ra18-paragraph_break,False,,,
library,PASSION24.TEXT.RELATED_HOUR_22,library,ldc_cross_record,,,,,block,paragraph_break,ldc-visual-paragraph-break ldc-ra18-boundary ldc-ra18-paragraph_break,False,,,
library,PASSION24.TEXT.RELATED_HOUR_22,library,ldc_cross_record,,,,,block,paragraph_break,ldc-visual-paragraph-break ldc-ra18-boundary ldc-ra18-paragraph_break,False,,,
library,PASSION24.TEXT.RELATED_HOUR_22,library,ldc_cross_record,,,,,block,paragraph_break,ldc-visual-paragraph-break ldc-ra18-boundary ldc-ra18-paragraph_break,False,,,
library,PASSION24.TEXT.RELATED_HOUR_22,library,ldc_cross_record,,,,,block,paragraph_break,ldc-visual-paragraph-break ldc-ra18-boundary ldc-ra18-paragraph_break,False,,,
library,PASSION24.TEXT.RELATED_HOUR_22,library,ldc_cross_record,,,,,block,paragraph_break,ldc-visual-paragraph-break ldc-ra18-boundary ldc-ra18-paragraph_break,False,,,
library,PASSION24.TEXT.RELATED_HOUR_22,library,ldc_cross_record,,,,,block,paragraph_break,ldc-visual-paragraph-break ldc-ra18-boundary ldc-ra18-paragraph_break,False,,,
library,PASSION24.TEXT.RELATED_HOUR_22,library,ldc_cross_record,,,,,block,paragraph_break,ldc-visual-paragraph-break ldc-ra18-boundary ldc-ra18-paragraph_break,False,,,
library,PASSION24.TEXT.RELATED_HOUR_22,library,ldc_cross_record,,,,,block,paragraph_break,ldc-visual-paragraph-break ldc-ra18-boundary ldc-ra18-paragraph_break,False,,,
library,PASSION24.TEXT.RELATED_HOUR_22,library,ldc_cross_record,,,,,block,paragraph_break,ldc-visual-paragraph-break ldc-ra18-boundary ldc-ra18-paragraph_break,False,,,
library,PASSION24.TEXT.RELATED_HOUR_22,library,ldc_cross_record,,,,,block,paragraph_break,ldc-visual-paragraph-break ldc-ra18-boundary ldc-ra18-paragraph_break,False,,,
library,PASSION24.TEXT.RELATED_HOUR_22,library,ldc_cross_record,,,,,block,paragraph_break,ldc-visual-paragraph-break ldc-ra18-boundary ldc-ra18-paragraph_break,False,,,
library,PASSION24.TEXT.RELATED_HOUR_22,library,ldc_cross_record,,,,,block,paragraph_break,ldc-visual-paragraph-break ldc-ra18-boundary ldc-ra18-paragraph_break,False,,,
library,PASSION24.TEXT.RELATED_HOUR_22,library,ldc_cross_record,,,,,block,paragraph_break,ldc-visual-paragraph-break ldc-ra18-boundary ldc-ra18-paragraph_break,False,,,
library,PASSION24.TEXT.RELATED_HOUR_22,library,ldc_cross_record,,,,,block,paragraph_break,ldc-visual-paragraph-break ldc-ra18-boundary ldc-ra18-paragraph_break,False,,,
library,PASSION24.TEXT.RELATED_HOUR_22,library,ldc_cross_record,,,,,block,paragraph_break,ldc-visual-paragraph-break ldc-ra18-boundary ldc-ra18-paragraph_break,False,,,
library,PASSION24.TEXT.RELATED_HOUR_22,library,ldc_cross_record,,,,,block,paragraph_break,ldc-visual-paragraph-break ldc-ra18-boundary ldc-ra18-paragraph_break,False,,,
library,PASSION24.TEXT.RELATED_HOUR_22,library,ldc_cross_record,,,,,block,paragraph_break,ldc-visual-paragraph-break ldc-ra18-boundary ldc-ra18-paragraph_break,False,,,
library,PASSION24.TEXT.RELATED_HOUR_22,library,ldc_cross_record,,,,,block,paragraph_break,ldc-visual-paragraph-break ldc-ra18-boundary ldc-ra18-paragraph_break,False,,,
library,PASSION24.TEXT.RELATED_HOUR_22,library,ldc_cross_record,,,,,block,paragraph_break,ldc-visual-paragraph-break ldc-ra18-boundary ldc-ra18-paragraph_break,False,,,
library,PASSION24.TEXT.RELATED_HOUR_22,library,ldc_cross_record,,,,,block,paragraph_break,ldc-visual-paragraph-break ldc-ra18-boundary ldc-ra18-paragraph_break,False,,,
library,PASSION24.TEXT.RELATED_HOUR_22,library,ldc_cross_record,,,,,block,paragraph_break,ldc-visual-paragraph-break ldc-ra18-boundary ldc-ra18-paragraph_break,False,,,
library,PASSION24.TEXT.RELATED_HOUR_22,library,ldc_cross_record,,,,,block,paragraph_break,ldc-visual-paragraph-break ldc-ra18-boundary ldc-ra18-paragraph_break,False,,,
library,PASSION24.TEXT.RELATED_HOUR_22,library,ldc_cross_record,,,,,block,paragraph_break,ldc-visual-paragraph-break ldc-ra18-boundary ldc-ra18-paragraph_break,False,,,
library,PASSION24.TEXT.RELATED_HOUR_22,library,ldc_cross_record,,,,,block,paragraph_break,ldc-visual-paragraph-break ldc-ra18-boundary ldc-ra18-paragraph_break,False,,,
library,PASSION24.TEXT.RELATED_HOUR_22,library,ldc_intra_break,PASSION24.TEXT.RELATED_HOUR_22.BODY.P040,53,L,U+004C,block,paragraph_break,ldc-visual-paragraph-break ldc-ra18-boundary ldc-ra18-paragraph_break,True,53,L,
library,PASSION24.TEXT.RELATED_HOUR_23,library,ldc_cross_record,,,,,block,paragraph_break,ldc-visual-paragraph-break ldc-ra18-boundary ldc-ra18-paragraph_break,False,,,
library,PASSION24.TEXT.RELATED_HOUR_23,library,ldc_cross_record,,,,,block,paragraph_break,ldc-visual-paragraph-break ldc-ra18-boundary ldc-ra18-paragraph_break,False,,,
library,PASSION24.TEXT.RELATED_HOUR_23,library,ldc_cross_record,,,,,block,paragraph_break,ldc-visual-paragraph-break ldc-ra18-boundary ldc-ra18-paragraph_break,False,,,
library,PASSION24.TEXT.RELATED_HOUR_23,library,ldc_cross_record,,,,,block,paragraph_break,ldc-visual-paragraph-break ldc-ra18-boundary ldc-ra18-paragraph_break,False,,,
library,PASSION24.TEXT.RELATED_HOUR_23,library,ldc_cross_record,,,,,block,paragraph_break,ldc-visual-paragraph-break ldc-ra18-boundary ldc-ra18-paragraph_break,False,,,
library,PASSION24.TEXT.RELATED_HOUR_23,library,ldc_cross_record,,,,,block,paragraph_break,ldc-visual-paragraph-break ldc-ra18-boundary ldc-ra18-paragraph_break,False,,,
library,PASSION24.TEXT.RELATED_HOUR_23,library,ldc_cross_record,,,,,block,paragraph_break,ldc-visual-paragraph-break ldc-ra18-boundary ldc-ra18-paragraph_break,False,,,
library,PASSION24.TEXT.RELATED_HOUR_23,library,ldc_cross_record,,,,,block,paragraph_break,ldc-visual-paragraph-break ldc-ra18-boundary ldc-ra18-paragraph_break,False,,,
library,PASSION24.TEXT.RELATED_HOUR_23,library,ldc_cross_record,,,,,block,paragraph_break,ldc-visual-paragraph-break ldc-ra18-boundary ldc-ra18-paragraph_break,False,,,
library,PASSION24.TEXT.RELATED_HOUR_23,library,ldc_cross_record,,,,,block,paragraph_break,ldc-visual-paragraph-break ldc-ra18-boundary ldc-ra18-paragraph_break,False,,,
library,PASSION24.TEXT.RELATED_HOUR_24,library,ldc_cross_record,,,,,block,paragraph_break,ldc-visual-paragraph-break ldc-ra18-boundary ldc-ra18-paragraph_break,False,,,
library,PASSION24.TEXT.RELATED_HOUR_24,library,ldc_cross_record,,,,,block,paragraph_break,ldc-visual-paragraph-break ldc-ra18-boundary ldc-ra18-paragraph_break,False,,,
library,PASSION24.TEXT.RELATED_HOUR_24,library,ldc_cross_record,,,,,block,paragraph_break,ldc-visual-paragraph-break ldc-ra18-boundary ldc-ra18-paragraph_break,False,,,
library,PASSION24.TEXT.RELATED_HOUR_24,library,ldc_cross_record,,,,,block,paragraph_break,ldc-visual-paragraph-break ldc-ra18-boundary ldc-ra18-paragraph_break,False,,,
library,PASSION24.TEXT.RELATED_HOUR_24,library,ldc_cross_record,,,,,block,paragraph_break,ldc-visual-paragraph-break ldc-ra18-boundary ldc-ra18-paragraph_break,False,,,
library,PASSION24.TEXT.RELATED_HOUR_24,library,ldc_cross_record,,,,,block,paragraph_break,ldc-visual-paragraph-break ldc-ra18-boundary ldc-ra18-paragraph_break,False,,,
library,PASSION24.TEXT.RELATED_HOUR_24,library,ldc_cross_record,,,,,block,paragraph_break,ldc-visual-paragraph-break ldc-ra18-boundary ldc-ra18-paragraph_break,False,,,
library,PASSION24.TEXT.RELATED_HOUR_24,library,ldc_cross_record,,,,,block,paragraph_break,ldc-visual-paragraph-break ldc-ra18-boundary ldc-ra18-paragraph_break,False,,,
library,PASSION24.TEXT.RELATED_HOUR_24,library,ldc_cross_record,,,,,block,paragraph_break,ldc-visual-paragraph-break ldc-ra18-boundary ldc-ra18-paragraph_break,False,,,
library,PASSION24.TEXT.RELATED_HOUR_24,library,ldc_cross_record,,,,,block,paragraph_break,ldc-visual-paragraph-break ldc-ra18-boundary ldc-ra18-paragraph_break,False,,,
library,PASSION24.TEXT.RELATED_HOUR_24,library,ldc_cross_record,,,,,block,paragraph_break,ldc-visual-paragraph-break ldc-ra18-boundary ldc-ra18-paragraph_break,False,,,
library,PASSION24.TEXT.RELATED_HOUR_24,library,ldc_cross_record,,,,,block,paragraph_break,ldc-visual-paragraph-break ldc-ra18-boundary ldc-ra18-paragraph_break,False,,,
library,PASSION24.TEXT.RELATED_HOUR_24,library,ldc_cross_record,,,,,block,paragraph_break,ldc-visual-paragraph-break ldc-ra18-boundary ldc-ra18-paragraph_break,False,,,
library,PASSION24.TEXT.RELATED_HOUR_24,library,ldc_cross_record,,,,,block,paragraph_break,ldc-visual-paragraph-break ldc-ra18-boundary ldc-ra18-paragraph_break,False,,,
library,PASSION24.TEXT.RELATED_HOUR_24,library,ldc_cross_record,,,,,block,paragraph_break,ldc-visual-paragraph-break ldc-ra18-boundary ldc-ra18-paragraph_break,False,,,
library,PASSION24.TEXT.RELATED_HOUR_24,library,ldc_cross_record,,,,,block,paragraph_break,ldc-visual-paragraph-break ldc-ra18-boundary ldc-ra18-paragraph_break,False,,,
library,PASSION24.TEXT.RELATED_HOUR_24,library,ldc_cross_record,,,,,block,paragraph_break,ldc-visual-paragraph-break ldc-ra18-boundary ldc-ra18-paragraph_break,False,,,
library,PASSION24.TEXT.RELATED_HOUR_24,library,ldc_cross_record,,,,,block,paragraph_break,ldc-visual-paragraph-break ldc-ra18-boundary ldc-ra18-paragraph_break,False,,,
library,PASSION24.TEXT.RELATED_HOUR_24,library,ldc_cross_record,,,,,block,paragraph_break,ldc-visual-paragraph-break ldc-ra18-boundary ldc-ra18-paragraph_break,False,,,
library,PASSION24.TEXT.RELATED_HOUR_24,library,ldc_cross_record,,,,,block,paragraph_break,ldc-visual-paragraph-break ldc-ra18-boundary ldc-ra18-paragraph_break,False,,,
library,PASSION24.TEXT.RELATED_HOUR_24,library,ldc_cross_record,,,,,block,paragraph_break,ldc-visual-paragraph-break ldc-ra18-boundary ldc-ra18-paragraph_break,False,,,
library,PASSION24.TEXT.RELATED_HOUR_24,library,ldc_cross_record,,,,,block,paragraph_break,ldc-visual-paragraph-break ldc-ra18-boundary ldc-ra18-paragraph_break,False,,,
library,PASSION24.TEXT.RELATED_HOUR_24,library,ldc_cross_record,,,,,block,paragraph_break,ldc-visual-paragraph-break ldc-ra18-boundary ldc-ra18-paragraph_break,False,,,
library,PASSION24.TEXT.RELATED_HOUR_24,library,ldc_cross_record,,,,,block,paragraph_break,ldc-visual-paragraph-break ldc-ra18-boundary ldc-ra18-paragraph_break,False,,,
library,PASSION24.TEXT.RELATED_HOUR_24,library,ldc_cross_record,,,,,block,paragraph_break,ldc-visual-paragraph-break ldc-ra18-boundary ldc-ra18-paragraph_break,False,,,
library,PASSION24.TEXT.RELATED_HOUR_24,library,ldc_cross_record,,,,,block,paragraph_break,ldc-visual-paragraph-break ldc-ra18-boundary ldc-ra18-paragraph_break,False,,,
library,PASSION24.TEXT.RELATED_HOUR_24,library,ldc_cross_record,,,,,block,paragraph_break,ldc-visual-paragraph-break ldc-ra18-boundary ldc-ra18-paragraph_break,False,,,
library,PASSION24.TEXT.RELATED_HOUR_24,library,ldc_cross_record,,,,,block,paragraph_break,ldc-visual-paragraph-break ldc-ra18-boundary ldc-ra18-paragraph_break,False,,,
library,PASSION24.TEXT.RELATED_HOUR_24,library,ldc_cross_record,,,,,block,paragraph_break,ldc-visual-paragraph-break ldc-ra18-boundary ldc-ra18-paragraph_break,False,,,
library,PASSION24.TEXT.RELATED_HOUR_24,library,ldc_cross_record,,,,,block,paragraph_break,ldc-visual-paragraph-break ldc-ra18-boundary ldc-ra18-paragraph_break,False,,,
library,PASSION24.TEXT.RELATED_HOUR_24,library,ldc_cross_record,,,,,block,paragraph_break,ldc-visual-paragraph-break ldc-ra18-boundary ldc-ra18-paragraph_break,False,,,
library,PASSION24.TEXT.RELATED_HOUR_24,library,ldc_cross_record,,,,,block,paragraph_break,ldc-visual-paragraph-break ldc-ra18-boundary ldc-ra18-paragraph_break,False,,,
library,PASSION24.TEXT.RELATED_HOUR_24,library,ldc_cross_record,,,,,block,paragraph_break,ldc-visual-paragraph-break ldc-ra18-boundary ldc-ra18-paragraph_break,False,,,
library,PASSION24.TEXT.RELATED_HOUR_24,library,ldc_cross_record,,,,,block,paragraph_break,ldc-visual-paragraph-break ldc-ra18-boundary ldc-ra18-paragraph_break,False,,,
library,PASSION24.TEXT.RELATED_HOUR_24,library,ldc_cross_record,,,,,block,paragraph_break,ldc-visual-paragraph-break ldc-ra18-boundary ldc-ra18-paragraph_break,False,,,
library,PASSION24.TEXT.RELATED_HOUR_24,library,ldc_cross_record,,,,,block,paragraph_break,ldc-visual-paragraph-break ldc-ra18-boundary ldc-ra18-paragraph_break,False,,,
library,PASSION24.TEXT.RELATED_HOUR_24,library,ldc_cross_record,,,,,block,paragraph_break,ldc-visual-paragraph-break ldc-ra18-boundary ldc-ra18-paragraph_break,False,,,
library,PASSION24.TEXT.RELATED_HOUR_24,library,ldc_cross_record,,,,,block,paragraph_break,ldc-visual-paragraph-break ldc-ra18-boundary ldc-ra18-paragraph_break,False,,,
library,PASSION24.TEXT.RELATED_HOUR_24,library,speech_presentation_break,PASSION24.TEXT.RELATED_HOUR_24.BODY.P010,369, ,U+0020,block,,speech-end-visual-break speech-presentation-visual-break,True,370,U,
library,PASSION24.TEXT.RELATED_HOUR_24,library,speech_presentation_break,PASSION24.TEXT.RELATED_HOUR_24.BODY.P017,217, ,U+0020,block,,speech-end-visual-break speech-presentation-visual-break,True,218,U,
library,PASSION24.TEXT.RELATED_HOUR_24,library,speech_presentation_break,PASSION24.TEXT.RELATED_HOUR_24.BODY.P022,218, ,U+0020,block,,speech-end-visual-break speech-presentation-visual-break,True,219,E,
library,PASSION24.TEXT.SHARED_T09_1910_07_04_AGONY_CROSS_LAST_BREATH,library,ldc_cross_record,,,,,block,paragraph_break,ldc-visual-paragraph-break ldc-ra18-boundary ldc-ra18-paragraph_break,False,,,
library,PASSION24.TEXT.SHARED_T09_1910_07_04_AGONY_CROSS_LAST_BREATH,library,ldc_cross_record,,,,,block,paragraph_break,ldc-visual-paragraph-break ldc-ra18-boundary ldc-ra18-paragraph_break,False,,,
library,PASSION24.TEXT.SHARED_T09_1910_07_04_AGONY_CROSS_LAST_BREATH,library,ldc_cross_record,,,,,block,paragraph_break,ldc-visual-paragraph-break ldc-ra18-boundary ldc-ra18-paragraph_break,False,,,
library,PASSION24.TEXT.SHARED_T09_1910_07_04_AGONY_CROSS_LAST_BREATH,library,ldc_cross_record,,,,,block,paragraph_break,ldc-visual-paragraph-break ldc-ra18-boundary ldc-ra18-paragraph_break,False,,,
library,PASSION24.TEXT.SHARED_T09_1910_07_04_AGONY_CROSS_LAST_BREATH,library,ldc_cross_record,,,,,block,paragraph_break,ldc-visual-paragraph-break ldc-ra18-boundary ldc-ra18-paragraph_break,False,,,
library,PASSION24.TEXT.SHARED_T09_1910_07_04_AGONY_CROSS_LAST_BREATH,library,ldc_cross_record,,,,,block,paragraph_break,ldc-visual-paragraph-break ldc-ra18-boundary ldc-ra18-paragraph_break,False,,,
library,PASSION24.TEXT.SHARED_T09_1910_07_04_AGONY_CROSS_LAST_BREATH,library,ldc_cross_record,,,,,block,paragraph_break,ldc-visual-paragraph-break ldc-ra18-boundary ldc-ra18-paragraph_break,False,,,
library,PASSION24.TEXT.SHARED_T09_1910_07_04_AGONY_CROSS_LAST_BREATH,library,ldc_cross_record,,,,,block,paragraph_break,ldc-visual-paragraph-break ldc-ra18-boundary ldc-ra18-paragraph_break,False,,,
library,PASSION24.TEXT.SHARED_T09_1910_07_04_AGONY_CROSS_LAST_BREATH,library,ldc_cross_record,,,,,block,paragraph_break,ldc-visual-paragraph-break ldc-ra18-boundary ldc-ra18-paragraph_break,False,,,
library,PASSION24.TEXT.SHARED_T09_1910_07_04_AGONY_CROSS_LAST_BREATH,library,ldc_cross_record,,,,,block,paragraph_break,ldc-visual-paragraph-break ldc-ra18-boundary ldc-ra18-paragraph_break,False,,,
library,PASSION24.TEXT.SHARED_T09_1910_07_04_AGONY_CROSS_LAST_BREATH,library,ldc_cross_record,,,,,block,paragraph_break,ldc-visual-paragraph-break ldc-ra18-boundary ldc-ra18-paragraph_break,False,,,
library,PASSION24.TEXT.SHARED_T09_1910_07_04_AGONY_CROSS_LAST_BREATH,library,ldc_cross_record,,,,,block,paragraph_break,ldc-visual-paragraph-break ldc-ra18-boundary ldc-ra18-paragraph_break,False,,,
library,PASSION24.TEXT.SHARED_T09_1910_07_04_AGONY_CROSS_LAST_BREATH,library,ldc_cross_record,,,,,block,paragraph_break,ldc-visual-paragraph-break ldc-ra18-boundary ldc-ra18-paragraph_break,False,,,
library,PASSION24.TEXT.SHARED_T09_1910_07_04_AGONY_CROSS_LAST_BREATH,library,ldc_cross_record,,,,,block,paragraph_break,ldc-visual-paragraph-break ldc-ra18-boundary ldc-ra18-paragraph_break,False,,,
library,PASSION24.TEXT.SHARED_T09_1910_07_04_AGONY_CROSS_LAST_BREATH,library,ldc_cross_record,,,,,block,paragraph_break,ldc-visual-paragraph-break ldc-ra18-boundary ldc-ra18-paragraph_break,False,,,
library,PASSION24.TEXT.SHARED_T09_1910_07_04_AGONY_CROSS_LAST_BREATH,library,ldc_cross_record,,,,,block,paragraph_break,ldc-visual-paragraph-break ldc-ra18-boundary ldc-ra18-paragraph_break,False,,,
library,PASSION24.TEXT.SHARED_T09_1910_07_04_AGONY_CROSS_LAST_BREATH,library,ldc_cross_record,,,,,block,paragraph_break,ldc-visual-paragraph-break ldc-ra18-boundary ldc-ra18-paragraph_break,False,,,
section,PASSION24.SECTION.BENEFITS,section,ldc_cross_record,,,,,block,paragraph_break,ldc-visual-paragraph-break ldc-ra18-boundary ldc-ra18-paragraph_break,False,,,
section,PASSION24.SECTION.BENEFITS,section,ldc_cross_record,,,,,block,paragraph_break,ldc-visual-paragraph-break ldc-ra18-boundary ldc-ra18-paragraph_break,False,,,
section,PASSION24.SECTION.BENEFITS,section,ldc_cross_record,,,,,block,paragraph_break,ldc-visual-paragraph-break ldc-ra18-boundary ldc-ra18-paragraph_break,False,,,
section,PASSION24.SECTION.BENEFITS,section,ldc_cross_record,,,,,block,paragraph_break,ldc-visual-paragraph-break ldc-ra18-boundary ldc-ra18-paragraph_break,False,,,
section,PASSION24.SECTION.BENEFITS,section,ldc_cross_record,,,,,block,paragraph_break,ldc-visual-paragraph-break ldc-ra18-boundary ldc-ra18-paragraph_break,False,,,
section,PASSION24.SECTION.BENEFITS,section,ldc_cross_record,,,,,block,paragraph_break,ldc-visual-paragraph-break ldc-ra18-boundary ldc-ra18-paragraph_break,False,,,
section,PASSION24.SECTION.BENEFITS,section,ldc_cross_record,,,,,block,paragraph_break,ldc-visual-paragraph-break ldc-ra18-boundary ldc-ra18-paragraph_break,False,,,
section,PASSION24.SECTION.BENEFITS,section,ldc_cross_record,,,,,block,paragraph_break,ldc-visual-paragraph-break ldc-ra18-boundary ldc-ra18-paragraph_break,False,,,
section,PASSION24.SECTION.BENEFITS,section,ldc_cross_record,,,,,block,paragraph_break,ldc-visual-paragraph-break ldc-ra18-boundary ldc-ra18-paragraph_break,False,,,
section,PASSION24.SECTION.BENEFITS,section,ldc_cross_record,,,,,block,paragraph_break,ldc-visual-paragraph-break ldc-ra18-boundary ldc-ra18-paragraph_break,False,,,
section,PASSION24.SECTION.BENEFITS,section,ldc_cross_record,,,,,block,paragraph_break,ldc-visual-paragraph-break ldc-ra18-boundary ldc-ra18-paragraph_break,False,,,
section,PASSION24.SECTION.BENEFITS,section,ldc_cross_record,,,,,block,paragraph_break,ldc-visual-paragraph-break ldc-ra18-boundary ldc-ra18-paragraph_break,False,,,
section,PASSION24.SECTION.BENEFITS,section,ldc_cross_record,,,,,block,paragraph_break,ldc-visual-paragraph-break ldc-ra18-boundary ldc-ra18-paragraph_break,False,,,
section,PASSION24.SECTION.BENEFITS,section,ldc_cross_record,,,,,block,paragraph_break,ldc-visual-paragraph-break ldc-ra18-boundary ldc-ra18-paragraph_break,False,,,
section,PASSION24.SECTION.BENEFITS,section,ldc_cross_record,,,,,block,paragraph_break,ldc-visual-paragraph-break ldc-ra18-boundary ldc-ra18-paragraph_break,False,,,
section,PASSION24.SECTION.BENEFITS,section,ldc_cross_record,,,,,block,paragraph_break,ldc-visual-paragraph-break ldc-ra18-boundary ldc-ra18-paragraph_break,False,,,
section,PASSION24.SECTION.BENEFITS,section,ldc_cross_record,,,,,block,paragraph_break,ldc-visual-paragraph-break ldc-ra18-boundary ldc-ra18-paragraph_break,False,,,
section,PASSION24.SECTION.BENEFITS,section,ldc_cross_record,,,,,block,paragraph_break,ldc-visual-paragraph-break ldc-ra18-boundary ldc-ra18-paragraph_break,False,,,
section,PASSION24.SECTION.BENEFITS,section,ldc_cross_record,,,,,block,paragraph_break,ldc-visual-paragraph-break ldc-ra18-boundary ldc-ra18-paragraph_break,False,,,
section,PASSION24.SECTION.BENEFITS,section,ldc_cross_record,,,,,block,paragraph_break,ldc-visual-paragraph-break ldc-ra18-boundary ldc-ra18-paragraph_break,False,,,
section,PASSION24.SECTION.BENEFITS,section,ldc_cross_record,,,,,block,paragraph_break,ldc-visual-paragraph-break ldc-ra18-boundary ldc-ra18-paragraph_break,False,,,
section,PASSION24.SECTION.BENEFITS,section,ldc_cross_record,,,,,block,paragraph_break,ldc-visual-paragraph-break ldc-ra18-boundary ldc-ra18-paragraph_break,False,,,
section,PASSION24.SECTION.BENEFITS,section,ldc_cross_record,,,,,block,paragraph_break,ldc-visual-paragraph-break ldc-ra18-boundary ldc-ra18-paragraph_break,False,,,
section,PASSION24.SECTION.BENEFITS,section,ldc_cross_record,,,,,block,paragraph_break,ldc-visual-paragraph-break ldc-ra18-boundary ldc-ra18-paragraph_break,False,,,
section,PASSION24.SECTION.BENEFITS,section,ldc_cross_record,,,,,block,paragraph_break,ldc-visual-paragraph-break ldc-ra18-boundary ldc-ra18-paragraph_break,False,,,
section,PASSION24.SECTION.BENEFITS,section,ldc_cross_record,,,,,block,paragraph_break,ldc-visual-paragraph-break ldc-ra18-boundary ldc-ra18-paragraph_break,False,,,
section,PASSION24.SECTION.BENEFITS,section,ldc_cross_record,,,,,block,paragraph_break,ldc-visual-paragraph-break ldc-ra18-boundary ldc-ra18-paragraph_break,False,,,
section,PASSION24.SECTION.BENEFITS,section,ldc_cross_record,,,,,block,paragraph_break,ldc-visual-paragraph-break ldc-ra18-boundary ldc-ra18-paragraph_break,False,,,
section,PASSION24.SECTION.BENEFITS,section,ldc_cross_record,,,,,block,paragraph_break,ldc-visual-paragraph-break ldc-ra18-boundary ldc-ra18-paragraph_break,False,,,
section,PASSION24.SECTION.BENEFITS,section,ldc_cross_record,,,,,block,paragraph_break,ldc-visual-paragraph-break ldc-ra18-boundary ldc-ra18-paragraph_break,False,,,
section,PASSION24.SECTION.BENEFITS,section,ldc_cross_record,,,,,block,paragraph_break,ldc-visual-paragraph-break ldc-ra18-boundary ldc-ra18-paragraph_break,False,,,
section,PASSION24.SECTION.BENEFITS,section,ldc_cross_record,,,,,block,paragraph_break,ldc-visual-paragraph-break ldc-ra18-boundary ldc-ra18-paragraph_break,False,,,
section,PASSION24.SECTION.BENEFITS,section,ldc_cross_record,,,,,block,paragraph_break,ldc-visual-paragraph-break ldc-ra18-boundary ldc-ra18-paragraph_break,False,,,
section,PASSION24.SECTION.BENEFITS,section,ldc_cross_record,,,,,block,paragraph_break,ldc-visual-paragraph-break ldc-ra18-boundary ldc-ra18-paragraph_break,False,,,
section,PASSION24.SECTION.BENEFITS,section,ldc_cross_record,,,,,block,paragraph_break,ldc-visual-paragraph-break ldc-ra18-boundary ldc-ra18-paragraph_break,False,,,
section,PASSION24.SECTION.BENEFITS,section,ldc_cross_record,,,,,block,paragraph_break,ldc-visual-paragraph-break ldc-ra18-boundary ldc-ra18-paragraph_break,False,,,
section,PASSION24.SECTION.BENEFITS,section,ldc_cross_record,,,,,block,paragraph_break,ldc-visual-paragraph-break ldc-ra18-boundary ldc-ra18-paragraph_break,False,,,
section,PASSION24.SECTION.BENEFITS,section,ldc_cross_record,,,,,block,paragraph_break,ldc-visual-paragraph-break ldc-ra18-boundary ldc-ra18-paragraph_break,False,,,
section,PASSION24.SECTION.BENEFITS,section,ldc_cross_record,,,,,block,paragraph_break,ldc-visual-paragraph-break ldc-ra18-boundary ldc-ra18-paragraph_break,False,,,
section,PASSION24.SECTION.BENEFITS,section,ldc_cross_record,,,,,block,paragraph_break,ldc-visual-paragraph-break ldc-ra18-boundary ldc-ra18-paragraph_break,False,,,
section,PASSION24.SECTION.BENEFITS,section,ldc_cross_record,,,,,block,paragraph_break,ldc-visual-paragraph-break ldc-ra18-boundary ldc-ra18-paragraph_break,False,,,
section,PASSION24.SECTION.BENEFITS,section,ldc_cross_record,,,,,block,paragraph_break,ldc-visual-paragraph-break ldc-ra18-boundary ldc-ra18-paragraph_break,False,,,
section,PASSION24.SECTION.BENEFITS,section,ldc_cross_record,,,,,block,paragraph_break,ldc-visual-paragraph-break ldc-ra18-boundary ldc-ra18-paragraph_break,False,,,
section,PASSION24.SECTION.BENEFITS,section,ldc_cross_record,,,,,block,paragraph_break,ldc-visual-paragraph-break ldc-ra18-boundary ldc-ra18-paragraph_break,False,,,
section,PASSION24.SECTION.BENEFITS,section,ldc_cross_record,,,,,block,paragraph_break,ldc-visual-paragraph-break ldc-ra18-boundary ldc-ra18-paragraph_break,False,,,
section,PASSION24.SECTION.BENEFITS,section,ldc_cross_record,,,,,block,paragraph_break,ldc-visual-paragraph-break ldc-ra18-boundary ldc-ra18-paragraph_break,False,,,
section,PASSION24.SECTION.BENEFITS,section,ldc_cross_record,,,,,block,paragraph_break,ldc-visual-paragraph-break ldc-ra18-boundary ldc-ra18-paragraph_break,False,,,
section,PASSION24.SECTION.BENEFITS,section,ldc_cross_record,,,,,block,paragraph_break,ldc-visual-paragraph-break ldc-ra18-boundary ldc-ra18-paragraph_break,False,,,
section,PASSION24.SECTION.BENEFITS,section,ldc_cross_record,,,,,block,paragraph_break,ldc-visual-paragraph-break ldc-ra18-boundary ldc-ra18-paragraph_break,False,,,
section,PASSION24.SECTION.BENEFITS,section,ldc_cross_record,,,,,block,paragraph_break,ldc-visual-paragraph-break ldc-ra18-boundary ldc-ra18-paragraph_break,False,,,
section,PASSION24.SECTION.BENEFITS,section,ldc_cross_record,,,,,block,paragraph_break,ldc-visual-paragraph-break ldc-ra18-boundary ldc-ra18-paragraph_break,False,,,
section,PASSION24.SECTION.BENEFITS,section,ldc_cross_record,,,,,block,paragraph_break,ldc-visual-paragraph-break ldc-ra18-boundary ldc-ra18-paragraph_break,False,,,
section,PASSION24.SECTION.BENEFITS,section,ldc_cross_record,,,,,block,paragraph_break,ldc-visual-paragraph-break ldc-ra18-boundary ldc-ra18-paragraph_break,False,,,
section,PASSION24.SECTION.BENEFITS,section,ldc_cross_record,,,,,block,paragraph_break,ldc-visual-paragraph-break ldc-ra18-boundary ldc-ra18-paragraph_break,False,,,
section,PASSION24.SECTION.BENEFITS,section,ldc_cross_record,,,,,block,paragraph_break,ldc-visual-paragraph-break ldc-ra18-boundary ldc-ra18-paragraph_break,False,,,
section,PASSION24.SECTION.BENEFITS,section,ldc_cross_record,,,,,block,paragraph_break,ldc-visual-paragraph-break ldc-ra18-boundary ldc-ra18-paragraph_break,False,,,
section,PASSION24.SECTION.BENEFITS,section,ldc_cross_record,,,,,block,paragraph_break,ldc-visual-paragraph-break ldc-ra18-boundary ldc-ra18-paragraph_break,False,,,
section,PASSION24.SECTION.BENEFITS,section,ldc_cross_record,,,,,block,paragraph_break,ldc-visual-paragraph-break ldc-ra18-boundary ldc-ra18-paragraph_break,False,,,
section,PASSION24.SECTION.BENEFITS,section,ldc_cross_record,,,,,block,paragraph_break,ldc-visual-paragraph-break ldc-ra18-boundary ldc-ra18-paragraph_break,False,,,
section,PASSION24.SECTION.BENEFITS,section,ldc_cross_record,,,,,block,paragraph_break,ldc-visual-paragraph-break ldc-ra18-boundary ldc-ra18-paragraph_break,False,,,
section,PASSION24.SECTION.BENEFITS,section,ldc_intra_break,PASSION24.SECTION.BENEFITS.P004,98,M,U+004D,block,paragraph_break,ldc-visual-paragraph-break ldc-ra18-boundary ldc-ra18-paragraph_break,True,98,M,
section,PASSION24.SECTION.BENEFITS,section,ldc_intra_break,PASSION24.SECTION.BENEFITS.P004,204,C,U+0043,block,paragraph_break,ldc-visual-paragraph-break ldc-ra18-boundary ldc-ra18-paragraph_break,True,204,C,
section,PASSION24.SECTION.BENEFITS,section,ldc_intra_break,PASSION24.SECTION.BENEFITS.P007,121,C,U+0043,block,paragraph_break,ldc-visual-paragraph-break ldc-ra18-boundary ldc-ra18-paragraph_break,True,121,C,
section,PASSION24.SECTION.BENEFITS,section,ldc_intra_break,PASSION24.SECTION.BENEFITS.P007,237,C,U+0043,block,paragraph_break,ldc-visual-paragraph-break ldc-ra18-boundary ldc-ra18-paragraph_break,True,237,C,
section,PASSION24.SECTION.BENEFITS,section,ldc_intra_break,PASSION24.SECTION.BENEFITS.P012,91,A,U+0041,block,paragraph_break,ldc-visual-paragraph-break ldc-ra18-boundary ldc-ra18-paragraph_break,True,91,A,
section,PASSION24.SECTION.BENEFITS,section,ldc_intra_break,PASSION24.SECTION.BENEFITS.P017,84,M,U+004D,block,paragraph_break,ldc-visual-paragraph-break ldc-ra18-boundary ldc-ra18-paragraph_break,True,84,M,
section,PASSION24.SECTION.BENEFITS,section,ldc_intra_break,PASSION24.SECTION.BENEFITS.P018,17,A,U+0041,block,paragraph_break,ldc-visual-paragraph-break ldc-ra18-boundary ldc-ra18-paragraph_break,True,17,A,
section,PASSION24.SECTION.BENEFITS,section,ldc_intra_break,PASSION24.SECTION.BENEFITS.P020,143,I,U+0049,block,paragraph_break,ldc-visual-paragraph-break ldc-ra18-boundary ldc-ra18-paragraph_break,True,143,I,
section,PASSION24.SECTION.BENEFITS,section,ldc_intra_break,PASSION24.SECTION.BENEFITS.P021,107,S,U+0053,block,paragraph_break,ldc-visual-paragraph-break ldc-ra18-boundary ldc-ra18-paragraph_break,True,107,S,
section,PASSION24.SECTION.BENEFITS,section,ldc_intra_break,PASSION24.SECTION.BENEFITS.P024,24,P,U+0050,block,paragraph_break,ldc-visual-paragraph-break ldc-ra18-boundary ldc-ra18-paragraph_break,True,24,P,
section,PASSION24.SECTION.BENEFITS,section,ldc_intra_break,PASSION24.SECTION.BENEFITS.P025,196,Q,U+0051,block,paragraph_break,ldc-visual-paragraph-break ldc-ra18-boundary ldc-ra18-paragraph_break,True,196,Q,
section,PASSION24.SECTION.BENEFITS,section,ldc_intra_break,PASSION24.SECTION.BENEFITS.P038,124,O,U+004F,block,paragraph_break,ldc-visual-paragraph-break ldc-ra18-boundary ldc-ra18-paragraph_break,True,124,O,
section,PASSION24.SECTION.BENEFITS,section,ldc_intra_break,PASSION24.SECTION.BENEFITS.P040,134,L,U+004C,block,paragraph_break,ldc-visual-paragraph-break ldc-ra18-boundary ldc-ra18-paragraph_break,True,134,L,
section,PASSION24.SECTION.BENEFITS,section,ldc_intra_break,PASSION24.SECTION.BENEFITS.P046,173,Q,U+0051,block,paragraph_break,ldc-visual-paragraph-break ldc-ra18-boundary ldc-ra18-paragraph_break,True,173,Q,
section,PASSION24.SECTION.BENEFITS,section,ldc_intra_break,PASSION24.SECTION.BENEFITS.P055,190,D,U+0044,block,paragraph_break,ldc-visual-paragraph-break ldc-ra18-boundary ldc-ra18-paragraph_break,True,190,D,
section,PASSION24.SECTION.BENEFITS,section,ldc_intra_break,PASSION24.SECTION.BENEFITS.P057,23,I,U+0049,block,paragraph_break,ldc-visual-paragraph-break ldc-ra18-boundary ldc-ra18-paragraph_break,True,23,I,
section,PASSION24.SECTION.BENEFITS,section,ldc_intra_break,PASSION24.SECTION.BENEFITS.P061,75,D,U+0044,block,paragraph_break,ldc-visual-paragraph-break ldc-ra18-boundary ldc-ra18-paragraph_break,True,75,D,
section,PASSION24.SECTION.BENEFITS,section,ldc_intra_break,PASSION24.SECTION.BENEFITS.P082,164,p,U+0070,block,paragraph_break,ldc-visual-paragraph-break ldc-ra18-boundary ldc-ra18-paragraph_break,True,164,p,
section,PASSION24.SECTION.BENEFITS,section,speech_presentation_break,PASSION24.SECTION.BENEFITS.P102,195, ,U+0020,block,,speech-end-visual-break speech-presentation-visual-break,True,196,I,
section,PASSION24.SECTION.BENEFITS,section,speech_presentation_break,PASSION24.SECTION.BENEFITS.P116,217, ,U+0020,block,,speech-end-visual-break speech-presentation-visual-break,True,218,U,
section,PASSION24.SECTION.BENEFITS,section,speech_presentation_break,PASSION24.SECTION.BENEFITS.P122,78, ,U+0020,block,,speech-end-visual-break speech-presentation-visual-break,True,79,E,
section,PASSION24.SECTION.BENEFITS,section,speech_presentation_break,PASSION24.SECTION.BENEFITS.P136,157, ,U+0020,block,,speech-end-visual-break speech-presentation-visual-break,True,158,J,
section,PASSION24.SECTION.BENEFITS,section,ldc_intra_break,PASSION24.SECTION.BENEFITS.P142,103,P,U+0050,block,paragraph_break,ldc-visual-paragraph-break ldc-ra18-boundary ldc-ra18-paragraph_break,True,103,P,
section,PASSION24.SECTION.BENEFITS,section,ldc_intra_break,PASSION24.SECTION.BENEFITS.P144,128,J,U+004A,block,paragraph_break,ldc-visual-paragraph-break ldc-ra18-boundary ldc-ra18-paragraph_break,True,128,J,
section,PASSION24.SECTION.BENEFITS,section,speech_presentation_break,PASSION24.SECTION.BENEFITS.P149,140, ,U+0020,block,,speech-end-visual-break speech-presentation-visual-break,True,141,P,
section,PASSION24.SECTION.BENEFITS,section,ldc_intra_break,PASSION24.SECTION.BENEFITS.P153,64,M,U+004D,block,paragraph_break,ldc-visual-paragraph-break ldc-ra18-boundary ldc-ra18-paragraph_break,True,64,M,
section,PASSION24.SECTION.BENEFITS,section,ldc_intra_break,PASSION24.SECTION.BENEFITS.P153,235,C,U+0043,block,paragraph_break,ldc-visual-paragraph-break ldc-ra18-boundary ldc-ra18-paragraph_break,True,235,C,
section,PASSION24.SECTION.BENEFITS,section,ldc_intra_break,PASSION24.SECTION.BENEFITS.P156,99,D,U+0044,block,paragraph_break,ldc-visual-paragraph-break ldc-ra18-boundary ldc-ra18-paragraph_break,True,99,D,
section,PASSION24.SECTION.BENEFITS,section,ldc_intra_break,PASSION24.SECTION.BENEFITS.P156,226,D,U+0044,block,paragraph_break,ldc-visual-paragraph-break ldc-ra18-boundary ldc-ra18-paragraph_break,True,226,D,
section,PASSION24.SECTION.BENEFITS,section,ldc_intra_break,PASSION24.SECTION.BENEFITS.P169,101,J,U+004A,block,paragraph_break,ldc-visual-paragraph-break ldc-ra18-boundary ldc-ra18-paragraph_break,True,101,J,
section,PASSION24.SECTION.BENEFITS,section,ldc_intra_break,PASSION24.SECTION.BENEFITS.P169,227,Q,U+0051,block,paragraph_break,ldc-visual-paragraph-break ldc-ra18-boundary ldc-ra18-paragraph_break,True,227,Q,
section,PASSION24.SECTION.BENEFITS,section,ldc_intra_break,PASSION24.SECTION.BENEFITS.P175,69,M,U+004D,block,paragraph_break,ldc-visual-paragraph-break ldc-ra18-boundary ldc-ra18-paragraph_break,True,69,M,
