path,line,token,classification,excerpt
README.md,5,v101.121,IMMUTABLE_BASELINE_REFERENCE_ALLOWED,Immutable baseline: v101.121 / `e22782a8dd73fb54287cd13d61b3ff217c4d24f33702bd1397dc1b4df5c34d3a`.
README.md,9,v101.121,IMMUTABLE_BASELINE_REFERENCE_ALLOWED,"Protected and unchanged from v101.121: canonical corpus text, the fourteen governed declarations, Help content, speech semantics, presentation projection/adjudications, display segmentation, Samsung paragraph topology, storage schema, notes/highlights and platform-specific highlighting models."
evidence/m1_1/M1_FINAL_DECISION_LOCK.json,5,v101.110,HISTORICAL_EVIDENCE_ALLOWED,"  ""baseline_version"": ""v101.110"","
evidence/m1_1/M1_FINAL_REPORT.md,5,v101.110,HISTORICAL_EVIDENCE_ALLOWED,Immutable baseline: v101.110 (`4e204832023ff8d6d71319caf854a94bda53f148258df700b8792789597294a8`). No mutation was performed and v101.111 does not exist.
evidence/m1_1/M1_FINAL_REPORT.md,5,v101.111,HISTORICAL_EVIDENCE_ALLOWED,Immutable baseline: v101.110 (`4e204832023ff8d6d71319caf854a94bda53f148258df700b8792789597294a8`). No mutation was performed and v101.111 does not exist.
evidence/m1_1/M1_FINAL_REPORT.md,17,v101.110,HISTORICAL_EVIDENCE_ALLOWED,"A16 has one exact semantic-correction intersection with the 60 mapped 24H source entries: LDC.T35.E0040.P023, where “Je vous aime, je vous aime.” is PERSONIFIED_VOICE nested within a JESUS presentation parent. The exact v101.110 runtime target is `PASSION24.TEXT.RELATED_HOUR_21.BODY.P147`. This becomes shadow action M1-SA-010; visible JESUS presentation remains unchanged."
evidence/m1_1/M1_FINAL_REPORT.md,28,v101.110,HISTORICAL_EVIDENCE_ALLOWED,"The original M1 package SHA-256 `326502bcdb60796b59eecb0250fe3d9f9dae67f824523b0f77cc5eecdf7e59e8` is superseded for the SA-010 runtime target only. Direct v101.110 source-map reconstruction proves `LDC.T35.E0040.P023` maps to `PASSION24.TEXT.RELATED_HOUR_21.BODY.P147`, not P146. Runtime P147 contains `Je vous aime, je vous aime.` at offsets 167–194, exactly matching the A16 correction. All other M1 action rows and G1–G10 decisions are unchanged."
evidence/m2/M2_FINAL_DECISION_LOCK.json,17,v101.110,HISTORICAL_EVIDENCE_ALLOWED,"  ""baseline_version"": ""v101.110"","
evidence/m2/M2_FINAL_DECISION_LOCK.json,19,v101.111,HISTORICAL_EVIDENCE_ALLOWED,"  ""candidate_version"": ""v101.111"","
evidence/m2/M2_FINAL_REPORT.md,15,v101.111,HISTORICAL_EVIDENCE_ALLOWED,Candidate v101.111 exists only as the M2 working candidate. No final release ZIP has been created; M3 runtime presentation and M4 final package lock remain mandatory.
evidence/m3/M3_CHROMIUM_RUNTIME_MATRIX.json,543,v101.111,HISTORICAL_EVIDENCE_ALLOWED,"      ""evidence"": ""v101.111"""
evidence/m3/M3_CHROMIUM_RUNTIME_MATRIX.json,1064,v101.111,HISTORICAL_EVIDENCE_ALLOWED,"      ""evidence"": ""v101.111"""
evidence/m3/M3_CHROMIUM_RUNTIME_MATRIX.json,1585,v101.111,HISTORICAL_EVIDENCE_ALLOWED,"      ""evidence"": ""v101.111"""
evidence/m4_contract/M4_RECONSTRUCTED_G20_G22_CONTRACT.md,11,v101.111,HISTORICAL_EVIDENCE_ALLOWED,"- APP_VERSION, `manifest.json`, `version.json`, service-worker cache generation, README and release metadata are consistent with v101.111;"
evidence/v101112/PREPACKAGE_STAGE_REPORT.md,1,v101.112,HISTORICAL_EVIDENCE_DIRECTORY_ALLOWED,# v101.112 prepackage stage report
evidence/v101112/PREPACKAGE_STAGE_REPORT.md,5,v101.111,HISTORICAL_EVIDENCE_ALLOWED,Baseline: v101.111 / `7568b9a38b5c58836b88442472b5a2d99bfe596e816e0b26b063d998a8bc7b46`.
evidence/v101112/PREPACKAGE_STAGE_REPORT.md,12,v101.111,HISTORICAL_EVIDENCE_ALLOWED,"- No affected Hour-22/H3 target occurs in `SPEECH_DATA`, `SPEECH_PRESENTATION_ADJUDICATIONS`, `SPEECH_PRESENTATION_PROJECTION` or cross-record wrapper suppressions; those declarations remain byte-identical to v101.111."
evidence/v101113/AUDIT_REPAIR_LEDGER.csv,2,v101.111,HISTORICAL_EVIDENCE_ALLOWED,"AUD-001,REAL_DEVICE_QA_CHECKLIST.md,ACTIVE_QA_VERSION_STALE,v101.111,v101.113 + 21 explicit external scenarios,PASS"
evidence/v101113/AUDIT_REPAIR_LEDGER.csv,2,v101.113,HISTORICAL_EVIDENCE_DIRECTORY_ALLOWED,"AUD-001,REAL_DEVICE_QA_CHECKLIST.md,ACTIVE_QA_VERSION_STALE,v101.111,v101.113 + 21 explicit external scenarios,PASS"
evidence/v101113/AUDIT_REPAIR_LEDGER.csv,3,v101.111,HISTORICAL_EVIDENCE_ALLOWED,"AUD-002,REAL_DEVICE_QA_RESULTS_TEMPLATE.csv,ACTIVE_QA_VERSION_STALE_AND_INCOMPLETE,2 rows at v101.111,21 rows at v101.113,PASS"
evidence/v101113/AUDIT_REPAIR_LEDGER.csv,3,v101.113,HISTORICAL_EVIDENCE_DIRECTORY_ALLOWED,"AUD-002,REAL_DEVICE_QA_RESULTS_TEMPLATE.csv,ACTIVE_QA_VERSION_STALE_AND_INCOMPLETE,2 rows at v101.111,21 rows at v101.113,PASS"
evidence/v101113/AUDIT_REPAIR_LEDGER.csv,4,v101.111,HISTORICAL_EVIDENCE_ALLOWED,"AUD-003,reports/stale_reference_scan.*,FALSE_ZERO_FAILURE_CLASSIFICATION,root QA v101.111 treated historical,root QA files treated CURRENT_FACING; no stale current version allowed,PASS"
evidence/v101113/AUDIT_REPAIR_LEDGER.csv,5,v101.112,HISTORICAL_EVIDENCE_ALLOWED,"AUD-004,audit/independent_four_pass_audit.md,UNSUPPORTED_CURRENT_FACING_CLAIM,claimed all current-facing refs were v101.112,regenerated after direct active-report line audit,PASS"
evidence/v101113/PREPACKAGE_STAGE_REPORT.md,1,v101.113,HISTORICAL_EVIDENCE_DIRECTORY_ALLOWED,# v101.113 prepackage stage report
evidence/v101113/PREPACKAGE_STAGE_REPORT.md,5,v101.112,HISTORICAL_EVIDENCE_ALLOWED,Baseline: v101.112 / `33e32c3874cf3f26bd90b5c2ddcac959f0397dce6d75c6efc728fef2975a6eff`.
evidence/v101113/PREPACKAGE_STAGE_REPORT.md,7,v101.111,HISTORICAL_EVIDENCE_ALLOWED,Four-pass defect corrected: the active root real-device QA checklist/results template still named v101.111 and the stale-reference scanner incorrectly classified them as historical.
evidence/v101113/PREPACKAGE_STAGE_REPORT.md,11,v101.112,HISTORICAL_EVIDENCE_ALLOWED,All fourteen governed runtime declarations are exact byte parity with v101.112. The v101.112 H3/H22 text/display/topology repair remains unchanged.
evidence/v101113/PREPACKAGE_STAGE_REPORT.md,11,v101.112,HISTORICAL_EVIDENCE_ALLOWED,All fourteen governed runtime declarations are exact byte parity with v101.112. The v101.112 H3/H22 text/display/topology repair remains unchanged.
evidence/v101114/BROAD_CHROMIUM_RUNTIME_MATRIX.json,3,v101.114,HISTORICAL_EVIDENCE_DIRECTORY_ALLOWED,"  ""version"": ""v101.114"","
evidence/v101114/BROAD_CHROMIUM_RUNTIME_MATRIX.json,17,v101.114,HISTORICAL_EVIDENCE_DIRECTORY_ALLOWED,"        ""ver"": ""v101.114"","
evidence/v101114/BROAD_CHROMIUM_RUNTIME_MATRIX.json,132,v101.114,HISTORICAL_EVIDENCE_DIRECTORY_ALLOWED,"        ""ver"": ""v101.114"","
evidence/v101114/BROAD_CHROMIUM_RUNTIME_MATRIX.json,247,v101.114,HISTORICAL_EVIDENCE_DIRECTORY_ALLOWED,"        ""ver"": ""v101.114"","
evidence/v101114/BROAD_CHROMIUM_RUNTIME_MATRIX.json,365,v101.114,HISTORICAL_EVIDENCE_DIRECTORY_ALLOWED,"        ""ver"": ""v101.114"","
evidence/v101114/PREPACKAGE_STAGE_REPORT.md,1,v101.114,HISTORICAL_EVIDENCE_DIRECTORY_ALLOWED,# v101.114 prepackage stage report
evidence/v101114/PREPACKAGE_STAGE_REPORT.md,5,v101.113,HISTORICAL_EVIDENCE_ALLOWED,Baseline: v101.113 / `6e5ee2053f803af57be6e82ddb85c32c29abe27862723fcde21172a3436b54ce`.
evidence/v101114/PREPACKAGE_STAGE_REPORT.md,7,v101.113,HISTORICAL_EVIDENCE_ALLOWED,"The only authorised changes are release identity/cache, current QA version metadata, active audit/report evidence and reproducibility scripts. All fourteen governed runtime declarations are exact v101.113 parity."
evidence/v101115/BROAD_CHROMIUM_RUNTIME_MATRIX.json,3,v101.115,HISTORICAL_EVIDENCE_DIRECTORY_ALLOWED,"  ""version"": ""v101.115"","
evidence/v101115/BROAD_CHROMIUM_RUNTIME_MATRIX.json,17,v101.115,HISTORICAL_EVIDENCE_DIRECTORY_ALLOWED,"        ""ver"": ""v101.115"","
evidence/v101115/BROAD_CHROMIUM_RUNTIME_MATRIX.json,132,v101.115,HISTORICAL_EVIDENCE_DIRECTORY_ALLOWED,"        ""ver"": ""v101.115"","
evidence/v101115/BROAD_CHROMIUM_RUNTIME_MATRIX.json,247,v101.115,HISTORICAL_EVIDENCE_DIRECTORY_ALLOWED,"        ""ver"": ""v101.115"","
evidence/v101115/BROAD_CHROMIUM_RUNTIME_MATRIX.json,365,v101.115,HISTORICAL_EVIDENCE_DIRECTORY_ALLOWED,"        ""ver"": ""v101.115"","
evidence/v101115/PREPACKAGE_STAGE_REPORT.md,1,v101.115,HISTORICAL_EVIDENCE_DIRECTORY_ALLOWED,# v101.115 prepackage stage report
evidence/v101115/PREPACKAGE_STAGE_REPORT.md,5,v101.114,HISTORICAL_EVIDENCE_ALLOWED,Baseline: v101.114 / `80cba7c21fed8c0d3d43b73dc3f502e594363ccf64a23f0fb40ffb5f9f11716b`.
evidence/v101116/BROAD_CHROMIUM_RUNTIME_MATRIX.json,3,v101.116,HISTORICAL_EVIDENCE_DIRECTORY_ALLOWED,"  ""version"": ""v101.116"","
evidence/v101116/BROAD_CHROMIUM_RUNTIME_MATRIX.json,17,v101.116,HISTORICAL_EVIDENCE_DIRECTORY_ALLOWED,"        ""ver"": ""v101.116"","
evidence/v101116/BROAD_CHROMIUM_RUNTIME_MATRIX.json,132,v101.116,HISTORICAL_EVIDENCE_DIRECTORY_ALLOWED,"        ""ver"": ""v101.116"","
evidence/v101116/BROAD_CHROMIUM_RUNTIME_MATRIX.json,247,v101.116,HISTORICAL_EVIDENCE_DIRECTORY_ALLOWED,"        ""ver"": ""v101.116"","
evidence/v101116/BROAD_CHROMIUM_RUNTIME_MATRIX.json,365,v101.116,HISTORICAL_EVIDENCE_DIRECTORY_ALLOWED,"        ""ver"": ""v101.116"","
evidence/v101116/PREPACKAGE_STAGE_REPORT.md,1,v101.116,HISTORICAL_EVIDENCE_DIRECTORY_ALLOWED,# v101.116 prepackage stage report
evidence/v101116/PREPACKAGE_STAGE_REPORT.md,5,v101.115,HISTORICAL_EVIDENCE_ALLOWED,Baseline: v101.115 / `b5fb899b032527a3fc3cee4e79bbffd25151c9974518648b295e73903d82458a`.
evidence/v101117/AUDIT_REPAIR_LEDGER.csv,2,v101.117,HISTORICAL_EVIDENCE_DIRECTORY_ALLOWED,"AUD-117-001,metadata/scope_escalation_authority.md,STALE_RA19E2_SCOPE_WORDING,replace with current v101.117 release/evidence-only scope authority,PASS"
evidence/v101117/AUDIT_REPAIR_LEDGER.csv,4,v101.116,HISTORICAL_EVIDENCE_ALLOWED,"AUD-117-003,reports/no_regression_fix_ledger.csv,CURRENT_STAGE_REPAIR_OMITTED,record v101.116 and v101.117 evidence-integrity repairs explicitly,PASS"
evidence/v101117/AUDIT_REPAIR_LEDGER.csv,4,v101.117,HISTORICAL_EVIDENCE_DIRECTORY_ALLOWED,"AUD-117-003,reports/no_regression_fix_ledger.csv,CURRENT_STAGE_REPAIR_OMITTED,record v101.116 and v101.117 evidence-integrity repairs explicitly,PASS"
evidence/v101117/BROAD_CHROMIUM_RUNTIME_MATRIX.json,3,v101.117,HISTORICAL_EVIDENCE_DIRECTORY_ALLOWED,"  ""version"": ""v101.117"","
evidence/v101117/BROAD_CHROMIUM_RUNTIME_MATRIX.json,17,v101.117,HISTORICAL_EVIDENCE_DIRECTORY_ALLOWED,"        ""ver"": ""v101.117"","
evidence/v101117/BROAD_CHROMIUM_RUNTIME_MATRIX.json,132,v101.117,HISTORICAL_EVIDENCE_DIRECTORY_ALLOWED,"        ""ver"": ""v101.117"","
evidence/v101117/BROAD_CHROMIUM_RUNTIME_MATRIX.json,247,v101.117,HISTORICAL_EVIDENCE_DIRECTORY_ALLOWED,"        ""ver"": ""v101.117"","
evidence/v101117/BROAD_CHROMIUM_RUNTIME_MATRIX.json,365,v101.117,HISTORICAL_EVIDENCE_DIRECTORY_ALLOWED,"        ""ver"": ""v101.117"","
evidence/v101117/PREPACKAGE_STAGE_REPORT.md,1,v101.117,HISTORICAL_EVIDENCE_DIRECTORY_ALLOWED,# v101.117 prepackage stage report
evidence/v101117/PREPACKAGE_STAGE_REPORT.md,5,v101.116,HISTORICAL_EVIDENCE_ALLOWED,Baseline: v101.116 / `2ed387c56530d58e54852e748d00aaa425513dfc626b516e53a3c4ef91d356f5`.
evidence/v101117/PREPACKAGE_STAGE_REPORT.md,7,v101.116,HISTORICAL_EVIDENCE_ALLOWED,"All fourteen governed runtime declarations remain exact baseline parity. Current semantic metadata is internally aligned to `FOUR_PASS_SEMANTIC_CURRENT_METADATA_INTEGRITY_REPAIR_R1`: `version.json.release_scope`, `metadata/scope_escalation_authority.md` and `reports/no_regression_fix_ledger.csv` explicitly represent the current stage. The independent prefreeze runner derives its evidence folder from the requested version rather than hard-coding v101.116. Broad Chromium and isolated service-worke"
evidence/v101118/AUDIT_REPAIR_LEDGER.csv,2,v101.118,HISTORICAL_EVIDENCE_DIRECTORY_ALLOWED,"AUD-118-001,scripts/EXECUTION_SPEC.md,GENERIC_CURRENT_FACING_SPEC_STALE_V101111,archive old bytes under scripts/historical/EXECUTION_SPEC_v101111.md and write current v101.118 execution spec,PASS"
evidence/v101118/BROAD_CHROMIUM_RUNTIME_MATRIX.json,3,v101.118,HISTORICAL_EVIDENCE_DIRECTORY_ALLOWED,"  ""version"": ""v101.118"","
evidence/v101118/BROAD_CHROMIUM_RUNTIME_MATRIX.json,17,v101.118,HISTORICAL_EVIDENCE_DIRECTORY_ALLOWED,"        ""ver"": ""v101.118"","
evidence/v101118/BROAD_CHROMIUM_RUNTIME_MATRIX.json,132,v101.118,HISTORICAL_EVIDENCE_DIRECTORY_ALLOWED,"        ""ver"": ""v101.118"","
evidence/v101118/BROAD_CHROMIUM_RUNTIME_MATRIX.json,247,v101.118,HISTORICAL_EVIDENCE_DIRECTORY_ALLOWED,"        ""ver"": ""v101.118"","
evidence/v101118/BROAD_CHROMIUM_RUNTIME_MATRIX.json,365,v101.118,HISTORICAL_EVIDENCE_DIRECTORY_ALLOWED,"        ""ver"": ""v101.118"","
evidence/v101118/PREPACKAGE_STAGE_REPORT.md,1,v101.118,HISTORICAL_EVIDENCE_DIRECTORY_ALLOWED,# v101.118 prepackage stage report
evidence/v101118/PREPACKAGE_STAGE_REPORT.md,5,v101.117,HISTORICAL_EVIDENCE_ALLOWED,Baseline: v101.117 / `a778b1b821c76b4450796d1b76354fa1aa26fde0c48eb492ea59eaeff3375a9e`.
evidence/v101118/PREPACKAGE_STAGE_REPORT.md,7,v101.118,HISTORICAL_EVIDENCE_DIRECTORY_ALLOWED,All fourteen governed runtime declarations remain exact baseline parity. The generic `scripts/EXECUTION_SPEC.md` now identifies `v101.118` / `FOUR_PASS_GENERIC_EXECUTION_SPEC_INTEGRITY_REPAIR_R1`; the historical v101.111 RA19E.2 specification is preserved byte-for-byte at `scripts/historical/EXECUTION_SPEC_v101111.md`. Current semantic metadata remains aligned. Broad Chromium and isolated service-worker logic evidence are rerun before freeze. All active reports are finalized before the line audi
evidence/v101118/PREPACKAGE_STAGE_REPORT.md,7,v101.111,HISTORICAL_EVIDENCE_ALLOWED,All fourteen governed runtime declarations remain exact baseline parity. The generic `scripts/EXECUTION_SPEC.md` now identifies `v101.118` / `FOUR_PASS_GENERIC_EXECUTION_SPEC_INTEGRITY_REPAIR_R1`; the historical v101.111 RA19E.2 specification is preserved byte-for-byte at `scripts/historical/EXECUTION_SPEC_v101111.md`. Current semantic metadata remains aligned. Broad Chromium and isolated service-worker logic evidence are rerun before freeze. All active reports are finalized before the line audi
evidence/v101119/BROAD_CHROMIUM_RUNTIME_MATRIX.json,3,v101.119,HISTORICAL_EVIDENCE_DIRECTORY_ALLOWED,"  ""version"": ""v101.119"","
evidence/v101119/BROAD_CHROMIUM_RUNTIME_MATRIX.json,17,v101.119,HISTORICAL_EVIDENCE_DIRECTORY_ALLOWED,"        ""ver"": ""v101.119"","
evidence/v101119/BROAD_CHROMIUM_RUNTIME_MATRIX.json,132,v101.119,HISTORICAL_EVIDENCE_DIRECTORY_ALLOWED,"        ""ver"": ""v101.119"","
evidence/v101119/BROAD_CHROMIUM_RUNTIME_MATRIX.json,247,v101.119,HISTORICAL_EVIDENCE_DIRECTORY_ALLOWED,"        ""ver"": ""v101.119"","
evidence/v101119/BROAD_CHROMIUM_RUNTIME_MATRIX.json,365,v101.119,HISTORICAL_EVIDENCE_DIRECTORY_ALLOWED,"        ""ver"": ""v101.119"","
evidence/v101119/EXHAUSTIVE_PRESENTATION_RUNTIME_MATRIX.json,3,v101.119,HISTORICAL_EVIDENCE_DIRECTORY_ALLOWED,"  ""version"": ""v101.119"","
evidence/v101119/M2_MUTATION_INTEGRITY_REPORT.md,1,v101.119,HISTORICAL_EVIDENCE_DIRECTORY_ALLOWED,# v101.119 M2 — authorised mutation integrity
evidence/v101119/M2_MUTATION_INTEGRITY_REPORT.md,10,v101.118,HISTORICAL_EVIDENCE_ALLOWED,- P053/P068 projections remain byte/JSON-identical to the immutable v101.118 baseline.
evidence/v101119/m1/M1_EXACT_MUTATION_LEDGER_FROZEN.csv,2,v101.119,HISTORICAL_EVIDENCE_DIRECTORY_ALLOWED,"PASSION24.HOUR.24.DESOL.P033,ADD_ADJUDICATION:PERSONIFIED_VOICE:1-163 | CLOSE_DELIMITER@163:MARY | FULL_RECORD_PRESENTATION:MARY:0-164 | LEXICAL_GAP@100:MARY | LEXICAL_GAP@102:MARY | LEXICAL_GAP@103:MARY | LEXICAL_GAP@104:MARY | LEXICAL_GAP@105:MARY | LEXICAL_GAP@106:MARY | LEXICAL_GAP@107:MARY | LEXICAL_GAP@109:MARY | LEXICAL_GAP@10:MARY | LEXICAL_GAP@110:MARY | LEXICAL_GAP@112:MARY | LEXICAL_GAP@113:MARY | LEXICAL_GAP@114:MARY | LEXICAL_GAP@116:MARY | LEXICAL_GAP@117:MARY | LEXICAL_GAP@118:MAR"
evidence/v101119/m1/M1_EXACT_MUTATION_LEDGER_FROZEN.csv,45,v101.119,HISTORICAL_EVIDENCE_DIRECTORY_ALLOWED,"PASSION24.TEXT.RELATED_HOUR_22.BODY.P090,ADD_ADJUDICATION:GENERIC_SOUL:217-238;REMOVE_BREAK:215 | CLOSE_DELIMITER@238:JESUS | FULL_RECORD_PRESENTATION:JESUS:0-239 | LEXICAL_GAP@217:JESUS | LEXICAL_GAP@218:JESUS | LEXICAL_GAP@220:JESUS | LEXICAL_GAP@221:JESUS | LEXICAL_GAP@222:JESUS | LEXICAL_GAP@223:JESUS | LEXICAL_GAP@225:JESUS | LEXICAL_GAP@226:JESUS | LEXICAL_GAP@227:JESUS | LEXICAL_GAP@229:JESUS | LEXICAL_GAP@230:JESUS | LEXICAL_GAP@231:JESUS | LEXICAL_GAP@232:JESUS | LEXICAL_GAP@233:JESUS |"
evidence/v101119/m1/M1_FIXED_POINT_REPORT.md,1,v101.119,HISTORICAL_EVIDENCE_DIRECTORY_ALLOWED,# v101.119 M1 — QUOTED_SPAN_PRESENTATION_CLOSURE_R1 evidence fixed point
evidence/v101119/m1/M1_MUTATION_PAYLOAD.json,529,v101.119,HISTORICAL_EVIDENCE_DIRECTORY_ALLOWED,"        ""reason"": ""v101.119 quoted-span closure: P032 says the remembered arrows \""me disent\"" and P033 is their quoted voice inside the continuing MARY turn; semantic voice remains distinct while MARY governs display."""
evidence/v101119/m1/M1_MUTATION_PAYLOAD.json,539,v101.119,HISTORICAL_EVIDENCE_DIRECTORY_ALLOWED,"        ""reason"": ""v101.119 quoted-span closure: governing handover identifies source-supported GENERIC_SOUL nested speech inside active JESUS turn; canonical text and raw SPEECH_DATA remain unchanged."""
evidence/v101119/post_mutation_fixed_point/M1_FIXED_POINT_REPORT.md,1,v101.119,HISTORICAL_EVIDENCE_DIRECTORY_ALLOWED,# v101.119 M1 — QUOTED_SPAN_PRESENTATION_CLOSURE_R1 evidence fixed point
evidence/v101120/BROAD_CHROMIUM_RUNTIME_MATRIX.json,3,v101.120,HISTORICAL_EVIDENCE_DIRECTORY_ALLOWED,"  ""version"": ""v101.120"","
evidence/v101120/BROAD_CHROMIUM_RUNTIME_MATRIX.json,17,v101.120,HISTORICAL_EVIDENCE_DIRECTORY_ALLOWED,"        ""ver"": ""v101.120"","
evidence/v101120/BROAD_CHROMIUM_RUNTIME_MATRIX.json,132,v101.120,HISTORICAL_EVIDENCE_DIRECTORY_ALLOWED,"        ""ver"": ""v101.120"","
evidence/v101120/BROAD_CHROMIUM_RUNTIME_MATRIX.json,247,v101.120,HISTORICAL_EVIDENCE_DIRECTORY_ALLOWED,"        ""ver"": ""v101.120"","
evidence/v101120/BROAD_CHROMIUM_RUNTIME_MATRIX.json,365,v101.120,HISTORICAL_EVIDENCE_DIRECTORY_ALLOWED,"        ""ver"": ""v101.120"","
evidence/v101120/EXHAUSTIVE_PRESENTATION_RUNTIME_MATRIX.json,3,v101.120,HISTORICAL_EVIDENCE_DIRECTORY_ALLOWED,"  ""version"": ""v101.120"","
evidence/v101120/HELP_BROWSER_MATRIX.json,3,v101.120,HISTORICAL_EVIDENCE_DIRECTORY_ALLOWED,"  ""version"": ""v101.120"","
evidence/v101120/HELP_BROWSER_MATRIX.json,18,v101.120,HISTORICAL_EVIDENCE_DIRECTORY_ALLOWED,"        ""version"": ""v101.120"","
evidence/v101120/HELP_BROWSER_MATRIX.json,58,v101.120,HISTORICAL_EVIDENCE_DIRECTORY_ALLOWED,"        ""text"": ""GUIDE D’UTILISATION\nAide et À propos\n× Fermer\nQue voulez-vous faire ?\nComment pratiquer les 24 Heures\nCommencer / reprendre une Heure\nSurligner / prendre une note\nRetrouver mes éléments dans Mon Espace\nRechercher un texte\nUtiliser Samsung / Android\nPartager un passage\nSauvegarder / restaurer mes données\nSignaler un problème\nCOMMENCER ET PRATIQUER LES 24 HEURES\n✝\nParcours simple proposé — Prier une Heure par jour, dans l’ordre, puis poursuivre avec l’Heure suivante"
evidence/v101120/HELP_BROWSER_MATRIX.json,229,v101.120,HISTORICAL_EVIDENCE_DIRECTORY_ALLOWED,"        ""version"": ""v101.120"","
evidence/v101120/HELP_BROWSER_MATRIX.json,269,v101.120,HISTORICAL_EVIDENCE_DIRECTORY_ALLOWED,"        ""text"": ""GUIDE D’UTILISATION\nAide et À propos\n× Fermer\nQue voulez-vous faire ?\nComment pratiquer les 24 Heures\nCommencer / reprendre une Heure\nSurligner / prendre une note\nRetrouver mes éléments dans Mon Espace\nRechercher un texte\nUtiliser Samsung / Android\nPartager un passage\nSauvegarder / restaurer mes données\nSignaler un problème\nCOMMENCER ET PRATIQUER LES 24 HEURES\n✝\nParcours simple proposé — Prier une Heure par jour, dans l’ordre, puis poursuivre avec l’Heure suivante"
evidence/v101120/HELP_BROWSER_MATRIX.json,440,v101.120,HISTORICAL_EVIDENCE_DIRECTORY_ALLOWED,"        ""version"": ""v101.120"","
evidence/v101120/HELP_BROWSER_MATRIX.json,480,v101.120,HISTORICAL_EVIDENCE_DIRECTORY_ALLOWED,"        ""text"": ""GUIDE D’UTILISATION\nAide et À propos\n× Fermer\nQue voulez-vous faire ?\nComment pratiquer les 24 Heures\nCommencer / reprendre une Heure\nSurligner / prendre une note\nRetrouver mes éléments dans Mon Espace\nRechercher un texte\nUtiliser Samsung / Android\nPartager un passage\nSauvegarder / restaurer mes données\nSignaler un problème\nCOMMENCER ET PRATIQUER LES 24 HEURES\n✝\nParcours simple proposé — Prier une Heure par jour, dans l’ordre, puis poursuivre avec l’Heure suivante"
evidence/v101120/HELP_BROWSER_MATRIX.json,651,v101.120,HISTORICAL_EVIDENCE_DIRECTORY_ALLOWED,"        ""version"": ""v101.120"","
evidence/v101120/HELP_BROWSER_MATRIX.json,691,v101.120,HISTORICAL_EVIDENCE_DIRECTORY_ALLOWED,"        ""text"": ""GUIDE D’UTILISATION\nAide et À propos\n× Fermer\nQue voulez-vous faire ?\nComment pratiquer les 24 Heures\nCommencer / reprendre une Heure\nSurligner / prendre une note\nRetrouver mes éléments dans Mon Espace\nRechercher un texte\nUtiliser Samsung / Android\nPartager un passage\nSauvegarder / restaurer mes données\nSignaler un problème\nCOMMENCER ET PRATIQUER LES 24 HEURES\n✝\nParcours simple proposé — Prier une Heure par jour, dans l’ordre, puis poursuivre avec l’Heure suivante"
evidence/v101120/HELP_BROWSER_MATRIX.json,862,v101.120,HISTORICAL_EVIDENCE_DIRECTORY_ALLOWED,"        ""version"": ""v101.120"","
evidence/v101120/HELP_BROWSER_MATRIX.json,902,v101.120,HISTORICAL_EVIDENCE_DIRECTORY_ALLOWED,"        ""text"": ""GUIDE D’UTILISATION\nAide et À propos\n× Fermer\nQue voulez-vous faire ?\nComment pratiquer les 24 Heures\nCommencer / reprendre une Heure\nSurligner / prendre une note\nRetrouver mes éléments dans Mon Espace\nRechercher un texte\nUtiliser Samsung / Android\nPartager un passage\nSauvegarder / restaurer mes données\nSignaler un problème\nCOMMENCER ET PRATIQUER LES 24 HEURES\n✝\nParcours simple proposé — Prier une Heure par jour, dans l’ordre, puis poursuivre avec l’Heure suivante"
evidence/v101120/HELP_CONTENT_AUDIT.json,2,v101.120,HISTORICAL_EVIDENCE_DIRECTORY_ALLOWED,"  ""version"": ""v101.120"","
evidence/v101120/HELP_CONTENT_AUDIT.md,1,v101.120,HISTORICAL_EVIDENCE_DIRECTORY_ALLOWED,# v101.120 Help content audit
evidence/v101120/post_help_fixed_point/M1_FIXED_POINT_REPORT.md,1,v101.119,HISTORICAL_EVIDENCE_ALLOWED,# v101.119 M1 — QUOTED_SPAN_PRESENTATION_CLOSURE_R1 evidence fixed point
evidence/v101121/BROAD_CHROMIUM_RUNTIME_MATRIX.json,3,v101.121,HISTORICAL_EVIDENCE_DIRECTORY_ALLOWED,"  ""version"": ""v101.121"","
evidence/v101121/BROAD_CHROMIUM_RUNTIME_MATRIX.json,17,v101.121,HISTORICAL_EVIDENCE_DIRECTORY_ALLOWED,"        ""ver"": ""v101.121"","
evidence/v101121/BROAD_CHROMIUM_RUNTIME_MATRIX.json,132,v101.121,HISTORICAL_EVIDENCE_DIRECTORY_ALLOWED,"        ""ver"": ""v101.121"","
evidence/v101121/BROAD_CHROMIUM_RUNTIME_MATRIX.json,247,v101.121,HISTORICAL_EVIDENCE_DIRECTORY_ALLOWED,"        ""ver"": ""v101.121"","
evidence/v101121/BROAD_CHROMIUM_RUNTIME_MATRIX.json,365,v101.121,HISTORICAL_EVIDENCE_DIRECTORY_ALLOWED,"        ""ver"": ""v101.121"","
evidence/v101121/EXHAUSTIVE_PRESENTATION_RUNTIME_MATRIX.json,3,v101.121,HISTORICAL_EVIDENCE_DIRECTORY_ALLOWED,"  ""version"": ""v101.121"","
evidence/v101121/HELP_BROWSER_MATRIX.json,3,v101.121,HISTORICAL_EVIDENCE_DIRECTORY_ALLOWED,"  ""version"": ""v101.121"","
evidence/v101121/HELP_BROWSER_MATRIX.json,18,v101.121,HISTORICAL_EVIDENCE_DIRECTORY_ALLOWED,"        ""version"": ""v101.121"","
evidence/v101121/HELP_BROWSER_MATRIX.json,58,v101.121,HISTORICAL_EVIDENCE_DIRECTORY_ALLOWED,"        ""text"": ""GUIDE D’UTILISATION\nAide et À propos\n× Fermer\nQue voulez-vous faire ?\nComment pratiquer les 24 Heures\nCommencer / reprendre une Heure\nSurligner / prendre une note\nRetrouver mes éléments dans Mon Espace\nRechercher un texte\nUtiliser Samsung / Android\nPartager un passage\nSauvegarder / restaurer mes données\nSignaler un problème\nCOMMENCER ET PRATIQUER LES 24 HEURES\n✝\nParcours simple proposé — Prier une Heure par jour, dans l’ordre, puis poursuivre avec l’Heure suivante"
evidence/v101121/HELP_BROWSER_MATRIX.json,229,v101.121,HISTORICAL_EVIDENCE_DIRECTORY_ALLOWED,"        ""version"": ""v101.121"","
evidence/v101121/HELP_BROWSER_MATRIX.json,269,v101.121,HISTORICAL_EVIDENCE_DIRECTORY_ALLOWED,"        ""text"": ""GUIDE D’UTILISATION\nAide et À propos\n× Fermer\nQue voulez-vous faire ?\nComment pratiquer les 24 Heures\nCommencer / reprendre une Heure\nSurligner / prendre une note\nRetrouver mes éléments dans Mon Espace\nRechercher un texte\nUtiliser Samsung / Android\nPartager un passage\nSauvegarder / restaurer mes données\nSignaler un problème\nCOMMENCER ET PRATIQUER LES 24 HEURES\n✝\nParcours simple proposé — Prier une Heure par jour, dans l’ordre, puis poursuivre avec l’Heure suivante"
evidence/v101121/HELP_BROWSER_MATRIX.json,440,v101.121,HISTORICAL_EVIDENCE_DIRECTORY_ALLOWED,"        ""version"": ""v101.121"","
evidence/v101121/HELP_BROWSER_MATRIX.json,480,v101.121,HISTORICAL_EVIDENCE_DIRECTORY_ALLOWED,"        ""text"": ""GUIDE D’UTILISATION\nAide et À propos\n× Fermer\nQue voulez-vous faire ?\nComment pratiquer les 24 Heures\nCommencer / reprendre une Heure\nSurligner / prendre une note\nRetrouver mes éléments dans Mon Espace\nRechercher un texte\nUtiliser Samsung / Android\nPartager un passage\nSauvegarder / restaurer mes données\nSignaler un problème\nCOMMENCER ET PRATIQUER LES 24 HEURES\n✝\nParcours simple proposé — Prier une Heure par jour, dans l’ordre, puis poursuivre avec l’Heure suivante"
evidence/v101121/HELP_BROWSER_MATRIX.json,651,v101.121,HISTORICAL_EVIDENCE_DIRECTORY_ALLOWED,"        ""version"": ""v101.121"","
evidence/v101121/HELP_BROWSER_MATRIX.json,691,v101.121,HISTORICAL_EVIDENCE_DIRECTORY_ALLOWED,"        ""text"": ""GUIDE D’UTILISATION\nAide et À propos\n× Fermer\nQue voulez-vous faire ?\nComment pratiquer les 24 Heures\nCommencer / reprendre une Heure\nSurligner / prendre une note\nRetrouver mes éléments dans Mon Espace\nRechercher un texte\nUtiliser Samsung / Android\nPartager un passage\nSauvegarder / restaurer mes données\nSignaler un problème\nCOMMENCER ET PRATIQUER LES 24 HEURES\n✝\nParcours simple proposé — Prier une Heure par jour, dans l’ordre, puis poursuivre avec l’Heure suivante"
evidence/v101121/HELP_BROWSER_MATRIX.json,862,v101.121,HISTORICAL_EVIDENCE_DIRECTORY_ALLOWED,"        ""version"": ""v101.121"","
evidence/v101121/HELP_BROWSER_MATRIX.json,902,v101.121,HISTORICAL_EVIDENCE_DIRECTORY_ALLOWED,"        ""text"": ""GUIDE D’UTILISATION\nAide et À propos\n× Fermer\nQue voulez-vous faire ?\nComment pratiquer les 24 Heures\nCommencer / reprendre une Heure\nSurligner / prendre une note\nRetrouver mes éléments dans Mon Espace\nRechercher un texte\nUtiliser Samsung / Android\nPartager un passage\nSauvegarder / restaurer mes données\nSignaler un problème\nCOMMENCER ET PRATIQUER LES 24 HEURES\n✝\nParcours simple proposé — Prier une Heure par jour, dans l’ordre, puis poursuivre avec l’Heure suivante"
evidence/v101121/HELP_CONTENT_AUDIT.json,2,v101.121,HISTORICAL_EVIDENCE_DIRECTORY_ALLOWED,"  ""version"": ""v101.121"","
evidence/v101121/HELP_CONTENT_AUDIT.md,1,v101.121,HISTORICAL_EVIDENCE_DIRECTORY_ALLOWED,# v101.121 Help content preservation audit
evidence/v101121/VERSION_STALE_SCAN.json,10,v101.120,HISTORICAL_EVIDENCE_ALLOWED,"      ""text"": ""Immutable baseline: v101.120 / `66b5fbff29865faa9a2cf55aad28c090de86fefe1ea8911feaf124f3eff97d5d`."""
evidence/v101121/VERSION_STALE_SCAN.json,16,v101.120,HISTORICAL_EVIDENCE_ALLOWED,"      ""text"": ""This successor changes **release identity, audit/report tooling and current evidence reports only**. The v101.120 Help content and all reader/corpus behaviour are preserved."""
evidence/v101121/VERSION_STALE_SCAN.json,22,v101.120,HISTORICAL_EVIDENCE_ALLOWED,"      ""text"": ""Protected and byte-identical to v101.120 inside the app HTML: the fourteen governed declarations, the complete `showHelp()` function, paragraph IDs/order, corpus text, speech semantics, presentation projections/adjudications, display segmentation, Samsung paragraph topology, storage schema, navigation, highlighting and reader logic."""
evidence/v101121/VERSION_STALE_SCAN.json,40,v101.120,HISTORICAL_EVIDENCE_ALLOWED,"      ""text"": ""  \""baseline_version\"": \""v101.120\"","""
evidence/v101121/VERSION_STALE_SCAN.json,154,v101.120,HISTORICAL_EVIDENCE_ALLOWED,"      ""text"": ""The immutable v101.120 ZIP `66b5fbff29865faa9a2cf55aad28c090de86fefe1ea8911feaf124f3eff97d5d` is the executable baseline. Authorized app mutation is restricted to release identity (`APP_VERSION`, `APP_EVIDENCE_STAGE`, build comment, service-worker cache identity, manifest/version metadata) plus audit/report/tooling files. `showHelp()`, corpus, speech data, presentation projection/adjudication, display segmentation, paragraph topology, storage schema, navigation, highlighting and r"
evidence/v101121/VERSION_STALE_SCAN.json,160,v101.120,HISTORICAL_EVIDENCE_ALLOWED,"      ""text"": ""- Authorized reverse-diff to v101.120 HTML: PASS."""
evidence/v101121/VERSION_STALE_SCAN.json,166,v101.120,HISTORICAL_EVIDENCE_ALLOWED,"      ""text"": ""- `showHelp()` function: byte-identical to v101.120."""
evidence/v101121/VERSION_STALE_SCAN.json,172,v101.120,HISTORICAL_EVIDENCE_ALLOWED,"      ""text"": ""- Obsolete v101.120 independent-prefreeze checker: removed from current tooling and retained only under `scripts/historical/`."""
evidence/v101121/VERSION_STALE_SCAN.json,184,v101.120,HISTORICAL_EVIDENCE_ALLOWED,"      ""text"": ""html=html.replace(\""const APP_VERSION = 'v101.120';\"",\""const APP_VERSION = 'v101.121';\"",1)"""
evidence/v101121/VERSION_STALE_SCAN.json,184,v101.121,HISTORICAL_EVIDENCE_DIRECTORY_ALLOWED,"      ""text"": ""html=html.replace(\""const APP_VERSION = 'v101.120';\"",\""const APP_VERSION = 'v101.121';\"",1)"""
evidence/v101121/VERSION_STALE_SCAN.json,190,v101.120,HISTORICAL_EVIDENCE_ALLOWED,"      ""text"": ""html=html.replace(\""const BUILD_DATE = '2026-08-25'; // v101.120 / help information architecture and attribution clarity R1\"",\""const BUILD_DATE = '2026-08-25'; // v101.121 / four-pass report tooling reconciliation R1\"",1)"""
evidence/v101121/VERSION_STALE_SCAN.json,190,v101.121,HISTORICAL_EVIDENCE_DIRECTORY_ALLOWED,"      ""text"": ""html=html.replace(\""const BUILD_DATE = '2026-08-25'; // v101.120 / help information architecture and attribution clarity R1\"",\""const BUILD_DATE = '2026-08-25'; // v101.121 / four-pass report tooling reconciliation R1\"",1)"""
evidence/v101121/VERSION_STALE_SCAN.json,196,v101.120,HISTORICAL_EVIDENCE_ALLOWED,"      ""text"": ""sw=(ROOT/'sw.js').read_text(encoding='utf-8').replace('/* v101.120 */','/* v101.121 */',1).replace(\""const CACHE_NAME = 'luisa-24h-v101-120';\"",f\""const CACHE_NAME = '{CACHE}';\"",1);write(ROOT/'sw.js',sw)"""
evidence/v101121/VERSION_STALE_SCAN.json,196,v101.121,HISTORICAL_EVIDENCE_DIRECTORY_ALLOWED,"      ""text"": ""sw=(ROOT/'sw.js').read_text(encoding='utf-8').replace('/* v101.120 */','/* v101.121 */',1).replace(\""const CACHE_NAME = 'luisa-24h-v101-120';\"",f\""const CACHE_NAME = '{CACHE}';\"",1);write(ROOT/'sw.js',sw)"""
evidence/v101121/VERSION_STALE_SCAN.json,208,v101.120,HISTORICAL_EVIDENCE_ALLOWED,"      ""text"": ""write(ROOT/'README.md',f'''# Les 24 Heures de la Passion — {VER}\\n\\nStage: `{STAGE}`\\n\\nImmutable baseline: v101.120 / `{BASE_SHA}`.\\n\\nThis successor changes **release identity, audit/report tooling and current evidence reports only**. The v101.120 Help content and all reader/corpus behaviour are preserved.\\n\\nProtected and byte-identical to v101.120 inside the app HTML: the fourteen governed declarations, the complete `showHelp()` function, paragraph IDs/order, corpus te"
evidence/v101121/VERSION_STALE_SCAN.json,208,v101.120,HISTORICAL_EVIDENCE_ALLOWED,"      ""text"": ""write(ROOT/'README.md',f'''# Les 24 Heures de la Passion — {VER}\\n\\nStage: `{STAGE}`\\n\\nImmutable baseline: v101.120 / `{BASE_SHA}`.\\n\\nThis successor changes **release identity, audit/report tooling and current evidence reports only**. The v101.120 Help content and all reader/corpus behaviour are preserved.\\n\\nProtected and byte-identical to v101.120 inside the app HTML: the fourteen governed declarations, the complete `showHelp()` function, paragraph IDs/order, corpus te"
evidence/v101121/VERSION_STALE_SCAN.json,208,v101.120,HISTORICAL_EVIDENCE_ALLOWED,"      ""text"": ""write(ROOT/'README.md',f'''# Les 24 Heures de la Passion — {VER}\\n\\nStage: `{STAGE}`\\n\\nImmutable baseline: v101.120 / `{BASE_SHA}`.\\n\\nThis successor changes **release identity, audit/report tooling and current evidence reports only**. The v101.120 Help content and all reader/corpus behaviour are preserved.\\n\\nProtected and byte-identical to v101.120 inside the app HTML: the fourteen governed declarations, the complete `showHelp()` function, paragraph IDs/order, corpus te"
evidence/v101121/VERSION_STALE_SCAN.json,214,v101.120,HISTORICAL_EVIDENCE_ALLOWED,"      ""text"": ""write(ROOT/'metadata/scope_escalation_authority.md',f'''# Scope authority — {VER}\\n\\nCurrent stage: `{STAGE}`.\\n\\nThe immutable v101.120 ZIP `{BASE_SHA}` is the executable baseline. Authorized app mutation is restricted to release identity (`APP_VERSION`, `APP_EVIDENCE_STAGE`, build comment, service-worker cache identity, manifest/version metadata) plus audit/report/tooling files. `showHelp()`, corpus, speech data, presentation projection/adjudication, display segmentation, pa"
evidence/v101121/VERSION_STALE_SCAN.json,238,v101.121,HISTORICAL_EVIDENCE_DIRECTORY_ALLOWED,"      ""text"": ""rev=html.replace(\""const APP_VERSION = 'v101.121';\"",\""const APP_VERSION = 'v101.120';\"",1).replace(f\""const APP_EVIDENCE_STAGE = '{STAGE}';\"",\""const APP_EVIDENCE_STAGE = 'HELP_INFORMATION_ARCHITECTURE_AND_ATTRIBUTION_CLARITY_R1';\"",1).replace(\""const BUILD_DATE = '2026-08-25'; // v101.121 / four-pass report tooling reconciliation R1\"",\""const BUILD_DATE = '2026-08-25'; // v101.120 / help information architecture and attribution clarity R1\"",1)"""
evidence/v101121/VERSION_STALE_SCAN.json,238,v101.120,HISTORICAL_EVIDENCE_ALLOWED,"      ""text"": ""rev=html.replace(\""const APP_VERSION = 'v101.121';\"",\""const APP_VERSION = 'v101.120';\"",1).replace(f\""const APP_EVIDENCE_STAGE = '{STAGE}';\"",\""const APP_EVIDENCE_STAGE = 'HELP_INFORMATION_ARCHITECTURE_AND_ATTRIBUTION_CLARITY_R1';\"",1).replace(\""const BUILD_DATE = '2026-08-25'; // v101.121 / four-pass report tooling reconciliation R1\"",\""const BUILD_DATE = '2026-08-25'; // v101.120 / help information architecture and attribution clarity R1\"",1)"""
evidence/v101121/VERSION_STALE_SCAN.json,238,v101.121,HISTORICAL_EVIDENCE_DIRECTORY_ALLOWED,"      ""text"": ""rev=html.replace(\""const APP_VERSION = 'v101.121';\"",\""const APP_VERSION = 'v101.120';\"",1).replace(f\""const APP_EVIDENCE_STAGE = '{STAGE}';\"",\""const APP_EVIDENCE_STAGE = 'HELP_INFORMATION_ARCHITECTURE_AND_ATTRIBUTION_CLARITY_R1';\"",1).replace(\""const BUILD_DATE = '2026-08-25'; // v101.121 / four-pass report tooling reconciliation R1\"",\""const BUILD_DATE = '2026-08-25'; // v101.120 / help information architecture and attribution clarity R1\"",1)"""
evidence/v101121/VERSION_STALE_SCAN.json,238,v101.120,HISTORICAL_EVIDENCE_ALLOWED,"      ""text"": ""rev=html.replace(\""const APP_VERSION = 'v101.121';\"",\""const APP_VERSION = 'v101.120';\"",1).replace(f\""const APP_EVIDENCE_STAGE = '{STAGE}';\"",\""const APP_EVIDENCE_STAGE = 'HELP_INFORMATION_ARCHITECTURE_AND_ATTRIBUTION_CLARITY_R1';\"",1).replace(\""const BUILD_DATE = '2026-08-25'; // v101.121 / four-pass report tooling reconciliation R1\"",\""const BUILD_DATE = '2026-08-25'; // v101.120 / help information architecture and attribution clarity R1\"",1)"""
evidence/v101121/VERSION_STALE_SCAN.json,244,v101.120,HISTORICAL_EVIDENCE_ALLOWED,"      ""text"": ""write(ROOT/'reports/build_script_vs_files_audit.md',f'''# Build script vs files audit — {VER}\\n\\n**PASS**\\n\\n- Baseline ZIP SHA-256: `{BASE_SHA}` — verified.\\n- Baseline HTML SHA-256: `{BASE_HTML_SHA}` — verified.\\n- Authorized reverse-diff to v101.120 HTML: PASS.\\n- Protected declarations: 14/14 byte-identical.\\n- `showHelp()` function: byte-identical to v101.120.\\n- Obsolete v101.120 independent-prefreeze checker: removed from current tooling and retained only under `sc"
evidence/v101121/VERSION_STALE_SCAN.json,244,v101.120,HISTORICAL_EVIDENCE_ALLOWED,"      ""text"": ""write(ROOT/'reports/build_script_vs_files_audit.md',f'''# Build script vs files audit — {VER}\\n\\n**PASS**\\n\\n- Baseline ZIP SHA-256: `{BASE_SHA}` — verified.\\n- Baseline HTML SHA-256: `{BASE_HTML_SHA}` — verified.\\n- Authorized reverse-diff to v101.120 HTML: PASS.\\n- Protected declarations: 14/14 byte-identical.\\n- `showHelp()` function: byte-identical to v101.120.\\n- Obsolete v101.120 independent-prefreeze checker: removed from current tooling and retained only under `sc"
evidence/v101121/VERSION_STALE_SCAN.json,244,v101.120,HISTORICAL_EVIDENCE_ALLOWED,"      ""text"": ""write(ROOT/'reports/build_script_vs_files_audit.md',f'''# Build script vs files audit — {VER}\\n\\n**PASS**\\n\\n- Baseline ZIP SHA-256: `{BASE_SHA}` — verified.\\n- Baseline HTML SHA-256: `{BASE_HTML_SHA}` — verified.\\n- Authorized reverse-diff to v101.120 HTML: PASS.\\n- Protected declarations: 14/14 byte-identical.\\n- `showHelp()` function: byte-identical to v101.120.\\n- Obsolete v101.120 independent-prefreeze checker: removed from current tooling and retained only under `sc"
evidence/v101121/VERSION_STALE_SCAN.json,262,v101.117,HISTORICAL_EVIDENCE_ALLOWED,"      ""text"": ""fixes=[['RPT-121-001','Obsolete packaged independent prefreeze checker','current path contained v101.117-era QA/release-scope assumptions','moved to scripts/historical; replaced by v101.121 independently implemented checker','PASS'],['RPT-121-002','Independent prefreeze report provenance','same finalizer generated both first-party and “independent” prefreeze report','separate packaged auditor implementation produces independent report','PASS'],['RPT-121-003','Active report line au"
evidence/v101121/VERSION_STALE_SCAN.json,262,v101.121,HISTORICAL_EVIDENCE_DIRECTORY_ALLOWED,"      ""text"": ""fixes=[['RPT-121-001','Obsolete packaged independent prefreeze checker','current path contained v101.117-era QA/release-scope assumptions','moved to scripts/historical; replaced by v101.121 independently implemented checker','PASS'],['RPT-121-002','Independent prefreeze report provenance','same finalizer generated both first-party and “independent” prefreeze report','separate packaged auditor implementation produces independent report','PASS'],['RPT-121-003','Active report line au"
evidence/v101121/VERSION_STALE_SCAN.json,268,v101.120,HISTORICAL_EVIDENCE_ALLOWED,"      ""text"": ""write(ROOT/'metadata/build_provenance.json',json.dumps({'version':VER,'stage':STAGE,'build_date':'2026-08-25','baseline_version':'v101.120','baseline_role':'IMMUTABLE_BASELINE','baseline_zip_sha256':BASE_SHA,'baseline_html_sha256':BASE_HTML_SHA,'candidate_html_sha256':sha_b(html.encode()),'authorized_app_mutations':['APP_VERSION','APP_EVIDENCE_STAGE','BUILD_DATE comment','service-worker cache identity','release metadata'],'help_function_unchanged':True,'protected_declarations_unch"
evidence/v101121/VERSION_STALE_SCAN.json,274,v101.120,HISTORICAL_EVIDENCE_ALLOWED,"      ""text"": ""  elif rel=='reports/build_script_vs_files_audit.md' and ('v101.120' in line or 'v101-120' in line or 'v101120' in line):"""
evidence/v101121/VERSION_STALE_SCAN.json,280,v101.120,HISTORICAL_EVIDENCE_ALLOWED,"      ""text"": ""   if 'v101.120' in line or 'v101-120' in line or 'v101120' in line: cls='BUILD_BASELINE_REFERENCE_ALLOWED'"""
evidence/v101121/VERSION_STALE_SCAN.json,286,v101.119,HISTORICAL_EVIDENCE_ALLOWED,"      ""text"": ""   elif 'v101.119' in line or 'v101-119' in line or 'v101119' in line: cls='REUSED_TOOL_REFERENCE_ALLOWED'"""
evidence/v101121/VERSION_STALE_SCAN.json,292,v101.112,HISTORICAL_EVIDENCE_ALLOWED,"      ""text"": ""   elif ('v101.112' in line or 'v101112' in line) and ('elif rel==' in line or 'v101112_user_fixes_preserved' in line): cls='STALE_SCANNER_POLICY_CODE_ALLOWED'"""
evidence/v101121/VERSION_STALE_SCAN.json,298,v101.120,HISTORICAL_EVIDENCE_ALLOWED,"      ""text"": ""  elif ('v101.120' in line or 'v101-120' in line or 'v101120' in line) and rel in {'README.md','metadata/scope_escalation_authority.md','metadata/build_provenance.json','version.json'}:"""
evidence/v101121/VERSION_STALE_SCAN.json,304,v101.120,HISTORICAL_EVIDENCE_ALLOWED,"      ""text"": ""  elif rel.startswith('scripts/run_v101121_') and ('v101.120' in line or 'v101-120' in line or 'v101120' in line) and any(k in line.lower() for k in ['baseline','unchanged','base_zip','v101.120']):"""
evidence/v101121/VERSION_STALE_SCAN.json,304,v101.120,HISTORICAL_EVIDENCE_ALLOWED,"      ""text"": ""  elif rel.startswith('scripts/run_v101121_') and ('v101.120' in line or 'v101-120' in line or 'v101120' in line) and any(k in line.lower() for k in ['baseline','unchanged','base_zip','v101.120']):"""
evidence/v101121/VERSION_STALE_SCAN.json,310,v101.119,HISTORICAL_EVIDENCE_ALLOWED,"      ""text"": ""  elif rel.startswith('scripts/run_v101121_') and ('v101.119' in line or 'v101-119' in line or 'v101119' in line) and ('run_v101119_' in line):"""
evidence/v101121/VERSION_STALE_SCAN.json,316,v101.119,HISTORICAL_EVIDENCE_ALLOWED,"      ""text"": ""  elif rel=='scripts/run_independent_prefreeze_audit_v101121.py' and ('v101.119' in line or 'v101119' in line) and 'current_tooling_inventory_complete' in line:"""
evidence/v101121/VERSION_STALE_SCAN.json,322,v101.112,HISTORICAL_EVIDENCE_ALLOWED,"      ""text"": ""  elif rel=='scripts/run_v101121_independent_runtime_smoke.py' and ('v101.112' in line or 'v101112' in line) and ('HOUR.22' in line or 'réprouvés' in line):"""
evidence/v101121/VERSION_STALE_SCAN.json,328,v101.112,HISTORICAL_EVIDENCE_ALLOWED,"      ""text"": ""  elif rel=='scripts/build_v101121_four_pass_report_tooling_reconciliation.py' and ('v101.112' in line or 'v101112' in line) and 'v101112_user_fixes_preserved' in line:"""
evidence/v101121/VERSION_STALE_SCAN.json,340,v101.119,HISTORICAL_EVIDENCE_ALLOWED,"      ""text"": ""  elif rel in {'index.html','luisa_24_heures.html'} and 'v101.119 quoted-span closure' in line:"""
evidence/v101121/VERSION_STALE_SCAN.json,352,v101.120,HISTORICAL_EVIDENCE_ALLOWED,"      ""text"": ""write(ROOT/'metadata/build_provenance.json',json.dumps({'version':VER,'stage':STAGE,'build_date':'2026-08-25','baseline_version':'v101.120','baseline_role':'IMMUTABLE_BASELINE','baseline_zip_sha256':BASE_SHA,'baseline_html_sha256':BASE_HTML_SHA,'candidate_html_sha256':sha_b(html.encode()),'authorized_app_mutations':['APP_VERSION','APP_EVIDENCE_STAGE','BUILD_DATE comment','service-worker cache identity','release metadata'],'help_function_unchanged':True,'protected_declarations_unch"
evidence/v101121/VERSION_STALE_SCAN.json,358,v101.120,HISTORICAL_EVIDENCE_ALLOWED,"      ""text"": ""write(ROOT/'reports/four_pass_deep_audit.md',f'''# {VER} four-pass deep audit\\n\\n**PASS_PREFREEZE**\\n\\n## Pass 1 — files vs build script\\n- Baseline ZIP hash: PASS — `{BASE_SHA}`.\\n- Authorized HTML reverse-diff: PASS.\\n- Protected declarations: 14/14 byte-identical.\\n- `showHelp()` function: byte-identical to v101.120.\\n- Current packaged build/audit tooling inventory: PASS.\\n\\n## Pass 2 — runtime/package behaviour\\n- Help browser: {help_browser['pass']}/{help_browser"
evidence/v101121/VERSION_STALE_SCAN.json,382,v101.119,HISTORICAL_EVIDENCE_ALLOWED,"      ""text"": "" 'PASSION24.TEXT.RELATED_HOUR_22.BODY.P090':[{'start':217,'end':238,'semantic_speaker':'GENERIC_SOUL','presentation_speaker':'JESUS','quotation_depth':1,'reason':'v101.119 quoted-span closure: governing handover identifies source-supported GENERIC_SOUL nested speech inside active JESUS turn; canonical text and raw SPEECH_DATA remain unchanged.'}],"""
evidence/v101121/VERSION_STALE_SCAN.json,388,v101.119,HISTORICAL_EVIDENCE_ALLOWED,"      ""text"": "" 'PASSION24.HOUR.24.DESOL.P033':[{'start':1,'end':163,'semantic_speaker':'PERSONIFIED_VOICE','presentation_speaker':'MARY','quotation_depth':2,'reason':'v101.119 quoted-span closure: P032 says the remembered arrows \""me disent\"" and P033 is their quoted voice inside the continuing MARY turn; semantic voice remains distinct while MARY governs display.'}]"""
evidence/v101121/VERSION_STALE_SCAN.json,400,v101.119,HISTORICAL_EVIDENCE_ALLOWED,"      ""text"": ""lines=['# v101.119 M1 — QUOTED_SPAN_PRESENTATION_CLOSURE_R1 evidence fixed point','',f\""Baseline HTML SHA-256: `{summary['baseline_html_sha256']}`\"",f\""Presentation-relevant quoted spans derived dynamically: **{len(ledger)}**\"",f\""Scanner A defects: **{len(ADEF)}**\"",f\""Scanner B defects: **{len(BDEF)}**\"",f\""Independent convergence: **{'PASS' if a_set==b_set else 'FAIL'}**\"",f\""Hidden ranges checked: **{hidden_ranges}**; lexical-text hiding violations: **{len(hidden_bad)}**\"",'',"
evidence/v101121/VERSION_STALE_SCAN.json,406,v101.120,HISTORICAL_EVIDENCE_ALLOWED,"      ""text"": ""# Help block unchanged to v101.120 baseline"""
evidence/v101121/VERSION_STALE_SCAN.json,430,v101.120,HISTORICAL_EVIDENCE_ALLOWED,"      ""text"": ""  \""release_scope\"": \""Report/tooling-only successor: repairs obsolete independent-prefreeze assumptions, replaces generic active-report line presence checks with direct line evidence bindings, adds semantic stale-assumption scanning, and packages the actual current build/audit tooling. Help content, corpus, speech/presentation data, topology, storage schema and reader/highlighting logic are unchanged from v101.120.\"","""
evidence/v101121/post_tooling_fixed_point/M1_FIXED_POINT_REPORT.md,1,v101.119,HISTORICAL_EVIDENCE_ALLOWED,# v101.119 M1 — QUOTED_SPAN_PRESENTATION_CLOSURE_R1 evidence fixed point
evidence/v101122/V101121_BASELINE_FINAL_DECISION_LOCK_EXTERNAL.json,3,v101.121,IMMUTABLE_BASELINE_DECISION_LOCK_ALLOWED,"  ""version"": ""v101.121"","
evidence/v101122/per_item/H24-04_diff.patch,29,v101.32,BASELINE_DIFF_EVIDENCE_ALLOWED,-  /* v101.32 P1-04: clear the canonical resume Hour BEFORE committing. Previously saveState()
evidence/v101122/per_item/H24-08_diff.patch,7,v101.121,BASELINE_DIFF_EVIDENCE_ALLOWED,-const APP_VERSION = 'v101.121';
evidence/v101122/post_hour24_fixed_point/M1_FIXED_POINT_REPORT.md,1,v101.119,REUSED_VALIDATED_PRESENTATION_FIXED_POINT_LINEAGE_ALLOWED,# v101.119 M1 — QUOTED_SPAN_PRESENTATION_CLOSURE_R1 evidence fixed point
index.html,75,v101.5,INHERITED_IMPLEMENTATION_LINEAGE_COMMENT_ALLOWED,  /* v101.5 CSS1/CSS2/CSS3 fix: these tokens were referenced (~40 uses) but never
index.html,112,v101.7,INHERITED_IMPLEMENTATION_LINEAGE_COMMENT_ALLOWED,"  /* v101.7 A11Y3 fix: now a real <button>, not a div — reset UA button defaults. */"
index.html,175,v101.32,INHERITED_IMPLEMENTATION_LINEAGE_COMMENT_ALLOWED,"/* v101.32: border-width now means ""meditated"", hue means ""Holy Hour"". The v101.20 fix below"
index.html,175,v101.20,INHERITED_IMPLEMENTATION_LINEAGE_COMMENT_ALLOWED,"/* v101.32: border-width now means ""meditated"", hue means ""Holy Hour"". The v101.20 fix below"
index.html,188,v101.20,INHERITED_IMPLEMENTATION_LINEAGE_COMMENT_ALLOWED,"/* v101.20 fix: .gethsemani's border-color was silently overriding .read's (same specificity,"
index.html,194,v101.32,INHERITED_IMPLEMENTATION_LINEAGE_COMMENT_ALLOWED,"/* v101.32: the tick was 0.58rem in --accent-light, i.e. 2.0:1 against the card in light mode —"
index.html,208,v101.7,INHERITED_IMPLEMENTATION_LINEAGE_COMMENT_ALLOWED,/* v101.7 A11Y4 fix: --accent-light gives ~1.9:1 contrast on the light-theme
index.html,214,v101.7,INHERITED_IMPLEMENTATION_LINEAGE_COMMENT_ALLOWED,  /* v101.7 A11Y5 fix: strengthen borders/outlines for users who request more
index.html,651,v101.48,INHERITED_IMPLEMENTATION_LINEAGE_COMMENT_ALLOWED,"/* v101.48 — stale highlight, i.e. one whose anchor could not be recovered after editorial"
index.html,827,v101.6,INHERITED_IMPLEMENTATION_LINEAGE_COMMENT_ALLOWED,"  /* v101.6 A11Y1/A11Y2 fix: this is now a real <button>, not a div — reset the"
index.html,998,v101.51,INHERITED_IMPLEMENTATION_LINEAGE_COMMENT_ALLOWED,"/* v101.51: ""voir tout"" expander in Mon Espace, so no highlight or note is ever unreachable. */"
index.html,1001,v101.53,INHERITED_IMPLEMENTATION_LINEAGE_COMMENT_ALLOWED,"/* v101.53: one approved display unit. Block-level only - it contributes no characters, so"
index.html,1013,v101.50,INHERITED_IMPLEMENTATION_LINEAGE_COMMENT_ALLOWED,/* v101.50: font-size MUST stay at or above 16px. iOS Safari auto-zooms the page when a text field
index.html,1016,v101.53,INHERITED_IMPLEMENTATION_LINEAGE_COMMENT_ALLOWED,"   note panel was closed. Reported on iPhone against v101.53, where this was 0.9rem (14.4px). The"
index.html,1205,v101.50,INHERITED_IMPLEMENTATION_LINEAGE_COMMENT_ALLOWED,"/* v101.50: 16px minimum - see the note on .note-textarea. This was 0.95rem (15.2px), which would"
index.html,1237,v101.32,INHERITED_IMPLEMENTATION_LINEAGE_COMMENT_ALLOWED,"/* v101.32 accessibility fix, found while making this view consistent with the home grid: this"
index.html,1244,v101.32,INHERITED_IMPLEMENTATION_LINEAGE_COMMENT_ALLOWED,"/* v101.32: match the home grid — border-width means ""meditated"" here too, so the Heures list"
index.html,1710,v101.53,INHERITED_IMPLEMENTATION_LINEAGE_COMMENT_ALLOWED,"/* v101.53 — iPad/iOS: reserve the bottom-bar space with a flex-item spacer, not padding."
index.html,2086,v101.95,INHERITED_IMPLEMENTATION_LINEAGE_COMMENT_ALLOWED,/* v101.95 — exact Approfondir title-text selection + WebKit boundary repair; reading marker remains separate. */
index.html,2108,v101.3,INHERITED_IMPLEMENTATION_LINEAGE_COMMENT_ALLOWED,/* v101.3 CSS4 fix: restore persistent bottom navigation on tablet/desktop (>=769px).
index.html,2124,v101.95,INHERITED_IMPLEMENTATION_LINEAGE_COMMENT_ALLOWED,/* v101.95 — precise Samsung current-LDC visual paragraph target overlay. */
index.html,2156,v101.63,INHERITED_IMPLEMENTATION_LINEAGE_COMMENT_ALLOWED,/* v101.63 four-pass closure: the first Stage-G scan exercised primary views but did not
index.html,2372,v101.95,INHERITED_IMPLEMENTATION_LINEAGE_COMMENT_ALLOWED,<!-- v101.95 — whole-reading marker picker remains separate from exact title text highlighting. -->
index.html,4770,v101.32,INHERITED_IMPLEMENTATION_LINEAGE_COMMENT_ALLOWED,  /* v101.32 P1-01: canonical in-memory resume Hour. `currentHour` is view state and is
index.html,4793,v101.119,PROTECTED_PRESENTATION_PROVENANCE_ALLOWED,"const SPEECH_PRESENTATION_ADJUDICATIONS = {""PASSION24.TEXT.RELATED_HOUR_17.BODY.P067"":[{""start"":43,""end"":56,""semantic_speaker"":""OTHER"",""presentation_speaker"":""JESUS"",""quotation_depth"":2,""reason"":""RA19E LDC.T19.E0029.P006; meaningful nested reported quotation keeps guillemets and inherits active outer Jesus display.""},{""start"":80,""end"":127,""semantic_speaker"":""OTHER"",""presentation_speaker"":""JESUS"",""quotation_depth"":2,""reason"":""RA19E LDC.T19.E0029.P006; meaningful nested reported quotation keeps gu"
index.html,4793,v101.119,PROTECTED_PRESENTATION_PROVENANCE_ALLOWED,"const SPEECH_PRESENTATION_ADJUDICATIONS = {""PASSION24.TEXT.RELATED_HOUR_17.BODY.P067"":[{""start"":43,""end"":56,""semantic_speaker"":""OTHER"",""presentation_speaker"":""JESUS"",""quotation_depth"":2,""reason"":""RA19E LDC.T19.E0029.P006; meaningful nested reported quotation keeps guillemets and inherits active outer Jesus display.""},{""start"":80,""end"":127,""semantic_speaker"":""OTHER"",""presentation_speaker"":""JESUS"",""quotation_depth"":2,""reason"":""RA19E LDC.T19.E0029.P006; meaningful nested reported quotation keeps gu"
index.html,4800,v101.8,INHERITED_IMPLEMENTATION_LINEAGE_COMMENT_ALLOWED,  // v101.8 fix: this used to call showFatalError() with a hardcoded generic
index.html,4805,v101.10,INHERITED_IMPLEMENTATION_LINEAGE_COMMENT_ALLOWED,  // v101.10 fix: do NOT blank the whole app for a post-init runtime error.
index.html,5083,v101.95,INHERITED_IMPLEMENTATION_LINEAGE_COMMENT_ALLOWED,  // v101.95: preserve Samsung/current-LDC visual-paragraph semantics across save/export/import.
index.html,5087,v101.48,INHERITED_IMPLEMENTATION_LINEAGE_COMMENT_ALLOWED,"  /* v101.48: this sanitiser whitelists fields (prototype-pollution guard), so recovery provenance"
index.html,5132,v101.48,INHERITED_IMPLEMENTATION_LINEAGE_COMMENT_ALLOWED,/* ── v101.48 stale-highlight recovery ──────────────────────────────────────────────────
index.html,5141,v101.15,INHERITED_IMPLEMENTATION_LINEAGE_COMMENT_ALLOWED,"   2026-07-09. v101.15 changed a period to a comma in P021, v101.16 merged P022 INTO P021,"
index.html,5141,v101.16,INHERITED_IMPLEMENTATION_LINEAGE_COMMENT_ALLOWED,"   2026-07-09. v101.15 changed a period to a comma in P021, v101.16 merged P022 INTO P021,"
index.html,5191,v101.25,INHERITED_IMPLEMENTATION_LINEAGE_COMMENT_ALLOWED,"   to render on the current production build, because their snapshots hold pre-v101.25 wording"
index.html,5204,v101.58,INHERITED_IMPLEMENTATION_LINEAGE_COMMENT_ALLOWED,/* v101.58 / 24H-D: every personal record must be reachable. Preview sizes are never ceilings. */
index.html,5336,v101.52,INHERITED_IMPLEMENTATION_LINEAGE_COMMENT_ALLOWED,"/* v101.52 — approved non-destructive display segmentation (65 records, 180 display units)."
index.html,5359,v101.52,INHERITED_IMPLEMENTATION_LINEAGE_COMMENT_ALLOWED,/* v101.52 — the four approved cross-record continuity operations (Part E).
index.html,5590,v101.73,INHERITED_IMPLEMENTATION_LINEAGE_COMMENT_ALLOWED,  // v101.73: obtain rollback bytes BEFORE touching the canonical snapshot. If the existing
index.html,5792,v101.48,INHERITED_IMPLEMENTATION_LINEAGE_COMMENT_ALLOWED,  /* v101.48: recover highlights whose anchor was invalidated by editorial changes. Runs after
index.html,6373,v101.9,INHERITED_IMPLEMENTATION_LINEAGE_COMMENT_ALLOWED,"// v101.9 fix: a user reported a crash screen (""Script error."" — a browser-"
index.html,6446,v101.32,INHERITED_IMPLEMENTATION_LINEAGE_COMMENT_ALLOWED,"  /* v101.32 P1-01: read canonical in-memory state, not the legacy mirror. */"
index.html,6589,v101.21,INHERITED_IMPLEMENTATION_LINEAGE_COMMENT_ALLOWED,  // v101.21 RN3 fix: out-of-order same-day taps (e.g. Hour 7 then later Hour 5) made this
index.html,7009,v101.32,INHERITED_IMPLEMENTATION_LINEAGE_COMMENT_ALLOWED,  /* v101.32 P1-02: commit the resume Hour through the canonical snapshot. Previously this
index.html,7167,v101.53,INHERITED_IMPLEMENTATION_LINEAGE_COMMENT_ALLOWED,"  /* v101.53: a continuity follower carries no paragraph break, so the pair reads as one unit. */"
index.html,7334,v101.12,INHERITED_IMPLEMENTATION_LINEAGE_COMMENT_ALLOWED,"  // v101.12 fix: an hour.subsections entry (e.g. Hour 24's ""La Désolation de la Vierge"
index.html,7343,v101.14,INHERITED_IMPLEMENTATION_LINEAGE_COMMENT_ALLOWED,"    // v101.14 fix: jump to the heading block itself (id=""${sub.id}__heading"", set in"
index.html,7776,v101.95,INHERITED_IMPLEMENTATION_LINEAGE_COMMENT_ALLOWED,  // v101.95: whole-reading marking remains controlled by the separate button.
index.html,7937,v101.95,INHERITED_IMPLEMENTATION_LINEAGE_COMMENT_ALLOWED,// v101.95 — interaction helpers for the authoritative LDC visual paragraph model.
index.html,9129,v101.48,INHERITED_IMPLEMENTATION_LINEAGE_COMMENT_ALLOWED,/* v101.48: removal path for a stale highlight reached from Mon Espace. deleteHighlightFromPanel()
index.html,9267,v101.53,INHERITED_IMPLEMENTATION_LINEAGE_COMMENT_ALLOWED,"  /* v101.53: approved display segmentation is applied HERE, not only in"
index.html,9282,v101.53,INHERITED_IMPLEMENTATION_LINEAGE_COMMENT_ALLOWED,  /* v101.53: segmentation is handled in renderParaText below. No record carries both a
index.html,9414,v101.95,INHERITED_IMPLEMENTATION_LINEAGE_COMMENT_ALLOWED,// v101.95 — WebKit/iPhone Range-boundary normalisation for owned Approfondir annotation surfaces.
index.html,10040,v101.56,INHERITED_IMPLEMENTATION_LINEAGE_COMMENT_ALLOWED,"  // Measure the picker that is actually rendered. v101.56 assumed 220 x 110 px here,"
index.html,10200,v101.95,INHERITED_IMPLEMENTATION_LINEAGE_COMMENT_ALLOWED,  // v101.95: preserve the authoritative current-LDC intra-paragraph cuts when a highlight
index.html,10271,v101.7,INHERITED_IMPLEMENTATION_LINEAGE_COMMENT_ALLOWED,"// v101.7 RN2 fix: centralized French ordinal for hour numbers (""1re Heure"", ""5e Heure"")."
index.html,10844,v101.74,INHERITED_IMPLEMENTATION_LINEAGE_COMMENT_ALLOWED,"  // v101.74: a replace-import must prove it is a 24 Heures machine backup, not merely"
luisa_24_heures.html,75,v101.5,INHERITED_IMPLEMENTATION_LINEAGE_COMMENT_ALLOWED,  /* v101.5 CSS1/CSS2/CSS3 fix: these tokens were referenced (~40 uses) but never
luisa_24_heures.html,112,v101.7,INHERITED_IMPLEMENTATION_LINEAGE_COMMENT_ALLOWED,"  /* v101.7 A11Y3 fix: now a real <button>, not a div — reset UA button defaults. */"
luisa_24_heures.html,175,v101.32,INHERITED_IMPLEMENTATION_LINEAGE_COMMENT_ALLOWED,"/* v101.32: border-width now means ""meditated"", hue means ""Holy Hour"". The v101.20 fix below"
luisa_24_heures.html,175,v101.20,INHERITED_IMPLEMENTATION_LINEAGE_COMMENT_ALLOWED,"/* v101.32: border-width now means ""meditated"", hue means ""Holy Hour"". The v101.20 fix below"
luisa_24_heures.html,188,v101.20,INHERITED_IMPLEMENTATION_LINEAGE_COMMENT_ALLOWED,"/* v101.20 fix: .gethsemani's border-color was silently overriding .read's (same specificity,"
luisa_24_heures.html,194,v101.32,INHERITED_IMPLEMENTATION_LINEAGE_COMMENT_ALLOWED,"/* v101.32: the tick was 0.58rem in --accent-light, i.e. 2.0:1 against the card in light mode —"
luisa_24_heures.html,208,v101.7,INHERITED_IMPLEMENTATION_LINEAGE_COMMENT_ALLOWED,/* v101.7 A11Y4 fix: --accent-light gives ~1.9:1 contrast on the light-theme
luisa_24_heures.html,214,v101.7,INHERITED_IMPLEMENTATION_LINEAGE_COMMENT_ALLOWED,  /* v101.7 A11Y5 fix: strengthen borders/outlines for users who request more
luisa_24_heures.html,651,v101.48,INHERITED_IMPLEMENTATION_LINEAGE_COMMENT_ALLOWED,"/* v101.48 — stale highlight, i.e. one whose anchor could not be recovered after editorial"
luisa_24_heures.html,827,v101.6,INHERITED_IMPLEMENTATION_LINEAGE_COMMENT_ALLOWED,"  /* v101.6 A11Y1/A11Y2 fix: this is now a real <button>, not a div — reset the"
luisa_24_heures.html,998,v101.51,INHERITED_IMPLEMENTATION_LINEAGE_COMMENT_ALLOWED,"/* v101.51: ""voir tout"" expander in Mon Espace, so no highlight or note is ever unreachable. */"
luisa_24_heures.html,1001,v101.53,INHERITED_IMPLEMENTATION_LINEAGE_COMMENT_ALLOWED,"/* v101.53: one approved display unit. Block-level only - it contributes no characters, so"
luisa_24_heures.html,1013,v101.50,INHERITED_IMPLEMENTATION_LINEAGE_COMMENT_ALLOWED,/* v101.50: font-size MUST stay at or above 16px. iOS Safari auto-zooms the page when a text field
luisa_24_heures.html,1016,v101.53,INHERITED_IMPLEMENTATION_LINEAGE_COMMENT_ALLOWED,"   note panel was closed. Reported on iPhone against v101.53, where this was 0.9rem (14.4px). The"
luisa_24_heures.html,1205,v101.50,INHERITED_IMPLEMENTATION_LINEAGE_COMMENT_ALLOWED,"/* v101.50: 16px minimum - see the note on .note-textarea. This was 0.95rem (15.2px), which would"
luisa_24_heures.html,1237,v101.32,INHERITED_IMPLEMENTATION_LINEAGE_COMMENT_ALLOWED,"/* v101.32 accessibility fix, found while making this view consistent with the home grid: this"
luisa_24_heures.html,1244,v101.32,INHERITED_IMPLEMENTATION_LINEAGE_COMMENT_ALLOWED,"/* v101.32: match the home grid — border-width means ""meditated"" here too, so the Heures list"
luisa_24_heures.html,1710,v101.53,INHERITED_IMPLEMENTATION_LINEAGE_COMMENT_ALLOWED,"/* v101.53 — iPad/iOS: reserve the bottom-bar space with a flex-item spacer, not padding."
luisa_24_heures.html,2086,v101.95,INHERITED_IMPLEMENTATION_LINEAGE_COMMENT_ALLOWED,/* v101.95 — exact Approfondir title-text selection + WebKit boundary repair; reading marker remains separate. */
luisa_24_heures.html,2108,v101.3,INHERITED_IMPLEMENTATION_LINEAGE_COMMENT_ALLOWED,/* v101.3 CSS4 fix: restore persistent bottom navigation on tablet/desktop (>=769px).
luisa_24_heures.html,2124,v101.95,INHERITED_IMPLEMENTATION_LINEAGE_COMMENT_ALLOWED,/* v101.95 — precise Samsung current-LDC visual paragraph target overlay. */
luisa_24_heures.html,2156,v101.63,INHERITED_IMPLEMENTATION_LINEAGE_COMMENT_ALLOWED,/* v101.63 four-pass closure: the first Stage-G scan exercised primary views but did not
luisa_24_heures.html,2372,v101.95,INHERITED_IMPLEMENTATION_LINEAGE_COMMENT_ALLOWED,<!-- v101.95 — whole-reading marker picker remains separate from exact title text highlighting. -->
luisa_24_heures.html,4770,v101.32,INHERITED_IMPLEMENTATION_LINEAGE_COMMENT_ALLOWED,  /* v101.32 P1-01: canonical in-memory resume Hour. `currentHour` is view state and is
luisa_24_heures.html,4793,v101.119,PROTECTED_PRESENTATION_PROVENANCE_ALLOWED,"const SPEECH_PRESENTATION_ADJUDICATIONS = {""PASSION24.TEXT.RELATED_HOUR_17.BODY.P067"":[{""start"":43,""end"":56,""semantic_speaker"":""OTHER"",""presentation_speaker"":""JESUS"",""quotation_depth"":2,""reason"":""RA19E LDC.T19.E0029.P006; meaningful nested reported quotation keeps guillemets and inherits active outer Jesus display.""},{""start"":80,""end"":127,""semantic_speaker"":""OTHER"",""presentation_speaker"":""JESUS"",""quotation_depth"":2,""reason"":""RA19E LDC.T19.E0029.P006; meaningful nested reported quotation keeps gu"
luisa_24_heures.html,4793,v101.119,PROTECTED_PRESENTATION_PROVENANCE_ALLOWED,"const SPEECH_PRESENTATION_ADJUDICATIONS = {""PASSION24.TEXT.RELATED_HOUR_17.BODY.P067"":[{""start"":43,""end"":56,""semantic_speaker"":""OTHER"",""presentation_speaker"":""JESUS"",""quotation_depth"":2,""reason"":""RA19E LDC.T19.E0029.P006; meaningful nested reported quotation keeps guillemets and inherits active outer Jesus display.""},{""start"":80,""end"":127,""semantic_speaker"":""OTHER"",""presentation_speaker"":""JESUS"",""quotation_depth"":2,""reason"":""RA19E LDC.T19.E0029.P006; meaningful nested reported quotation keeps gu"
luisa_24_heures.html,4800,v101.8,INHERITED_IMPLEMENTATION_LINEAGE_COMMENT_ALLOWED,  // v101.8 fix: this used to call showFatalError() with a hardcoded generic
luisa_24_heures.html,4805,v101.10,INHERITED_IMPLEMENTATION_LINEAGE_COMMENT_ALLOWED,  // v101.10 fix: do NOT blank the whole app for a post-init runtime error.
luisa_24_heures.html,5083,v101.95,INHERITED_IMPLEMENTATION_LINEAGE_COMMENT_ALLOWED,  // v101.95: preserve Samsung/current-LDC visual-paragraph semantics across save/export/import.
luisa_24_heures.html,5087,v101.48,INHERITED_IMPLEMENTATION_LINEAGE_COMMENT_ALLOWED,"  /* v101.48: this sanitiser whitelists fields (prototype-pollution guard), so recovery provenance"
luisa_24_heures.html,5132,v101.48,INHERITED_IMPLEMENTATION_LINEAGE_COMMENT_ALLOWED,/* ── v101.48 stale-highlight recovery ──────────────────────────────────────────────────
luisa_24_heures.html,5141,v101.15,INHERITED_IMPLEMENTATION_LINEAGE_COMMENT_ALLOWED,"   2026-07-09. v101.15 changed a period to a comma in P021, v101.16 merged P022 INTO P021,"
luisa_24_heures.html,5141,v101.16,INHERITED_IMPLEMENTATION_LINEAGE_COMMENT_ALLOWED,"   2026-07-09. v101.15 changed a period to a comma in P021, v101.16 merged P022 INTO P021,"
luisa_24_heures.html,5191,v101.25,INHERITED_IMPLEMENTATION_LINEAGE_COMMENT_ALLOWED,"   to render on the current production build, because their snapshots hold pre-v101.25 wording"
luisa_24_heures.html,5204,v101.58,INHERITED_IMPLEMENTATION_LINEAGE_COMMENT_ALLOWED,/* v101.58 / 24H-D: every personal record must be reachable. Preview sizes are never ceilings. */
luisa_24_heures.html,5336,v101.52,INHERITED_IMPLEMENTATION_LINEAGE_COMMENT_ALLOWED,"/* v101.52 — approved non-destructive display segmentation (65 records, 180 display units)."
luisa_24_heures.html,5359,v101.52,INHERITED_IMPLEMENTATION_LINEAGE_COMMENT_ALLOWED,/* v101.52 — the four approved cross-record continuity operations (Part E).
luisa_24_heures.html,5590,v101.73,INHERITED_IMPLEMENTATION_LINEAGE_COMMENT_ALLOWED,  // v101.73: obtain rollback bytes BEFORE touching the canonical snapshot. If the existing
luisa_24_heures.html,5792,v101.48,INHERITED_IMPLEMENTATION_LINEAGE_COMMENT_ALLOWED,  /* v101.48: recover highlights whose anchor was invalidated by editorial changes. Runs after
luisa_24_heures.html,6373,v101.9,INHERITED_IMPLEMENTATION_LINEAGE_COMMENT_ALLOWED,"// v101.9 fix: a user reported a crash screen (""Script error."" — a browser-"
luisa_24_heures.html,6446,v101.32,INHERITED_IMPLEMENTATION_LINEAGE_COMMENT_ALLOWED,"  /* v101.32 P1-01: read canonical in-memory state, not the legacy mirror. */"
luisa_24_heures.html,6589,v101.21,INHERITED_IMPLEMENTATION_LINEAGE_COMMENT_ALLOWED,  // v101.21 RN3 fix: out-of-order same-day taps (e.g. Hour 7 then later Hour 5) made this
luisa_24_heures.html,7009,v101.32,INHERITED_IMPLEMENTATION_LINEAGE_COMMENT_ALLOWED,  /* v101.32 P1-02: commit the resume Hour through the canonical snapshot. Previously this
luisa_24_heures.html,7167,v101.53,INHERITED_IMPLEMENTATION_LINEAGE_COMMENT_ALLOWED,"  /* v101.53: a continuity follower carries no paragraph break, so the pair reads as one unit. */"
luisa_24_heures.html,7334,v101.12,INHERITED_IMPLEMENTATION_LINEAGE_COMMENT_ALLOWED,"  // v101.12 fix: an hour.subsections entry (e.g. Hour 24's ""La Désolation de la Vierge"
luisa_24_heures.html,7343,v101.14,INHERITED_IMPLEMENTATION_LINEAGE_COMMENT_ALLOWED,"    // v101.14 fix: jump to the heading block itself (id=""${sub.id}__heading"", set in"
luisa_24_heures.html,7776,v101.95,INHERITED_IMPLEMENTATION_LINEAGE_COMMENT_ALLOWED,  // v101.95: whole-reading marking remains controlled by the separate button.
luisa_24_heures.html,7937,v101.95,INHERITED_IMPLEMENTATION_LINEAGE_COMMENT_ALLOWED,// v101.95 — interaction helpers for the authoritative LDC visual paragraph model.
luisa_24_heures.html,9129,v101.48,INHERITED_IMPLEMENTATION_LINEAGE_COMMENT_ALLOWED,/* v101.48: removal path for a stale highlight reached from Mon Espace. deleteHighlightFromPanel()
luisa_24_heures.html,9267,v101.53,INHERITED_IMPLEMENTATION_LINEAGE_COMMENT_ALLOWED,"  /* v101.53: approved display segmentation is applied HERE, not only in"
luisa_24_heures.html,9282,v101.53,INHERITED_IMPLEMENTATION_LINEAGE_COMMENT_ALLOWED,  /* v101.53: segmentation is handled in renderParaText below. No record carries both a
luisa_24_heures.html,9414,v101.95,INHERITED_IMPLEMENTATION_LINEAGE_COMMENT_ALLOWED,// v101.95 — WebKit/iPhone Range-boundary normalisation for owned Approfondir annotation surfaces.
luisa_24_heures.html,10040,v101.56,INHERITED_IMPLEMENTATION_LINEAGE_COMMENT_ALLOWED,"  // Measure the picker that is actually rendered. v101.56 assumed 220 x 110 px here,"
luisa_24_heures.html,10200,v101.95,INHERITED_IMPLEMENTATION_LINEAGE_COMMENT_ALLOWED,  // v101.95: preserve the authoritative current-LDC intra-paragraph cuts when a highlight
luisa_24_heures.html,10271,v101.7,INHERITED_IMPLEMENTATION_LINEAGE_COMMENT_ALLOWED,"// v101.7 RN2 fix: centralized French ordinal for hour numbers (""1re Heure"", ""5e Heure"")."
luisa_24_heures.html,10844,v101.74,INHERITED_IMPLEMENTATION_LINEAGE_COMMENT_ALLOWED,"  // v101.74: a replace-import must prove it is a 24 Heures machine backup, not merely"
metadata/build_provenance.json,5,v101.121,IMMUTABLE_BASELINE_REFERENCE_ALLOWED,"  ""baseline_version"": ""v101.121"","
metadata/scope_escalation_authority.md,5,v101.121,IMMUTABLE_BASELINE_REFERENCE_ALLOWED,Immutable baseline: v101.121 ZIP `e22782a8dd73fb54287cd13d61b3ff217c4d24f33702bd1397dc1b4df5c34d3a`.
reports/build_script_vs_files_audit.md,8,v101.121,IMMUTABLE_BASELINE_REFERENCE_ALLOWED,- Protected declarations: 14/14 byte-identical to v101.121.
reports/build_script_vs_files_audit.md,9,v101.121,IMMUTABLE_BASELINE_REFERENCE_ALLOWED,- `showHelp()` block: byte-identical to v101.121.
reports/four_pass_deep_audit.md,6,v101.121,IMMUTABLE_BASELINE_REFERENCE_ALLOWED,- Immutable v101.121 baseline hash: PASS.
reports/four_pass_deep_audit.md,9,v101.121,IMMUTABLE_BASELINE_REFERENCE_ALLOWED,- `showHelp()` block: byte-identical to v101.121.
reports/full_regression_matrix.csv,2,v101.121,IMMUTABLE_BASELINE_REFERENCE_ALLOWED,"G01,v101.121 baseline finality,PASS,gate0/V101121_FINAL_DECISION_LOCK_EXTERNAL.json"
reports/no_regression_fix_ledger.csv,2,v101.121,IMMUTABLE_BASELINE_REFERENCE_ALLOWED,"H24-01,buildHourEndActions(),verified v101.121 function block,separate Hour-level actions; Hour24 gets reflection/linked/top,protected declarations; Hours1-23,evidence/v101122/per_item_results/H24-01_TARGETED.json 2/2 PASS,evidence/v101122/per_item_results/H24-01_MINI.json PASS,evidence/v101122/per_item_results/H24-01_INDEPENDENT.json PASS,0,PASS"
reports/no_regression_fix_ledger.csv,4,v101.121,IMMUTABLE_BASELINE_REFERENCE_ALLOWED,"H24-03,markMeditee()+refreshHourEndCycleUI(),v101.121 does not refresh terminal panel,refresh only Hour24 cycle host,scroll/tab/selection,evidence/v101122/per_item_results/H24-03_TARGETED.json 2/2 PASS,evidence/v101122/per_item_results/H24-03_MINI.json PASS,evidence/v101122/per_item_results/H24-03_INDEPENDENT.json PASS,0,PASS"
reports/no_regression_fix_ledger.csv,9,v101.121,IMMUTABLE_BASELINE_REFERENCE_ALLOWED,"H24-08,release identity/cache/evidence,v101.121 identity,update version/stage/cache/manifests/reports only,runtime logic outside scope,SW 15/15 + broad Chromium 52/52 on v101.122 identity,evidence/v101122/per_item_results/H24-08_MINI.json PASS,evidence/v101122/per_item_results/H24-08_INDEPENDENT.json PASS,0,PASS"
scripts/EXECUTION_SPEC.md,5,v101.121,IMMUTABLE_BASELINE_REFERENCE_ALLOWED,Cycle: close immutable v101.121 baseline → freeze Hour-24 product contract → H24-01…H24-08 one-by-one → 16-state matrix → five-profile UX → Help/broad/fixed-point/presentation/SW regressions → mutation tests → Pass 1 files/build → Pass 2 runtime/package → Pass 3 direct line evidence → Pass 4 version + semantic stale scans → fresh recheck → manifests → deterministic Build A/B → primary reopened ZIP → separately implemented independent reopened ZIP → external decision lock last.
scripts/build_v101111_m2_authorised_mutation.py,7,v101.111,HISTORICAL_OR_SUPERSEDED_TOOL_ALLOWED,VERSION='v101.111'
scripts/build_v101111_m2_authorised_mutation.py,91,v101.110,HISTORICAL_OR_SUPERSEDED_TOOL_ALLOWED,"    old=""const APP_VERSION = 'v101.110';"""
scripts/build_v101111_m2_authorised_mutation.py,97,v101.110,HISTORICAL_OR_SUPERSEDED_TOOL_ALLOWED,"    old=""const BUILD_DATE = '2026-08-23'; // v101.110 / RA19E nested quote delimiter display continuity"""
scripts/build_v101112_user_confirmed_text_structure_repair.py,8,v101.112,HISTORICAL_OR_SUPERSEDED_TOOL_ALLOWED,VERSION='v101.112'
scripts/build_v101112_user_confirmed_text_structure_repair.py,166,v101.111,HISTORICAL_OR_SUPERSEDED_TOOL_ALLOWED,"html=html.replace(""const APP_VERSION = 'v101.111';"", ""const APP_VERSION = 'v101.112';"",1)"
scripts/build_v101112_user_confirmed_text_structure_repair.py,166,v101.112,HISTORICAL_OR_SUPERSEDED_TOOL_ALLOWED,"html=html.replace(""const APP_VERSION = 'v101.111';"", ""const APP_VERSION = 'v101.112';"",1)"
scripts/build_v101112_user_confirmed_text_structure_repair.py,168,v101.111,HISTORICAL_OR_SUPERSEDED_TOOL_ALLOWED,"html=html.replace(""const BUILD_DATE = '2026-08-25'; // v101.111 / RA19E.2 authorised speaker/presentation mutation"", ""const BUILD_DATE = '2026-08-25'; // v101.112 / user-confirmed Hour 3 duplication + Hour 22 punctuation/paragraph structure repair"",1)"
scripts/build_v101112_user_confirmed_text_structure_repair.py,168,v101.112,HISTORICAL_OR_SUPERSEDED_TOOL_ALLOWED,"html=html.replace(""const BUILD_DATE = '2026-08-25'; // v101.111 / RA19E.2 authorised speaker/presentation mutation"", ""const BUILD_DATE = '2026-08-25'; // v101.112 / user-confirmed Hour 3 duplication + Hour 22 punctuation/paragraph structure repair"",1)"
scripts/build_v101112_user_confirmed_text_structure_repair.py,186,v101.111,HISTORICAL_OR_SUPERSEDED_TOOL_ALLOWED,"    (dst/'README.md').write_text(f'''# Les 24 Heures de la Passion — {VERSION}\n\nStage: `{STAGE}`\n\nThis narrow successor starts from immutable v101.111 and implements only two user-confirmed corpus/presentation corrections: (1) remove the accidental duplicate Hour-3 Judas/Jean tail from P005 while preserving P006 and every paragraph ID; (2) in the 22nd Hour, add the sentence full stop after all ten occurrences of `« Jésus et Marie, je Vous recommande mon âme ! »` and render the nine same-reco"
scripts/build_v101112_user_confirmed_text_structure_repair.py,191,v101.112,HISTORICAL_OR_SUPERSEDED_TOOL_ALLOWED,"        'real_device_status':'Physical Samsung/iPhone/iPad and live-origin PWA/offline/accessibility validation NOT_TESTED for v101.112.',"
scripts/build_v101112_user_confirmed_text_structure_repair.py,200,v101.111,HISTORICAL_OR_SUPERSEDED_TOOL_ALLOWED,"    sw=sw.replace('/* v101.111 */','/* v101.112 */',1).replace(""const CACHE_NAME = 'luisa-24h-v101-111';"",f""const CACHE_NAME = '{CACHE}';"",1)"
scripts/build_v101112_user_confirmed_text_structure_repair.py,200,v101.112,HISTORICAL_OR_SUPERSEDED_TOOL_ALLOWED,"    sw=sw.replace('/* v101.111 */','/* v101.112 */',1).replace(""const CACHE_NAME = 'luisa-24h-v101-111';"",f""const CACHE_NAME = '{CACHE}';"",1)"
scripts/build_v101112_user_confirmed_text_structure_repair.py,204,v101.111,HISTORICAL_OR_SUPERSEDED_TOOL_ALLOWED,"        'baseline_version':'v101.111','baseline_zip_sha256':BASE_SHA,"
scripts/build_v101112_user_confirmed_text_structure_repair.py,228,v101.112,HISTORICAL_OR_SUPERSEDED_TOOL_ALLOWED,"    (ev/'PREPACKAGE_STAGE_REPORT.md').write_text(f'''# v101.112 prepackage stage report\n\nStatus: `PASS_PREPACKAGE_PENDING_FINAL_REOPEN`\n\nBaseline: v101.111 / `{BASE_SHA}`.\n\nAuthorized scope:\n\n- Hour 3 P005 accidental duplicated tail removed; P006 and all paragraph IDs retained.\n- Ten Hour-22 formula occurrences changed from closing `»` to `».`.\n- Nine same-record `Jésus, je donne…` continuations split as separate visible paragraphs through both `DISPLAY_SEGMENTS` and `VISIBLE_PARAGRAPH"
scripts/build_v101112_user_confirmed_text_structure_repair.py,228,v101.111,HISTORICAL_OR_SUPERSEDED_TOOL_ALLOWED,"    (ev/'PREPACKAGE_STAGE_REPORT.md').write_text(f'''# v101.112 prepackage stage report\n\nStatus: `PASS_PREPACKAGE_PENDING_FINAL_REOPEN`\n\nBaseline: v101.111 / `{BASE_SHA}`.\n\nAuthorized scope:\n\n- Hour 3 P005 accidental duplicated tail removed; P006 and all paragraph IDs retained.\n- Ten Hour-22 formula occurrences changed from closing `»` to `».`.\n- Nine same-record `Jésus, je donne…` continuations split as separate visible paragraphs through both `DISPLAY_SEGMENTS` and `VISIBLE_PARAGRAPH"
scripts/build_v101112_user_confirmed_text_structure_repair.py,228,v101.111,HISTORICAL_OR_SUPERSEDED_TOOL_ALLOWED,"    (ev/'PREPACKAGE_STAGE_REPORT.md').write_text(f'''# v101.112 prepackage stage report\n\nStatus: `PASS_PREPACKAGE_PENDING_FINAL_REOPEN`\n\nBaseline: v101.111 / `{BASE_SHA}`.\n\nAuthorized scope:\n\n- Hour 3 P005 accidental duplicated tail removed; P006 and all paragraph IDs retained.\n- Ten Hour-22 formula occurrences changed from closing `»` to `».`.\n- Nine same-record `Jésus, je donne…` continuations split as separate visible paragraphs through both `DISPLAY_SEGMENTS` and `VISIBLE_PARAGRAPH"
scripts/build_v101112_user_confirmed_text_structure_repair.py,233,v101.111,HISTORICAL_OR_SUPERSEDED_TOOL_ALLOWED,"    (dst/'reports/full_regression_matrix.csv').write_text('''gate,test,status,evidence\nBASELINE,v101.111 exact SHA/member freeze,PASS,baseline SHA exact and CRC clean\nUC-H3,Hour 3 duplicate ownership repair,PASS,P005 tail removed; P006 unchanged; all IDs/order preserved\nUC-H22-PUNCT,Hour 22 formula punctuation,PASS,10/10 formula occurrences end with ».\nUC-H22-DISPLAY,Hour 22 visible paragraph split,PASS,9/9 same-record cases have DISPLAY_SEGMENTS at start of Jésus\nUC-H22-SAMSUNG,visible par"
scripts/build_v101112_user_confirmed_text_structure_repair.py,274,v101.111,HISTORICAL_OR_SUPERSEDED_TOOL_ALLOWED,"        for old in ['v101.111','luisa-24h-v101-111','L24H_v101111_']:"
scripts/build_v101112_user_confirmed_text_structure_repair.py,278,v101.111,HISTORICAL_OR_SUPERSEDED_TOOL_ALLOWED,                    allowed=(rel=='metadata/build_provenance.json' or rel=='reports/full_regression_matrix.csv' or (rel=='README.md' and 'starts from immutable v101.111' in text))
scripts/build_v101112_user_confirmed_text_structure_repair.py,339,v101.111,HISTORICAL_OR_SUPERSEDED_TOOL_ALLOWED,    (tree/'audit/independent_four_pass_audit.md').write_text(f'''# Independent four-pass audit — {VERSION}\n\n## Pass 1 — baseline/scope\nPASS. Exact v101.111 baseline SHA verified. Corpus text changes are exactly 11 paragraph records: H3 P005 plus ten Hour-22 formula records. No paragraph ID/order change.\n\n## Pass 2 — derived/runtime integrity\nPASS. H3 P006 is unchanged; H3 duplicate appears once. Hour-22 formula closes with `».` in all 10 cases. Nine same-record continuations have matching 
scripts/build_v101112_user_confirmed_text_structure_repair.py,339,v101.112,HISTORICAL_OR_SUPERSEDED_TOOL_ALLOWED,    (tree/'audit/independent_four_pass_audit.md').write_text(f'''# Independent four-pass audit — {VERSION}\n\n## Pass 1 — baseline/scope\nPASS. Exact v101.111 baseline SHA verified. Corpus text changes are exactly 11 paragraph records: H3 P005 plus ten Hour-22 formula records. No paragraph ID/order change.\n\n## Pass 2 — derived/runtime integrity\nPASS. H3 P006 is unchanged; H3 duplicate appears once. Hour-22 formula closes with `».` in all 10 cases. Nine same-record continuations have matching 
scripts/build_v101112_user_confirmed_text_structure_repair.py,339,v101.111,HISTORICAL_OR_SUPERSEDED_TOOL_ALLOWED,    (tree/'audit/independent_four_pass_audit.md').write_text(f'''# Independent four-pass audit — {VERSION}\n\n## Pass 1 — baseline/scope\nPASS. Exact v101.111 baseline SHA verified. Corpus text changes are exactly 11 paragraph records: H3 P005 plus ten Hour-22 formula records. No paragraph ID/order change.\n\n## Pass 2 — derived/runtime integrity\nPASS. H3 P006 is unchanged; H3 duplicate appears once. Hour-22 formula closes with `».` in all 10 cases. Nine same-record continuations have matching 
scripts/build_v101113_audit_report_qa_integrity_repair.py,7,v101.113,HISTORICAL_OR_SUPERSEDED_TOOL_ALLOWED,VERSION='v101.113'
scripts/build_v101113_audit_report_qa_integrity_repair.py,51,v101.112,HISTORICAL_OR_SUPERSEDED_TOOL_ALLOWED,"html=html.replace(""const APP_VERSION = 'v101.112';"",""const APP_VERSION = 'v101.113';"",1)"
scripts/build_v101113_audit_report_qa_integrity_repair.py,51,v101.113,HISTORICAL_OR_SUPERSEDED_TOOL_ALLOWED,"html=html.replace(""const APP_VERSION = 'v101.112';"",""const APP_VERSION = 'v101.113';"",1)"
scripts/build_v101113_audit_report_qa_integrity_repair.py,53,v101.112,HISTORICAL_OR_SUPERSEDED_TOOL_ALLOWED,"old_comment=""const BUILD_DATE = '2026-08-25'; // v101.112 / user-confirmed Hour 3 duplication + Hour 22 punctuation/paragraph structure repair"""
scripts/build_v101113_audit_report_qa_integrity_repair.py,54,v101.113,HISTORICAL_OR_SUPERSEDED_TOOL_ALLOWED,"new_comment=""const BUILD_DATE = '2026-08-25'; // v101.113 / four-pass audit report and real-device QA metadata integrity repair"""
scripts/build_v101113_audit_report_qa_integrity_repair.py,135,v101.112,HISTORICAL_OR_SUPERSEDED_TOOL_ALLOWED,"    write_text(dst/'README.md',f'''# Les 24 Heures de la Passion — {VERSION}\n\nStage: `{STAGE}`\n\nThis is a narrow release-evidence/QA-integrity successor to immutable v101.112. The four-pass deep audit found that the active root real-device checklist and results template still named v101.111, while the packaged stale-reference report incorrectly classified those active files as historical. v101.113 repairs that report-integrity defect only.\n\nThe v101.112 Hour-3 duplicate repair and exhausti"
scripts/build_v101113_audit_report_qa_integrity_repair.py,135,v101.111,HISTORICAL_OR_SUPERSEDED_TOOL_ALLOWED,"    write_text(dst/'README.md',f'''# Les 24 Heures de la Passion — {VERSION}\n\nStage: `{STAGE}`\n\nThis is a narrow release-evidence/QA-integrity successor to immutable v101.112. The four-pass deep audit found that the active root real-device checklist and results template still named v101.111, while the packaged stale-reference report incorrectly classified those active files as historical. v101.113 repairs that report-integrity defect only.\n\nThe v101.112 Hour-3 duplicate repair and exhausti"
scripts/build_v101113_audit_report_qa_integrity_repair.py,135,v101.113,HISTORICAL_OR_SUPERSEDED_TOOL_ALLOWED,"    write_text(dst/'README.md',f'''# Les 24 Heures de la Passion — {VERSION}\n\nStage: `{STAGE}`\n\nThis is a narrow release-evidence/QA-integrity successor to immutable v101.112. The four-pass deep audit found that the active root real-device checklist and results template still named v101.111, while the packaged stale-reference report incorrectly classified those active files as historical. v101.113 repairs that report-integrity defect only.\n\nThe v101.112 Hour-3 duplicate repair and exhausti"
scripts/build_v101113_audit_report_qa_integrity_repair.py,135,v101.112,HISTORICAL_OR_SUPERSEDED_TOOL_ALLOWED,"    write_text(dst/'README.md',f'''# Les 24 Heures de la Passion — {VERSION}\n\nStage: `{STAGE}`\n\nThis is a narrow release-evidence/QA-integrity successor to immutable v101.112. The four-pass deep audit found that the active root real-device checklist and results template still named v101.111, while the packaged stale-reference report incorrectly classified those active files as historical. v101.113 repairs that report-integrity defect only.\n\nThe v101.112 Hour-3 duplicate repair and exhausti"
scripts/build_v101113_audit_report_qa_integrity_repair.py,135,v101.112,HISTORICAL_OR_SUPERSEDED_TOOL_ALLOWED,"    write_text(dst/'README.md',f'''# Les 24 Heures de la Passion — {VERSION}\n\nStage: `{STAGE}`\n\nThis is a narrow release-evidence/QA-integrity successor to immutable v101.112. The four-pass deep audit found that the active root real-device checklist and results template still named v101.111, while the packaged stale-reference report incorrectly classified those active files as historical. v101.113 repairs that report-integrity defect only.\n\nThe v101.112 Hour-3 duplicate repair and exhausti"
scripts/build_v101113_audit_report_qa_integrity_repair.py,144,v101.112,HISTORICAL_OR_SUPERSEDED_TOOL_ALLOWED,"    sw=(dst/'sw.js').read_text(encoding='utf-8').replace('/* v101.112 */','/* v101.113 */',1).replace(""const CACHE_NAME = 'luisa-24h-v101-112';"",f""const CACHE_NAME = '{CACHE}';"",1);write_text(dst/'sw.js',sw)"
scripts/build_v101113_audit_report_qa_integrity_repair.py,144,v101.113,HISTORICAL_OR_SUPERSEDED_TOOL_ALLOWED,"    sw=(dst/'sw.js').read_text(encoding='utf-8').replace('/* v101.112 */','/* v101.113 */',1).replace(""const CACHE_NAME = 'luisa-24h-v101-112';"",f""const CACHE_NAME = '{CACHE}';"",1);write_text(dst/'sw.js',sw)"
scripts/build_v101113_audit_report_qa_integrity_repair.py,145,v101.112,HISTORICAL_OR_SUPERSEDED_TOOL_ALLOWED,"    prov={'version':VERSION,'build_date':BUILD_DATE,'stage':STAGE,'baseline_version':'v101.112','baseline_zip_sha256':BASE_SHA,'baseline_html_sha256':BASE_HTML_SHA,'candidate_html_sha256':CAND_HTML_SHA,'scope':{'active_root_qa_files_corrected':['REAL_DEVICE_QA_CHECKLIST.md','REAL_DEVICE_QA_RESULTS_TEMPLATE.csv'],'qa_template_scenarios':len(QA_ROWS),'stale_scan_current_facing_scope_strengthened':True,'governed_runtime_declarations_changed':0},'v101112_user_confirmed_repairs':'PRESERVED_BYTE_IDENT"
scripts/build_v101113_audit_report_qa_integrity_repair.py,151,v101.111,HISTORICAL_OR_SUPERSEDED_TOOL_ALLOWED,"        w.writerow(['AUD-001','REAL_DEVICE_QA_CHECKLIST.md','ACTIVE_QA_VERSION_STALE','v101.111','v101.113 + 21 explicit external scenarios','PASS'])"
scripts/build_v101113_audit_report_qa_integrity_repair.py,151,v101.113,HISTORICAL_OR_SUPERSEDED_TOOL_ALLOWED,"        w.writerow(['AUD-001','REAL_DEVICE_QA_CHECKLIST.md','ACTIVE_QA_VERSION_STALE','v101.111','v101.113 + 21 explicit external scenarios','PASS'])"
scripts/build_v101113_audit_report_qa_integrity_repair.py,152,v101.111,HISTORICAL_OR_SUPERSEDED_TOOL_ALLOWED,"        w.writerow(['AUD-002','REAL_DEVICE_QA_RESULTS_TEMPLATE.csv','ACTIVE_QA_VERSION_STALE_AND_INCOMPLETE','2 rows at v101.111','21 rows at v101.113','PASS'])"
scripts/build_v101113_audit_report_qa_integrity_repair.py,152,v101.113,HISTORICAL_OR_SUPERSEDED_TOOL_ALLOWED,"        w.writerow(['AUD-002','REAL_DEVICE_QA_RESULTS_TEMPLATE.csv','ACTIVE_QA_VERSION_STALE_AND_INCOMPLETE','2 rows at v101.111','21 rows at v101.113','PASS'])"
scripts/build_v101113_audit_report_qa_integrity_repair.py,153,v101.111,HISTORICAL_OR_SUPERSEDED_TOOL_ALLOWED,"        w.writerow(['AUD-003','reports/stale_reference_scan.*','FALSE_ZERO_FAILURE_CLASSIFICATION','root QA v101.111 treated historical','root QA files treated CURRENT_FACING; no stale current version allowed','PASS'])"
scripts/build_v101113_audit_report_qa_integrity_repair.py,154,v101.112,HISTORICAL_OR_SUPERSEDED_TOOL_ALLOWED,"        w.writerow(['AUD-004','audit/independent_four_pass_audit.md','UNSUPPORTED_CURRENT_FACING_CLAIM','claimed all current-facing refs were v101.112','regenerated after direct active-report line audit','PASS'])"
scripts/build_v101113_audit_report_qa_integrity_repair.py,155,v101.112,HISTORICAL_OR_SUPERSEDED_TOOL_ALLOWED,"    write_text(ev/'PREPACKAGE_STAGE_REPORT.md',f'''# {VERSION} prepackage stage report\n\nStatus: `PASS_PREPACKAGE_PENDING_FINAL_REOPEN`.\n\nBaseline: v101.112 / `{BASE_SHA}`.\n\nFour-pass defect corrected: the active root real-device QA checklist/results template still named v101.111 and the stale-reference scanner incorrectly classified them as historical.\n\nAuthorized scope is release identity, root QA scaffold, active audit/report evidence, stale-reference classification, service-worker cac"
scripts/build_v101113_audit_report_qa_integrity_repair.py,155,v101.111,HISTORICAL_OR_SUPERSEDED_TOOL_ALLOWED,"    write_text(ev/'PREPACKAGE_STAGE_REPORT.md',f'''# {VERSION} prepackage stage report\n\nStatus: `PASS_PREPACKAGE_PENDING_FINAL_REOPEN`.\n\nBaseline: v101.112 / `{BASE_SHA}`.\n\nFour-pass defect corrected: the active root real-device QA checklist/results template still named v101.111 and the stale-reference scanner incorrectly classified them as historical.\n\nAuthorized scope is release identity, root QA scaffold, active audit/report evidence, stale-reference classification, service-worker cac"
scripts/build_v101113_audit_report_qa_integrity_repair.py,155,v101.112,HISTORICAL_OR_SUPERSEDED_TOOL_ALLOWED,"    write_text(ev/'PREPACKAGE_STAGE_REPORT.md',f'''# {VERSION} prepackage stage report\n\nStatus: `PASS_PREPACKAGE_PENDING_FINAL_REOPEN`.\n\nBaseline: v101.112 / `{BASE_SHA}`.\n\nFour-pass defect corrected: the active root real-device QA checklist/results template still named v101.111 and the stale-reference scanner incorrectly classified them as historical.\n\nAuthorized scope is release identity, root QA scaffold, active audit/report evidence, stale-reference classification, service-worker cac"
scripts/build_v101113_audit_report_qa_integrity_repair.py,155,v101.112,HISTORICAL_OR_SUPERSEDED_TOOL_ALLOWED,"    write_text(ev/'PREPACKAGE_STAGE_REPORT.md',f'''# {VERSION} prepackage stage report\n\nStatus: `PASS_PREPACKAGE_PENDING_FINAL_REOPEN`.\n\nBaseline: v101.112 / `{BASE_SHA}`.\n\nFour-pass defect corrected: the active root real-device QA checklist/results template still named v101.111 and the stale-reference scanner incorrectly classified them as historical.\n\nAuthorized scope is release identity, root QA scaffold, active audit/report evidence, stale-reference classification, service-worker cac"
scripts/build_v101113_audit_report_qa_integrity_repair.py,158,v101.112,HISTORICAL_OR_SUPERSEDED_TOOL_ALLOWED,"    write_text(dst/'reports/full_regression_matrix.csv',f'''gate,test,status,evidence\nBASELINE,v101.112 exact SHA/member freeze,PASS,baseline SHA exact and CRC clean\nBUILD,exact build-script reproducibility,PASS,deterministic Build A/B required\nDATA,14 governed runtime declarations,PASS,exact RHS byte parity with v101.112\nUC-H3,v101.112 Hour 3 repair preservation,PASS,H3 duplicate phrase count remains one\nUC-H22,v101.112 Hour 22 repair preservation,PASS,10/10 punctuation + 9/9 display/topol"
scripts/build_v101113_audit_report_qa_integrity_repair.py,158,v101.112,HISTORICAL_OR_SUPERSEDED_TOOL_ALLOWED,"    write_text(dst/'reports/full_regression_matrix.csv',f'''gate,test,status,evidence\nBASELINE,v101.112 exact SHA/member freeze,PASS,baseline SHA exact and CRC clean\nBUILD,exact build-script reproducibility,PASS,deterministic Build A/B required\nDATA,14 governed runtime declarations,PASS,exact RHS byte parity with v101.112\nUC-H3,v101.112 Hour 3 repair preservation,PASS,H3 duplicate phrase count remains one\nUC-H22,v101.112 Hour 22 repair preservation,PASS,10/10 punctuation + 9/9 display/topol"
scripts/build_v101113_audit_report_qa_integrity_repair.py,158,v101.112,HISTORICAL_OR_SUPERSEDED_TOOL_ALLOWED,"    write_text(dst/'reports/full_regression_matrix.csv',f'''gate,test,status,evidence\nBASELINE,v101.112 exact SHA/member freeze,PASS,baseline SHA exact and CRC clean\nBUILD,exact build-script reproducibility,PASS,deterministic Build A/B required\nDATA,14 governed runtime declarations,PASS,exact RHS byte parity with v101.112\nUC-H3,v101.112 Hour 3 repair preservation,PASS,H3 duplicate phrase count remains one\nUC-H22,v101.112 Hour 22 repair preservation,PASS,10/10 punctuation + 9/9 display/topol"
scripts/build_v101113_audit_report_qa_integrity_repair.py,158,v101.112,HISTORICAL_OR_SUPERSEDED_TOOL_ALLOWED,"    write_text(dst/'reports/full_regression_matrix.csv',f'''gate,test,status,evidence\nBASELINE,v101.112 exact SHA/member freeze,PASS,baseline SHA exact and CRC clean\nBUILD,exact build-script reproducibility,PASS,deterministic Build A/B required\nDATA,14 governed runtime declarations,PASS,exact RHS byte parity with v101.112\nUC-H3,v101.112 Hour 3 repair preservation,PASS,H3 duplicate phrase count remains one\nUC-H22,v101.112 Hour 22 repair preservation,PASS,10/10 punctuation + 9/9 display/topol"
scripts/build_v101113_audit_report_qa_integrity_repair.py,163,v101.112,HISTORICAL_OR_SUPERSEDED_TOOL_ALLOWED,"    write_text(dst/'audit/independent_four_pass_audit.md',f'''# Independent four-pass audit — {VERSION}\n\n## Pass 1 — files vs build script\nPASS. Exact v101.112 baseline SHA verified; the package is required to reproduce deterministically from the packaged build script. Governed runtime declarations are exact v101.112 parity.\n\n## Pass 2 — runtime/package behaviour\nPASS. Broad Chromium DOM/runtime and isolated service-worker logic matrices are run before freeze; v101.112 H3/H22 fixes remain "
scripts/build_v101113_audit_report_qa_integrity_repair.py,163,v101.112,HISTORICAL_OR_SUPERSEDED_TOOL_ALLOWED,"    write_text(dst/'audit/independent_four_pass_audit.md',f'''# Independent four-pass audit — {VERSION}\n\n## Pass 1 — files vs build script\nPASS. Exact v101.112 baseline SHA verified; the package is required to reproduce deterministically from the packaged build script. Governed runtime declarations are exact v101.112 parity.\n\n## Pass 2 — runtime/package behaviour\nPASS. Broad Chromium DOM/runtime and isolated service-worker logic matrices are run before freeze; v101.112 H3/H22 fixes remain "
scripts/build_v101113_audit_report_qa_integrity_repair.py,163,v101.112,HISTORICAL_OR_SUPERSEDED_TOOL_ALLOWED,"    write_text(dst/'audit/independent_four_pass_audit.md',f'''# Independent four-pass audit — {VERSION}\n\n## Pass 1 — files vs build script\nPASS. Exact v101.112 baseline SHA verified; the package is required to reproduce deterministically from the packaged build script. Governed runtime declarations are exact v101.112 parity.\n\n## Pass 2 — runtime/package behaviour\nPASS. Broad Chromium DOM/runtime and isolated service-worker logic matrices are run before freeze; v101.112 H3/H22 fixes remain "
scripts/build_v101113_audit_report_qa_integrity_repair.py,163,v101.111,HISTORICAL_OR_SUPERSEDED_TOOL_ALLOWED,"    write_text(dst/'audit/independent_four_pass_audit.md',f'''# Independent four-pass audit — {VERSION}\n\n## Pass 1 — files vs build script\nPASS. Exact v101.112 baseline SHA verified; the package is required to reproduce deterministically from the packaged build script. Governed runtime declarations are exact v101.112 parity.\n\n## Pass 2 — runtime/package behaviour\nPASS. Broad Chromium DOM/runtime and isolated service-worker logic matrices are run before freeze; v101.112 H3/H22 fixes remain "
scripts/build_v101113_audit_report_qa_integrity_repair.py,163,v101.112,HISTORICAL_OR_SUPERSEDED_TOOL_ALLOWED,"    write_text(dst/'audit/independent_four_pass_audit.md',f'''# Independent four-pass audit — {VERSION}\n\n## Pass 1 — files vs build script\nPASS. Exact v101.112 baseline SHA verified; the package is required to reproduce deterministically from the packaged build script. Governed runtime declarations are exact v101.112 parity.\n\n## Pass 2 — runtime/package behaviour\nPASS. Broad Chromium DOM/runtime and isolated service-worker logic matrices are run before freeze; v101.112 H3/H22 fixes remain "
scripts/build_v101113_audit_report_qa_integrity_repair.py,163,v101.112,HISTORICAL_OR_SUPERSEDED_TOOL_ALLOWED,"    write_text(dst/'audit/independent_four_pass_audit.md',f'''# Independent four-pass audit — {VERSION}\n\n## Pass 1 — files vs build script\nPASS. Exact v101.112 baseline SHA verified; the package is required to reproduce deterministically from the packaged build script. Governed runtime declarations are exact v101.112 parity.\n\n## Pass 2 — runtime/package behaviour\nPASS. Broad Chromium DOM/runtime and isolated service-worker logic matrices are run before freeze; v101.112 H3/H22 fixes remain "
scripts/build_v101113_audit_report_qa_integrity_repair.py,163,v101.111,HISTORICAL_OR_SUPERSEDED_TOOL_ALLOWED,"    write_text(dst/'audit/independent_four_pass_audit.md',f'''# Independent four-pass audit — {VERSION}\n\n## Pass 1 — files vs build script\nPASS. Exact v101.112 baseline SHA verified; the package is required to reproduce deterministically from the packaged build script. Governed runtime declarations are exact v101.112 parity.\n\n## Pass 2 — runtime/package behaviour\nPASS. Broad Chromium DOM/runtime and isolated service-worker logic matrices are run before freeze; v101.112 H3/H22 fixes remain "
scripts/build_v101113_audit_report_qa_integrity_repair.py,185,v101.112,HISTORICAL_OR_SUPERSEDED_TOOL_ALLOWED,"# Strong stale scan. Root QA and all active reports are current-facing, unlike v101.112's faulty classifier."
scripts/build_v101113_audit_report_qa_integrity_repair.py,193,v101.112,HISTORICAL_OR_SUPERSEDED_TOOL_ALLOWED,    if token=='v101.112':
scripts/build_v101113_audit_report_qa_integrity_repair.py,195,v101.111,HISTORICAL_OR_SUPERSEDED_TOOL_ALLOWED,"    if token in {'v101.111','luisa-24h-v101-111','L24H_v101111_'}:"
scripts/build_v101113_audit_report_qa_integrity_repair.py,196,v101.111,HISTORICAL_OR_SUPERSEDED_TOOL_ALLOWED,"        if rel in {'README.md','audit/independent_four_pass_audit.md','evidence/v101113/PREPACKAGE_STAGE_REPORT.md'} and ('stale v101.111' in text.lower() or 'still named v101.111' in text.lower()): return True"
scripts/build_v101113_audit_report_qa_integrity_repair.py,196,v101.111,HISTORICAL_OR_SUPERSEDED_TOOL_ALLOWED,"        if rel in {'README.md','audit/independent_four_pass_audit.md','evidence/v101113/PREPACKAGE_STAGE_REPORT.md'} and ('stale v101.111' in text.lower() or 'still named v101.111' in text.lower()): return True"
scripts/build_v101113_audit_report_qa_integrity_repair.py,202,v101.112,HISTORICAL_OR_SUPERSEDED_TOOL_ALLOWED,"    tokens=['v101.112','v101.111','luisa-24h-v101-112','luisa-24h-v101-111','L24H_v101112_','L24H_v101111_']"
scripts/build_v101113_audit_report_qa_integrity_repair.py,202,v101.111,HISTORICAL_OR_SUPERSEDED_TOOL_ALLOWED,"    tokens=['v101.112','v101.111','luisa-24h-v101-112','luisa-24h-v101-111','L24H_v101112_','L24H_v101111_']"
scripts/build_v101113_audit_report_qa_integrity_repair.py,226,v101.112,HISTORICAL_OR_SUPERSEDED_TOOL_ALLOWED,"      'current_version':VERSION,'baseline_version':'v101.112','baseline_sha':BASE_SHA,'cache':CACHE,"
scripts/build_v101113_audit_report_qa_integrity_repair.py,237,v101.113,HISTORICAL_OR_SUPERSEDED_TOOL_ALLOWED,            if ('v101.113' in s or CACHE in s):typ='CLAIM';binding='CURRENT_VERSION_CACHE';status='PASS'
scripts/build_v101113_audit_report_qa_integrity_repair.py,238,v101.112,HISTORICAL_OR_SUPERSEDED_TOOL_ALLOWED,            if 'v101.112' in s:typ='CLAIM';binding='BASELINE_PROVENANCE';status='PASS'
scripts/build_v101113_audit_report_qa_integrity_repair.py,239,v101.111,HISTORICAL_OR_SUPERSEDED_TOOL_ALLOWED,            if 'v101.111' in s or 'luisa-24h-v101-111' in s:
scripts/build_v101113_audit_report_qa_integrity_repair.py,240,v101.112,HISTORICAL_OR_SUPERSEDED_TOOL_ALLOWED,"                if any(k in s.lower() for k in ['stale','still named','found in v101.112','corrected']): typ='CLAIM';binding='CORRECTED_DEFECT_HISTORY';status='PASS'"
scripts/build_v101113_audit_report_qa_integrity_repair.py,261,v101.112,HISTORICAL_OR_SUPERSEDED_TOOL_ALLOWED,    # v101.112 user fixes retained by exact corpus data text searches.
scripts/build_v101113_audit_report_qa_integrity_repair.py,266,v101.111,HISTORICAL_OR_SUPERSEDED_TOOL_ALLOWED,    assert 'v101.111' not in qa and VERSION in qa
scripts/build_v101113_audit_report_qa_integrity_repair.py,267,v101.111,HISTORICAL_OR_SUPERSEDED_TOOL_ALLOWED,    assert 'v101.111' not in qt and qt.count(VERSION)==len(QA_ROWS)
scripts/build_v101114_four_pass_audit_evidence_integrity_repair.py,6,v101.114,HISTORICAL_OR_SUPERSEDED_TOOL_ALLOWED,VERSION='v101.114';CACHE='luisa-24h-v101-114';DATE='2026-08-25';STAGE='FOUR_PASS_AUDIT_EVIDENCE_INTEGRITY_REPAIR_R1'
scripts/build_v101114_four_pass_audit_evidence_integrity_repair.py,34,v101.113,HISTORICAL_OR_SUPERSEDED_TOOL_ALLOWED,"html=base_html.replace(""const APP_VERSION = 'v101.113';"",""const APP_VERSION = 'v101.114';"",1).replace(""const APP_EVIDENCE_STAGE = 'AUDIT_REPORT_QA_METADATA_INTEGRITY_REPAIR_R1';"",f""const APP_EVIDENCE_STAGE = '{STAGE}';"",1)"
scripts/build_v101114_four_pass_audit_evidence_integrity_repair.py,34,v101.114,HISTORICAL_OR_SUPERSEDED_TOOL_ALLOWED,"html=base_html.replace(""const APP_VERSION = 'v101.113';"",""const APP_VERSION = 'v101.114';"",1).replace(""const APP_EVIDENCE_STAGE = 'AUDIT_REPORT_QA_METADATA_INTEGRITY_REPAIR_R1';"",f""const APP_EVIDENCE_STAGE = '{STAGE}';"",1)"
scripts/build_v101114_four_pass_audit_evidence_integrity_repair.py,35,v101.113,HISTORICAL_OR_SUPERSEDED_TOOL_ALLOWED,"old=""const BUILD_DATE = '2026-08-25'; // v101.113 / four-pass audit report and real-device QA metadata integrity repair"";new=""const BUILD_DATE = '2026-08-25'; // v101.114 / four-pass audit evidence-integrity repair"";assert old in html;html=html.replace(old,new,1)"
scripts/build_v101114_four_pass_audit_evidence_integrity_repair.py,35,v101.114,HISTORICAL_OR_SUPERSEDED_TOOL_ALLOWED,"old=""const BUILD_DATE = '2026-08-25'; // v101.113 / four-pass audit report and real-device QA metadata integrity repair"";new=""const BUILD_DATE = '2026-08-25'; // v101.114 / four-pass audit evidence-integrity repair"";assert old in html;html=html.replace(old,new,1)"
scripts/build_v101114_four_pass_audit_evidence_integrity_repair.py,38,v101.113,HISTORICAL_OR_SUPERSEDED_TOOL_ALLOWED,"QA113=(BASE/'REAL_DEVICE_QA_CHECKLIST.md').read_text(encoding='utf-8');QA=QA113.replace('v101.113','v101.114').replace('AUDIT_REPORT_QA_METADATA_INTEGRITY_REPAIR_R1',STAGE).replace('luisa-24h-v101-113',CACHE)"
scripts/build_v101114_four_pass_audit_evidence_integrity_repair.py,38,v101.114,HISTORICAL_OR_SUPERSEDED_TOOL_ALLOWED,"QA113=(BASE/'REAL_DEVICE_QA_CHECKLIST.md').read_text(encoding='utf-8');QA=QA113.replace('v101.113','v101.114').replace('AUDIT_REPORT_QA_METADATA_INTEGRITY_REPAIR_R1',STAGE).replace('luisa-24h-v101-113',CACHE)"
scripts/build_v101114_four_pass_audit_evidence_integrity_repair.py,47,v101.113,HISTORICAL_OR_SUPERSEDED_TOOL_ALLOWED," wt(t/'README.md',f'''# Les 24 Heures de la Passion — {VERSION}\n\nStage: `{STAGE}`\n\nThis is a narrow evidence-integrity successor to immutable v101.113. The v101.113 repair correctly updated the active real-device QA files, but the subsequent line-by-line audit found that its packaged four-pass report claimed broad Chromium/service-worker matrices had run **before freeze** even though those broader matrices were executed only after that ZIP had been frozen. v101.114 fixes that temporal report"
scripts/build_v101114_four_pass_audit_evidence_integrity_repair.py,47,v101.113,HISTORICAL_OR_SUPERSEDED_TOOL_ALLOWED," wt(t/'README.md',f'''# Les 24 Heures de la Passion — {VERSION}\n\nStage: `{STAGE}`\n\nThis is a narrow evidence-integrity successor to immutable v101.113. The v101.113 repair correctly updated the active real-device QA files, but the subsequent line-by-line audit found that its packaged four-pass report claimed broad Chromium/service-worker matrices had run **before freeze** even though those broader matrices were executed only after that ZIP had been frozen. v101.114 fixes that temporal report"
scripts/build_v101114_four_pass_audit_evidence_integrity_repair.py,47,v101.114,HISTORICAL_OR_SUPERSEDED_TOOL_ALLOWED," wt(t/'README.md',f'''# Les 24 Heures de la Passion — {VERSION}\n\nStage: `{STAGE}`\n\nThis is a narrow evidence-integrity successor to immutable v101.113. The v101.113 repair correctly updated the active real-device QA files, but the subsequent line-by-line audit found that its packaged four-pass report claimed broad Chromium/service-worker matrices had run **before freeze** even though those broader matrices were executed only after that ZIP had been frozen. v101.114 fixes that temporal report"
scripts/build_v101114_four_pass_audit_evidence_integrity_repair.py,47,v101.112,HISTORICAL_OR_SUPERSEDED_TOOL_ALLOWED," wt(t/'README.md',f'''# Les 24 Heures de la Passion — {VERSION}\n\nStage: `{STAGE}`\n\nThis is a narrow evidence-integrity successor to immutable v101.113. The v101.113 repair correctly updated the active real-device QA files, but the subsequent line-by-line audit found that its packaged four-pass report claimed broad Chromium/service-worker matrices had run **before freeze** even though those broader matrices were executed only after that ZIP had been frozen. v101.114 fixes that temporal report"
scripts/build_v101114_four_pass_audit_evidence_integrity_repair.py,47,v101.113,HISTORICAL_OR_SUPERSEDED_TOOL_ALLOWED," wt(t/'README.md',f'''# Les 24 Heures de la Passion — {VERSION}\n\nStage: `{STAGE}`\n\nThis is a narrow evidence-integrity successor to immutable v101.113. The v101.113 repair correctly updated the active real-device QA files, but the subsequent line-by-line audit found that its packaged four-pass report claimed broad Chromium/service-worker matrices had run **before freeze** even though those broader matrices were executed only after that ZIP had been frozen. v101.114 fixes that temporal report"
scripts/build_v101114_four_pass_audit_evidence_integrity_repair.py,53,v101.113,HISTORICAL_OR_SUPERSEDED_TOOL_ALLOWED," sw=(t/'sw.js').read_text().replace('/* v101.113 */','/* v101.114 */',1).replace(""const CACHE_NAME = 'luisa-24h-v101-113';"",f""const CACHE_NAME = '{CACHE}';"",1);wt(t/'sw.js',sw)"
scripts/build_v101114_four_pass_audit_evidence_integrity_repair.py,53,v101.114,HISTORICAL_OR_SUPERSEDED_TOOL_ALLOWED," sw=(t/'sw.js').read_text().replace('/* v101.113 */','/* v101.114 */',1).replace(""const CACHE_NAME = 'luisa-24h-v101-113';"",f""const CACHE_NAME = '{CACHE}';"",1);wt(t/'sw.js',sw)"
scripts/build_v101114_four_pass_audit_evidence_integrity_repair.py,54,v101.113,HISTORICAL_OR_SUPERSEDED_TOOL_ALLOWED," prov={'version':VERSION,'build_date':DATE,'stage':STAGE,'baseline_version':'v101.113','baseline_zip_sha256':BASE_SHA,'baseline_html_sha256':BASE_HTML_SHA,'candidate_html_sha256':HTML_SHA,'scope':{'governed_runtime_declarations_changed':0,'active_qa_files_changed_only_for_current_version':True,'prefreeze_broad_runtime_matrix_required':True,'prefreeze_service_worker_logic_matrix_required':True,'active_report_line_audit_required':True},'v101112_user_repairs':'PRESERVED','v101113_qa_metadata_repair"
scripts/build_v101114_four_pass_audit_evidence_integrity_repair.py,58,v101.113,HISTORICAL_OR_SUPERSEDED_TOOL_ALLOWED," wt(ev/'PREPACKAGE_STAGE_REPORT.md',f'''# {VERSION} prepackage stage report\n\nStatus: `PASS_PREPACKAGE_PENDING_FINAL_REOPEN`.\n\nBaseline: v101.113 / `{BASE_SHA}`.\n\nThe only authorised changes are release identity/cache, current QA version metadata, active audit/report evidence and reproducibility scripts. All fourteen governed runtime declarations are exact v101.113 parity.\n\nBefore freeze this build executes and packages: broad Chromium DOM/runtime matrix, isolated service-worker logic mat"
scripts/build_v101114_four_pass_audit_evidence_integrity_repair.py,58,v101.113,HISTORICAL_OR_SUPERSEDED_TOOL_ALLOWED," wt(ev/'PREPACKAGE_STAGE_REPORT.md',f'''# {VERSION} prepackage stage report\n\nStatus: `PASS_PREPACKAGE_PENDING_FINAL_REOPEN`.\n\nBaseline: v101.113 / `{BASE_SHA}`.\n\nThe only authorised changes are release identity/cache, current QA version metadata, active audit/report evidence and reproducibility scripts. All fourteen governed runtime declarations are exact v101.113 parity.\n\nBefore freeze this build executes and packages: broad Chromium DOM/runtime matrix, isolated service-worker logic mat"
scripts/build_v101114_four_pass_audit_evidence_integrity_repair.py,80,v101.113,HISTORICAL_OR_SUPERSEDED_TOOL_ALLOWED,"matrix=f'''gate,test,status,evidence\nBASELINE,v101.113 exact SHA/member freeze,PASS,{BASE_SHA}\nBUILD,deterministic A/B full-tree build,PASS,asserted before ZIP freeze\nDATA,14 governed runtime declarations,PASS,exact RHS byte parity with v101.113\nUC-H3,v101.112 Hour 3 repair preservation,PASS,broad runtime matrix 4/4 profiles\nUC-H22,v101.112 Hour 22 repair preservation,PASS,broad runtime matrix 4/4 profiles\nQA-META,root real-device/live QA metadata,PASS,21/21 template rows target {VERSION}\"
scripts/build_v101114_four_pass_audit_evidence_integrity_repair.py,80,v101.113,HISTORICAL_OR_SUPERSEDED_TOOL_ALLOWED,"matrix=f'''gate,test,status,evidence\nBASELINE,v101.113 exact SHA/member freeze,PASS,{BASE_SHA}\nBUILD,deterministic A/B full-tree build,PASS,asserted before ZIP freeze\nDATA,14 governed runtime declarations,PASS,exact RHS byte parity with v101.113\nUC-H3,v101.112 Hour 3 repair preservation,PASS,broad runtime matrix 4/4 profiles\nUC-H22,v101.112 Hour 22 repair preservation,PASS,broad runtime matrix 4/4 profiles\nQA-META,root real-device/live QA metadata,PASS,21/21 template rows target {VERSION}\"
scripts/build_v101114_four_pass_audit_evidence_integrity_repair.py,80,v101.112,HISTORICAL_OR_SUPERSEDED_TOOL_ALLOWED,"matrix=f'''gate,test,status,evidence\nBASELINE,v101.113 exact SHA/member freeze,PASS,{BASE_SHA}\nBUILD,deterministic A/B full-tree build,PASS,asserted before ZIP freeze\nDATA,14 governed runtime declarations,PASS,exact RHS byte parity with v101.113\nUC-H3,v101.112 Hour 3 repair preservation,PASS,broad runtime matrix 4/4 profiles\nUC-H22,v101.112 Hour 22 repair preservation,PASS,broad runtime matrix 4/4 profiles\nQA-META,root real-device/live QA metadata,PASS,21/21 template rows target {VERSION}\"
scripts/build_v101114_four_pass_audit_evidence_integrity_repair.py,80,v101.112,HISTORICAL_OR_SUPERSEDED_TOOL_ALLOWED,"matrix=f'''gate,test,status,evidence\nBASELINE,v101.113 exact SHA/member freeze,PASS,{BASE_SHA}\nBUILD,deterministic A/B full-tree build,PASS,asserted before ZIP freeze\nDATA,14 governed runtime declarations,PASS,exact RHS byte parity with v101.113\nUC-H3,v101.112 Hour 3 repair preservation,PASS,broad runtime matrix 4/4 profiles\nUC-H22,v101.112 Hour 22 repair preservation,PASS,broad runtime matrix 4/4 profiles\nQA-META,root real-device/live QA metadata,PASS,21/21 template rows target {VERSION}\"
scripts/build_v101114_four_pass_audit_evidence_integrity_repair.py,85,v101.113,HISTORICAL_OR_SUPERSEDED_TOOL_ALLOWED," if tok=='v101.113':return rel in {'README.md','metadata/build_provenance.json','evidence/v101114/PREPACKAGE_STAGE_REPORT.md','reports/full_regression_matrix.csv','reports/no_regression_fix_ledger.csv'}"
scripts/build_v101114_four_pass_audit_evidence_integrity_repair.py,86,v101.112,HISTORICAL_OR_SUPERSEDED_TOOL_ALLOWED," if tok=='v101.112': return rel in {'README.md','reports/full_regression_matrix.csv','reports/no_regression_fix_ledger.csv'}"
scripts/build_v101114_four_pass_audit_evidence_integrity_repair.py,87,v101.111,HISTORICAL_OR_SUPERSEDED_TOOL_ALLOWED," if tok in {'v101.111','luisa-24h-v101-113','luisa-24h-v101-112','luisa-24h-v101-111','L24H_v101113_','L24H_v101112_','L24H_v101111_'}:return False"
scripts/build_v101114_four_pass_audit_evidence_integrity_repair.py,90,v101.113,HISTORICAL_OR_SUPERSEDED_TOOL_ALLOWED," rows=[];fail=0;tokens=['v101.113','v101.112','v101.111','luisa-24h-v101-113','luisa-24h-v101-112','luisa-24h-v101-111','L24H_v101113_','L24H_v101112_','L24H_v101111_']"
scripts/build_v101114_four_pass_audit_evidence_integrity_repair.py,90,v101.112,HISTORICAL_OR_SUPERSEDED_TOOL_ALLOWED," rows=[];fail=0;tokens=['v101.113','v101.112','v101.111','luisa-24h-v101-113','luisa-24h-v101-112','luisa-24h-v101-111','L24H_v101113_','L24H_v101112_','L24H_v101111_']"
scripts/build_v101114_four_pass_audit_evidence_integrity_repair.py,90,v101.111,HISTORICAL_OR_SUPERSEDED_TOOL_ALLOWED," rows=[];fail=0;tokens=['v101.113','v101.112','v101.111','luisa-24h-v101-113','luisa-24h-v101-112','luisa-24h-v101-111','L24H_v101113_','L24H_v101112_','L24H_v101111_']"
scripts/build_v101114_four_pass_audit_evidence_integrity_repair.py,120,v101.113,HISTORICAL_OR_SUPERSEDED_TOOL_ALLOWED,   if 'v101.113' in s:typ='CLAIM';bind='BASELINE_PROVENANCE';status='PASS'
scripts/build_v101114_four_pass_audit_evidence_integrity_repair.py,130,v101.113,HISTORICAL_OR_SUPERSEDED_TOOL_ALLOWED,"   # current reports may describe the v101.113 defect, but v101.112/v101.111 should not appear at all in current report set unless explicit inherited label in ledger/matrix."
scripts/build_v101114_four_pass_audit_evidence_integrity_repair.py,130,v101.112,HISTORICAL_OR_SUPERSEDED_TOOL_ALLOWED,"   # current reports may describe the v101.113 defect, but v101.112/v101.111 should not appear at all in current report set unless explicit inherited label in ledger/matrix."
scripts/build_v101114_four_pass_audit_evidence_integrity_repair.py,130,v101.111,HISTORICAL_OR_SUPERSEDED_TOOL_ALLOWED,"   # current reports may describe the v101.113 defect, but v101.112/v101.111 should not appear at all in current report set unless explicit inherited label in ledger/matrix."
scripts/build_v101114_four_pass_audit_evidence_integrity_repair.py,131,v101.111,HISTORICAL_OR_SUPERSEDED_TOOL_ALLOWED,   if 'v101.111' in s:typ='CLAIM';bind='STALE_FORBIDDEN';status='FAIL'
scripts/build_v101114_four_pass_audit_evidence_integrity_repair.py,132,v101.112,HISTORICAL_OR_SUPERSEDED_TOOL_ALLOWED,"   if 'v101.112' in s and rel not in {'README.md','reports/no_regression_fix_ledger.csv','reports/full_regression_matrix.csv'}:typ='CLAIM';bind='STALE_FORBIDDEN';status='FAIL'"
scripts/build_v101114_four_pass_audit_evidence_integrity_repair.py,141,v101.113,HISTORICAL_OR_SUPERSEDED_TOOL_ALLOWED,summary=f'''# Four-pass deep audit — {VERSION}\n\n## Pass 1 — files vs build script\nPASS. Exact v101.113 baseline SHA verified; fourteen governed runtime declarations are exact byte parity; Build A/B are deterministic before ZIP freeze.\n\n## Pass 2 — runtime/package behaviour\nPASS. Broad Chromium DOM/runtime matrix: 52/52. Isolated service-worker logic matrix: 15/15. JavaScript and service-worker syntax PASS. v101.112 H3/H22 fixes are preserved in all four browser profiles.\n\n## Pass 3 — act
scripts/build_v101114_four_pass_audit_evidence_integrity_repair.py,141,v101.112,HISTORICAL_OR_SUPERSEDED_TOOL_ALLOWED,summary=f'''# Four-pass deep audit — {VERSION}\n\n## Pass 1 — files vs build script\nPASS. Exact v101.113 baseline SHA verified; fourteen governed runtime declarations are exact byte parity; Build A/B are deterministic before ZIP freeze.\n\n## Pass 2 — runtime/package behaviour\nPASS. Broad Chromium DOM/runtime matrix: 52/52. Isolated service-worker logic matrix: 15/15. JavaScript and service-worker syntax PASS. v101.112 H3/H22 fixes are preserved in all four browser profiles.\n\n## Pass 3 — act
scripts/build_v101115_active_report_line_closure.py,6,v101.115,HISTORICAL_OR_SUPERSEDED_TOOL_ALLOWED,VERSION='v101.115';CACHE='luisa-24h-v101-115';DATE='2026-08-25';STAGE='FOUR_PASS_ACTIVE_REPORT_LINE_CLOSURE_R1'
scripts/build_v101115_active_report_line_closure.py,34,v101.114,HISTORICAL_OR_SUPERSEDED_TOOL_ALLOWED,"html=base_html.replace(""const APP_VERSION = 'v101.114';"",""const APP_VERSION = 'v101.115';"",1).replace(""const APP_EVIDENCE_STAGE = 'FOUR_PASS_AUDIT_EVIDENCE_INTEGRITY_REPAIR_R1';"",f""const APP_EVIDENCE_STAGE = '{STAGE}';"",1)"
scripts/build_v101115_active_report_line_closure.py,34,v101.115,HISTORICAL_OR_SUPERSEDED_TOOL_ALLOWED,"html=base_html.replace(""const APP_VERSION = 'v101.114';"",""const APP_VERSION = 'v101.115';"",1).replace(""const APP_EVIDENCE_STAGE = 'FOUR_PASS_AUDIT_EVIDENCE_INTEGRITY_REPAIR_R1';"",f""const APP_EVIDENCE_STAGE = '{STAGE}';"",1)"
scripts/build_v101115_active_report_line_closure.py,35,v101.114,HISTORICAL_OR_SUPERSEDED_TOOL_ALLOWED,"old=""const BUILD_DATE = '2026-08-25'; // v101.114 / four-pass audit evidence-integrity repair"";new=""const BUILD_DATE = '2026-08-25'; // v101.115 / complete active-report line-audit closure"";assert old in html;html=html.replace(old,new,1)"
scripts/build_v101115_active_report_line_closure.py,35,v101.115,HISTORICAL_OR_SUPERSEDED_TOOL_ALLOWED,"old=""const BUILD_DATE = '2026-08-25'; // v101.114 / four-pass audit evidence-integrity repair"";new=""const BUILD_DATE = '2026-08-25'; // v101.115 / complete active-report line-audit closure"";assert old in html;html=html.replace(old,new,1)"
scripts/build_v101115_active_report_line_closure.py,38,v101.114,HISTORICAL_OR_SUPERSEDED_TOOL_ALLOWED,"qa=(BASE/'REAL_DEVICE_QA_CHECKLIST.md').read_text(encoding='utf-8').replace('v101.114','v101.115').replace('FOUR_PASS_AUDIT_EVIDENCE_INTEGRITY_REPAIR_R1',STAGE).replace('luisa-24h-v101-114',CACHE)"
scripts/build_v101115_active_report_line_closure.py,38,v101.115,HISTORICAL_OR_SUPERSEDED_TOOL_ALLOWED,"qa=(BASE/'REAL_DEVICE_QA_CHECKLIST.md').read_text(encoding='utf-8').replace('v101.114','v101.115').replace('FOUR_PASS_AUDIT_EVIDENCE_INTEGRITY_REPAIR_R1',STAGE).replace('luisa-24h-v101-114',CACHE)"
scripts/build_v101115_active_report_line_closure.py,46,v101.114,HISTORICAL_OR_SUPERSEDED_TOOL_ALLOWED," wt(t/'README.md',f'''# Les 24 Heures de la Passion — {VERSION}\n\nStage: `{STAGE}`\n\nThis is a narrow audit-evidence successor to immutable v101.114. v101.114 correctly packaged prefreeze broad runtime and service-worker evidence, but its `active_report_line_audit.csv` was generated before `reports/four_pass_deep_audit.md` and therefore did not cover that final active report. v101.115 closes that scope gap: all active source reports are written first, then the line-by-line audit is generated a"
scripts/build_v101115_active_report_line_closure.py,46,v101.114,HISTORICAL_OR_SUPERSEDED_TOOL_ALLOWED," wt(t/'README.md',f'''# Les 24 Heures de la Passion — {VERSION}\n\nStage: `{STAGE}`\n\nThis is a narrow audit-evidence successor to immutable v101.114. v101.114 correctly packaged prefreeze broad runtime and service-worker evidence, but its `active_report_line_audit.csv` was generated before `reports/four_pass_deep_audit.md` and therefore did not cover that final active report. v101.115 closes that scope gap: all active source reports are written first, then the line-by-line audit is generated a"
scripts/build_v101115_active_report_line_closure.py,46,v101.115,HISTORICAL_OR_SUPERSEDED_TOOL_ALLOWED," wt(t/'README.md',f'''# Les 24 Heures de la Passion — {VERSION}\n\nStage: `{STAGE}`\n\nThis is a narrow audit-evidence successor to immutable v101.114. v101.114 correctly packaged prefreeze broad runtime and service-worker evidence, but its `active_report_line_audit.csv` was generated before `reports/four_pass_deep_audit.md` and therefore did not cover that final active report. v101.115 closes that scope gap: all active source reports are written first, then the line-by-line audit is generated a"
scripts/build_v101115_active_report_line_closure.py,51,v101.114,HISTORICAL_OR_SUPERSEDED_TOOL_ALLOWED," sw=(t/'sw.js').read_text().replace('/* v101.114 */','/* v101.115 */',1).replace(""const CACHE_NAME = 'luisa-24h-v101-114';"",f""const CACHE_NAME = '{CACHE}';"",1);wt(t/'sw.js',sw)"
scripts/build_v101115_active_report_line_closure.py,51,v101.115,HISTORICAL_OR_SUPERSEDED_TOOL_ALLOWED," sw=(t/'sw.js').read_text().replace('/* v101.114 */','/* v101.115 */',1).replace(""const CACHE_NAME = 'luisa-24h-v101-114';"",f""const CACHE_NAME = '{CACHE}';"",1);wt(t/'sw.js',sw)"
scripts/build_v101115_active_report_line_closure.py,52,v101.114,HISTORICAL_OR_SUPERSEDED_TOOL_ALLOWED," prov={'version':VERSION,'build_date':DATE,'stage':STAGE,'baseline_version':'v101.114','baseline_zip_sha256':BASE_SHA,'baseline_html_sha256':BASE_HTML_SHA,'candidate_html_sha256':HTML_SHA,'scope':{'governed_runtime_declarations_changed':0,'active_source_reports_written_before_line_audit':True,'active_report_line_audit_self_exclusion':['reports/active_report_line_audit.csv'],'qa_template_scenarios':21},'final_reopen_evidence':'EXTERNAL_AFTER_ZIP_FREEZE'};wt(t/'metadata/build_provenance.json',json"
scripts/build_v101115_active_report_line_closure.py,56,v101.114,HISTORICAL_OR_SUPERSEDED_TOOL_ALLOWED," wt(ev/'PREPACKAGE_STAGE_REPORT.md',f'''# {VERSION} prepackage stage report\n\nStatus: `PASS_PREPACKAGE_PENDING_FINAL_REOPEN`.\n\nBaseline: v101.114 / `{BASE_SHA}`.\n\nAll fourteen governed runtime declarations remain exact baseline parity. Broad Chromium and isolated service-worker logic evidence are rerun before freeze. All active source reports are finalized before `reports/active_report_line_audit.csv` is generated. Exact path/line coverage is asserted; the audit CSV itself is the only expli"
scripts/build_v101115_active_report_line_closure.py,77,v101.114,HISTORICAL_OR_SUPERSEDED_TOOL_ALLOWED,"matrix=f'''gate,test,status,evidence\nBASELINE,v101.114 exact SHA/member freeze,PASS,{BASE_SHA}\nBUILD,deterministic A/B full-tree build,PASS,asserted before ZIP freeze\nDATA,14 governed runtime declarations,PASS,exact RHS byte parity with v101.114\nH3-H22,user-confirmed text/paragraph repairs preserved,PASS,broad runtime 4/4 profiles\nQA-META,root physical/live QA metadata,PASS,21/21 template rows target {VERSION}\nJS,inline JavaScript syntax,PASS,reports/javascript_syntax_check.json\nSW-SYNTAX"
scripts/build_v101115_active_report_line_closure.py,77,v101.114,HISTORICAL_OR_SUPERSEDED_TOOL_ALLOWED,"matrix=f'''gate,test,status,evidence\nBASELINE,v101.114 exact SHA/member freeze,PASS,{BASE_SHA}\nBUILD,deterministic A/B full-tree build,PASS,asserted before ZIP freeze\nDATA,14 governed runtime declarations,PASS,exact RHS byte parity with v101.114\nH3-H22,user-confirmed text/paragraph repairs preserved,PASS,broad runtime 4/4 profiles\nQA-META,root physical/live QA metadata,PASS,21/21 template rows target {VERSION}\nJS,inline JavaScript syntax,PASS,reports/javascript_syntax_check.json\nSW-SYNTAX"
scripts/build_v101115_active_report_line_closure.py,82,v101.114,HISTORICAL_OR_SUPERSEDED_TOOL_ALLOWED," if tok=='v101.114':return rel in {'README.md','metadata/build_provenance.json','evidence/v101115/PREPACKAGE_STAGE_REPORT.md','reports/full_regression_matrix.csv','reports/no_regression_fix_ledger.csv'}"
scripts/build_v101115_active_report_line_closure.py,83,v101.113,HISTORICAL_OR_SUPERSEDED_TOOL_ALLOWED, if tok=='v101.113':return rel=='reports/no_regression_fix_ledger.csv'
scripts/build_v101115_active_report_line_closure.py,84,v101.112,HISTORICAL_OR_SUPERSEDED_TOOL_ALLOWED, if tok=='v101.112':return rel=='reports/no_regression_fix_ledger.csv'
scripts/build_v101115_active_report_line_closure.py,87,v101.114,HISTORICAL_OR_SUPERSEDED_TOOL_ALLOWED," toks=['v101.114','v101.113','v101.112','v101.111','luisa-24h-v101-114','luisa-24h-v101-113','luisa-24h-v101-112','luisa-24h-v101-111','L24H_v101114_','L24H_v101113_','L24H_v101112_','L24H_v101111_'];rows=[];fail=0"
scripts/build_v101115_active_report_line_closure.py,87,v101.113,HISTORICAL_OR_SUPERSEDED_TOOL_ALLOWED," toks=['v101.114','v101.113','v101.112','v101.111','luisa-24h-v101-114','luisa-24h-v101-113','luisa-24h-v101-112','luisa-24h-v101-111','L24H_v101114_','L24H_v101113_','L24H_v101112_','L24H_v101111_'];rows=[];fail=0"
scripts/build_v101115_active_report_line_closure.py,87,v101.112,HISTORICAL_OR_SUPERSEDED_TOOL_ALLOWED," toks=['v101.114','v101.113','v101.112','v101.111','luisa-24h-v101-114','luisa-24h-v101-113','luisa-24h-v101-112','luisa-24h-v101-111','L24H_v101114_','L24H_v101113_','L24H_v101112_','L24H_v101111_'];rows=[];fail=0"
scripts/build_v101115_active_report_line_closure.py,87,v101.111,HISTORICAL_OR_SUPERSEDED_TOOL_ALLOWED," toks=['v101.114','v101.113','v101.112','v101.111','luisa-24h-v101-114','luisa-24h-v101-113','luisa-24h-v101-112','luisa-24h-v101-111','L24H_v101114_','L24H_v101113_','L24H_v101112_','L24H_v101111_'];rows=[];fail=0"
scripts/build_v101115_active_report_line_closure.py,106,v101.114,HISTORICAL_OR_SUPERSEDED_TOOL_ALLOWED,four=f'''# Four-pass deep audit — {VERSION}\n\n## Pass 1 — files vs build script\nPASS. Exact v101.114 baseline SHA verified; fourteen governed runtime declarations are exact byte parity; deterministic Build A/B is required before freeze.\n\n## Pass 2 — runtime/package behaviour\nPASS. Broad Chromium DOM/runtime matrix: 52/52. Isolated service-worker logic matrix: 15/15. JavaScript and service-worker syntax PASS. H3/H22 user-confirmed repairs remain intact.\n\n## Pass 3 — active reports line by 
scripts/build_v101115_active_report_line_closure.py,129,v101.114,HISTORICAL_OR_SUPERSEDED_TOOL_ALLOWED,   if 'v101.114' in s:typ='CLAIM';bind='BASELINE_PROVENANCE_SHA'
scripts/build_v101115_active_report_line_closure.py,130,v101.113,HISTORICAL_OR_SUPERSEDED_TOOL_ALLOWED,   if 'v101.113' in s or 'v101.112' in s:
scripts/build_v101115_active_report_line_closure.py,130,v101.112,HISTORICAL_OR_SUPERSEDED_TOOL_ALLOWED,   if 'v101.113' in s or 'v101.112' in s:
scripts/build_v101115_active_report_line_closure.py,133,v101.111,HISTORICAL_OR_SUPERSEDED_TOOL_ALLOWED,   if 'v101.111' in s:typ='CLAIM';bind='STALE_FORBIDDEN';status='FAIL'
scripts/build_v101116_self_contained_build_integrity_repair.py,6,v101.116,HISTORICAL_OR_SUPERSEDED_TOOL_ALLOWED,VERSION='v101.116';CACHE='luisa-24h-v101-116';DATE='2026-08-25';STAGE='FOUR_PASS_SELF_CONTAINED_BUILD_INTEGRITY_REPAIR_R1'
scripts/build_v101116_self_contained_build_integrity_repair.py,36,v101.115,HISTORICAL_OR_SUPERSEDED_TOOL_ALLOWED,"html=base_html.replace(""const APP_VERSION = 'v101.115';"",""const APP_VERSION = 'v101.116';"",1).replace(""const APP_EVIDENCE_STAGE = 'FOUR_PASS_ACTIVE_REPORT_LINE_CLOSURE_R1';"",f""const APP_EVIDENCE_STAGE = '{STAGE}';"",1)"
scripts/build_v101116_self_contained_build_integrity_repair.py,36,v101.116,HISTORICAL_OR_SUPERSEDED_TOOL_ALLOWED,"html=base_html.replace(""const APP_VERSION = 'v101.115';"",""const APP_VERSION = 'v101.116';"",1).replace(""const APP_EVIDENCE_STAGE = 'FOUR_PASS_ACTIVE_REPORT_LINE_CLOSURE_R1';"",f""const APP_EVIDENCE_STAGE = '{STAGE}';"",1)"
scripts/build_v101116_self_contained_build_integrity_repair.py,37,v101.115,HISTORICAL_OR_SUPERSEDED_TOOL_ALLOWED,"old=""const BUILD_DATE = '2026-08-25'; // v101.115 / complete active-report line-audit closure"";new=""const BUILD_DATE = '2026-08-25'; // v101.116 / self-contained build integrity repair"";assert old in html;html=html.replace(old,new,1)"
scripts/build_v101116_self_contained_build_integrity_repair.py,37,v101.116,HISTORICAL_OR_SUPERSEDED_TOOL_ALLOWED,"old=""const BUILD_DATE = '2026-08-25'; // v101.115 / complete active-report line-audit closure"";new=""const BUILD_DATE = '2026-08-25'; // v101.116 / self-contained build integrity repair"";assert old in html;html=html.replace(old,new,1)"
scripts/build_v101116_self_contained_build_integrity_repair.py,40,v101.115,HISTORICAL_OR_SUPERSEDED_TOOL_ALLOWED,"qa=(BASE/'REAL_DEVICE_QA_CHECKLIST.md').read_text(encoding='utf-8').replace('v101.115','v101.116').replace('FOUR_PASS_ACTIVE_REPORT_LINE_CLOSURE_R1',STAGE).replace('luisa-24h-v101-115',CACHE)"
scripts/build_v101116_self_contained_build_integrity_repair.py,40,v101.116,HISTORICAL_OR_SUPERSEDED_TOOL_ALLOWED,"qa=(BASE/'REAL_DEVICE_QA_CHECKLIST.md').read_text(encoding='utf-8').replace('v101.115','v101.116').replace('FOUR_PASS_ACTIVE_REPORT_LINE_CLOSURE_R1',STAGE).replace('luisa-24h-v101-115',CACHE)"
scripts/build_v101116_self_contained_build_integrity_repair.py,48,v101.115,HISTORICAL_OR_SUPERSEDED_TOOL_ALLOWED," wt(t/'README.md',f'''# Les 24 Heures de la Passion — {VERSION}\n\nStage: `{STAGE}`\n\nThis is a narrow build/evidence-integrity successor to immutable v101.115. v101.115 passes its packaged four-pass evidence, but its current build script depends on legacy external audit-runner paths and its stale scanner treats every script as historical. v101.116 makes the current build self-contained with sibling packaged runners and adds an explicit active-script dependency gate while preserving all governe"
scripts/build_v101116_self_contained_build_integrity_repair.py,48,v101.115,HISTORICAL_OR_SUPERSEDED_TOOL_ALLOWED," wt(t/'README.md',f'''# Les 24 Heures de la Passion — {VERSION}\n\nStage: `{STAGE}`\n\nThis is a narrow build/evidence-integrity successor to immutable v101.115. v101.115 passes its packaged four-pass evidence, but its current build script depends on legacy external audit-runner paths and its stale scanner treats every script as historical. v101.116 makes the current build self-contained with sibling packaged runners and adds an explicit active-script dependency gate while preserving all governe"
scripts/build_v101116_self_contained_build_integrity_repair.py,48,v101.116,HISTORICAL_OR_SUPERSEDED_TOOL_ALLOWED," wt(t/'README.md',f'''# Les 24 Heures de la Passion — {VERSION}\n\nStage: `{STAGE}`\n\nThis is a narrow build/evidence-integrity successor to immutable v101.115. v101.115 passes its packaged four-pass evidence, but its current build script depends on legacy external audit-runner paths and its stale scanner treats every script as historical. v101.116 makes the current build self-contained with sibling packaged runners and adds an explicit active-script dependency gate while preserving all governe"
scripts/build_v101116_self_contained_build_integrity_repair.py,53,v101.115,HISTORICAL_OR_SUPERSEDED_TOOL_ALLOWED," sw=(t/'sw.js').read_text().replace('/* v101.115 */','/* v101.116 */',1).replace(""const CACHE_NAME = 'luisa-24h-v101-115';"",f""const CACHE_NAME = '{CACHE}';"",1);wt(t/'sw.js',sw)"
scripts/build_v101116_self_contained_build_integrity_repair.py,53,v101.116,HISTORICAL_OR_SUPERSEDED_TOOL_ALLOWED," sw=(t/'sw.js').read_text().replace('/* v101.115 */','/* v101.116 */',1).replace(""const CACHE_NAME = 'luisa-24h-v101-115';"",f""const CACHE_NAME = '{CACHE}';"",1);wt(t/'sw.js',sw)"
scripts/build_v101116_self_contained_build_integrity_repair.py,54,v101.115,HISTORICAL_OR_SUPERSEDED_TOOL_ALLOWED," prov={'version':VERSION,'build_date':DATE,'stage':STAGE,'baseline_version':'v101.115','baseline_zip_sha256':BASE_SHA,'baseline_html_sha256':BASE_HTML_SHA,'candidate_html_sha256':HTML_SHA,'scope':{'governed_runtime_declarations_changed':0,'active_source_reports_written_before_line_audit':True,'active_report_line_audit_self_exclusion':['reports/active_report_line_audit.csv'],'qa_template_scenarios':21,'build_runner_dependencies':'SELF_CONTAINED_SIBLING_SCRIPTS'},'final_reopen_evidence':'EXTERNAL_"
scripts/build_v101116_self_contained_build_integrity_repair.py,58,v101.115,HISTORICAL_OR_SUPERSEDED_TOOL_ALLOWED," wt(ev/'PREPACKAGE_STAGE_REPORT.md',f'''# {VERSION} prepackage stage report\n\nStatus: `PASS_PREPACKAGE_PENDING_FINAL_REOPEN`.\n\nBaseline: v101.115 / `{BASE_SHA}`.\n\nAll fourteen governed runtime declarations remain exact baseline parity. The current build script resolves all audit runners from its own packaged sibling `scripts/` directory; broad Chromium and isolated service-worker logic evidence are rerun before freeze. All active source reports are finalized before `reports/active_report_li"
scripts/build_v101116_self_contained_build_integrity_repair.py,79,v101.115,HISTORICAL_OR_SUPERSEDED_TOOL_ALLOWED,"matrix=f'''gate,test,status,evidence\nBASELINE,v101.115 exact SHA/member freeze,PASS,{BASE_SHA}\nBUILD,deterministic A/B full-tree build,PASS,asserted before ZIP freeze"
scripts/build_v101116_self_contained_build_integrity_repair.py,80,v101.115,HISTORICAL_OR_SUPERSEDED_TOOL_ALLOWED,"BUILD-DEPS,current build runner dependencies,PASS,self-contained packaged sibling scripts; no obsolete external runner paths\nDATA,14 governed runtime declarations,PASS,exact RHS byte parity with v101.115\nH3-H22,user-confirmed text/paragraph repairs preserved,PASS,broad runtime 4/4 profiles\nQA-META,root physical/live QA metadata,PASS,21/21 template rows target {VERSION}\nJS,inline JavaScript syntax,PASS,reports/javascript_syntax_check.json\nSW-SYNTAX,service-worker syntax,PASS,reports/service_"
scripts/build_v101116_self_contained_build_integrity_repair.py,86,v101.115,HISTORICAL_OR_SUPERSEDED_TOOL_ALLOWED," if tok in {'v101.115','L24H_v101115_'}:return rel in {'README.md','metadata/build_provenance.json','evidence/v101116/PREPACKAGE_STAGE_REPORT.md','reports/full_regression_matrix.csv','reports/no_regression_fix_ledger.csv','scripts/build_v101116_self_contained_build_integrity_repair.py','scripts/run_independent_prefreeze_audit.py'}"
scripts/build_v101116_self_contained_build_integrity_repair.py,87,v101.114,HISTORICAL_OR_SUPERSEDED_TOOL_ALLOWED," if tok in {'v101.114','v101.113','v101.112'}:return rel=='reports/no_regression_fix_ledger.csv'"
scripts/build_v101116_self_contained_build_integrity_repair.py,87,v101.113,HISTORICAL_OR_SUPERSEDED_TOOL_ALLOWED," if tok in {'v101.114','v101.113','v101.112'}:return rel=='reports/no_regression_fix_ledger.csv'"
scripts/build_v101116_self_contained_build_integrity_repair.py,87,v101.112,HISTORICAL_OR_SUPERSEDED_TOOL_ALLOWED," if tok in {'v101.114','v101.113','v101.112'}:return rel=='reports/no_regression_fix_ledger.csv'"
scripts/build_v101116_self_contained_build_integrity_repair.py,90,v101.115,HISTORICAL_OR_SUPERSEDED_TOOL_ALLOWED," toks=['v101.115','v101.114','v101.113','v101.112','v101.111','luisa-24h-v101-115','luisa-24h-v101-114','luisa-24h-v101-113','luisa-24h-v101-112','luisa-24h-v101-111','L24H_v101115_','L24H_v101114_','L24H_v101113_','L24H_v101112_','L24H_v101111_'];rows=[];fail=0"
scripts/build_v101116_self_contained_build_integrity_repair.py,90,v101.114,HISTORICAL_OR_SUPERSEDED_TOOL_ALLOWED," toks=['v101.115','v101.114','v101.113','v101.112','v101.111','luisa-24h-v101-115','luisa-24h-v101-114','luisa-24h-v101-113','luisa-24h-v101-112','luisa-24h-v101-111','L24H_v101115_','L24H_v101114_','L24H_v101113_','L24H_v101112_','L24H_v101111_'];rows=[];fail=0"
scripts/build_v101116_self_contained_build_integrity_repair.py,90,v101.113,HISTORICAL_OR_SUPERSEDED_TOOL_ALLOWED," toks=['v101.115','v101.114','v101.113','v101.112','v101.111','luisa-24h-v101-115','luisa-24h-v101-114','luisa-24h-v101-113','luisa-24h-v101-112','luisa-24h-v101-111','L24H_v101115_','L24H_v101114_','L24H_v101113_','L24H_v101112_','L24H_v101111_'];rows=[];fail=0"
scripts/build_v101116_self_contained_build_integrity_repair.py,90,v101.112,HISTORICAL_OR_SUPERSEDED_TOOL_ALLOWED," toks=['v101.115','v101.114','v101.113','v101.112','v101.111','luisa-24h-v101-115','luisa-24h-v101-114','luisa-24h-v101-113','luisa-24h-v101-112','luisa-24h-v101-111','L24H_v101115_','L24H_v101114_','L24H_v101113_','L24H_v101112_','L24H_v101111_'];rows=[];fail=0"
scripts/build_v101116_self_contained_build_integrity_repair.py,90,v101.111,HISTORICAL_OR_SUPERSEDED_TOOL_ALLOWED," toks=['v101.115','v101.114','v101.113','v101.112','v101.111','luisa-24h-v101-115','luisa-24h-v101-114','luisa-24h-v101-113','luisa-24h-v101-112','luisa-24h-v101-111','L24H_v101115_','L24H_v101114_','L24H_v101113_','L24H_v101112_','L24H_v101111_'];rows=[];fail=0"
scripts/build_v101116_self_contained_build_integrity_repair.py,121,v101.115,HISTORICAL_OR_SUPERSEDED_TOOL_ALLOWED,four=f'''# Four-pass deep audit — {VERSION}\n\n## Pass 1 — files vs build script\nPASS. Exact v101.115 baseline SHA verified; fourteen governed runtime declarations are exact byte parity; current audit runners resolve from packaged sibling scripts; deterministic Build A/B is required before freeze.\n\n## Pass 2 — runtime/package behaviour\nPASS. Broad Chromium DOM/runtime matrix: 52/52. Isolated service-worker logic matrix: 15/15. JavaScript and service-worker syntax PASS. H3/H22 user-confirmed 
scripts/build_v101116_self_contained_build_integrity_repair.py,144,v101.115,HISTORICAL_OR_SUPERSEDED_TOOL_ALLOWED,   if 'v101.115' in s:typ='CLAIM';bind='BASELINE_PROVENANCE_SHA'
scripts/build_v101116_self_contained_build_integrity_repair.py,145,v101.114,HISTORICAL_OR_SUPERSEDED_TOOL_ALLOWED,   if 'v101.114' in s or 'v101.113' in s or 'v101.112' in s:
scripts/build_v101116_self_contained_build_integrity_repair.py,145,v101.113,HISTORICAL_OR_SUPERSEDED_TOOL_ALLOWED,   if 'v101.114' in s or 'v101.113' in s or 'v101.112' in s:
scripts/build_v101116_self_contained_build_integrity_repair.py,145,v101.112,HISTORICAL_OR_SUPERSEDED_TOOL_ALLOWED,   if 'v101.114' in s or 'v101.113' in s or 'v101.112' in s:
scripts/build_v101116_self_contained_build_integrity_repair.py,148,v101.111,HISTORICAL_OR_SUPERSEDED_TOOL_ALLOWED,   if 'v101.111' in s:typ='CLAIM';bind='STALE_FORBIDDEN';status='FAIL'
scripts/build_v101117_semantic_metadata_integrity_repair.py,7,v101.117,HISTORICAL_OR_SUPERSEDED_TOOL_ALLOWED,VERSION='v101.117';CACHE='luisa-24h-v101-117';DATE='2026-08-25';STAGE='FOUR_PASS_SEMANTIC_CURRENT_METADATA_INTEGRITY_REPAIR_R1'
scripts/build_v101117_semantic_metadata_integrity_repair.py,40,v101.116,HISTORICAL_OR_SUPERSEDED_TOOL_ALLOWED,"html=base_html.replace(""const APP_VERSION = 'v101.116';"",""const APP_VERSION = 'v101.117';"",1).replace(""const APP_EVIDENCE_STAGE = 'FOUR_PASS_SELF_CONTAINED_BUILD_INTEGRITY_REPAIR_R1';"",f""const APP_EVIDENCE_STAGE = '{STAGE}';"",1)"
scripts/build_v101117_semantic_metadata_integrity_repair.py,40,v101.117,HISTORICAL_OR_SUPERSEDED_TOOL_ALLOWED,"html=base_html.replace(""const APP_VERSION = 'v101.116';"",""const APP_VERSION = 'v101.117';"",1).replace(""const APP_EVIDENCE_STAGE = 'FOUR_PASS_SELF_CONTAINED_BUILD_INTEGRITY_REPAIR_R1';"",f""const APP_EVIDENCE_STAGE = '{STAGE}';"",1)"
scripts/build_v101117_semantic_metadata_integrity_repair.py,41,v101.116,HISTORICAL_OR_SUPERSEDED_TOOL_ALLOWED,"old=""const BUILD_DATE = '2026-08-25'; // v101.116 / self-contained build integrity repair"";new=""const BUILD_DATE = '2026-08-25'; // v101.117 / semantic current-metadata integrity repair"";assert old in html;html=html.replace(old,new,1)"
scripts/build_v101117_semantic_metadata_integrity_repair.py,41,v101.117,HISTORICAL_OR_SUPERSEDED_TOOL_ALLOWED,"old=""const BUILD_DATE = '2026-08-25'; // v101.116 / self-contained build integrity repair"";new=""const BUILD_DATE = '2026-08-25'; // v101.117 / semantic current-metadata integrity repair"";assert old in html;html=html.replace(old,new,1)"
scripts/build_v101117_semantic_metadata_integrity_repair.py,44,v101.116,HISTORICAL_OR_SUPERSEDED_TOOL_ALLOWED,"qa=(BASE/'REAL_DEVICE_QA_CHECKLIST.md').read_text(encoding='utf-8').replace('v101.116','v101.117').replace('FOUR_PASS_SELF_CONTAINED_BUILD_INTEGRITY_REPAIR_R1',STAGE).replace('luisa-24h-v101-116',CACHE)"
scripts/build_v101117_semantic_metadata_integrity_repair.py,44,v101.117,HISTORICAL_OR_SUPERSEDED_TOOL_ALLOWED,"qa=(BASE/'REAL_DEVICE_QA_CHECKLIST.md').read_text(encoding='utf-8').replace('v101.116','v101.117').replace('FOUR_PASS_SELF_CONTAINED_BUILD_INTEGRITY_REPAIR_R1',STAGE).replace('luisa-24h-v101-116',CACHE)"
scripts/build_v101117_semantic_metadata_integrity_repair.py,54,v101.116,HISTORICAL_OR_SUPERSEDED_TOOL_ALLOWED," wt(t/'README.md',f'''# Les 24 Heures de la Passion — {VERSION}\n\nStage: `{STAGE}`\n\nThis is a narrow release/evidence-integrity successor to immutable v101.116. The four-pass audit found no governed runtime/corpus/speaker/flow defect, but found three current-facing semantic metadata/report contradictions: stale scope authority wording inherited from RA19E.2, a stale `version.json.release_scope` inherited from v101.115, and a current no-regression ledger that omitted the v101.116 self-containe"
scripts/build_v101117_semantic_metadata_integrity_repair.py,54,v101.115,HISTORICAL_OR_SUPERSEDED_TOOL_ALLOWED," wt(t/'README.md',f'''# Les 24 Heures de la Passion — {VERSION}\n\nStage: `{STAGE}`\n\nThis is a narrow release/evidence-integrity successor to immutable v101.116. The four-pass audit found no governed runtime/corpus/speaker/flow defect, but found three current-facing semantic metadata/report contradictions: stale scope authority wording inherited from RA19E.2, a stale `version.json.release_scope` inherited from v101.115, and a current no-regression ledger that omitted the v101.116 self-containe"
scripts/build_v101117_semantic_metadata_integrity_repair.py,54,v101.116,HISTORICAL_OR_SUPERSEDED_TOOL_ALLOWED," wt(t/'README.md',f'''# Les 24 Heures de la Passion — {VERSION}\n\nStage: `{STAGE}`\n\nThis is a narrow release/evidence-integrity successor to immutable v101.116. The four-pass audit found no governed runtime/corpus/speaker/flow defect, but found three current-facing semantic metadata/report contradictions: stale scope authority wording inherited from RA19E.2, a stale `version.json.release_scope` inherited from v101.115, and a current no-regression ledger that omitted the v101.116 self-containe"
scripts/build_v101117_semantic_metadata_integrity_repair.py,54,v101.117,HISTORICAL_OR_SUPERSEDED_TOOL_ALLOWED," wt(t/'README.md',f'''# Les 24 Heures de la Passion — {VERSION}\n\nStage: `{STAGE}`\n\nThis is a narrow release/evidence-integrity successor to immutable v101.116. The four-pass audit found no governed runtime/corpus/speaker/flow defect, but found three current-facing semantic metadata/report contradictions: stale scope authority wording inherited from RA19E.2, a stale `version.json.release_scope` inherited from v101.115, and a current no-regression ledger that omitted the v101.116 self-containe"
scripts/build_v101117_semantic_metadata_integrity_repair.py,54,v101.116,HISTORICAL_OR_SUPERSEDED_TOOL_ALLOWED," wt(t/'README.md',f'''# Les 24 Heures de la Passion — {VERSION}\n\nStage: `{STAGE}`\n\nThis is a narrow release/evidence-integrity successor to immutable v101.116. The four-pass audit found no governed runtime/corpus/speaker/flow defect, but found three current-facing semantic metadata/report contradictions: stale scope authority wording inherited from RA19E.2, a stale `version.json.release_scope` inherited from v101.115, and a current no-regression ledger that omitted the v101.116 self-containe"
scripts/build_v101117_semantic_metadata_integrity_repair.py,59,v101.116,HISTORICAL_OR_SUPERSEDED_TOOL_ALLOWED," sw=(t/'sw.js').read_text().replace('/* v101.116 */','/* v101.117 */',1).replace(""const CACHE_NAME = 'luisa-24h-v101-116';"",f""const CACHE_NAME = '{CACHE}';"",1);wt(t/'sw.js',sw)"
scripts/build_v101117_semantic_metadata_integrity_repair.py,59,v101.117,HISTORICAL_OR_SUPERSEDED_TOOL_ALLOWED," sw=(t/'sw.js').read_text().replace('/* v101.116 */','/* v101.117 */',1).replace(""const CACHE_NAME = 'luisa-24h-v101-116';"",f""const CACHE_NAME = '{CACHE}';"",1);wt(t/'sw.js',sw)"
scripts/build_v101117_semantic_metadata_integrity_repair.py,60,v101.116,HISTORICAL_OR_SUPERSEDED_TOOL_ALLOWED," prov={'version':VERSION,'build_date':DATE,'stage':STAGE,'baseline_version':'v101.116','baseline_zip_sha256':BASE_SHA,'baseline_html_sha256':BASE_HTML_SHA,'candidate_html_sha256':HTML_SHA,'scope':{'governed_runtime_declarations_changed':0,'semantic_current_metadata_repairs':3,'independent_prefreeze_runner_parameterized':True,'active_source_reports_written_before_line_audit':True,'active_report_line_audit_self_exclusion':['reports/active_report_line_audit.csv'],'qa_template_scenarios':21,'build_r"
scripts/build_v101117_semantic_metadata_integrity_repair.py,61,v101.116,HISTORICAL_OR_SUPERSEDED_TOOL_ALLOWED," wt(t/'metadata/scope_escalation_authority.md',f'''# Scope authority — {VERSION}\n\nCurrent stage: `{STAGE}`.\n\nThis successor is restricted to release/evidence metadata and build-audit machinery: correcting stale current scope/release wording, recording the v101.116 repair in the active no-regression ledger, parameterizing current prefreeze evidence lookup, propagating release identity, and regenerating evidence/manifests.\n\nNo governed runtime declaration, canonical devotional text, RA19B so"
scripts/build_v101117_semantic_metadata_integrity_repair.py,61,v101.112,HISTORICAL_OR_SUPERSEDED_TOOL_ALLOWED," wt(t/'metadata/scope_escalation_authority.md',f'''# Scope authority — {VERSION}\n\nCurrent stage: `{STAGE}`.\n\nThis successor is restricted to release/evidence metadata and build-audit machinery: correcting stale current scope/release wording, recording the v101.116 repair in the active no-regression ledger, parameterizing current prefreeze evidence lookup, propagating release identity, and regenerating evidence/manifests.\n\nNo governed runtime declaration, canonical devotional text, RA19B so"
scripts/build_v101117_semantic_metadata_integrity_repair.py,61,v101.111,HISTORICAL_OR_SUPERSEDED_TOOL_ALLOWED," wt(t/'metadata/scope_escalation_authority.md',f'''# Scope authority — {VERSION}\n\nCurrent stage: `{STAGE}`.\n\nThis successor is restricted to release/evidence metadata and build-audit machinery: correcting stale current scope/release wording, recording the v101.116 repair in the active no-regression ledger, parameterizing current prefreeze evidence lookup, propagating release identity, and regenerating evidence/manifests.\n\nNo governed runtime declaration, canonical devotional text, RA19B so"
scripts/build_v101117_semantic_metadata_integrity_repair.py,65,v101.117,HISTORICAL_OR_SUPERSEDED_TOOL_ALLOWED,"  w.writerow(['AUD-117-001','metadata/scope_escalation_authority.md','STALE_RA19E2_SCOPE_WORDING','replace with current v101.117 release/evidence-only scope authority','PASS'])"
scripts/build_v101117_semantic_metadata_integrity_repair.py,67,v101.116,HISTORICAL_OR_SUPERSEDED_TOOL_ALLOWED,"  w.writerow(['AUD-117-003','reports/no_regression_fix_ledger.csv','CURRENT_STAGE_REPAIR_OMITTED','record v101.116 and v101.117 evidence-integrity repairs explicitly','PASS'])"
scripts/build_v101117_semantic_metadata_integrity_repair.py,67,v101.117,HISTORICAL_OR_SUPERSEDED_TOOL_ALLOWED,"  w.writerow(['AUD-117-003','reports/no_regression_fix_ledger.csv','CURRENT_STAGE_REPAIR_OMITTED','record v101.116 and v101.117 evidence-integrity repairs explicitly','PASS'])"
scripts/build_v101117_semantic_metadata_integrity_repair.py,69,v101.116,HISTORICAL_OR_SUPERSEDED_TOOL_ALLOWED," wt(ev/'PREPACKAGE_STAGE_REPORT.md',f'''# {VERSION} prepackage stage report\n\nStatus: `PASS_PREPACKAGE_PENDING_FINAL_REOPEN`.\n\nBaseline: v101.116 / `{BASE_SHA}`.\n\nAll fourteen governed runtime declarations remain exact baseline parity. Current semantic metadata is internally aligned to `{STAGE}`: `version.json.release_scope`, `metadata/scope_escalation_authority.md` and `reports/no_regression_fix_ledger.csv` explicitly represent the current stage. The independent prefreeze runner derives it"
scripts/build_v101117_semantic_metadata_integrity_repair.py,69,v101.116,HISTORICAL_OR_SUPERSEDED_TOOL_ALLOWED," wt(ev/'PREPACKAGE_STAGE_REPORT.md',f'''# {VERSION} prepackage stage report\n\nStatus: `PASS_PREPACKAGE_PENDING_FINAL_REOPEN`.\n\nBaseline: v101.116 / `{BASE_SHA}`.\n\nAll fourteen governed runtime declarations remain exact baseline parity. Current semantic metadata is internally aligned to `{STAGE}`: `version.json.release_scope`, `metadata/scope_escalation_authority.md` and `reports/no_regression_fix_ledger.csv` explicitly represent the current stage. The independent prefreeze runner derives it"
scripts/build_v101117_semantic_metadata_integrity_repair.py,73,v101.115,HISTORICAL_OR_SUPERSEDED_TOOL_ALLOWED," wt(t/'reports/current_metadata_semantic_consistency.md',f'''# Current metadata semantic consistency — {VERSION}\n\nStatus: `PASS_PREPACKAGE`.\n\n- `version.json.release_scope` describes `{STAGE}` and does not describe the superseded v101.115 line-closure stage.\n- `metadata/scope_escalation_authority.md` describes the current release/evidence-only scope and does not present the old RA19E.2 ten-action mutation as this package's current mutation scope.\n- `reports/no_regression_fix_ledger.csv` co"
scripts/build_v101117_semantic_metadata_integrity_repair.py,73,v101.116,HISTORICAL_OR_SUPERSEDED_TOOL_ALLOWED," wt(t/'reports/current_metadata_semantic_consistency.md',f'''# Current metadata semantic consistency — {VERSION}\n\nStatus: `PASS_PREPACKAGE`.\n\n- `version.json.release_scope` describes `{STAGE}` and does not describe the superseded v101.115 line-closure stage.\n- `metadata/scope_escalation_authority.md` describes the current release/evidence-only scope and does not present the old RA19E.2 ten-action mutation as this package's current mutation scope.\n- `reports/no_regression_fix_ledger.csv` co"
scripts/build_v101117_semantic_metadata_integrity_repair.py,73,v101.116,HISTORICAL_OR_SUPERSEDED_TOOL_ALLOWED," wt(t/'reports/current_metadata_semantic_consistency.md',f'''# Current metadata semantic consistency — {VERSION}\n\nStatus: `PASS_PREPACKAGE`.\n\n- `version.json.release_scope` describes `{STAGE}` and does not describe the superseded v101.115 line-closure stage.\n- `metadata/scope_escalation_authority.md` describes the current release/evidence-only scope and does not present the old RA19E.2 ten-action mutation as this package's current mutation scope.\n- `reports/no_regression_fix_ledger.csv` co"
scripts/build_v101117_semantic_metadata_integrity_repair.py,94,v101.116,HISTORICAL_OR_SUPERSEDED_TOOL_ALLOWED,"matrix=f'''gate,test,status,evidence\nBASELINE,v101.116 exact SHA/member freeze,PASS,{BASE_SHA}\nBUILD,deterministic A/B full-tree build,PASS,asserted before ZIP freeze\nBUILD-DEPS,current build runner dependencies,PASS,self-contained packaged sibling scripts; no obsolete external runner paths\nDATA,14 governed runtime declarations,PASS,exact RHS byte parity with v101.116\nSEMANTIC-META,current scope/release/ledger/runner semantics,PASS,reports/current_metadata_semantic_consistency.md\nH3-H22,us"
scripts/build_v101117_semantic_metadata_integrity_repair.py,94,v101.116,HISTORICAL_OR_SUPERSEDED_TOOL_ALLOWED,"matrix=f'''gate,test,status,evidence\nBASELINE,v101.116 exact SHA/member freeze,PASS,{BASE_SHA}\nBUILD,deterministic A/B full-tree build,PASS,asserted before ZIP freeze\nBUILD-DEPS,current build runner dependencies,PASS,self-contained packaged sibling scripts; no obsolete external runner paths\nDATA,14 governed runtime declarations,PASS,exact RHS byte parity with v101.116\nSEMANTIC-META,current scope/release/ledger/runner semantics,PASS,reports/current_metadata_semantic_consistency.md\nH3-H22,us"
scripts/build_v101117_semantic_metadata_integrity_repair.py,101,v101.116,HISTORICAL_OR_SUPERSEDED_TOOL_ALLOWED," if tok in {'v101.116','L24H_v101116_'}:return rel in {'README.md','metadata/build_provenance.json','metadata/scope_escalation_authority.md','evidence/v101117/PREPACKAGE_STAGE_REPORT.md','reports/full_regression_matrix.csv','reports/no_regression_fix_ledger.csv','reports/current_metadata_semantic_consistency.md','scripts/build_v101117_semantic_metadata_integrity_repair.py','scripts/run_independent_prefreeze_audit.py'}"
scripts/build_v101117_semantic_metadata_integrity_repair.py,102,v101.115,HISTORICAL_OR_SUPERSEDED_TOOL_ALLOWED," if tok=='v101.115':return rel in {'README.md','reports/no_regression_fix_ledger.csv','reports/current_metadata_semantic_consistency.md'}"
scripts/build_v101117_semantic_metadata_integrity_repair.py,103,v101.114,HISTORICAL_OR_SUPERSEDED_TOOL_ALLOWED," if tok in {'v101.114','v101.113'}:return rel=='reports/no_regression_fix_ledger.csv'"
scripts/build_v101117_semantic_metadata_integrity_repair.py,103,v101.113,HISTORICAL_OR_SUPERSEDED_TOOL_ALLOWED," if tok in {'v101.114','v101.113'}:return rel=='reports/no_regression_fix_ledger.csv'"
scripts/build_v101117_semantic_metadata_integrity_repair.py,104,v101.112,HISTORICAL_OR_SUPERSEDED_TOOL_ALLOWED," if tok in {'v101.112','v101.111'}:return rel in {'reports/no_regression_fix_ledger.csv','metadata/scope_escalation_authority.md'}"
scripts/build_v101117_semantic_metadata_integrity_repair.py,104,v101.111,HISTORICAL_OR_SUPERSEDED_TOOL_ALLOWED," if tok in {'v101.112','v101.111'}:return rel in {'reports/no_regression_fix_ledger.csv','metadata/scope_escalation_authority.md'}"
scripts/build_v101117_semantic_metadata_integrity_repair.py,124,v101.116,HISTORICAL_OR_SUPERSEDED_TOOL_ALLOWED," toks=['v101.116','v101.115','v101.114','v101.113','v101.112','v101.111','luisa-24h-v101-116','luisa-24h-v101-115','luisa-24h-v101-114','luisa-24h-v101-113','luisa-24h-v101-112','luisa-24h-v101-111','L24H_v101116_','L24H_v101115_','L24H_v101114_','L24H_v101113_','L24H_v101112_','L24H_v101111_'];rows=[];fail=0"
scripts/build_v101117_semantic_metadata_integrity_repair.py,124,v101.115,HISTORICAL_OR_SUPERSEDED_TOOL_ALLOWED," toks=['v101.116','v101.115','v101.114','v101.113','v101.112','v101.111','luisa-24h-v101-116','luisa-24h-v101-115','luisa-24h-v101-114','luisa-24h-v101-113','luisa-24h-v101-112','luisa-24h-v101-111','L24H_v101116_','L24H_v101115_','L24H_v101114_','L24H_v101113_','L24H_v101112_','L24H_v101111_'];rows=[];fail=0"
scripts/build_v101117_semantic_metadata_integrity_repair.py,124,v101.114,HISTORICAL_OR_SUPERSEDED_TOOL_ALLOWED," toks=['v101.116','v101.115','v101.114','v101.113','v101.112','v101.111','luisa-24h-v101-116','luisa-24h-v101-115','luisa-24h-v101-114','luisa-24h-v101-113','luisa-24h-v101-112','luisa-24h-v101-111','L24H_v101116_','L24H_v101115_','L24H_v101114_','L24H_v101113_','L24H_v101112_','L24H_v101111_'];rows=[];fail=0"
scripts/build_v101117_semantic_metadata_integrity_repair.py,124,v101.113,HISTORICAL_OR_SUPERSEDED_TOOL_ALLOWED," toks=['v101.116','v101.115','v101.114','v101.113','v101.112','v101.111','luisa-24h-v101-116','luisa-24h-v101-115','luisa-24h-v101-114','luisa-24h-v101-113','luisa-24h-v101-112','luisa-24h-v101-111','L24H_v101116_','L24H_v101115_','L24H_v101114_','L24H_v101113_','L24H_v101112_','L24H_v101111_'];rows=[];fail=0"
scripts/build_v101117_semantic_metadata_integrity_repair.py,124,v101.112,HISTORICAL_OR_SUPERSEDED_TOOL_ALLOWED," toks=['v101.116','v101.115','v101.114','v101.113','v101.112','v101.111','luisa-24h-v101-116','luisa-24h-v101-115','luisa-24h-v101-114','luisa-24h-v101-113','luisa-24h-v101-112','luisa-24h-v101-111','L24H_v101116_','L24H_v101115_','L24H_v101114_','L24H_v101113_','L24H_v101112_','L24H_v101111_'];rows=[];fail=0"
scripts/build_v101117_semantic_metadata_integrity_repair.py,124,v101.111,HISTORICAL_OR_SUPERSEDED_TOOL_ALLOWED," toks=['v101.116','v101.115','v101.114','v101.113','v101.112','v101.111','luisa-24h-v101-116','luisa-24h-v101-115','luisa-24h-v101-114','luisa-24h-v101-113','luisa-24h-v101-112','luisa-24h-v101-111','L24H_v101116_','L24H_v101115_','L24H_v101114_','L24H_v101113_','L24H_v101112_','L24H_v101111_'];rows=[];fail=0"
scripts/build_v101117_semantic_metadata_integrity_repair.py,152,v101.116,HISTORICAL_OR_SUPERSEDED_TOOL_ALLOWED,four=f'''# Four-pass deep audit — {VERSION}\n\n## Pass 1 — files vs build script\nPASS. Exact v101.116 baseline SHA verified; fourteen governed runtime declarations remain byte-identical; current runner dependencies are packaged sibling scripts; deterministic Build A/B is required before freeze.\n\n## Pass 2 — runtime/package behaviour\nPASS. Broad Chromium DOM/runtime matrix: 52/52. Isolated service-worker logic matrix: 15/15. JavaScript and service-worker syntax PASS. H3/H22 user-confirmed rep
scripts/build_v101117_semantic_metadata_integrity_repair.py,152,v101.117,HISTORICAL_OR_SUPERSEDED_TOOL_ALLOWED,four=f'''# Four-pass deep audit — {VERSION}\n\n## Pass 1 — files vs build script\nPASS. Exact v101.116 baseline SHA verified; fourteen governed runtime declarations remain byte-identical; current runner dependencies are packaged sibling scripts; deterministic Build A/B is required before freeze.\n\n## Pass 2 — runtime/package behaviour\nPASS. Broad Chromium DOM/runtime matrix: 52/52. Isolated service-worker logic matrix: 15/15. JavaScript and service-worker syntax PASS. H3/H22 user-confirmed rep
scripts/build_v101117_semantic_metadata_integrity_repair.py,170,v101.116,HISTORICAL_OR_SUPERSEDED_TOOL_ALLOWED,   if 'v101.116' in s:typ='CLAIM';bind='BASELINE_OR_INHERITED_PROVENANCE'
scripts/build_v101117_semantic_metadata_integrity_repair.py,171,v101.115,HISTORICAL_OR_SUPERSEDED_TOOL_ALLOWED,"   for vv in ['v101.115','v101.114','v101.113','v101.112','v101.111']:"
scripts/build_v101117_semantic_metadata_integrity_repair.py,171,v101.114,HISTORICAL_OR_SUPERSEDED_TOOL_ALLOWED,"   for vv in ['v101.115','v101.114','v101.113','v101.112','v101.111']:"
scripts/build_v101117_semantic_metadata_integrity_repair.py,171,v101.113,HISTORICAL_OR_SUPERSEDED_TOOL_ALLOWED,"   for vv in ['v101.115','v101.114','v101.113','v101.112','v101.111']:"
scripts/build_v101117_semantic_metadata_integrity_repair.py,171,v101.112,HISTORICAL_OR_SUPERSEDED_TOOL_ALLOWED,"   for vv in ['v101.115','v101.114','v101.113','v101.112','v101.111']:"
scripts/build_v101117_semantic_metadata_integrity_repair.py,171,v101.111,HISTORICAL_OR_SUPERSEDED_TOOL_ALLOWED,"   for vv in ['v101.115','v101.114','v101.113','v101.112','v101.111']:"
scripts/build_v101117_semantic_metadata_integrity_repair.py,173,v101.115,HISTORICAL_OR_SUPERSEDED_TOOL_ALLOWED,"     allowed_line = (rel=='reports/no_regression_fix_ledger.csv' or (vv=='v101.115' and rel in {'README.md','reports/current_metadata_semantic_consistency.md'}) or (vv in {'v101.112','v101.111'} and rel=='metadata/scope_escalation_authority.md'))"
scripts/build_v101117_semantic_metadata_integrity_repair.py,173,v101.112,HISTORICAL_OR_SUPERSEDED_TOOL_ALLOWED,"     allowed_line = (rel=='reports/no_regression_fix_ledger.csv' or (vv=='v101.115' and rel in {'README.md','reports/current_metadata_semantic_consistency.md'}) or (vv in {'v101.112','v101.111'} and rel=='metadata/scope_escalation_authority.md'))"
scripts/build_v101117_semantic_metadata_integrity_repair.py,173,v101.111,HISTORICAL_OR_SUPERSEDED_TOOL_ALLOWED,"     allowed_line = (rel=='reports/no_regression_fix_ledger.csv' or (vv=='v101.115' and rel in {'README.md','reports/current_metadata_semantic_consistency.md'}) or (vv in {'v101.112','v101.111'} and rel=='metadata/scope_escalation_authority.md'))"
scripts/build_v101118_generic_execution_spec_integrity_repair.py,7,v101.118,HISTORICAL_OR_SUPERSEDED_TOOL_ALLOWED,VERSION='v101.118';CACHE='luisa-24h-v101-118';DATE='2026-08-25';STAGE='FOUR_PASS_GENERIC_EXECUTION_SPEC_INTEGRITY_REPAIR_R1'
scripts/build_v101118_generic_execution_spec_integrity_repair.py,40,v101.117,HISTORICAL_OR_SUPERSEDED_TOOL_ALLOWED,"html=base_html.replace(""const APP_VERSION = 'v101.117';"",""const APP_VERSION = 'v101.118';"",1).replace(""const APP_EVIDENCE_STAGE = 'FOUR_PASS_SEMANTIC_CURRENT_METADATA_INTEGRITY_REPAIR_R1';"",f""const APP_EVIDENCE_STAGE = '{STAGE}';"",1)"
scripts/build_v101118_generic_execution_spec_integrity_repair.py,40,v101.118,HISTORICAL_OR_SUPERSEDED_TOOL_ALLOWED,"html=base_html.replace(""const APP_VERSION = 'v101.117';"",""const APP_VERSION = 'v101.118';"",1).replace(""const APP_EVIDENCE_STAGE = 'FOUR_PASS_SEMANTIC_CURRENT_METADATA_INTEGRITY_REPAIR_R1';"",f""const APP_EVIDENCE_STAGE = '{STAGE}';"",1)"
scripts/build_v101118_generic_execution_spec_integrity_repair.py,41,v101.117,HISTORICAL_OR_SUPERSEDED_TOOL_ALLOWED,"old=""const BUILD_DATE = '2026-08-25'; // v101.117 / semantic current-metadata integrity repair"";new=""const BUILD_DATE = '2026-08-25'; // v101.118 / generic execution-spec integrity repair"";assert old in html;html=html.replace(old,new,1)"
scripts/build_v101118_generic_execution_spec_integrity_repair.py,41,v101.118,HISTORICAL_OR_SUPERSEDED_TOOL_ALLOWED,"old=""const BUILD_DATE = '2026-08-25'; // v101.117 / semantic current-metadata integrity repair"";new=""const BUILD_DATE = '2026-08-25'; // v101.118 / generic execution-spec integrity repair"";assert old in html;html=html.replace(old,new,1)"
scripts/build_v101118_generic_execution_spec_integrity_repair.py,44,v101.117,HISTORICAL_OR_SUPERSEDED_TOOL_ALLOWED,"qa=(BASE/'REAL_DEVICE_QA_CHECKLIST.md').read_text(encoding='utf-8').replace('v101.117','v101.118').replace('FOUR_PASS_SEMANTIC_CURRENT_METADATA_INTEGRITY_REPAIR_R1',STAGE).replace('luisa-24h-v101-117',CACHE)"
scripts/build_v101118_generic_execution_spec_integrity_repair.py,44,v101.118,HISTORICAL_OR_SUPERSEDED_TOOL_ALLOWED,"qa=(BASE/'REAL_DEVICE_QA_CHECKLIST.md').read_text(encoding='utf-8').replace('v101.117','v101.118').replace('FOUR_PASS_SEMANTIC_CURRENT_METADATA_INTEGRITY_REPAIR_R1',STAGE).replace('luisa-24h-v101-117',CACHE)"
scripts/build_v101118_generic_execution_spec_integrity_repair.py,58,v101.117,HISTORICAL_OR_SUPERSEDED_TOOL_ALLOWED,"This is a narrow evidence-integrity successor to immutable v101.117. Pass 4 of the independent deep audit found that the generic `scripts/EXECUTION_SPEC.md` still contained the historical v101.111 RA19E.2 specification. Because a generic filename is current-facing, v101.118 archives those exact historical bytes under `scripts/historical/EXECUTION_SPEC_v101111.md` and replaces the generic execution specification with the current v101.118 contract."
scripts/build_v101118_generic_execution_spec_integrity_repair.py,58,v101.111,HISTORICAL_OR_SUPERSEDED_TOOL_ALLOWED,"This is a narrow evidence-integrity successor to immutable v101.117. Pass 4 of the independent deep audit found that the generic `scripts/EXECUTION_SPEC.md` still contained the historical v101.111 RA19E.2 specification. Because a generic filename is current-facing, v101.118 archives those exact historical bytes under `scripts/historical/EXECUTION_SPEC_v101111.md` and replaces the generic execution specification with the current v101.118 contract."
scripts/build_v101118_generic_execution_spec_integrity_repair.py,58,v101.118,HISTORICAL_OR_SUPERSEDED_TOOL_ALLOWED,"This is a narrow evidence-integrity successor to immutable v101.117. Pass 4 of the independent deep audit found that the generic `scripts/EXECUTION_SPEC.md` still contained the historical v101.111 RA19E.2 specification. Because a generic filename is current-facing, v101.118 archives those exact historical bytes under `scripts/historical/EXECUTION_SPEC_v101111.md` and replaces the generic execution specification with the current v101.118 contract."
scripts/build_v101118_generic_execution_spec_integrity_repair.py,58,v101.118,HISTORICAL_OR_SUPERSEDED_TOOL_ALLOWED,"This is a narrow evidence-integrity successor to immutable v101.117. Pass 4 of the independent deep audit found that the generic `scripts/EXECUTION_SPEC.md` still contained the historical v101.111 RA19E.2 specification. Because a generic filename is current-facing, v101.118 archives those exact historical bytes under `scripts/historical/EXECUTION_SPEC_v101111.md` and replaces the generic execution specification with the current v101.118 contract."
scripts/build_v101118_generic_execution_spec_integrity_repair.py,60,v101.117,HISTORICAL_OR_SUPERSEDED_TOOL_ALLOWED,"No governed corpus, text, display, topology, RA19E.2 speaker/presentation or RA19B flow declaration changes. All v101.117 semantic-metadata repairs, the v101.116 self-contained build repair, the Hour-3/Hour-22 fixes and runtime behaviour are inherited unchanged."
scripts/build_v101118_generic_execution_spec_integrity_repair.py,60,v101.116,HISTORICAL_OR_SUPERSEDED_TOOL_ALLOWED,"No governed corpus, text, display, topology, RA19E.2 speaker/presentation or RA19B flow declaration changes. All v101.117 semantic-metadata repairs, the v101.116 self-contained build repair, the Hour-3/Hour-22 fixes and runtime behaviour are inherited unchanged."
scripts/build_v101118_generic_execution_spec_integrity_repair.py,68,v101.117,HISTORICAL_OR_SUPERSEDED_TOOL_ALLOWED," sw=(t/'sw.js').read_text().replace('/* v101.117 */','/* v101.118 */',1).replace(""const CACHE_NAME = 'luisa-24h-v101-117';"",f""const CACHE_NAME = '{CACHE}';"",1);wt(t/'sw.js',sw)"
scripts/build_v101118_generic_execution_spec_integrity_repair.py,68,v101.118,HISTORICAL_OR_SUPERSEDED_TOOL_ALLOWED," sw=(t/'sw.js').read_text().replace('/* v101.117 */','/* v101.118 */',1).replace(""const CACHE_NAME = 'luisa-24h-v101-117';"",f""const CACHE_NAME = '{CACHE}';"",1);wt(t/'sw.js',sw)"
scripts/build_v101118_generic_execution_spec_integrity_repair.py,69,v101.117,HISTORICAL_OR_SUPERSEDED_TOOL_ALLOWED," prov={'version':VERSION,'build_date':DATE,'stage':STAGE,'baseline_version':'v101.117','baseline_zip_sha256':BASE_SHA,'baseline_html_sha256':BASE_HTML_SHA,'candidate_html_sha256':HTML_SHA,'scope':{'governed_runtime_declarations_changed':0,'semantic_current_metadata_repairs_inherited':3,'generic_execution_spec_repaired':True,'independent_prefreeze_runner_parameterized':True,'active_source_reports_written_before_line_audit':True,'active_report_line_audit_self_exclusion':['reports/active_report_lin"
scripts/build_v101118_generic_execution_spec_integrity_repair.py,74,v101.111,HISTORICAL_OR_SUPERSEDED_TOOL_ALLOWED,"This successor is restricted to current execution-spec/evidence integrity, release identity propagation and evidence/manifests. It archives the historical v101.111 RA19E.2 execution specification under an explicitly historical path and makes the generic `scripts/EXECUTION_SPEC.md` describe the current v101.118 stage."
scripts/build_v101118_generic_execution_spec_integrity_repair.py,74,v101.118,HISTORICAL_OR_SUPERSEDED_TOOL_ALLOWED,"This successor is restricted to current execution-spec/evidence integrity, release identity propagation and evidence/manifests. It archives the historical v101.111 RA19E.2 execution specification under an explicitly historical path and makes the generic `scripts/EXECUTION_SPEC.md` describe the current v101.118 stage."
scripts/build_v101118_generic_execution_spec_integrity_repair.py,76,v101.117,HISTORICAL_OR_SUPERSEDED_TOOL_ALLOWED,"No governed runtime declaration, canonical devotional text, RA19B source-flow decision, RA19E.2 semantic/presentation decision, feature behaviour or UX behaviour is authorised to change. The v101.117 semantic-current-metadata repairs and all inherited content/runtime corrections remain protected. Any future corpus/flow/speaker/UX mutation requires a new explicitly authorised scope."
scripts/build_v101118_generic_execution_spec_integrity_repair.py,81,v101.118,HISTORICAL_OR_SUPERSEDED_TOOL_ALLOWED,"  w.writerow(['AUD-118-001','scripts/EXECUTION_SPEC.md','GENERIC_CURRENT_FACING_SPEC_STALE_V101111','archive old bytes under scripts/historical/EXECUTION_SPEC_v101111.md and write current v101.118 execution spec','PASS'])"
scripts/build_v101118_generic_execution_spec_integrity_repair.py,87,v101.117,HISTORICAL_OR_SUPERSEDED_TOOL_ALLOWED,Baseline: v101.117 / `{BASE_SHA}`.
scripts/build_v101118_generic_execution_spec_integrity_repair.py,89,v101.111,HISTORICAL_OR_SUPERSEDED_TOOL_ALLOWED,All fourteen governed runtime declarations remain exact baseline parity. The generic `scripts/EXECUTION_SPEC.md` now identifies `{VERSION}` / `{STAGE}`; the historical v101.111 RA19E.2 specification is preserved byte-for-byte at `scripts/historical/EXECUTION_SPEC_v101111.md`. Current semantic metadata remains aligned. Broad Chromium and isolated service-worker logic evidence are rerun before freeze. All active reports are finalized before the line audit.
scripts/build_v101118_generic_execution_spec_integrity_repair.py,110,v101.118,HISTORICAL_OR_SUPERSEDED_TOOL_ALLOWED,"- `version.json.release_scope`, `metadata/scope_escalation_authority.md` and the active no-regression ledger identify the current v101.118 evidence-only scope."
scripts/build_v101118_generic_execution_spec_integrity_repair.py,112,v101.111,HISTORICAL_OR_SUPERSEDED_TOOL_ALLOWED,- The previous v101.111 execution specification is preserved under the explicit historical path `scripts/historical/EXECUTION_SPEC_v101111.md`.
scripts/build_v101118_generic_execution_spec_integrity_repair.py,114,v101.117,HISTORICAL_OR_SUPERSEDED_TOOL_ALLOWED,- Governed runtime declarations remain exact v101.117 parity.
scripts/build_v101118_generic_execution_spec_integrity_repair.py,118,v101.118,HISTORICAL_OR_SUPERSEDED_TOOL_ALLOWED,"The generic current execution specification, current builder and three audit runners are aligned to v101.118; the superseded v101.111 execution specification is retained only under an explicitly historical path. Current metadata semantic consistency is checked explicitly and by the stale/semantic scanner. Every nonblank line of every active report is represented in the line-audit CSV; the CSV itself is the sole self-excluded audit output and is checked independently after freeze. Broad Chromium "
scripts/build_v101118_generic_execution_spec_integrity_repair.py,118,v101.111,HISTORICAL_OR_SUPERSEDED_TOOL_ALLOWED,"The generic current execution specification, current builder and three audit runners are aligned to v101.118; the superseded v101.111 execution specification is retained only under an explicitly historical path. Current metadata semantic consistency is checked explicitly and by the stale/semantic scanner. Every nonblank line of every active report is represented in the line-audit CSV; the CSV itself is the sole self-excluded audit output and is checked independently after freeze. Broad Chromium "
scripts/build_v101118_generic_execution_spec_integrity_repair.py,121,v101.111,HISTORICAL_OR_SUPERSEDED_TOOL_ALLOWED, old_exec=(t/'scripts/EXECUTION_SPEC.md').read_bytes();assert old_exec.startswith(b'# v101.111 RA19E.2 execution specification')
scripts/build_v101118_generic_execution_spec_integrity_repair.py,127,v101.117,HISTORICAL_OR_SUPERSEDED_TOOL_ALLOWED,Baseline: immutable v101.117.
scripts/build_v101118_generic_execution_spec_integrity_repair.py,154,v101.117,HISTORICAL_OR_SUPERSEDED_TOOL_ALLOWED,"matrix=f'''gate,test,status,evidence\nBASELINE,v101.117 exact SHA/member freeze,PASS,{BASE_SHA}\nBUILD,deterministic A/B full-tree build,PASS,asserted before ZIP freeze\nBUILD-DEPS,current build runner dependencies,PASS,self-contained packaged sibling scripts; no obsolete external runner paths\nDATA,14 governed runtime declarations,PASS,exact RHS byte parity with v101.117\nSEMANTIC-META,current scope/release/ledger/runner semantics,PASS,reports/current_metadata_semantic_consistency.md\nH3-H22,us"
scripts/build_v101118_generic_execution_spec_integrity_repair.py,154,v101.117,HISTORICAL_OR_SUPERSEDED_TOOL_ALLOWED,"matrix=f'''gate,test,status,evidence\nBASELINE,v101.117 exact SHA/member freeze,PASS,{BASE_SHA}\nBUILD,deterministic A/B full-tree build,PASS,asserted before ZIP freeze\nBUILD-DEPS,current build runner dependencies,PASS,self-contained packaged sibling scripts; no obsolete external runner paths\nDATA,14 governed runtime declarations,PASS,exact RHS byte parity with v101.117\nSEMANTIC-META,current scope/release/ledger/runner semantics,PASS,reports/current_metadata_semantic_consistency.md\nH3-H22,us"
scripts/build_v101118_generic_execution_spec_integrity_repair.py,161,v101.117,HISTORICAL_OR_SUPERSEDED_TOOL_ALLOWED," if tok in {'v101.117','L24H_v101117_'}:return rel in {'README.md','metadata/build_provenance.json','metadata/scope_escalation_authority.md','scripts/EXECUTION_SPEC.md','evidence/v101118/PREPACKAGE_STAGE_REPORT.md','reports/full_regression_matrix.csv','reports/no_regression_fix_ledger.csv','reports/current_metadata_semantic_consistency.md','scripts/build_v101118_generic_execution_spec_integrity_repair.py','scripts/run_independent_prefreeze_audit.py'}"
scripts/build_v101118_generic_execution_spec_integrity_repair.py,162,v101.116,HISTORICAL_OR_SUPERSEDED_TOOL_ALLOWED," if tok=='v101.116':return rel in {'README.md','reports/no_regression_fix_ledger.csv'}"
scripts/build_v101118_generic_execution_spec_integrity_repair.py,163,v101.115,HISTORICAL_OR_SUPERSEDED_TOOL_ALLOWED," if tok in {'v101.115','v101.114','v101.113','v101.112'}:return rel=='reports/no_regression_fix_ledger.csv'"
scripts/build_v101118_generic_execution_spec_integrity_repair.py,163,v101.114,HISTORICAL_OR_SUPERSEDED_TOOL_ALLOWED," if tok in {'v101.115','v101.114','v101.113','v101.112'}:return rel=='reports/no_regression_fix_ledger.csv'"
scripts/build_v101118_generic_execution_spec_integrity_repair.py,163,v101.113,HISTORICAL_OR_SUPERSEDED_TOOL_ALLOWED," if tok in {'v101.115','v101.114','v101.113','v101.112'}:return rel=='reports/no_regression_fix_ledger.csv'"
scripts/build_v101118_generic_execution_spec_integrity_repair.py,163,v101.112,HISTORICAL_OR_SUPERSEDED_TOOL_ALLOWED," if tok in {'v101.115','v101.114','v101.113','v101.112'}:return rel=='reports/no_regression_fix_ledger.csv'"
scripts/build_v101118_generic_execution_spec_integrity_repair.py,164,v101.111,HISTORICAL_OR_SUPERSEDED_TOOL_ALLOWED," if tok=='v101.111':return rel in {'README.md','version.json','metadata/scope_escalation_authority.md','evidence/v101118/PREPACKAGE_STAGE_REPORT.md','reports/no_regression_fix_ledger.csv','reports/current_metadata_semantic_consistency.md','reports/report_claims_vs_evidence_audit.md'}"
scripts/build_v101118_generic_execution_spec_integrity_repair.py,179,v101.111,HISTORICAL_OR_SUPERSEDED_TOOL_ALLOWED," if not hist.exists() or not hist.read_bytes().startswith(b'# v101.111 RA19E.2 execution specification'): failures.append(['scripts/historical/EXECUTION_SPEC_v101111.md','HISTORICAL_EXECUTION_SPEC_NOT_PRESERVED'])"
scripts/build_v101118_generic_execution_spec_integrity_repair.py,186,v101.117,HISTORICAL_OR_SUPERSEDED_TOOL_ALLOWED," toks=['v101.117','v101.116','v101.115','v101.114','v101.113','v101.112','v101.111','luisa-24h-v101-117','luisa-24h-v101-116','luisa-24h-v101-115','luisa-24h-v101-114','luisa-24h-v101-113','luisa-24h-v101-112','luisa-24h-v101-111','L24H_v101117_','L24H_v101116_','L24H_v101115_','L24H_v101114_','L24H_v101113_','L24H_v101112_','L24H_v101111_'];rows=[];fail=0"
scripts/build_v101118_generic_execution_spec_integrity_repair.py,186,v101.116,HISTORICAL_OR_SUPERSEDED_TOOL_ALLOWED," toks=['v101.117','v101.116','v101.115','v101.114','v101.113','v101.112','v101.111','luisa-24h-v101-117','luisa-24h-v101-116','luisa-24h-v101-115','luisa-24h-v101-114','luisa-24h-v101-113','luisa-24h-v101-112','luisa-24h-v101-111','L24H_v101117_','L24H_v101116_','L24H_v101115_','L24H_v101114_','L24H_v101113_','L24H_v101112_','L24H_v101111_'];rows=[];fail=0"
scripts/build_v101118_generic_execution_spec_integrity_repair.py,186,v101.115,HISTORICAL_OR_SUPERSEDED_TOOL_ALLOWED," toks=['v101.117','v101.116','v101.115','v101.114','v101.113','v101.112','v101.111','luisa-24h-v101-117','luisa-24h-v101-116','luisa-24h-v101-115','luisa-24h-v101-114','luisa-24h-v101-113','luisa-24h-v101-112','luisa-24h-v101-111','L24H_v101117_','L24H_v101116_','L24H_v101115_','L24H_v101114_','L24H_v101113_','L24H_v101112_','L24H_v101111_'];rows=[];fail=0"
scripts/build_v101118_generic_execution_spec_integrity_repair.py,186,v101.114,HISTORICAL_OR_SUPERSEDED_TOOL_ALLOWED," toks=['v101.117','v101.116','v101.115','v101.114','v101.113','v101.112','v101.111','luisa-24h-v101-117','luisa-24h-v101-116','luisa-24h-v101-115','luisa-24h-v101-114','luisa-24h-v101-113','luisa-24h-v101-112','luisa-24h-v101-111','L24H_v101117_','L24H_v101116_','L24H_v101115_','L24H_v101114_','L24H_v101113_','L24H_v101112_','L24H_v101111_'];rows=[];fail=0"
scripts/build_v101118_generic_execution_spec_integrity_repair.py,186,v101.113,HISTORICAL_OR_SUPERSEDED_TOOL_ALLOWED," toks=['v101.117','v101.116','v101.115','v101.114','v101.113','v101.112','v101.111','luisa-24h-v101-117','luisa-24h-v101-116','luisa-24h-v101-115','luisa-24h-v101-114','luisa-24h-v101-113','luisa-24h-v101-112','luisa-24h-v101-111','L24H_v101117_','L24H_v101116_','L24H_v101115_','L24H_v101114_','L24H_v101113_','L24H_v101112_','L24H_v101111_'];rows=[];fail=0"
scripts/build_v101118_generic_execution_spec_integrity_repair.py,186,v101.112,HISTORICAL_OR_SUPERSEDED_TOOL_ALLOWED," toks=['v101.117','v101.116','v101.115','v101.114','v101.113','v101.112','v101.111','luisa-24h-v101-117','luisa-24h-v101-116','luisa-24h-v101-115','luisa-24h-v101-114','luisa-24h-v101-113','luisa-24h-v101-112','luisa-24h-v101-111','L24H_v101117_','L24H_v101116_','L24H_v101115_','L24H_v101114_','L24H_v101113_','L24H_v101112_','L24H_v101111_'];rows=[];fail=0"
scripts/build_v101118_generic_execution_spec_integrity_repair.py,186,v101.111,HISTORICAL_OR_SUPERSEDED_TOOL_ALLOWED," toks=['v101.117','v101.116','v101.115','v101.114','v101.113','v101.112','v101.111','luisa-24h-v101-117','luisa-24h-v101-116','luisa-24h-v101-115','luisa-24h-v101-114','luisa-24h-v101-113','luisa-24h-v101-112','luisa-24h-v101-111','L24H_v101117_','L24H_v101116_','L24H_v101115_','L24H_v101114_','L24H_v101113_','L24H_v101112_','L24H_v101111_'];rows=[];fail=0"
scripts/build_v101118_generic_execution_spec_integrity_repair.py,217,v101.117,HISTORICAL_OR_SUPERSEDED_TOOL_ALLOWED,PASS. Exact v101.117 baseline SHA verified; fourteen governed runtime declarations remain byte-identical; current builder/runners/specification are packaged current artifacts; deterministic Build A/B is required before freeze.
scripts/build_v101118_generic_execution_spec_integrity_repair.py,226,v101.118,HISTORICAL_OR_SUPERSEDED_TOOL_ALLOWED,PASS_PREPACKAGE. The generic current `scripts/EXECUTION_SPEC.md` identifies v101.118; the old v101.111 specification is stored only under an explicit historical path. Token stale scan + semantic current-metadata scan report failures: 0. Physical/live/offline/screen-reader gates remain NOT_TESTED.
scripts/build_v101118_generic_execution_spec_integrity_repair.py,226,v101.111,HISTORICAL_OR_SUPERSEDED_TOOL_ALLOWED,PASS_PREPACKAGE. The generic current `scripts/EXECUTION_SPEC.md` identifies v101.118; the old v101.111 specification is stored only under an explicit historical path. Token stale scan + semantic current-metadata scan report failures: 0. Physical/live/offline/screen-reader gates remain NOT_TESTED.
scripts/build_v101118_generic_execution_spec_integrity_repair.py,247,v101.117,HISTORICAL_OR_SUPERSEDED_TOOL_ALLOWED,   if 'v101.117' in s:typ='CLAIM';bind='BASELINE_OR_INHERITED_PROVENANCE'
scripts/build_v101118_generic_execution_spec_integrity_repair.py,248,v101.116,HISTORICAL_OR_SUPERSEDED_TOOL_ALLOWED,"   for vv in ['v101.116','v101.115','v101.114','v101.113','v101.112','v101.111']:"
scripts/build_v101118_generic_execution_spec_integrity_repair.py,248,v101.115,HISTORICAL_OR_SUPERSEDED_TOOL_ALLOWED,"   for vv in ['v101.116','v101.115','v101.114','v101.113','v101.112','v101.111']:"
scripts/build_v101118_generic_execution_spec_integrity_repair.py,248,v101.114,HISTORICAL_OR_SUPERSEDED_TOOL_ALLOWED,"   for vv in ['v101.116','v101.115','v101.114','v101.113','v101.112','v101.111']:"
scripts/build_v101118_generic_execution_spec_integrity_repair.py,248,v101.113,HISTORICAL_OR_SUPERSEDED_TOOL_ALLOWED,"   for vv in ['v101.116','v101.115','v101.114','v101.113','v101.112','v101.111']:"
scripts/build_v101118_generic_execution_spec_integrity_repair.py,248,v101.112,HISTORICAL_OR_SUPERSEDED_TOOL_ALLOWED,"   for vv in ['v101.116','v101.115','v101.114','v101.113','v101.112','v101.111']:"
scripts/build_v101118_generic_execution_spec_integrity_repair.py,248,v101.111,HISTORICAL_OR_SUPERSEDED_TOOL_ALLOWED,"   for vv in ['v101.116','v101.115','v101.114','v101.113','v101.112','v101.111']:"
scripts/build_v101118_generic_execution_spec_integrity_repair.py,250,v101.116,HISTORICAL_OR_SUPERSEDED_TOOL_ALLOWED,"     allowed_line = (rel=='reports/no_regression_fix_ledger.csv' or (vv=='v101.116' and rel=='README.md') or (vv=='v101.111' and rel in {'README.md','evidence/v101118/PREPACKAGE_STAGE_REPORT.md','reports/current_metadata_semantic_consistency.md','reports/report_claims_vs_evidence_audit.md'}))"
scripts/build_v101118_generic_execution_spec_integrity_repair.py,250,v101.111,HISTORICAL_OR_SUPERSEDED_TOOL_ALLOWED,"     allowed_line = (rel=='reports/no_regression_fix_ledger.csv' or (vv=='v101.116' and rel=='README.md') or (vv=='v101.111' and rel in {'README.md','evidence/v101118/PREPACKAGE_STAGE_REPORT.md','reports/current_metadata_semantic_consistency.md','reports/report_claims_vs_evidence_audit.md'}))"
scripts/build_v101119_quoted_span_presentation_closure.py,8,v101.119,HISTORICAL_OR_SUPERSEDED_TOOL_ALLOWED,VERSION='v101.119';STAGE='QUOTED_SPAN_PRESENTATION_CLOSURE_R1';CACHE='luisa-24h-v101-119';DATE='2026-08-25'
scripts/build_v101119_quoted_span_presentation_closure.py,63,v101.118,HISTORICAL_OR_SUPERSEDED_TOOL_ALLOWED,"html=html.replace(""const APP_VERSION = 'v101.118';"",f""const APP_VERSION = '{VERSION}';"",1)"
scripts/build_v101119_quoted_span_presentation_closure.py,65,v101.118,HISTORICAL_OR_SUPERSEDED_TOOL_ALLOWED,"html=html.replace(""const BUILD_DATE = '2026-08-25'; // v101.118 / generic execution-spec integrity repair"",f""const BUILD_DATE = '{DATE}'; // v101.119 / quoted-span presentation closure R1"",1)"
scripts/build_v101119_quoted_span_presentation_closure.py,65,v101.119,HISTORICAL_OR_SUPERSEDED_TOOL_ALLOWED,"html=html.replace(""const BUILD_DATE = '2026-08-25'; // v101.118 / generic execution-spec integrity repair"",f""const BUILD_DATE = '{DATE}'; // v101.119 / quoted-span presentation closure R1"",1)"
scripts/build_v101119_quoted_span_presentation_closure.py,76,v101.118,HISTORICAL_OR_SUPERSEDED_TOOL_ALLOWED,"sw=(CAND/'sw.js').read_text(encoding='utf-8').replace('/* v101.118 */','/* v101.119 */',1).replace(""const CACHE_NAME = 'luisa-24h-v101-118';"",f""const CACHE_NAME = '{CACHE}';"",1)"
scripts/build_v101119_quoted_span_presentation_closure.py,76,v101.119,HISTORICAL_OR_SUPERSEDED_TOOL_ALLOWED,"sw=(CAND/'sw.js').read_text(encoding='utf-8').replace('/* v101.118 */','/* v101.119 */',1).replace(""const CACHE_NAME = 'luisa-24h-v101-118';"",f""const CACHE_NAME = '{CACHE}';"",1)"
scripts/build_v101119_quoted_span_presentation_closure.py,79,v101.112,HISTORICAL_OR_SUPERSEDED_TOOL_ALLOWED,"vm.update({'app_version':VERSION,'build_date':DATE,'cache_name':CACHE,'release_scope':'Quoted-span presentation closure R1: dynamically derived corpus-wide quoted-span invariant; 34 presentation defects closed across 45 projection targets; two source-backed nested semantic adjudications added; canonical text/raw SPEECH_DATA/RA19B flow and v101.112 user fixes preserved.','overall_release_status':'LIMITED_PASS_STATIC_IF_FINAL_REOPEN_AUDITS_PASS','real_device_status':f'Physical Samsung/iPhone/iPad,"
scripts/build_v101119_quoted_span_presentation_closure.py,82,v101.118,HISTORICAL_OR_SUPERSEDED_TOOL_ALLOWED,"(CAND/'README.md').write_text(f'''# Les 24 Heures de la Passion — {VERSION}\n\nStage: `{STAGE}`\n\nImmutable baseline: v101.118 / `{BASE_ZIP_SHA}`.\n\nThis successor implements the evidence-only fixed point required by the 25 August 2026 handover. The dynamically derived universe contains 398 presentation-relevant quoted spans across all four governed quote families. Two independently implemented scanners converge on 34 valid presentation defects, proving the prior nine-defect hypothesis was not"
scripts/build_v101119_quoted_span_presentation_closure.py,82,v101.112,HISTORICAL_OR_SUPERSEDED_TOOL_ALLOWED,"(CAND/'README.md').write_text(f'''# Les 24 Heures de la Passion — {VERSION}\n\nStage: `{STAGE}`\n\nImmutable baseline: v101.118 / `{BASE_ZIP_SHA}`.\n\nThis successor implements the evidence-only fixed point required by the 25 August 2026 handover. The dynamically derived universe contains 398 presentation-relevant quoted spans across all four governed quote families. Two independently implemented scanners converge on 34 valid presentation defects, proving the prior nine-defect hypothesis was not"
scripts/build_v101119_quoted_span_presentation_closure.py,84,v101.118,HISTORICAL_OR_SUPERSEDED_TOOL_ALLOWED,"qa=(CAND/'REAL_DEVICE_QA_CHECKLIST.md').read_text(encoding='utf-8').replace('v101.118',VERSION).replace('FOUR_PASS_GENERIC_EXECUTION_SPEC_INTEGRITY_REPAIR_R1',STAGE).replace('luisa-24h-v101-118',CACHE)"
scripts/build_v101119_quoted_span_presentation_closure.py,97,v101.118,HISTORICAL_OR_SUPERSEDED_TOOL_ALLOWED,"(CAND/'scripts/EXECUTION_SPEC.md').write_text(f'''# Execution specification — {VERSION}\n\nStage: `{STAGE}`.\n\n1. Freeze exact v101.118 baseline SHA-256 `{BASE_ZIP_SHA}`.\n2. Derive quote tokens and same/cross-record stacks across guillemet, straight-double, curly-double and conservative curly-single families.\n3. Enforce `PRESENTATION_PARENT_QUOTED_SPAN_CLOSURE`.\n4. Freeze the independently converged mutation ledger before mutation.\n5. Mutate only authorised presentation projection/adjudicat"
scripts/build_v101119_quoted_span_presentation_closure.py,99,v101.119,HISTORICAL_OR_SUPERSEDED_TOOL_ALLOWED,"(CAND/'evidence/v101119/M2_MUTATION_INTEGRITY_REPORT.md').write_text(f'''# v101.119 M2 — authorised mutation integrity\n\n- Fixed-point mutation targets: **45**.\n- Projection targets changed: **45** exactly.\n- Adjudication targets changed: **2** exactly: Hour-24 Désolation P033 and Related Hour-22 P090.\n- Raw `SPEECH_DATA`: unchanged exactly.\n- `CORPUS`, `TEXT_LIBRARY`, `HOUR_LINKED_TEXTS`: unchanged exactly.\n- `VISIBLE_PARAGRAPH_TOPOLOGY`: unchanged exactly.\n- P090 local projection break "
scripts/build_v101119_quoted_span_presentation_closure.py,99,v101.118,HISTORICAL_OR_SUPERSEDED_TOOL_ALLOWED,"(CAND/'evidence/v101119/M2_MUTATION_INTEGRITY_REPORT.md').write_text(f'''# v101.119 M2 — authorised mutation integrity\n\n- Fixed-point mutation targets: **45**.\n- Projection targets changed: **45** exactly.\n- Adjudication targets changed: **2** exactly: Hour-24 Désolation P033 and Related Hour-22 P090.\n- Raw `SPEECH_DATA`: unchanged exactly.\n- `CORPUS`, `TEXT_LIBRARY`, `HOUR_LINKED_TEXTS`: unchanged exactly.\n- `VISIBLE_PARAGRAPH_TOPOLOGY`: unchanged exactly.\n- P090 local projection break "
scripts/build_v101119_quoted_span_presentation_closure.py,141,v101.118,HISTORICAL_OR_SUPERSEDED_TOOL_ALLOWED,"(CAND/'metadata/scope_escalation_authority.md').write_text(f'''# Scope authority — {VERSION}\n\nCurrent stage: `{STAGE}`.\n\nThe immutable v101.118 baseline remains the source for protected declarations and historical evidence. This successor is restricted to the frozen quoted-span presentation mutation ledger plus release identity/evidence regeneration. Canonical devotional text, raw `SPEECH_DATA`, RA19B flow, paragraph IDs/order, v101.112 Hour-3/Hour-22 fixes, P053/P068 meaningful visible open"
scripts/build_v101119_quoted_span_presentation_closure.py,141,v101.112,HISTORICAL_OR_SUPERSEDED_TOOL_ALLOWED,"(CAND/'metadata/scope_escalation_authority.md').write_text(f'''# Scope authority — {VERSION}\n\nCurrent stage: `{STAGE}`.\n\nThe immutable v101.118 baseline remains the source for protected declarations and historical evidence. This successor is restricted to the frozen quoted-span presentation mutation ledger plus release identity/evidence regeneration. Canonical devotional text, raw `SPEECH_DATA`, RA19B flow, paragraph IDs/order, v101.112 Hour-3/Hour-22 fixes, P053/P068 meaningful visible open"
scripts/build_v101119_quoted_span_presentation_closure.py,142,v101.118,HISTORICAL_OR_SUPERSEDED_TOOL_ALLOWED,"(CAND/'reports/current_metadata_semantic_consistency.md').write_text(f'''# Current metadata semantic consistency — {VERSION}\n\n- `APP_VERSION`, `version.json`, `manifest.json`, service-worker cache identity, README, execution specification and current evidence metadata identify `{VERSION}` / `{STAGE}`.\n- Immutable v101.118 references are retained only where explicitly labelled baseline/provenance or in historical evidence/tool lineage.\n- Physical Samsung/iPhone/iPad, installed-PWA update, tru"
scripts/build_v101119_quoted_span_presentation_closure.py,150,v101.118,HISTORICAL_OR_SUPERSEDED_TOOL_ALLOWED,"four=f'''# Four-pass deep audit — {VERSION}\n\n## Pass 1 — files vs build script\nPASS. Exact immutable v101.118 baseline ZIP SHA verified. Protected declarations are exact parity. Authorised runtime diffs are restricted to 45 presentation-projection targets and two presentation adjudication targets.\n\n## Pass 2 — runtime/package behaviour\nPASS. Broad Chromium matrix 52/52. Exhaustive quoted-span presentation matrix 1,990/1,990 across five profiles. Service-worker logic 15/15. Post-mutation in"
scripts/build_v101119_quoted_span_presentation_closure.py,152,v101.118,HISTORICAL_OR_SUPERSEDED_TOOL_ALLOWED,"(CAND/'audit/independent_four_pass_audit.md').write_text(f'''# Independent four-pass audit — {VERSION}\n\nIndependently re-derived from the final candidate tree before manifest freeze.\n\n- Immutable v101.118 baseline SHA binding: PASS.\n- Protected declaration parity: PASS.\n- Projection target diff set: 45, matching frozen M1 mutation ledger: PASS.\n- Adjudication diff set: exactly P033/P090: PASS.\n- Post-mutation quoted-span defects: 0/0 across Scanner A/B: PASS.\n- Broad runtime: 52/52 PASS"
scripts/build_v101119_quoted_span_presentation_closure.py,153,v101.118,HISTORICAL_OR_SUPERSEDED_TOOL_ALLOWED,"(CAND/'audit/independent_four_pass_audit.json').write_text(json.dumps({'version':VERSION,'status':'PASS_STATIC_PENDING_FINAL_REOPEN','baseline_version':'v101.118','projection_diff_targets':45,'adjudication_diff_targets':2,'post_fixed_point_defects':0,'broad_runtime':'52/52','presentation_runtime':'1990/1990','sw_logic':'15/15','mutation_tests':'5/5 detected','hidden_lexical_violations':0,'external_gates':'NOT_TESTED'},indent=2)+'\n')"
scripts/build_v101119_quoted_span_presentation_closure.py,155,v101.118,HISTORICAL_OR_SUPERSEDED_TOOL_ALLOWED,"(CAND/'metadata/build_provenance.json').write_text(json.dumps({'version':VERSION,'stage':STAGE,'build_date':DATE,'baseline_version':'v101.118','baseline_role':'IMMUTABLE_BASELINE','baseline_zip_sha256':BASE_ZIP_SHA,'baseline_html_sha256':shab(base_html.encode()),'candidate_html_sha256':shab(html.encode()),'m1_fixed_point_defects':34,'m1_presentation_relevant_spans':398,'projection_targets_changed':45,'adjudication_targets_changed':2,'protected_declarations_unchanged':len(PROTECTED),'final_reopen"
scripts/build_v101119_quoted_span_presentation_closure.py,175,v101.118,HISTORICAL_OR_SUPERSEDED_TOOL_ALLOWED,"TOKENS=['v101.118','v101.117','v101.116','v101.115','v101.114','v101.113','v101.112','v101.111','luisa-24h-v101-118','L24H_v101118_']"
scripts/build_v101119_quoted_span_presentation_closure.py,175,v101.117,HISTORICAL_OR_SUPERSEDED_TOOL_ALLOWED,"TOKENS=['v101.118','v101.117','v101.116','v101.115','v101.114','v101.113','v101.112','v101.111','luisa-24h-v101-118','L24H_v101118_']"
scripts/build_v101119_quoted_span_presentation_closure.py,175,v101.116,HISTORICAL_OR_SUPERSEDED_TOOL_ALLOWED,"TOKENS=['v101.118','v101.117','v101.116','v101.115','v101.114','v101.113','v101.112','v101.111','luisa-24h-v101-118','L24H_v101118_']"
scripts/build_v101119_quoted_span_presentation_closure.py,175,v101.115,HISTORICAL_OR_SUPERSEDED_TOOL_ALLOWED,"TOKENS=['v101.118','v101.117','v101.116','v101.115','v101.114','v101.113','v101.112','v101.111','luisa-24h-v101-118','L24H_v101118_']"
scripts/build_v101119_quoted_span_presentation_closure.py,175,v101.114,HISTORICAL_OR_SUPERSEDED_TOOL_ALLOWED,"TOKENS=['v101.118','v101.117','v101.116','v101.115','v101.114','v101.113','v101.112','v101.111','luisa-24h-v101-118','L24H_v101118_']"
scripts/build_v101119_quoted_span_presentation_closure.py,175,v101.113,HISTORICAL_OR_SUPERSEDED_TOOL_ALLOWED,"TOKENS=['v101.118','v101.117','v101.116','v101.115','v101.114','v101.113','v101.112','v101.111','luisa-24h-v101-118','L24H_v101118_']"
scripts/build_v101119_quoted_span_presentation_closure.py,175,v101.112,HISTORICAL_OR_SUPERSEDED_TOOL_ALLOWED,"TOKENS=['v101.118','v101.117','v101.116','v101.115','v101.114','v101.113','v101.112','v101.111','luisa-24h-v101-118','L24H_v101118_']"
scripts/build_v101119_quoted_span_presentation_closure.py,175,v101.111,HISTORICAL_OR_SUPERSEDED_TOOL_ALLOWED,"TOKENS=['v101.118','v101.117','v101.116','v101.115','v101.114','v101.113','v101.112','v101.111','luisa-24h-v101-118','L24H_v101118_']"
scripts/build_v101119_quoted_span_presentation_closure.py,187,v101.118,HISTORICAL_OR_SUPERSEDED_TOOL_ALLOWED," if any(k in low for k in ['immutable v101.118','immutable baseline','v101.118 baseline','baseline_version','baseline zip','baseline sha','baseline/provenance','byte/json-identical to the immutable','protected','preserve','historical','inherited','v101.112 hour-3/hour-22']):"
scripts/build_v101119_quoted_span_presentation_closure.py,187,v101.118,HISTORICAL_OR_SUPERSEDED_TOOL_ALLOWED," if any(k in low for k in ['immutable v101.118','immutable baseline','v101.118 baseline','baseline_version','baseline zip','baseline sha','baseline/provenance','byte/json-identical to the immutable','protected','preserve','historical','inherited','v101.112 hour-3/hour-22']):"
scripts/build_v101119_quoted_span_presentation_closure.py,187,v101.112,HISTORICAL_OR_SUPERSEDED_TOOL_ALLOWED," if any(k in low for k in ['immutable v101.118','immutable baseline','v101.118 baseline','baseline_version','baseline zip','baseline sha','baseline/provenance','byte/json-identical to the immutable','protected','preserve','historical','inherited','v101.112 hour-3/hour-22']):"
scripts/build_v101120_help_information_architecture.py,10,v101.120,HISTORICAL_OR_SUPERSEDED_TOOL_ALLOWED,VERSION='v101.120'
scripts/build_v101120_help_information_architecture.py,49,v101.119,HISTORICAL_OR_SUPERSEDED_TOOL_ALLOWED,"    x=x.replace(""const APP_VERSION = 'v101.119';"", ""const APP_VERSION = 'v101.120';"",1)"
scripts/build_v101120_help_information_architecture.py,49,v101.120,HISTORICAL_OR_SUPERSEDED_TOOL_ALLOWED,"    x=x.replace(""const APP_VERSION = 'v101.119';"", ""const APP_VERSION = 'v101.120';"",1)"
scripts/build_v101120_help_information_architecture.py,51,v101.119,HISTORICAL_OR_SUPERSEDED_TOOL_ALLOWED,"    x=x.replace(""const BUILD_DATE = '2026-08-25'; // v101.119 / quoted-span presentation closure R1"", ""const BUILD_DATE = '2026-08-25'; // v101.120 / help information architecture and attribution clarity R1"",1)"
scripts/build_v101120_help_information_architecture.py,51,v101.120,HISTORICAL_OR_SUPERSEDED_TOOL_ALLOWED,"    x=x.replace(""const BUILD_DATE = '2026-08-25'; // v101.119 / quoted-span presentation closure R1"", ""const BUILD_DATE = '2026-08-25'; // v101.120 / help information architecture and attribution clarity R1"",1)"
scripts/build_v101120_help_information_architecture.py,58,v101.120,HISTORICAL_OR_SUPERSEDED_TOOL_ALLOWED,"    x=x.replace(""const APP_VERSION = 'v101.120';"", ""const APP_VERSION = 'v101.119';"",1)"
scripts/build_v101120_help_information_architecture.py,58,v101.119,HISTORICAL_OR_SUPERSEDED_TOOL_ALLOWED,"    x=x.replace(""const APP_VERSION = 'v101.120';"", ""const APP_VERSION = 'v101.119';"",1)"
scripts/build_v101120_help_information_architecture.py,60,v101.120,HISTORICAL_OR_SUPERSEDED_TOOL_ALLOWED,"    x=x.replace(""const BUILD_DATE = '2026-08-25'; // v101.120 / help information architecture and attribution clarity R1"", ""const BUILD_DATE = '2026-08-25'; // v101.119 / quoted-span presentation closure R1"",1)"
scripts/build_v101120_help_information_architecture.py,60,v101.119,HISTORICAL_OR_SUPERSEDED_TOOL_ALLOWED,"    x=x.replace(""const BUILD_DATE = '2026-08-25'; // v101.120 / help information architecture and attribution clarity R1"", ""const BUILD_DATE = '2026-08-25'; // v101.119 / quoted-span presentation closure R1"",1)"
scripts/build_v101120_help_information_architecture.py,89,v101.119,HISTORICAL_OR_SUPERSEDED_TOOL_ALLOWED,"sw=sw.replace('/* v101.119 */','/* v101.120 */',1).replace(""const CACHE_NAME = 'luisa-24h-v101-119';"",f""const CACHE_NAME = '{CACHE}';"",1)"
scripts/build_v101120_help_information_architecture.py,89,v101.120,HISTORICAL_OR_SUPERSEDED_TOOL_ALLOWED,"sw=sw.replace('/* v101.119 */','/* v101.120 */',1).replace(""const CACHE_NAME = 'luisa-24h-v101-119';"",f""const CACHE_NAME = '{CACHE}';"",1)"
scripts/build_v101120_help_information_architecture.py,96,v101.120,HISTORICAL_OR_SUPERSEDED_TOOL_ALLOWED," 'real_device_status':'Physical Samsung/iPhone/iPad, installed-PWA, true offline cold reopen, VoiceOver/TalkBack and live GitHub Pages exact-byte binding NOT_TESTED for v101.120.',"
scripts/build_v101120_help_information_architecture.py,103,v101.119,HISTORICAL_OR_SUPERSEDED_TOOL_ALLOWED,"write(CAND/'README.md',f'''# Les 24 Heures de la Passion — {VERSION}\n\nStage: `{STAGE}`\n\nImmutable baseline: v101.119 / `{BASE_SHA}`.\n\nThis successor changes **Aide content/information architecture and release identity only**. It makes devotional practice the first help task, consolidates annotation guidance, explains that “Passages à vérifier” concerns stale personal highlight anchors rather than corpus doubt, documents stable-link sharing, and clarifies the distinction between semantic Jé"
scripts/build_v101120_help_information_architecture.py,103,v101.119,HISTORICAL_OR_SUPERSEDED_TOOL_ALLOWED,"write(CAND/'README.md',f'''# Les 24 Heures de la Passion — {VERSION}\n\nStage: `{STAGE}`\n\nImmutable baseline: v101.119 / `{BASE_SHA}`.\n\nThis successor changes **Aide content/information architecture and release identity only**. It makes devotional practice the first help task, consolidates annotation guidance, explains that “Passages à vérifier” concerns stale personal highlight anchors rather than corpus doubt, documents stable-link sharing, and clarifies the distinction between semantic Jé"
scripts/build_v101120_help_information_architecture.py,104,v101.119,HISTORICAL_OR_SUPERSEDED_TOOL_ALLOWED,"write(CAND/'metadata/scope_escalation_authority.md',f'''# Scope authority — {VERSION}\n\nCurrent stage: `{STAGE}`.\n\nThe immutable v101.119 ZIP `{BASE_SHA}` is the executable baseline. Authorized app mutation is restricted to the `showHelp()` modal template plus required release identity (`APP_VERSION`, `APP_EVIDENCE_STAGE`, build comment, service-worker cache identity, manifest/version metadata). No corpus, speech data, presentation projection/adjudication, display segmentation, paragraph topo"
scripts/build_v101120_help_information_architecture.py,147,v101.120,HISTORICAL_OR_SUPERSEDED_TOOL_ALLOWED,"write(E/'HELP_CONTENT_AUDIT.md','# v101.120 Help content audit\n\n**Status: PASS (static pre-browser)**\n\n'+''.join(f'- {k}: PASS\n' for k in checks))"
scripts/build_v101120_help_information_architecture.py,148,v101.119,HISTORICAL_OR_SUPERSEDED_TOOL_ALLOWED,"write(CAND/'metadata/build_provenance.json',json.dumps({'version':VERSION,'stage':STAGE,'build_date':'2026-08-25','baseline_version':'v101.119','baseline_role':'IMMUTABLE_BASELINE','baseline_zip_sha256':BASE_SHA,'baseline_html_sha256':BASE_HTML_SHA,'candidate_html_sha256':sha_bytes(new_html.encode()),'authorized_app_mutations':['showHelp modal template','APP_VERSION','APP_EVIDENCE_STAGE','BUILD_DATE comment','service-worker cache identity','release metadata'],'protected_declarations_unchanged':l"
scripts/build_v101121_four_pass_report_tooling_reconciliation.py,7,v101.121,HISTORICAL_OR_SUPERSEDED_TOOL_ALLOWED,VER='v101.121'; STAGE='FOUR_PASS_REPORT_TOOLING_RECONCILIATION_R1'; CACHE='luisa-24h-v101-121'
scripts/build_v101121_four_pass_report_tooling_reconciliation.py,44,v101.120,HISTORICAL_OR_SUPERSEDED_TOOL_ALLOWED,"html=html.replace(""const APP_VERSION = 'v101.120';"",""const APP_VERSION = 'v101.121';"",1)"
scripts/build_v101121_four_pass_report_tooling_reconciliation.py,44,v101.121,HISTORICAL_OR_SUPERSEDED_TOOL_ALLOWED,"html=html.replace(""const APP_VERSION = 'v101.120';"",""const APP_VERSION = 'v101.121';"",1)"
scripts/build_v101121_four_pass_report_tooling_reconciliation.py,46,v101.120,HISTORICAL_OR_SUPERSEDED_TOOL_ALLOWED,"html=html.replace(""const BUILD_DATE = '2026-08-25'; // v101.120 / help information architecture and attribution clarity R1"",""const BUILD_DATE = '2026-08-25'; // v101.121 / four-pass report tooling reconciliation R1"",1)"
scripts/build_v101121_four_pass_report_tooling_reconciliation.py,46,v101.121,HISTORICAL_OR_SUPERSEDED_TOOL_ALLOWED,"html=html.replace(""const BUILD_DATE = '2026-08-25'; // v101.120 / help information architecture and attribution clarity R1"",""const BUILD_DATE = '2026-08-25'; // v101.121 / four-pass report tooling reconciliation R1"",1)"
scripts/build_v101121_four_pass_report_tooling_reconciliation.py,49,v101.120,HISTORICAL_OR_SUPERSEDED_TOOL_ALLOWED,"sw=(ROOT/'sw.js').read_text(encoding='utf-8').replace('/* v101.120 */','/* v101.121 */',1).replace(""const CACHE_NAME = 'luisa-24h-v101-120';"",f""const CACHE_NAME = '{CACHE}';"",1);write(ROOT/'sw.js',sw)"
scripts/build_v101121_four_pass_report_tooling_reconciliation.py,49,v101.121,HISTORICAL_OR_SUPERSEDED_TOOL_ALLOWED,"sw=(ROOT/'sw.js').read_text(encoding='utf-8').replace('/* v101.120 */','/* v101.121 */',1).replace(""const CACHE_NAME = 'luisa-24h-v101-120';"",f""const CACHE_NAME = '{CACHE}';"",1);write(ROOT/'sw.js',sw)"
scripts/build_v101121_four_pass_report_tooling_reconciliation.py,51,v101.120,HISTORICAL_OR_SUPERSEDED_TOOL_ALLOWED,"vj=json.loads((ROOT/'version.json').read_text());vj.update({'app_version':VER,'cache_name':CACHE,'release_scope':'Report/tooling-only successor: repairs obsolete independent-prefreeze assumptions, replaces generic active-report line presence checks with direct line evidence bindings, adds semantic stale-assumption scanning, and packages the actual current build/audit tooling. Help content, corpus, speech/presentation data, topology, storage schema and reader/highlighting logic are unchanged from"
scripts/build_v101121_four_pass_report_tooling_reconciliation.py,51,v101.121,HISTORICAL_OR_SUPERSEDED_TOOL_ALLOWED,"vj=json.loads((ROOT/'version.json').read_text());vj.update({'app_version':VER,'cache_name':CACHE,'release_scope':'Report/tooling-only successor: repairs obsolete independent-prefreeze assumptions, replaces generic active-report line presence checks with direct line evidence bindings, adds semantic stale-assumption scanning, and packages the actual current build/audit tooling. Help content, corpus, speech/presentation data, topology, storage schema and reader/highlighting logic are unchanged from"
scripts/build_v101121_four_pass_report_tooling_reconciliation.py,52,v101.120,HISTORICAL_OR_SUPERSEDED_TOOL_ALLOWED,"write(ROOT/'README.md',f'''# Les 24 Heures de la Passion — {VER}\n\nStage: `{STAGE}`\n\nImmutable baseline: v101.120 / `{BASE_SHA}`.\n\nThis successor changes **release identity, audit/report tooling and current evidence reports only**. The v101.120 Help content and all reader/corpus behaviour are preserved.\n\nProtected and byte-identical to v101.120 inside the app HTML: the fourteen governed declarations, the complete `showHelp()` function, paragraph IDs/order, corpus text, speech semantics, p"
scripts/build_v101121_four_pass_report_tooling_reconciliation.py,52,v101.120,HISTORICAL_OR_SUPERSEDED_TOOL_ALLOWED,"write(ROOT/'README.md',f'''# Les 24 Heures de la Passion — {VER}\n\nStage: `{STAGE}`\n\nImmutable baseline: v101.120 / `{BASE_SHA}`.\n\nThis successor changes **release identity, audit/report tooling and current evidence reports only**. The v101.120 Help content and all reader/corpus behaviour are preserved.\n\nProtected and byte-identical to v101.120 inside the app HTML: the fourteen governed declarations, the complete `showHelp()` function, paragraph IDs/order, corpus text, speech semantics, p"
scripts/build_v101121_four_pass_report_tooling_reconciliation.py,52,v101.120,HISTORICAL_OR_SUPERSEDED_TOOL_ALLOWED,"write(ROOT/'README.md',f'''# Les 24 Heures de la Passion — {VER}\n\nStage: `{STAGE}`\n\nImmutable baseline: v101.120 / `{BASE_SHA}`.\n\nThis successor changes **release identity, audit/report tooling and current evidence reports only**. The v101.120 Help content and all reader/corpus behaviour are preserved.\n\nProtected and byte-identical to v101.120 inside the app HTML: the fourteen governed declarations, the complete `showHelp()` function, paragraph IDs/order, corpus text, speech semantics, p"
scripts/build_v101121_four_pass_report_tooling_reconciliation.py,55,v101.120,HISTORICAL_OR_SUPERSEDED_TOOL_ALLOWED,"write(ROOT/'metadata/scope_escalation_authority.md',f'''# Scope authority — {VER}\n\nCurrent stage: `{STAGE}`.\n\nThe immutable v101.120 ZIP `{BASE_SHA}` is the executable baseline. Authorized app mutation is restricted to release identity (`APP_VERSION`, `APP_EVIDENCE_STAGE`, build comment, service-worker cache identity, manifest/version metadata) plus audit/report/tooling files. `showHelp()`, corpus, speech data, presentation projection/adjudication, display segmentation, paragraph topology, s"
scripts/build_v101121_four_pass_report_tooling_reconciliation.py,77,v101.121,HISTORICAL_OR_SUPERSEDED_TOOL_ALLOWED,"rev=html.replace(""const APP_VERSION = 'v101.121';"",""const APP_VERSION = 'v101.120';"",1).replace(f""const APP_EVIDENCE_STAGE = '{STAGE}';"",""const APP_EVIDENCE_STAGE = 'HELP_INFORMATION_ARCHITECTURE_AND_ATTRIBUTION_CLARITY_R1';"",1).replace(""const BUILD_DATE = '2026-08-25'; // v101.121 / four-pass report tooling reconciliation R1"",""const BUILD_DATE = '2026-08-25'; // v101.120 / help information architecture and attribution clarity R1"",1)"
scripts/build_v101121_four_pass_report_tooling_reconciliation.py,77,v101.120,HISTORICAL_OR_SUPERSEDED_TOOL_ALLOWED,"rev=html.replace(""const APP_VERSION = 'v101.121';"",""const APP_VERSION = 'v101.120';"",1).replace(f""const APP_EVIDENCE_STAGE = '{STAGE}';"",""const APP_EVIDENCE_STAGE = 'HELP_INFORMATION_ARCHITECTURE_AND_ATTRIBUTION_CLARITY_R1';"",1).replace(""const BUILD_DATE = '2026-08-25'; // v101.121 / four-pass report tooling reconciliation R1"",""const BUILD_DATE = '2026-08-25'; // v101.120 / help information architecture and attribution clarity R1"",1)"
scripts/build_v101121_four_pass_report_tooling_reconciliation.py,77,v101.121,HISTORICAL_OR_SUPERSEDED_TOOL_ALLOWED,"rev=html.replace(""const APP_VERSION = 'v101.121';"",""const APP_VERSION = 'v101.120';"",1).replace(f""const APP_EVIDENCE_STAGE = '{STAGE}';"",""const APP_EVIDENCE_STAGE = 'HELP_INFORMATION_ARCHITECTURE_AND_ATTRIBUTION_CLARITY_R1';"",1).replace(""const BUILD_DATE = '2026-08-25'; // v101.121 / four-pass report tooling reconciliation R1"",""const BUILD_DATE = '2026-08-25'; // v101.120 / help information architecture and attribution clarity R1"",1)"
scripts/build_v101121_four_pass_report_tooling_reconciliation.py,77,v101.120,HISTORICAL_OR_SUPERSEDED_TOOL_ALLOWED,"rev=html.replace(""const APP_VERSION = 'v101.121';"",""const APP_VERSION = 'v101.120';"",1).replace(f""const APP_EVIDENCE_STAGE = '{STAGE}';"",""const APP_EVIDENCE_STAGE = 'HELP_INFORMATION_ARCHITECTURE_AND_ATTRIBUTION_CLARITY_R1';"",1).replace(""const BUILD_DATE = '2026-08-25'; // v101.121 / four-pass report tooling reconciliation R1"",""const BUILD_DATE = '2026-08-25'; // v101.120 / help information architecture and attribution clarity R1"",1)"
scripts/build_v101121_four_pass_report_tooling_reconciliation.py,82,v101.120,HISTORICAL_OR_SUPERSEDED_TOOL_ALLOWED,"write(ROOT/'reports/build_script_vs_files_audit.md',f'''# Build script vs files audit — {VER}\n\n**PASS**\n\n- Baseline ZIP SHA-256: `{BASE_SHA}` — verified.\n- Baseline HTML SHA-256: `{BASE_HTML_SHA}` — verified.\n- Authorized reverse-diff to v101.120 HTML: PASS.\n- Protected declarations: 14/14 byte-identical.\n- `showHelp()` function: byte-identical to v101.120.\n- Obsolete v101.120 independent-prefreeze checker: removed from current tooling and retained only under `scripts/historical/`.\n- C"
scripts/build_v101121_four_pass_report_tooling_reconciliation.py,82,v101.120,HISTORICAL_OR_SUPERSEDED_TOOL_ALLOWED,"write(ROOT/'reports/build_script_vs_files_audit.md',f'''# Build script vs files audit — {VER}\n\n**PASS**\n\n- Baseline ZIP SHA-256: `{BASE_SHA}` — verified.\n- Baseline HTML SHA-256: `{BASE_HTML_SHA}` — verified.\n- Authorized reverse-diff to v101.120 HTML: PASS.\n- Protected declarations: 14/14 byte-identical.\n- `showHelp()` function: byte-identical to v101.120.\n- Obsolete v101.120 independent-prefreeze checker: removed from current tooling and retained only under `scripts/historical/`.\n- C"
scripts/build_v101121_four_pass_report_tooling_reconciliation.py,82,v101.120,HISTORICAL_OR_SUPERSEDED_TOOL_ALLOWED,"write(ROOT/'reports/build_script_vs_files_audit.md',f'''# Build script vs files audit — {VER}\n\n**PASS**\n\n- Baseline ZIP SHA-256: `{BASE_SHA}` — verified.\n- Baseline HTML SHA-256: `{BASE_HTML_SHA}` — verified.\n- Authorized reverse-diff to v101.120 HTML: PASS.\n- Protected declarations: 14/14 byte-identical.\n- `showHelp()` function: byte-identical to v101.120.\n- Obsolete v101.120 independent-prefreeze checker: removed from current tooling and retained only under `scripts/historical/`.\n- C"
scripts/build_v101121_four_pass_report_tooling_reconciliation.py,92,v101.121,HISTORICAL_OR_SUPERSEDED_TOOL_ALLOWED,"helpfrag=funblock(html,'showHelp','showProvenance');checks={'sections_12':helpfrag.count('class=""help-section""')==12,'rows_36':helpfrag.count('class=""help-row""')==36,'quick_links_9':helpfrag.count('class=""help-quick-btn""')==9,'practice_first_quick':helpfrag.find(""helpJumpTo('help-practice')"")<helpfrag.find(""helpJumpTo('help-reading')""),'semantic_vs_visual_explained':'sans être attribuée' in helpfrag,'stale_highlight_not_corpus_doubt':'Cela ne signifie pas que le texte de Luisa est signalé comme "
scripts/build_v101121_four_pass_report_tooling_reconciliation.py,94,v101.121,HISTORICAL_OR_SUPERSEDED_TOOL_ALLOWED,"mc={'index_equals_luisa':(ROOT/'index.html').read_bytes()==(ROOT/'luisa_24_heures.html').read_bytes(),'html_app_version':""const APP_VERSION = 'v101.121';"" in html,'html_stage':f""const APP_EVIDENCE_STAGE = '{STAGE}';"" in html,'version_json':json.loads((ROOT/'version.json').read_text())['app_version']==VER,'manifest_version':json.loads((ROOT/'manifest.json').read_text())['version']==VER,'sw_cache':CACHE in (ROOT/'sw.js').read_text(),'readme_title':f'— {VER}' in (ROOT/'README.md').read_text(),'stor"
scripts/build_v101121_four_pass_report_tooling_reconciliation.py,94,v101.121,HISTORICAL_OR_SUPERSEDED_TOOL_ALLOWED,"mc={'index_equals_luisa':(ROOT/'index.html').read_bytes()==(ROOT/'luisa_24_heures.html').read_bytes(),'html_app_version':""const APP_VERSION = 'v101.121';"" in html,'html_stage':f""const APP_EVIDENCE_STAGE = '{STAGE}';"" in html,'version_json':json.loads((ROOT/'version.json').read_text())['app_version']==VER,'manifest_version':json.loads((ROOT/'manifest.json').read_text())['version']==VER,'sw_cache':CACHE in (ROOT/'sw.js').read_text(),'readme_title':f'— {VER}' in (ROOT/'README.md').read_text(),'stor"
scripts/build_v101121_four_pass_report_tooling_reconciliation.py,96,v101.117,HISTORICAL_OR_SUPERSEDED_TOOL_ALLOWED,"fixes=[['RPT-121-001','Obsolete packaged independent prefreeze checker','current path contained v101.117-era QA/release-scope assumptions','moved to scripts/historical; replaced by v101.121 independently implemented checker','PASS'],['RPT-121-002','Independent prefreeze report provenance','same finalizer generated both first-party and “independent” prefreeze report','separate packaged auditor implementation produces independent report','PASS'],['RPT-121-003','Active report line audit','generic p"
scripts/build_v101121_four_pass_report_tooling_reconciliation.py,96,v101.121,HISTORICAL_OR_SUPERSEDED_TOOL_ALLOWED,"fixes=[['RPT-121-001','Obsolete packaged independent prefreeze checker','current path contained v101.117-era QA/release-scope assumptions','moved to scripts/historical; replaced by v101.121 independently implemented checker','PASS'],['RPT-121-002','Independent prefreeze report provenance','same finalizer generated both first-party and “independent” prefreeze report','separate packaged auditor implementation produces independent report','PASS'],['RPT-121-003','Active report line audit','generic p"
scripts/build_v101121_four_pass_report_tooling_reconciliation.py,96,v101.120,HISTORICAL_OR_SUPERSEDED_TOOL_ALLOWED,"fixes=[['RPT-121-001','Obsolete packaged independent prefreeze checker','current path contained v101.117-era QA/release-scope assumptions','moved to scripts/historical; replaced by v101.121 independently implemented checker','PASS'],['RPT-121-002','Independent prefreeze report provenance','same finalizer generated both first-party and “independent” prefreeze report','separate packaged auditor implementation produces independent report','PASS'],['RPT-121-003','Active report line audit','generic p"
scripts/build_v101121_four_pass_report_tooling_reconciliation.py,96,v101.121,HISTORICAL_OR_SUPERSEDED_TOOL_ALLOWED,"fixes=[['RPT-121-001','Obsolete packaged independent prefreeze checker','current path contained v101.117-era QA/release-scope assumptions','moved to scripts/historical; replaced by v101.121 independently implemented checker','PASS'],['RPT-121-002','Independent prefreeze report provenance','same finalizer generated both first-party and “independent” prefreeze report','separate packaged auditor implementation produces independent report','PASS'],['RPT-121-003','Active report line audit','generic p"
scripts/build_v101121_four_pass_report_tooling_reconciliation.py,104,v101.121,HISTORICAL_OR_SUPERSEDED_TOOL_ALLOWED,"write(E/'REPORT_CLAIMS_AUDIT.json',json.dumps({'status':'PASS','claims_pass':len(claims),'claims_fail':0,'claims':[{'claim':n,'status':'PASS','evidence':e} for n,o,e in claims]},indent=2)+'\n');write(ROOT/'reports/report_claims_vs_evidence_audit.md','# Report claims vs evidence audit — v101.121\n\n**PASS**\n\n'+''.join(f'- {n}: PASS — `{e}`\n' for n,o,e in claims)+'\nNo current report claims physical-device/live-origin proof.\n')"
scripts/build_v101121_four_pass_report_tooling_reconciliation.py,109,v101.120,HISTORICAL_OR_SUPERSEDED_TOOL_ALLOWED,"write(ROOT/'metadata/build_provenance.json',json.dumps({'version':VER,'stage':STAGE,'build_date':'2026-08-25','baseline_version':'v101.120','baseline_role':'IMMUTABLE_BASELINE','baseline_zip_sha256':BASE_SHA,'baseline_html_sha256':BASE_HTML_SHA,'candidate_html_sha256':sha_b(html.encode()),'authorized_app_mutations':['APP_VERSION','APP_EVIDENCE_STAGE','BUILD_DATE comment','service-worker cache identity','release metadata'],'help_function_unchanged':True,'protected_declarations_unchanged':14,'tool"
scripts/build_v101121_four_pass_report_tooling_reconciliation.py,122,v101.120,HISTORICAL_OR_SUPERSEDED_TOOL_ALLOWED,  elif rel=='reports/build_script_vs_files_audit.md' and ('v101.120' in line or 'v101-120' in line or 'v101120' in line):
scripts/build_v101121_four_pass_report_tooling_reconciliation.py,125,v101.120,HISTORICAL_OR_SUPERSEDED_TOOL_ALLOWED,   if 'v101.120' in line or 'v101-120' in line or 'v101120' in line: cls='BUILD_BASELINE_REFERENCE_ALLOWED'
scripts/build_v101121_four_pass_report_tooling_reconciliation.py,126,v101.119,HISTORICAL_OR_SUPERSEDED_TOOL_ALLOWED,   elif 'v101.119' in line or 'v101-119' in line or 'v101119' in line: cls='REUSED_TOOL_REFERENCE_ALLOWED'
scripts/build_v101121_four_pass_report_tooling_reconciliation.py,127,v101.112,HISTORICAL_OR_SUPERSEDED_TOOL_ALLOWED,   elif ('v101.112' in line or 'v101112' in line) and ('elif rel==' in line or 'v101112_user_fixes_preserved' in line): cls='STALE_SCANNER_POLICY_CODE_ALLOWED'
scripts/build_v101121_four_pass_report_tooling_reconciliation.py,129,v101.120,HISTORICAL_OR_SUPERSEDED_TOOL_ALLOWED,"  elif ('v101.120' in line or 'v101-120' in line or 'v101120' in line) and rel in {'README.md','metadata/scope_escalation_authority.md','metadata/build_provenance.json','version.json'}:"
scripts/build_v101121_four_pass_report_tooling_reconciliation.py,131,v101.120,HISTORICAL_OR_SUPERSEDED_TOOL_ALLOWED,"  elif rel.startswith('scripts/run_v101121_') and ('v101.120' in line or 'v101-120' in line or 'v101120' in line) and any(k in line.lower() for k in ['baseline','unchanged','base_zip','v101.120']):"
scripts/build_v101121_four_pass_report_tooling_reconciliation.py,131,v101.120,HISTORICAL_OR_SUPERSEDED_TOOL_ALLOWED,"  elif rel.startswith('scripts/run_v101121_') and ('v101.120' in line or 'v101-120' in line or 'v101120' in line) and any(k in line.lower() for k in ['baseline','unchanged','base_zip','v101.120']):"
scripts/build_v101121_four_pass_report_tooling_reconciliation.py,133,v101.119,HISTORICAL_OR_SUPERSEDED_TOOL_ALLOWED,  elif rel.startswith('scripts/run_v101121_') and ('v101.119' in line or 'v101-119' in line or 'v101119' in line) and ('run_v101119_' in line):
scripts/build_v101121_four_pass_report_tooling_reconciliation.py,135,v101.119,HISTORICAL_OR_SUPERSEDED_TOOL_ALLOWED,  elif rel=='scripts/run_independent_prefreeze_audit_v101121.py' and ('v101.119' in line or 'v101119' in line) and 'current_tooling_inventory_complete' in line:
scripts/build_v101121_four_pass_report_tooling_reconciliation.py,137,v101.112,HISTORICAL_OR_SUPERSEDED_TOOL_ALLOWED,  elif rel=='scripts/run_v101121_independent_runtime_smoke.py' and ('v101.112' in line or 'v101112' in line) and ('HOUR.22' in line or 'réprouvés' in line):
scripts/build_v101121_four_pass_report_tooling_reconciliation.py,139,v101.112,HISTORICAL_OR_SUPERSEDED_TOOL_ALLOWED,  elif rel=='scripts/build_v101121_four_pass_report_tooling_reconciliation.py' and ('v101.112' in line or 'v101112' in line) and 'v101112_user_fixes_preserved' in line:
scripts/build_v101121_four_pass_report_tooling_reconciliation.py,143,v101.119,HISTORICAL_OR_SUPERSEDED_TOOL_ALLOWED,"  elif rel in {'index.html','luisa_24_heures.html'} and 'v101.119 quoted-span closure' in line:"
scripts/build_v101121_four_pass_report_tooling_reconciliation.py,165,v101.120,HISTORICAL_OR_SUPERSEDED_TOOL_ALLOWED,"write(ROOT/'metadata/build_provenance.json',json.dumps({'version':VER,'stage':STAGE,'build_date':'2026-08-25','baseline_version':'v101.120','baseline_role':'IMMUTABLE_BASELINE','baseline_zip_sha256':BASE_SHA,'baseline_html_sha256':BASE_HTML_SHA,'candidate_html_sha256':sha_b(html.encode()),'authorized_app_mutations':['APP_VERSION','APP_EVIDENCE_STAGE','BUILD_DATE comment','service-worker cache identity','release metadata'],'help_function_unchanged':True,'protected_declarations_unchanged':14,'tool"
scripts/build_v101121_four_pass_report_tooling_reconciliation.py,167,v101.120,HISTORICAL_OR_SUPERSEDED_TOOL_ALLOWED,"write(ROOT/'reports/four_pass_deep_audit.md',f'''# {VER} four-pass deep audit\n\n**PASS_PREFREEZE**\n\n## Pass 1 — files vs build script\n- Baseline ZIP hash: PASS — `{BASE_SHA}`.\n- Authorized HTML reverse-diff: PASS.\n- Protected declarations: 14/14 byte-identical.\n- `showHelp()` function: byte-identical to v101.120.\n- Current packaged build/audit tooling inventory: PASS.\n\n## Pass 2 — runtime/package behaviour\n- Help browser: {help_browser['pass']}/{help_browser['total']} PASS.\n- Broad C"
scripts/build_v101121_four_pass_report_tooling_reconciliation.py,167,v101.120,HISTORICAL_OR_SUPERSEDED_TOOL_ALLOWED,"write(ROOT/'reports/four_pass_deep_audit.md',f'''# {VER} four-pass deep audit\n\n**PASS_PREFREEZE**\n\n## Pass 1 — files vs build script\n- Baseline ZIP hash: PASS — `{BASE_SHA}`.\n- Authorized HTML reverse-diff: PASS.\n- Protected declarations: 14/14 byte-identical.\n- `showHelp()` function: byte-identical to v101.120.\n- Current packaged build/audit tooling inventory: PASS.\n\n## Pass 2 — runtime/package behaviour\n- Help browser: {help_browser['pass']}/{help_browser['total']} PASS.\n- Broad C"
scripts/build_v101122_hour24_end_of_cycle.py,17,v101.121,IMMUTABLE_BASELINE_REFERENCE_ALLOWED," s=s.replace(""const BUILD_DATE = '2026-08-25'; // v101.121 / four-pass report tooling reconciliation R1"",""const BUILD_DATE = '2026-08-25'; // v101.122 / Hour-24 end-of-cycle state and action hierarchy R1"",1)"
scripts/build_v101122_hour24_end_of_cycle.py,19,v101.121,IMMUTABLE_BASELINE_REFERENCE_ALLOWED,"sw=(OUT/'sw.js').read_text(encoding='utf-8').replace('/* v101.121 */','/* v101.122 */',1).replace(""const CACHE_NAME = 'luisa-24h-v101-121';"",f""const CACHE_NAME = '{CACHE}';"",1);(OUT/'sw.js').write_text(sw,encoding='utf-8')"
scripts/build_v101122_hour24_end_of_cycle.py,22,v101.121,IMMUTABLE_BASELINE_REFERENCE_ALLOWED,"readme=f'''# Les 24 Heures de la Passion — {VER}\n\nStage: `{STAGE}`\n\nImmutable baseline: v101.121 / `{EXPECTED}`.\n\nThis narrow successor changes the end-of-Hour/end-of-cycle reader UX and mechanically required release/evidence bindings only. Hour 24 now retains `Réflexion et pratique`, `Approfondir` and `Revenir au début`; cycle completion is driven by canonical `24/24` Méditée state rather than merely reaching Hour 24.\n\nProtected and unchanged from v101.121: canonical corpus text, the fo"
scripts/build_v101122_hour24_end_of_cycle.py,22,v101.121,IMMUTABLE_BASELINE_REFERENCE_ALLOWED,"readme=f'''# Les 24 Heures de la Passion — {VER}\n\nStage: `{STAGE}`\n\nImmutable baseline: v101.121 / `{EXPECTED}`.\n\nThis narrow successor changes the end-of-Hour/end-of-cycle reader UX and mechanically required release/evidence bindings only. Hour 24 now retains `Réflexion et pratique`, `Approfondir` and `Revenir au début`; cycle completion is driven by canonical `24/24` Méditée state rather than merely reaching Hour 24.\n\nProtected and unchanged from v101.121: canonical corpus text, the fo"
scripts/historical/EXECUTION_SPEC_v101111.md,1,v101.111,HISTORICAL_OR_SUPERSEDED_TOOL_ALLOWED,# v101.111 RA19E.2 execution specification
scripts/patch_v101122_items.py,173,v101.121,IMMUTABLE_BASELINE_REFERENCE_ALLOWED," txt=txt.replace(""const APP_VERSION = 'v101.121';"",""const APP_VERSION = 'v101.122';"")"
scripts/run_m3_chromium_runtime_matrix.py,80,v101.111,HISTORICAL_OR_SUPERSEDED_TOOL_ALLOWED,"        allrows.append({'viewport':label,'gate':'G19','test':'APP_VERSION','target':'global','status':'PASS' if version=='v101.111' else 'FAIL','evidence':version})"
scripts/run_m3_independent_renderer_recheck.py,108,v101.111,HISTORICAL_OR_SUPERSEDED_TOOL_ALLOWED,"      add(label,'G19','APP_VERSION','global',meta['version']=='v101.111',meta['version'])"
scripts/run_v101114_independent_prefreeze_audit.py,29,v101.113,HISTORICAL_OR_SUPERSEDED_TOOL_ALLOWED,"qa=(TREE/'REAL_DEVICE_QA_CHECKLIST.md').read_text();qt=(TREE/'REAL_DEVICE_QA_RESULTS_TEMPLATE.csv').read_text();ck('qa_checklist_current',VERSION in qa and 'v101.113' not in qa.splitlines()[0]);qrows=list(csv.DictReader(qt.splitlines()));ck('qa_template_21',len(qrows)==21 and all(r['app_version']==VERSION for r in qrows),len(qrows))"
scripts/run_v101119_quoted_span_fixed_point.py,318,v101.119,REUSED_VALIDATED_TOOL_LINEAGE_ALLOWED," 'PASSION24.TEXT.RELATED_HOUR_22.BODY.P090':[{'start':217,'end':238,'semantic_speaker':'GENERIC_SOUL','presentation_speaker':'JESUS','quotation_depth':1,'reason':'v101.119 quoted-span closure: governing handover identifies source-supported GENERIC_SOUL nested speech inside active JESUS turn; canonical text and raw SPEECH_DATA remain unchanged.'}],"
scripts/run_v101119_quoted_span_fixed_point.py,319,v101.119,REUSED_VALIDATED_TOOL_LINEAGE_ALLOWED," 'PASSION24.HOUR.24.DESOL.P033':[{'start':1,'end':163,'semantic_speaker':'PERSONIFIED_VOICE','presentation_speaker':'MARY','quotation_depth':2,'reason':'v101.119 quoted-span closure: P032 says the remembered arrows ""me disent"" and P033 is their quoted voice inside the continuing MARY turn; semantic voice remains distinct while MARY governs display.'}]"
scripts/run_v101119_quoted_span_fixed_point.py,364,v101.119,REUSED_VALIDATED_TOOL_LINEAGE_ALLOWED,"lines=['# v101.119 M1 — QUOTED_SPAN_PRESENTATION_CLOSURE_R1 evidence fixed point','',f""Baseline HTML SHA-256: `{summary['baseline_html_sha256']}`"",f""Presentation-relevant quoted spans derived dynamically: **{len(ledger)}**"",f""Scanner A defects: **{len(ADEF)}**"",f""Scanner B defects: **{len(BDEF)}**"",f""Independent convergence: **{'PASS' if a_set==b_set else 'FAIL'}**"",f""Hidden ranges checked: **{hidden_ranges}**; lexical-text hiding violations: **{len(hidden_bad)}**"",'',f""## Fixed-point decision: "
scripts/run_v101120_help_browser_matrix.py,5,v101.120,HISTORICAL_OR_SUPERSEDED_TOOL_ALLOWED,HTML=Path(sys.argv[1]).read_text(encoding='utf-8'); OUT=Path(sys.argv[2]); VERSION='v101.120'; STAGE='HELP_INFORMATION_ARCHITECTURE_AND_ATTRIBUTION_CLARITY_R1'
scripts/run_v101121_help_browser_matrix.py,5,v101.121,HISTORICAL_OR_SUPERSEDED_TOOL_ALLOWED,HTML=Path(sys.argv[1]).read_text(encoding='utf-8'); OUT=Path(sys.argv[2]); VERSION='v101.121'; STAGE='FOUR_PASS_REPORT_TOOLING_RECONCILIATION_R1'
scripts/run_v101121_independent_reopen_audit.py,36,v101.120,HISTORICAL_OR_SUPERSEDED_TOOL_ALLOWED,# Help block unchanged to v101.120 baseline
sw.js,19,v101.53,INHERITED_IMPLEMENTATION_LINEAGE_COMMENT_ALLOWED,"/* v101.53 FINDING-01 fix: cache.addAll() fetches with the DEFAULT cache mode, which consults the"
sw.js,35,v101.7,INHERITED_IMPLEMENTATION_LINEAGE_COMMENT_ALLOWED,"self.addEventListener('fetch', event => { if(event.request.method!=='GET') return; if(event.request.url.includes('version.json')) return; event.respondWith((async()=>{ const cache=await caches.open(CACHE_NAME); const cached=await cache.match(event.request, {ignoreSearch:true}); if(cached) return cached; try { const response=await fetch(event.request); if(response&&response.status===200&&response.type!=='opaque') { await cache.put(event.request,response.clone()); await trimCache(cache); } return "
