candidate_id,r5_record_id,hour,layer,current_text,italian_r3_source,italian_r3_anchor,classification,operation,proposed_french,decision_basis,corroborating_controls,confidence,h23_h24_recension_boundary_flag,second_review,notes,aflp27_status,aflp27_evidence,aflp27_source,r4_operation,r4_proposed_french,final_status,final_operation,final_proposed_french,r4_to_final_change,adversarial_rationale,preservation_requirement
C0001,PASSION24.HOUR.01.P005,1,MEDITATION,"Me dédaigneras-tu ? N’est-ce pas plutôt un réconfort pour ton Cœur d’avoir une âme unie à toi pour partager tes Afflictions et tes Réparations ! Ô Jésus, en cette heure si navrante pour ton Cœur infiniment tendre, quel Enseignement nous donnes-Tu d’obéissance filiale et amoureuse à ta Maman !",H01_MEDITATION,"le pene, gli affetti, le riparazioni",OMISSION,REPLACE_RECORD,"Me dédaigneras-tu ? N’est-ce pas plutôt un réconfort pour ton Cœur d’avoir une âme unie à toi pour partager tes Afflictions, tes Affections et tes Réparations ! Ô Jésus, en cette heure si navrante pour ton Cœur infiniment tendre, quel Enseignement nous donnes-Tu d’obéissance filiale et amoureuse à ta Maman !",Italian R3 explicitly has pene + affetti + riparazioni.,AFLP-27 H01 available; consistent with fuller triad.; AFLP-27 H01-H05 verified photographic transcription,HIGH,NO,PASS,,PARTIAL_CORROBORATION,AFLP-27 preserves a three-part list at the locus but renders Italian « affetti » as « douleurs »; the exact lexical correction continues to rest on governing Italian R3.,AFLP27_H01_H05,REPLACE_RECORD,"Me dédaigneras-tu ? N’est-ce pas plutôt un réconfort pour ton Cœur d’avoir une âme unie à toi pour partager tes Afflictions, tes Affections et tes Réparations ! Ô Jésus, en cette heure si navrante pour ton Cœur infiniment tendre, quel Enseignement nous donnes-Tu d’obéissance filiale et amoureuse à ta Maman !",ACCEPT_FOR_AUTHORIZATION,REPLACE_RECORD,"Me dédaigneras-tu ? N’est-ce pas plutôt un réconfort pour ton Cœur d’avoir une âme unie à toi pour partager tes Afflictions, tes Affections et tes Réparations ! Ô Jésus, en cette heure si navrante pour ton Cœur infiniment tendre, quel Enseignement nous donnes-Tu d’obéissance filiale et amoureuse à ta Maman !",UNCHANGED,R4 row survived final adversarial review unchanged: exact R5 target verified; Italian direction retained; AFLP control considered; no material French or governance defect found.,NONE_BEYOND_NORMAL_AUDIT_EVIDENCE
C0002,PASSION24.HOUR.01.P013,1,MEDITATION,"Toutes ces bénédictions, tu les offres à Jésus en réparation des blasphèmes qu’Il reçoit des créatures.",H01_MEDITATION,bestemmie e maledizioni,OMISSION,REPLACE_RECORD,"Toutes ces bénédictions, tu les offres à Jésus en réparation des blasphèmes et des malédictions qu’Il reçoit des créatures.",Italian R3 explicitly includes both blasphemies and curses.,AFLP-27 H01 corroborative.; AFLP-27 H01-H05 verified photographic transcription,HIGH,NO,PASS,,CORROBORATES,AFLP-27 explicitly reads « blasphèmes et les malédictions ».,AFLP27_H01_H05,REPLACE_RECORD,"Toutes ces bénédictions, tu les offres à Jésus en réparation des blasphèmes et des malédictions qu’Il reçoit des créatures.",ACCEPT_FOR_AUTHORIZATION,REPLACE_RECORD,"Toutes ces bénédictions, tu les offres à Jésus en réparation des blasphèmes et des malédictions qu’Il reçoit des créatures.",UNCHANGED,R4 row survived final adversarial review unchanged: exact R5 target verified; Italian direction retained; AFLP control considered; no material French or governance defect found.,NONE_BEYOND_NORMAL_AUDIT_EVIDENCE
C0003,PASSION24.HOUR.01.P021,1,MEDITATION,"Tandis que Vous Vous embrasserez, que Vous Vous donnerez vos derniers Regards, vos derniers Baisers, alors, comme moi je serai entre vos deux Cœurs, que je reçoive ces derniers Baisers, ces derniers Embrassements. Ne voyez-Vous pas que je ne puis être sans Vous ?",H01_MEDITATION,malgrado la mia miseria e la mia freddezza,OMISSION,REPLACE_RECORD,"Tandis que Vous Vous embrasserez, que Vous Vous donnerez vos derniers Regards, vos derniers Baisers, alors, comme moi je serai entre vos deux Cœurs, que je reçoive ces derniers Baisers, ces derniers Embrassements. Ne voyez-Vous pas que je ne puis être sans Vous, malgré ma misère et ma froideur ?",Closing qualifying clause omitted in R5.,AFLP-27 H01-H05 verified photographic transcription,HIGH,NO,PASS,,CORROBORATES,AFLP-27 preserves the missing closing qualification « malgré ma misère et mon indifférence »; Italian R3 governs exact « freddezza »/froideur.,AFLP27_H01_H05,REPLACE_RECORD,"Tandis que Vous Vous embrasserez, que Vous Vous donnerez vos derniers Regards, vos derniers Baisers, alors, comme moi je serai entre vos deux Cœurs, que je reçoive ces derniers Baisers, ces derniers Embrassements. Ne voyez-Vous pas que je ne puis être sans Vous, malgré ma misère et ma froideur ?",ACCEPT_FOR_AUTHORIZATION,REPLACE_RECORD,"Tandis que Vous Vous embrasserez, que Vous Vous donnerez vos derniers Regards, vos derniers Baisers, alors, comme moi je serai entre vos deux Cœurs, que je reçoive ces derniers Baisers, ces derniers Embrassements. Ne voyez-Vous pas que je ne puis être sans Vous, malgré ma misère et ma froideur ?",UNCHANGED,R4 row survived final adversarial review unchanged: exact R5 target verified; Italian direction retained; AFLP control considered; no material French or governance defect found.,NONE_BEYOND_NORMAL_AUDIT_EVIDENCE
C0004,PASSION24.HOUR.01.P024,1,MEDITATION,"Ô Jésus, avec ta Maman, je donne un baiser à ton Pied gauche, en Te priant de me pardonner et de pardonner à toutes les créatures pour toutes les fois que nous avons refusé de cheminer vers Dieu. Gloire au Père,…",H01_MEDITATION,bacio,EDITORIAL_DEVOTIONAL_INSERTION,TRIM_RECORD,"Ô Jésus, avec ta Maman, je donne un baiser à ton Pied gauche, en Te priant de me pardonner et de pardonner à toutes les créatures pour toutes les fois que nous avons refusé de cheminer vers Dieu.",Italian R3 has the underlying kiss/reparation text but no doxology; AFLP-27 prints the doxology as bracketed devotional material.,AFLP-27 H01: bracketed Gloire au Père confirms paratext.; AFLP-27 H01-H05 verified photographic transcription,HIGH,NO,PASS,,CORROBORATES_EDITORIAL_STATUS,AFLP-27 prints the Gloire au Père formula in square brackets after the left-foot prayer.,AFLP27_H01_H05,TRIM_RECORD,"Ô Jésus, avec ta Maman, je donne un baiser à ton Pied gauche, en Te priant de me pardonner et de pardonner à toutes les créatures pour toutes les fois que nous avons refusé de cheminer vers Dieu.",ACCEPT_FOR_AUTHORIZATION,TRIM_RECORD,"Ô Jésus, avec ta Maman, je donne un baiser à ton Pied gauche, en Te priant de me pardonner et de pardonner à toutes les créatures pour toutes les fois que nous avons refusé de cheminer vers Dieu.",UNCHANGED,R4 row survived final adversarial review unchanged: exact R5 target verified; Italian direction retained; AFLP control considered; no material French or governance defect found.,PRESERVE_REMOVED_SPAN_IN_EVIDENCE/APPARATUS; DO_NOT TREAT AS CORRUPTION
C0005,PASSION24.HOUR.01.P025,1,MEDITATION,"Je donne un baiser à ton Pied droit. Pardonne-moi et pardonne à toutes les créatures toutes les fois que nous n’avons pas poursuivi la sainteté que Tu voulais pour nous. Gloire au Père,…",H01_MEDITATION,bacio,EDITORIAL_DEVOTIONAL_INSERTION,TRIM_RECORD,Je donne un baiser à ton Pied droit. Pardonne-moi et pardonne à toutes les créatures toutes les fois que nous n’avons pas poursuivi la sainteté que Tu voulais pour nous.,Italian R3 has the underlying kiss/reparation text but no doxology; AFLP-27 prints the doxology as bracketed devotional material.,AFLP-27 H01: bracketed Gloire au Père confirms paratext.; AFLP-27 H01-H05 verified photographic transcription,HIGH,NO,PASS,,CORROBORATES_EDITORIAL_STATUS,AFLP-27 prints the Gloire au Père formula in square brackets after the right-foot prayer.,AFLP27_H01_H05,TRIM_RECORD,Je donne un baiser à ton Pied droit. Pardonne-moi et pardonne à toutes les créatures toutes les fois que nous n’avons pas poursuivi la sainteté que Tu voulais pour nous.,ACCEPT_FOR_AUTHORIZATION,TRIM_RECORD,Je donne un baiser à ton Pied droit. Pardonne-moi et pardonne à toutes les créatures toutes les fois que nous n’avons pas poursuivi la sainteté que Tu voulais pour nous.,UNCHANGED,R4 row survived final adversarial review unchanged: exact R5 target verified; Italian direction retained; AFLP control considered; no material French or governance defect found.,PRESERVE_REMOVED_SPAN_IN_EVIDENCE/APPARATUS; DO_NOT TREAT AS CORRUPTION
C0006,PASSION24.HOUR.01.P026,1,MEDITATION,"Je donne un baiser à ta Main gauche ; communique-nous ta Pureté. Gloire au Père,…",H01_MEDITATION,bacio,EDITORIAL_DEVOTIONAL_INSERTION,TRIM_RECORD,Je donne un baiser à ta Main gauche ; communique-nous ta Pureté.,Italian R3 has the underlying kiss/reparation text but no doxology; AFLP-27 prints the doxology as bracketed devotional material.,AFLP-27 H01: bracketed Gloire au Père confirms paratext.; AFLP-27 H01-H05 verified photographic transcription,HIGH,NO,PASS,,CORROBORATES_EDITORIAL_STATUS,AFLP-27 prints the Gloire au Père formula in square brackets after the left-hand prayer.,AFLP27_H01_H05,TRIM_RECORD,Je donne un baiser à ta Main gauche ; communique-nous ta Pureté.,ACCEPT_FOR_AUTHORIZATION,TRIM_RECORD,Je donne un baiser à ta Main gauche ; communique-nous ta Pureté.,UNCHANGED,R4 row survived final adversarial review unchanged: exact R5 target verified; Italian direction retained; AFLP control considered; no material French or governance defect found.,PRESERVE_REMOVED_SPAN_IN_EVIDENCE/APPARATUS; DO_NOT TREAT AS CORRUPTION
C0007,PASSION24.HOUR.01.P027,1,MEDITATION,"Je donne un baiser à ta Main droite pour que Tu bénisses toutes mes émotions, mes affections et mes pensées, afin que, valorisées par cette bénédiction, elles deviennent toutes saintes. Et avec moi, bénis aussi toutes les créatures et scelle le salut de leur âme. Gloire au Père,…",H01_MEDITATION,"palpiti, pensieri, affetti",MISTRANSLATION_PLUS_EDITORIAL_INSERTION,REPLACE_RECORD,"Je donne un baiser à ta Main droite pour que Tu bénisses tous mes battements de cœur, mes pensées et mes affections, afin que, valorisés par cette bénédiction, tous deviennent saints. Et avec moi, bénis aussi toutes les créatures et scelle le salut de leur âme.","palpiti = heartbeats, not emotions; doxology absent from R3.",AFLP-27 H01 bracketed doxology corroborates exclusion.; AFLP-27 H01-H05 verified photographic transcription,HIGH,NO,PASS,,CORROBORATES,"AFLP-27 has « battements de cœur, pensées et affections » and prints the following Gloire au Père in brackets.",AFLP27_H01_H05,REPLACE_RECORD,"Je donne un baiser à ta Main droite pour que Tu bénisses tous mes battements de cœur, mes pensées et mes affections, afin que, valorisés par cette bénédiction, tous deviennent saints. Et avec moi, bénis aussi toutes les créatures et scelle le salut de leur âme.",ACCEPT_FOR_AUTHORIZATION,REPLACE_RECORD,"Je donne un baiser à ta Main droite pour que Tu bénisses tous mes battements de cœur, mes pensées et mes affections, afin que, valorisés par cette bénédiction, tous deviennent saints. Et avec moi, bénis aussi toutes les créatures et scelle le salut de leur âme.",UNCHANGED,R4 row survived final adversarial review unchanged: exact R5 target verified; Italian direction retained; AFLP control considered; no material French or governance defect found.,NONE_BEYOND_NORMAL_AUDIT_EVIDENCE
C0008,PASSION24.HOUR.01.P029,1,MEDITATION,"Gloire au Père,…",H01_MEDITATION,,EDITORIAL_PARATEXT,DELETE_FROM_CANONICAL_LAYER,∅,Standalone doxology absent from Italian R3 meditation.,AFLP-27 H01 presents the devotional doxology separately/bracketed.; AFLP-27 H01-H05 verified photographic transcription,HIGH,NO,PASS,,CORROBORATES_EDITORIAL_STATUS,The verified H1 transcription has no standalone Gloire au Père after the final Heart paragraph; R5 P029 is extra paratext.,AFLP27_H01_H05,DELETE_FROM_CANONICAL_LAYER,∅,ACCEPT_FOR_AUTHORIZATION,DELETE_FROM_CANONICAL_LAYER,∅,UNCHANGED,R4 row survived final adversarial review unchanged: exact R5 target verified; Italian direction retained; AFLP control considered; no material French or governance defect found.,NO_SEPARATE_CANONICAL_COPY_REQUIRED; deletion is duplicate/mislocated or unsupported at this locus
C0009,PASSION24.HOUR.02.P010,2,MEDITATION,"La douleur l’empêche de parler davantage. Reine accablée, laisse-moi te soutenir, essuyer tes Larmes et compatir à ta Souffrance. Ma douce Maman, je ne veux pas te laisser seule. Prends-moi avec toi. En ces moments si douloureux pour toi et pour Jésus, enseigne-moi ce que je dois faire, comment je dois défendre Jésus, comment je peux réparer et Le consoler.",H02_MEDITATION,se devo mettere la mia vita per difendere la sua,OMISSION,REPLACE_RECORD,"La douleur l’empêche de parler davantage. Reine accablée, laisse-moi te soutenir, essuyer tes Larmes et compatir à ta Souffrance. Ma douce Maman, je ne veux pas te laisser seule. Prends-moi avec toi. En ces moments si douloureux pour toi et pour Jésus, enseigne-moi ce que je dois faire, comment je dois défendre Jésus, comment je peux réparer et Le consoler, et si je dois donner ma vie pour défendre la Sienne.",Explicit willingness to give her life is omitted.,AFLP-27 H01-H05 verified photographic transcription,HIGH,NO,PASS,,CORROBORATES,AFLP-27 preserves the missing willingness to give one’s life to defend Jesus.,AFLP27_H01_H05,REPLACE_RECORD,"La douleur l’empêche de parler davantage. Reine accablée, laisse-moi te soutenir, essuyer tes Larmes et compatir à ta Souffrance. Ma douce Maman, je ne veux pas te laisser seule. Prends-moi avec toi. En ces moments si douloureux pour toi et pour Jésus, enseigne-moi ce que je dois faire, comment je dois défendre Jésus, comment je peux réparer et Le consoler, et si je dois donner ma vie pour défendre la Sienne.",ACCEPT_FOR_AUTHORIZATION,REPLACE_RECORD,"La douleur l’empêche de parler davantage. Reine accablée, laisse-moi te soutenir, essuyer tes Larmes et compatir à ta Souffrance. Ma douce Maman, je ne veux pas te laisser seule. Prends-moi avec toi. En ces moments si douloureux pour toi et pour Jésus, enseigne-moi ce que je dois faire, comment je dois défendre Jésus, comment je peux réparer et Le consoler, et si je dois donner ma vie pour défendre la Sienne.",UNCHANGED,R4 row survived final adversarial review unchanged: exact R5 target verified; Italian direction retained; AFLP control considered; no material French or governance defect found.,NONE_BEYOND_NORMAL_AUDIT_EVIDENCE
C0010,PASSION24.HOUR.02.P011,2,MEDITATION,"Non, je ne te quitterai pas. Et au moindre signe de ta part, je volerai vers Jésus. Je Lui offrirai ton Amour et tes Baisers, auxquels je joindrai les miens. Je les déposerai dans ses saintes Plaies et dans chaque goutte de son Sang versé, afin que ses Peines soient soulagées. Puis je reviendrai à toi. Je t’apporterai ses Baisers pour soulager ton Cœur transpercé. Maman, je veux maintenant rejoindre Jésus. Tandis que je baise tes mains maternelles, tu me bénis comme tu as béni Jésus. Et tu me permets d’aller à Lui.",H02_MEDITATION,"il tuo amore, i tuoi affetti, i tuoi baci",OMISSION,REPLACE_RECORD,"Non, je ne te quitterai pas. Et au moindre signe de ta part, je volerai vers Jésus. Je Lui offrirai ton Amour, tes Affections et tes Baisers, auxquels je joindrai les miens. Je les déposerai dans ses saintes Plaies et dans chaque goutte de son Sang, dans chaque Peine et chaque insulte, afin qu’en chacune de ses Peines Il ressente les Baisers et l’Amour de sa Maman et que ses Peines soient adoucies. Puis je reviendrai à toi. Je t’apporterai ses Baisers pour soulager ton Cœur transpercé. Maman, je veux maintenant rejoindre Jésus. Tandis que je baise tes mains maternelles, tu me bénis comme tu as béni Jésus. Et tu me permets d’aller à Lui.",R5 compresses away affetti and the explicit pain/insult + maternal-love mechanism.,AFLP-27 H01-H05 verified photographic transcription,HIGH,NO,PASS,,CORROBORATES,"AFLP-27 preserves « affections », each suffering/insult, and the maternal kisses/love across the sufferings.",AFLP27_H01_H05,REPLACE_RECORD,"Non, je ne te quitterai pas. Et au moindre signe de ta part, je volerai vers Jésus. Je Lui offrirai ton Amour, tes Affections et tes Baisers, auxquels je joindrai les miens. Je les déposerai dans ses saintes Plaies et dans chaque goutte de son Sang, dans chaque Peine et chaque insulte, afin qu’en chacune de ses Peines Il ressente les Baisers et l’Amour de sa Maman et que ses Peines soient adoucies. Puis je reviendrai à toi. Je t’apporterai ses Baisers pour soulager ton Cœur transpercé. Maman, je veux maintenant rejoindre Jésus. Tandis que je baise tes mains maternelles, tu me bénis comme tu as béni Jésus. Et tu me permets d’aller à Lui.",ACCEPT_FOR_AUTHORIZATION,REPLACE_RECORD,"Non, je ne te quitterai pas. Et au moindre signe de ta part, je volerai vers Jésus. Je Lui offrirai ton Amour, tes Affections et tes Baisers, auxquels je joindrai les miens. Je les déposerai dans ses saintes Plaies et dans chaque goutte de son Sang, dans chaque Peine et chaque insulte, afin qu’en chacune de ses Peines Il ressente les Baisers et l’Amour de sa Maman et que ses Peines soient adoucies. Puis je reviendrai à toi. Je t’apporterai ses Baisers pour soulager ton Cœur transpercé. Maman, je veux maintenant rejoindre Jésus. Tandis que je baise tes mains maternelles, tu me bénis comme tu as béni Jésus. Et tu me permets d’aller à Lui.",UNCHANGED,R4 row survived final adversarial review unchanged: exact R5 target verified; Italian direction retained; AFLP control considered; no material French or governance defect found.,NONE_BEYOND_NORMAL_AUDIT_EVIDENCE
C0011,PASSION24.HOUR.02.REF.P006,2,REFLECTION,"Et nous, dans nos conversations, est-ce qu’à l’occasion nous savons prendre pour thème des événements de la Vie de Jésus ou certains de ses Enseignements ?",H02_REFLECTION,la passione del divino Redentore,MISTRANSLATION,REPLACE_RECORD,"Et nous, dans nos conversations, est-ce qu’à l’occasion nous savons prendre pour thème la Passion du divin Rédempteur ?",Italian asks specifically whether our conversations take the Passion of the Divine Redeemer as their subject.,AFLP-27 H02 independently retains the Passion-specific question.; AFLP-27 H01-H05 verified photographic transcription,HIGH,NO,PASS,,CORROBORATES,AFLP-27 explicitly asks whether conversation is brought to « la Passion de notre divin Rédempteur ».,AFLP27_H01_H05,REPLACE_RECORD,"Et nous, dans nos conversations, est-ce qu’à l’occasion nous savons prendre pour thème la Passion du divin Rédempteur ?",ACCEPT_FOR_AUTHORIZATION,REPLACE_RECORD,"Et nous, dans nos conversations, est-ce qu’à l’occasion nous savons prendre pour thème la Passion du divin Rédempteur ?",UNCHANGED,R4 row survived final adversarial review unchanged: exact R5 target verified; Italian direction retained; AFLP control considered; no material French or governance defect found.,NONE_BEYOND_NORMAL_AUDIT_EVIDENCE
C0012,PASSION24.HOUR.03.P001,3,MEDITATION,"Tu Te mets à table avec eux. Combien de douceur et d’affabilité ne montres-Tu pas alors que Tu T’apprêtes à prendre de la nourriture matérielle pour la dernière fois ! Tout est Amour en Toi ! Ici, Tu répares nos péchés de gourmandise. Par ta prière, Tu sanctifies la nourriture. Jésus, ton Regard doux et pénétrant semble scruter chacun de tes apôtres. Et pendant que Tu prends ta nourriture, ton Cœur est transpercé de voir tes apôtres faibles et mous, surtout le perfide Judas, qui a déjà un pied dans l’enfer.",H03_MEDITATION,già arrivi al Cenacolo,OMISSION,REPLACE_RECORD,"Ô Jésus, Tu arrives maintenant au Cénacle avec tes disciples bien-aimés et Tu Te mets à table avec eux. Combien de douceur et d’affabilité ne montres-Tu pas alors que Tu T’apprêtes à prendre de la nourriture matérielle pour la dernière fois ! Tout est Amour en Toi ! Ici, Tu répares nos péchés de gourmandise. Par ta prière, Tu sanctifies la nourriture et, comme celle-ci se transforme en force, Tu obtiens pour nous la sainteté même dans les choses les plus basses et les plus communes. Jésus, ton Regard doux et pénétrant semble scruter chacun de tes apôtres. Et pendant que Tu prends ta nourriture, ton Cœur est transpercé de voir tes apôtres faibles et mous, surtout le perfide Judas, qui a déjà un pied dans l’enfer.",Opening arrival clause and the sanctification of low/common things are absent.,AFLP-27 H03 preserves this fuller opening sense.; AFLP-27 H01-H05 verified photographic transcription,HIGH,NO,PASS,,CORROBORATES,AFLP-27 preserves the arrival at the supper room and the sanctification of food/everyday things.,AFLP27_H01_H05,REPLACE_RECORD,"Ô Jésus, Tu arrives maintenant au Cénacle avec tes disciples bien-aimés et Tu Te mets à table avec eux. Combien de douceur et d’affabilité ne montres-Tu pas alors que Tu T’apprêtes à prendre de la nourriture matérielle pour la dernière fois ! Tout est Amour en Toi ! Ici, Tu répares nos péchés de gourmandise. Par ta prière, Tu sanctifies la nourriture et, comme celle-ci se transforme en force, Tu obtiens pour nous la sainteté même dans les choses les plus basses et les plus communes. Jésus, ton Regard doux et pénétrant semble scruter chacun de tes apôtres. Et pendant que Tu prends ta nourriture, ton Cœur est transpercé de voir tes apôtres faibles et mous, surtout le perfide Judas, qui a déjà un pied dans l’enfer.",ACCEPT_FOR_AUTHORIZATION,REPLACE_RECORD,"Ô Jésus, Tu arrives maintenant au Cénacle avec tes disciples bien-aimés et Tu Te mets à table avec eux. Combien de douceur et d’affabilité ne montres-Tu pas alors que Tu T’apprêtes à prendre de la nourriture matérielle pour la dernière fois ! Tout est Amour en Toi ! Ici, Tu répares nos péchés de gourmandise. Par ta prière, Tu sanctifies la nourriture et, comme celle-ci se transforme en force, Tu obtiens pour nous la sainteté même dans les choses les plus basses et les plus communes. Jésus, ton Regard doux et pénétrant semble scruter chacun de tes apôtres. Et pendant que Tu prends ta nourriture, ton Cœur est transpercé de voir tes apôtres faibles et mous, surtout le perfide Judas, qui a déjà un pied dans l’enfer.",UNCHANGED,R4 row survived final adversarial review unchanged: exact R5 target verified; Italian direction retained; AFLP control considered; no material French or governance defect found.,NONE_BEYOND_NORMAL_AUDIT_EVIDENCE
C0013,PASSION24.HOUR.03.P013,3,MEDITATION,"afin que, où que je sois, je perçoive toujours ta sainte Présence en moi. Amen.",H03_MEDITATION,mai io dimentichi ciò che hai fatto e patito per me,OMISSION,REPLACE_RECORD,"afin que, où que je sois, je perçoive toujours ta sainte Présence en moi. Et accorde-moi la grâce de ne jamais oublier ce que Tu as fait et souffert pour moi. Que ce souvenir soit l’aimant qui attire tout mon être en Toi et ne me laisse plus jamais m’éloigner de Toi. Amen.",Final memory/magnet petition omitted.,AFLP-27 H03 corroborates the longer close.; AFLP-27 H01-H05 verified photographic transcription,HIGH,NO,PASS,,CORROBORATES,AFLP-27 preserves the missing final request never to forget what Jesus did and suffered.,AFLP27_H01_H05,REPLACE_RECORD,"afin que, où que je sois, je perçoive toujours ta sainte Présence en moi. Et accorde-moi la grâce de ne jamais oublier ce que Tu as fait et souffert pour moi. Que ce souvenir soit l’aimant qui attire tout mon être en Toi et ne me laisse plus jamais m’éloigner de Toi. Amen.",ACCEPT_FOR_AUTHORIZATION,REPLACE_RECORD,"afin que, où que je sois, je perçoive toujours ta sainte Présence en moi. Et accorde-moi la grâce de ne jamais oublier ce que Tu as fait et souffert pour moi. Que ce souvenir soit l’aimant qui attire tout mon être en Toi et ne me laisse plus jamais m’éloigner de Toi. Amen.",UNCHANGED,R4 row survived final adversarial review unchanged: exact R5 target verified; Italian direction retained; AFLP control considered; no material French or governance defect found.,NONE_BEYOND_NORMAL_AUDIT_EVIDENCE
C0014,PASSION24.HOUR.03.REF.P003,3,REFLECTION,"Imaginons-nous également à table avec Jésus : tantôt nous Le regardons, tantôt nous Le prions de partager une bouchée avec nous, tantôt nous donnons un baiser à la frange de son manteau, tantôt nous contemplons le mouvement de ses Lèvres et de ses Yeux célestes, tantôt nous remarquons la pâleur subite de son beau Visage quand Il voit tant d’ingratitudes chez les humains.",H03_REFLECTION,subitaneo annuvolarsi del suo amabilissimo volto,MISTRANSLATION,REPLACE_RECORD,"Imaginons-nous également à table avec Jésus : tantôt nous Le regardons, tantôt nous Le prions de partager une bouchée avec nous, tantôt nous donnons un baiser à la frange de son manteau, tantôt nous contemplons le mouvement de ses Lèvres et de ses Yeux célestes, tantôt nous remarquons son beau Visage qui s’assombrit soudain quand Il voit tant d’ingratitudes chez les humains.","annuvolarsi = become clouded/darken, not sudden pallor.",AFLP-27 H03 supports anguish/clouding rather than pallor.; AFLP-27 H01-H05 verified photographic transcription,HIGH,NO,PASS,,CORROBORATES,"AFLP-27 reads « une angoisse soudaine recouvrir sa très aimable Face », rejecting R5 « pâleur subite ».",AFLP27_H01_H05,REPLACE_RECORD,"Imaginons-nous également à table avec Jésus : tantôt nous Le regardons, tantôt nous Le prions de partager une bouchée avec nous, tantôt nous donnons un baiser à la frange de son manteau, tantôt nous contemplons le mouvement de ses Lèvres et de ses Yeux célestes, tantôt nous remarquons son beau Visage qui s’assombrit soudain quand Il voit tant d’ingratitudes chez les humains.",ACCEPT_FOR_AUTHORIZATION,REPLACE_RECORD,"Imaginons-nous également à table avec Jésus : tantôt nous Le regardons, tantôt nous Le prions de partager une bouchée avec nous, tantôt nous donnons un baiser à la frange de son manteau, tantôt nous contemplons le mouvement de ses Lèvres et de ses Yeux célestes, tantôt nous remarquons son beau Visage qui s’assombrit soudain quand Il voit tant d’ingratitudes chez les humains.",UNCHANGED,R4 row survived final adversarial review unchanged: exact R5 target verified; Italian direction retained; AFLP control considered; no material French or governance defect found.,NONE_BEYOND_NORMAL_AUDIT_EVIDENCE
C0015,PASSION24.HOUR.04.P072,4,MEDITATION,"Je Te prie de me tenir toujours serré sur ton Cœur ! Gloire au Père,… Ô Jésus, je baise ta Main droite. Je veux par là réparer tous les sacrilèges, surtout les messes mal célébrées !",H04_MEDITATION,bacio,EDITORIAL_DEVOTIONAL_INSERTION,TRIM_RECORD,"Je Te prie de me tenir toujours serré sur ton Cœur ! Ô Jésus, je baise ta Main droite. Je veux par là réparer tous les sacrilèges, surtout les messes mal célébrées !",Doxology absent from R3 meditation; surrounding body-part prayer is genuine where retained.,AFLP-27 H04 visibly brackets the doxologies as devotional insertions.; AFLP-27 H01-H05 verified photographic transcription,HIGH,NO,PASS,,CORROBORATES_EDITORIAL_STATUS,AFLP-27 marks the corresponding Gloire au Père formula as bracketed devotional material.,AFLP27_H01_H05,TRIM_RECORD,"Je Te prie de me tenir toujours serré sur ton Cœur ! Ô Jésus, je baise ta Main droite. Je veux par là réparer tous les sacrilèges, surtout les messes mal célébrées !",ACCEPT_FOR_AUTHORIZATION,TRIM_RECORD,"Je Te prie de me tenir toujours serré sur ton Cœur ! Ô Jésus, je baise ta Main droite. Je veux par là réparer tous les sacrilèges, surtout les messes mal célébrées !",UNCHANGED,R4 row survived final adversarial review unchanged: exact R5 target verified; Italian direction retained; AFLP control considered; no material French or governance defect found.,PRESERVE_REMOVED_SPAN_IN_EVIDENCE/APPARATUS; DO_NOT TREAT AS CORRUPTION
C0016,PASSION24.HOUR.04.P080,4,MEDITATION,"Amen. Gloire au Père,… Jésus, je donne un baiser à ton Pied gauche. Je veux ainsi réparer pour ceux qui Te reçoivent par habitude et sans les dispositions requises.",H04_MEDITATION,bacio,EDITORIAL_DEVOTIONAL_INSERTION,TRIM_RECORD,"Amen. Jésus, je donne un baiser à ton Pied gauche. Je veux ainsi réparer pour ceux qui Te reçoivent par habitude et sans les dispositions requises.",Doxology absent from R3 meditation; surrounding body-part prayer is genuine where retained.,AFLP-27 H04 visibly brackets the doxologies as devotional insertions.; AFLP-27 H01-H05 verified photographic transcription,HIGH,NO,PASS,,CORROBORATES_EDITORIAL_STATUS,AFLP-27 marks the corresponding Gloire au Père formula as bracketed devotional material.,AFLP27_H01_H05,TRIM_RECORD,"Amen. Jésus, je donne un baiser à ton Pied gauche. Je veux ainsi réparer pour ceux qui Te reçoivent par habitude et sans les dispositions requises.",ACCEPT_FOR_AUTHORIZATION,TRIM_RECORD,"Amen. Jésus, je donne un baiser à ton Pied gauche. Je veux ainsi réparer pour ceux qui Te reçoivent par habitude et sans les dispositions requises.",UNCHANGED,R4 row survived final adversarial review unchanged: exact R5 target verified; Italian direction retained; AFLP control considered; no material French or governance defect found.,PRESERVE_REMOVED_SPAN_IN_EVIDENCE/APPARATUS; DO_NOT TREAT AS CORRUPTION
C0017,PASSION24.HOUR.04.P081,4,MEDITATION,"Gloire au Père,… Ô Jésus, je donne un baiser à ton Pied droit. Ce faisant, je veux réparer pour ceux qui Te reçoivent en T’outrageant.",H04_MEDITATION,bacio,EDITORIAL_DEVOTIONAL_INSERTION,TRIM_RECORD,"Ô Jésus, je donne un baiser à ton Pied droit. Ce faisant, je veux réparer pour ceux qui Te reçoivent en T’outrageant.",Doxology absent from R3 meditation; surrounding body-part prayer is genuine where retained.,AFLP-27 H04 visibly brackets the doxologies as devotional insertions.; AFLP-27 H01-H05 verified photographic transcription,HIGH,NO,PASS,,CORROBORATES_EDITORIAL_STATUS,AFLP-27 marks the corresponding Gloire au Père formula as bracketed devotional material.,AFLP27_H01_H05,TRIM_RECORD,"Ô Jésus, je donne un baiser à ton Pied droit. Ce faisant, je veux réparer pour ceux qui Te reçoivent en T’outrageant.",ACCEPT_FOR_AUTHORIZATION,TRIM_RECORD,"Ô Jésus, je donne un baiser à ton Pied droit. Ce faisant, je veux réparer pour ceux qui Te reçoivent en T’outrageant.",UNCHANGED,R4 row survived final adversarial review unchanged: exact R5 target verified; Italian direction retained; AFLP control considered; no material French or governance defect found.,PRESERVE_REMOVED_SPAN_IN_EVIDENCE/APPARATUS; DO_NOT TREAT AS CORRUPTION
C0018,PASSION24.HOUR.04.P084,4,MEDITATION,"Gloire au Père,… Ô Jésus, je donne un baiser à ton Cœur infiniment doux dans lequel se déversent tant d’offenses.",H04_MEDITATION,bacio,EDITORIAL_DEVOTIONAL_INSERTION,TRIM_RECORD,"Ô Jésus, je donne un baiser à ton Cœur infiniment doux dans lequel se déversent tant d’offenses.",Doxology absent from R3 meditation; surrounding body-part prayer is genuine where retained.,AFLP-27 H04 visibly brackets the doxologies as devotional insertions.; AFLP-27 H01-H05 verified photographic transcription,HIGH,NO,PASS,,CORROBORATES_EDITORIAL_STATUS,AFLP-27 marks the corresponding Gloire au Père formula as bracketed devotional material.,AFLP27_H01_H05,TRIM_RECORD,"Ô Jésus, je donne un baiser à ton Cœur infiniment doux dans lequel se déversent tant d’offenses.",ACCEPT_FOR_AUTHORIZATION,TRIM_RECORD,"Ô Jésus, je donne un baiser à ton Cœur infiniment doux dans lequel se déversent tant d’offenses.",UNCHANGED,R4 row survived final adversarial review unchanged: exact R5 target verified; Italian direction retained; AFLP control considered; no material French or governance defect found.,PRESERVE_REMOVED_SPAN_IN_EVIDENCE/APPARATUS; DO_NOT TREAT AS CORRUPTION
C0019,PASSION24.HOUR.04.P085,4,MEDITATION,"Par mon geste, je veux tout réparer, Te donner de l’amour pour tous, et partager toutes tes Peines. Gloire au Père,… Archer céleste, si quelque offense échappe à ma réparation, je Te prie de m’emprisonner dans ton Cœur et dans ta Volonté, afin que je répare tout.",H04_MEDITATION,bacio,EDITORIAL_DEVOTIONAL_INSERTION,TRIM_RECORD,"Par mon geste, je veux tout réparer, Te donner de l’amour pour tous, et partager toutes tes Peines. Archer céleste, si quelque offense échappe à ma réparation, je Te prie de m’emprisonner dans ton Cœur et dans ta Volonté, afin que je répare tout.",Doxology absent from R3 meditation; surrounding body-part prayer is genuine where retained.,AFLP-27 H04 visibly brackets the doxologies as devotional insertions.; AFLP-27 H01-H05 verified photographic transcription,HIGH,NO,PASS,,CORROBORATES_EDITORIAL_STATUS,AFLP-27 marks the corresponding Gloire au Père formula as bracketed devotional material.,AFLP27_H01_H05,TRIM_RECORD,"Par mon geste, je veux tout réparer, Te donner de l’amour pour tous, et partager toutes tes Peines. Archer céleste, si quelque offense échappe à ma réparation, je Te prie de m’emprisonner dans ton Cœur et dans ta Volonté, afin que je répare tout.",ACCEPT_FOR_AUTHORIZATION,TRIM_RECORD,"Par mon geste, je veux tout réparer, Te donner de l’amour pour tous, et partager toutes tes Peines. Archer céleste, si quelque offense échappe à ma réparation, je Te prie de m’emprisonner dans ton Cœur et dans ta Volonté, afin que je répare tout.",UNCHANGED,R4 row survived final adversarial review unchanged: exact R5 target verified; Italian direction retained; AFLP control considered; no material French or governance defect found.,PRESERVE_REMOVED_SPAN_IN_EVIDENCE/APPARATUS; DO_NOT TREAT AS CORRUPTION
C0020,PASSION24.HOUR.04.P096,4,MEDITATION,"Et maintenant, bénis-moi et donne le Baiser mystique d’Amour à mon âme, tandis que moi je reste serrée contre Toi en T’embrassant. Gloire au Père,… Mon doux Cœur, en instituant l’infiniment Saint Sacrement, Tu as entrevu les énormes ingratitudes et offenses des créatures. Mais Tu n’as pourtant pas reculé.",H04_MEDITATION,bacio,EDITORIAL_DEVOTIONAL_INSERTION,TRIM_RECORD,"Et maintenant, bénis-moi et donne le Baiser mystique d’Amour à mon âme, tandis que moi je reste serrée contre Toi en T’embrassant. Mon doux Cœur, en instituant l’infiniment Saint Sacrement, Tu as entrevu les énormes ingratitudes et offenses des créatures. Mais Tu n’as pourtant pas reculé.",Doxology absent from R3 meditation; surrounding body-part prayer is genuine where retained.,AFLP-27 H04 visibly brackets the doxologies as devotional insertions.; AFLP-27 H01-H05 verified photographic transcription,HIGH,NO,PASS,,CORROBORATES_EDITORIAL_STATUS,AFLP-27 marks the corresponding Gloire au Père formula as bracketed devotional material.,AFLP27_H01_H05,TRIM_RECORD,"Et maintenant, bénis-moi et donne le Baiser mystique d’Amour à mon âme, tandis que moi je reste serrée contre Toi en T’embrassant. Mon doux Cœur, en instituant l’infiniment Saint Sacrement, Tu as entrevu les énormes ingratitudes et offenses des créatures. Mais Tu n’as pourtant pas reculé.",ACCEPT_FOR_AUTHORIZATION,TRIM_RECORD,"Et maintenant, bénis-moi et donne le Baiser mystique d’Amour à mon âme, tandis que moi je reste serrée contre Toi en T’embrassant. Mon doux Cœur, en instituant l’infiniment Saint Sacrement, Tu as entrevu les énormes ingratitudes et offenses des créatures. Mais Tu n’as pourtant pas reculé.",UNCHANGED,R4 row survived final adversarial review unchanged: exact R5 target verified; Italian direction retained; AFLP control considered; no material French or governance defect found.,PRESERVE_REMOVED_SPAN_IN_EVIDENCE/APPARATUS; DO_NOT TREAT AS CORRUPTION
C0021,PASSION24.HOUR.05.REF.P014,5,REFLECTION,"Tout ce que nous ressentons en nous : inspirations, tribulations, grâces, n’est rien d’autre que l’Activité intense de l’Amour en nous.",H05_REFLECTION,"ispirazioni, mortificazioni, grazie",MISTRANSLATION,REPLACE_RECORD,"Tout ce que nous ressentons en nous : inspirations, mortifications, grâces, n’est rien d’autre que l’Activité intense de l’Amour en nous.","mortificazioni = mortifications, not tribulations.",AFLP-27 H05 explicitly reads mortifications.; AFLP-27 H01-H05 verified photographic transcription,HIGH,NO,PASS,,CORROBORATES,"AFLP-27 explicitly reads « inspirations, mortifications et grâces ».",AFLP27_H01_H05,REPLACE_RECORD,"Tout ce que nous ressentons en nous : inspirations, mortifications, grâces, n’est rien d’autre que l’Activité intense de l’Amour en nous.",ACCEPT_FOR_AUTHORIZATION,REPLACE_RECORD,"Tout ce que nous ressentons en nous : inspirations, mortifications, grâces, n’est rien d’autre que l’Activité intense de l’Amour en nous.",UNCHANGED,R4 row survived final adversarial review unchanged: exact R5 target verified; Italian direction retained; AFLP control considered; no material French or governance defect found.,NONE_BEYOND_NORMAL_AUDIT_EVIDENCE
C0022,PASSION24.HOUR.05.REF.P017,5,REFLECTION,"Nous abandonnons-nous entre ses Bras comme des morts pour recevoir tous les coups de pinceau que le Seigneur nous donnera pour notre sanctification ? Mon Amour et mon Tout, que ton Amour m’inonde de toute part et brûle en moi tout ce qui n’est pas de Toi.",H05_REFLECTION,tutti quei colpi che il Signore disporrà,MISTRANSLATION,REPLACE_RECORD,"Nous abandonnons-nous entre ses Bras comme des morts pour recevoir tous ces coups que le Seigneur disposera pour notre sanctification ? Mon Amour et mon Tout, que ton Amour m’inonde de toute part et brûle en moi tout ce qui n’est pas de Toi.",colpi means blows/strokes in context; “coups de pinceau” is unsupported.,AFLP-27 H05 reads tous les coups.; AFLP-27 H01-H05 verified photographic transcription,HIGH,NO,PASS,,CORROBORATES,AFLP-27 explicitly reads « tous les coups que le Seigneur dispose pour notre sanctification ».,AFLP27_H01_H05,REPLACE_RECORD,"Nous abandonnons-nous entre ses Bras comme des morts pour recevoir tous ces coups que le Seigneur disposera pour notre sanctification ? Mon Amour et mon Tout, que ton Amour m’inonde de toute part et brûle en moi tout ce qui n’est pas de Toi.",ACCEPT_FOR_AUTHORIZATION,REPLACE_RECORD,"Nous abandonnons-nous entre ses Bras comme des morts pour recevoir tous ces coups que le Seigneur disposera pour notre sanctification ? Mon Amour et mon Tout, que ton Amour m’inonde de toute part et brûle en moi tout ce qui n’est pas de Toi.",UNCHANGED,R4 row survived final adversarial review unchanged: exact R5 target verified; Italian direction retained; AFLP control considered; no material French or governance defect found.,NONE_BEYOND_NORMAL_AUDIT_EVIDENCE
C0023,PASSION24.HOUR.05.REF.P018,5,REFLECTION,"Fais en sorte que ce qui est à moi accoure vers Toi, pour que Tu puisses brûler tout ce qui pourrait attrister ton Cœur. Que l’Amour me tienne toute clouée à Toi. Que rien, tant à l’intérieur qu’à l’extérieur de moi, ne me détache de l’Amour !",H05_REFLECTION,fa che il mio corra sempre verso di te,CROSS_LAYER_IMPORT,TRIM_RECORD,"Fais en sorte que ce qui est à moi accoure vers Toi, pour que Tu puisses brûler tout ce qui pourrait attrister ton Cœur.","Last two sentences belong to H05 meditation prayer, not the stable reflection core.",AFLP-27 H05 reflection ends without these imported meditation sentences.; AFLP-27 H01-H05 verified photographic transcription,HIGH,NO,PASS,,CORROBORATES,The verified H5 reflection ends after « brûlant tout ce qui peut attrister ton Cœur » and the thanksgiving instruction; the two extra R5 closing sentences are absent.,AFLP27_H01_H05,TRIM_RECORD,"Fais en sorte que ce qui est à moi accoure vers Toi, pour que Tu puisses brûler tout ce qui pourrait attrister ton Cœur.",ACCEPT_FOR_AUTHORIZATION,TRIM_RECORD,"Fais en sorte que ce qui est à moi accoure vers Toi, pour que Tu puisses brûler tout ce qui pourrait attrister ton Cœur.",UNCHANGED,R4 row survived final adversarial review unchanged: exact R5 target verified; Italian direction retained; AFLP control considered; no material French or governance defect found.,NONE_BEYOND_NORMAL_AUDIT_EVIDENCE
C0024,PASSION24.HOUR.07.REF.P003,7,REFLECTION,"Si nous faisons appel aux créatures, le faisons-nous avec ordre, auprès de ceux qui peuvent nous réconforter saintement ? Sommes-nous résignés si nous n’avons pas les réconforts que nous espérons ? Savons-nous nous servir des lacunes des créatures pour nous abandonner davantage entre les Mains de Jésus ? Jésus fut réconforté par un ange. Pouvons-nous dire que nous sommes des anges pour Jésus, en sachant rester près de Lui pour Le réconforter et partager ses amertumes ? Mais pour pouvoir vraiment servir d’ange pour Jésus, il est nécessaire d’accepter nos peines comme nous étant envoyées par Lui, donc comme des Peines divines.",H07_REFLECTION,noncuranza delle creature,MISTRANSLATION,REPLACE_RECORD,"Si nous faisons appel aux créatures, le faisons-nous avec ordre, auprès de ceux qui peuvent nous réconforter saintement ? Sommes-nous résignés si nous n’avons pas les réconforts que nous espérons ? Savons-nous nous servir de l’indifférence des créatures pour nous abandonner davantage entre les Mains de Jésus ? Jésus fut réconforté par un ange. Pouvons-nous dire que nous sommes des anges pour Jésus, en sachant rester près de Lui pour Le réconforter et partager ses amertumes ? Mais pour pouvoir vraiment servir d’ange pour Jésus, il est nécessaire d’accepter nos peines comme nous étant envoyées par Lui, donc comme des Peines divines.","noncuranza = neglect/indifference/nonchalance, not deficiencies/gaps.",AFLP-27 H7: « résignée à leur indifférence ».,HIGH,NO,PASS,,CORROBORATES,"AFLP-27 H7 reflection reads « résignée à leur indifférence », directly supporting Italian noncuranza and rejecting R5 « lacunes ».",AFLP 27e édition verified transcription (H06–H18/H23),REPLACE_RECORD,"Si nous faisons appel aux créatures, le faisons-nous avec ordre, auprès de ceux qui peuvent nous réconforter saintement ? Sommes-nous résignés si nous n’avons pas les réconforts que nous espérons ? Savons-nous nous servir de l’indifférence des créatures pour nous abandonner davantage entre les Mains de Jésus ? Jésus fut réconforté par un ange. Pouvons-nous dire que nous sommes des anges pour Jésus, en sachant rester près de Lui pour Le réconforter et partager ses amertumes ? Mais pour pouvoir vraiment servir d’ange pour Jésus, il est nécessaire d’accepter nos peines comme nous étant envoyées par Lui, donc comme des Peines divines.",ACCEPT_FOR_AUTHORIZATION,REPLACE_RECORD,"Si nous faisons appel aux créatures, le faisons-nous avec ordre, auprès de ceux qui peuvent nous réconforter saintement ? Sommes-nous résignés si nous n’avons pas les réconforts que nous espérons ? Savons-nous nous servir de l’indifférence des créatures pour nous abandonner davantage entre les Mains de Jésus ? Jésus fut réconforté par un ange. Pouvons-nous dire que nous sommes des anges pour Jésus, en sachant rester près de Lui pour Le réconforter et partager ses amertumes ? Mais pour pouvoir vraiment servir d’ange pour Jésus, il est nécessaire d’accepter nos peines comme nous étant envoyées par Lui, donc comme des Peines divines.",UNCHANGED,R4 row survived final adversarial review unchanged: exact R5 target verified; Italian direction retained; AFLP control considered; no material French or governance defect found.,NONE_BEYOND_NORMAL_AUDIT_EVIDENCE
C0025,PASSION24.HOUR.07.REF.P006,7,REFLECTION,Terminer par la prière de remerciement de l’Heure Sainte.,H07_REFLECTION,,EDITORIAL_INSTRUCTION,MOVE_OUT_OF_CANONICAL_LAYER,PRESERVE UNCHANGED OUTSIDE CANONICAL REFLECTION AS UI/PARATEXT INSTRUCTION,Instruction to conclude with the thanksgiving prayer is not part of Italian R3 reflection prose.,AFLP-27 H7 parenthetical closing instruction.,HIGH,NO,PASS,"If retained in the product, preserve as UI/paratext instruction outside canonical reflection text.",CORROBORATES_EDITORIAL_STATUS,"AFLP-27 H7 prints the same closing direction in parentheses: « (Terminer par la prière de remerciement de l’Heure Sainte.) ». This confirms it is an instruction/paratext, not reflection prose.",AFLP 27e édition verified transcription (H06–H18/H23),DELETE_FROM_CANONICAL_LAYER,∅,PRESERVE_MOVE,MOVE_OUT_OF_CANONICAL_LAYER,PRESERVE UNCHANGED OUTSIDE CANONICAL REFLECTION AS UI/PARATEXT INSTRUCTION,OPERATION_RECLASSIFICATION,Governance tightening: AFLP-27 proves the instruction is genuinely printed paratext. R4 already said to preserve it if retained; final adjudication converts destructive DELETE semantics to explicit preserve-by-move.,MANDATORY_PRESERVE_OUTSIDE_CANONICAL_LAYER
C0027,PASSION24.HOUR.10.REF.P005,10,REFLECTION,"Savons-nous toujours éviter de parler en mal du prochain ? Savons-nous l’excuser si nous entendons d’autres gens qui en disent du mal ? Jésus veille sur notre Cœur. Et nous, savons-nous nous surveiller en toutes choses, afin que nos regards, nos paroles, nos affections, nos émotions, nos pensées et nos désirs, soient autant de sentinelles autour de Jésus pour veiller sur son Cœur et tout réparer ? Et, pour pouvoir le faire, demandons-nous à Jésus de veiller sur chacun de nos actes et de nous aider Lui-même à veiller sur notre cœur ? Chaque acte que nous faisons en Dieu est une Vie divine que nous prenons en nous. Or, comme nous sommes très limités et que Dieu est immense, nous ne pouvons renfermer Dieu dans un seul de nos actes. Multiplions-les donc autant que possible, afin d’élargir au moins notre capacité de comprendre et d’aimer.",H10_REFLECTION,vigiliamo il cuore di Gesù,OMISSION_AND_MISTRANSLATION,REPLACE_RECORD,"Savons-nous toujours éviter de parler en mal du prochain ? Savons-nous l’excuser si nous entendons d’autres gens qui en disent du mal ? Jésus veille sur notre Cœur. Et nous, veillons-nous sur le Cœur de Jésus, afin qu’Il ne reçoive aucune offense qui ne soit réparée par nous ? Veillons-nous sur nous-mêmes en toutes choses, afin que nos pensées, nos regards, nos paroles, nos affections, nos battements de cœur et nos désirs soient autant de sentinelles autour de Jésus, pour veiller sur son Cœur et réparer toutes les offenses qu’Il reçoit ? Et, pour pouvoir le faire, demandons-nous à Jésus de veiller sur chacun de nos actes et de nous aider Lui-même à veiller sur notre cœur ? Chaque acte que nous faisons en Dieu est une Vie divine que nous prenons en nous. Or, comme nous sommes très limités et que Dieu est immense, nous ne pouvons renfermer Dieu dans un seul de nos actes. Multiplions-les donc autant que possible, afin d’élargir au moins notre capacité de comprendre et d’aimer.",Restores omitted explicit vigilance-over-Jesus question and palpito = heartbeat.,AFLP-27 H10 reflection explicitly preserves « veille sur le Cœur de Jésus ... aucune offense ... faire réparation ».,HIGH,NO,PASS,,CORROBORATES,AFLP-27 H10 explicitly asks whether we watch over Jesus’s Heart so that He receives no offense for which we are not ready to make reparation; it also preserves the surrounding sentinel list.,AFLP 27e édition verified transcription (H06–H18/H23),REPLACE_RECORD,"Savons-nous toujours éviter de parler en mal du prochain ? Savons-nous l’excuser si nous entendons d’autres gens qui en disent du mal ? Jésus veille sur notre Cœur. Et nous, veillons-nous sur le Cœur de Jésus, afin qu’Il ne reçoive aucune offense qui ne soit réparée par nous ? Veillons-nous sur nous-mêmes en toutes choses, afin que nos pensées, nos regards, nos paroles, nos affections, nos battements de cœur et nos désirs soient autant de sentinelles autour de Jésus, pour veiller sur son Cœur et réparer toutes les offenses qu’Il reçoit ? Et, pour pouvoir le faire, demandons-nous à Jésus de veiller sur chacun de nos actes et de nous aider Lui-même à veiller sur notre cœur ? Chaque acte que nous faisons en Dieu est une Vie divine que nous prenons en nous. Or, comme nous sommes très limités et que Dieu est immense, nous ne pouvons renfermer Dieu dans un seul de nos actes. Multiplions-les donc autant que possible, afin d’élargir au moins notre capacité de comprendre et d’aimer.",ACCEPT_FOR_AUTHORIZATION,REPLACE_RECORD,"Savons-nous toujours éviter de parler en mal du prochain ? Savons-nous l’excuser si nous entendons d’autres gens qui en disent du mal ? Jésus veille sur notre Cœur. Et nous, veillons-nous sur le Cœur de Jésus, afin qu’Il ne reçoive aucune offense qui ne soit réparée par nous ? Veillons-nous sur nous-mêmes en toutes choses, afin que nos pensées, nos regards, nos paroles, nos affections, nos battements de cœur et nos désirs soient autant de sentinelles autour de Jésus, pour veiller sur son Cœur et réparer toutes les offenses qu’Il reçoit ? Et, pour pouvoir le faire, demandons-nous à Jésus de veiller sur chacun de nos actes et de nous aider Lui-même à veiller sur notre cœur ? Chaque acte que nous faisons en Dieu est une Vie divine que nous prenons en nous. Or, comme nous sommes très limités et que Dieu est immense, nous ne pouvons renfermer Dieu dans un seul de nos actes. Multiplions-les donc autant que possible, afin d’élargir au moins notre capacité de comprendre et d’aimer.",UNCHANGED,R4 row survived final adversarial review unchanged: exact R5 target verified; Italian direction retained; AFLP control considered; no material French or governance defect found.,NONE_BEYOND_NORMAL_AUDIT_EVIDENCE
C0028,PASSION24.HOUR.11.REF.P003,11,REFLECTION,"Nos lèvres disent-elles toujours la vérité ? Sommes-nous ennemis de toute ruse ou de tout mensonge ? Supportons-nous avec patience les dérisions et les confusions provenant des créatures ? Sommes-nous prêts à donner notre vie pour le salut de ces créatures ? Mon doux Jésus, comme je suis différente de Toi ! De grâce, fais en sorte que mes lèvres disent toujours la vérité de manière à atteindre le cœur de ceux qui m’écoutent pour les conduire à Toi !",H11_REFLECTION,ferire il cuore di chi mi ascolta,MISTRANSLATION,REPLACE_RECORD,"Nos lèvres disent-elles toujours la vérité ? Sommes-nous ennemis de toute ruse ou de tout mensonge ? Supportons-nous avec patience les dérisions et les confusions provenant des créatures ? Sommes-nous prêts à donner notre vie pour le salut de ces créatures ? Mon doux Jésus, comme je suis différente de Toi ! De grâce, fais en sorte que mes lèvres disent toujours la vérité de manière à blesser le cœur de ceux qui m’écoutent pour les conduire à Toi !","ferire = wound/pierce, deliberately stronger than atteindre.",AFLP-27 H11: « blesser le cœur de ceux qui m’entendent ».,HIGH,NO,PASS,,CORROBORATES,"AFLP-27 H11 ends with « afin de blesser le cœur de ceux qui m’entendent », directly supporting Italian ferire rather than R5 « atteindre ».",AFLP 27e édition verified transcription (H06–H18/H23),REPLACE_RECORD,"Nos lèvres disent-elles toujours la vérité ? Sommes-nous ennemis de toute ruse ou de tout mensonge ? Supportons-nous avec patience les dérisions et les confusions provenant des créatures ? Sommes-nous prêts à donner notre vie pour le salut de ces créatures ? Mon doux Jésus, comme je suis différente de Toi ! De grâce, fais en sorte que mes lèvres disent toujours la vérité de manière à blesser le cœur de ceux qui m’écoutent pour les conduire à Toi !",ACCEPT_FOR_AUTHORIZATION,REPLACE_RECORD,"Nos lèvres disent-elles toujours la vérité ? Sommes-nous ennemis de toute ruse ou de tout mensonge ? Supportons-nous avec patience les dérisions et les confusions provenant des créatures ? Sommes-nous prêts à donner notre vie pour le salut de ces créatures ? Mon doux Jésus, comme je suis différente de Toi ! De grâce, fais en sorte que mes lèvres disent toujours la vérité de manière à blesser le cœur de ceux qui m’écoutent pour les conduire à Toi !",UNCHANGED,R4 row survived final adversarial review unchanged: exact R5 target verified; Italian direction retained; AFLP control considered; no material French or governance defect found.,NONE_BEYOND_NORMAL_AUDIT_EVIDENCE
C0029,PASSION24.HOUR.13.REF.P002,13,REFLECTION,Jésus est en prison. Avons-nous la force et la promptitude de nous emprisonner avec Lui par amour pour Lui ?,H13_REFLECTION,imprigionarci in Gesù,MISTRANSLATION,REPLACE_RECORD,Jésus est en prison. Avons-nous la force et la promptitude de nous emprisonner en Jésus par amour pour Lui ?,"Direction is imprisonment in Jesus, not merely with Him.",AFLP-27 H13: « m’emprisonner en Jésus ».,HIGH,NO,PASS,,CORROBORATES,"AFLP-27 H13 contains the exact later question « la force et la volonté de m’emprisonner en Jésus par amour pour lui », supporting Italian imprigionarci in Gesù.",AFLP 27e édition verified transcription (H06–H18/H23),REPLACE_RECORD,Jésus est en prison. Avons-nous la force et la promptitude de nous emprisonner en Jésus par amour pour Lui ?,ACCEPT_FOR_AUTHORIZATION,REPLACE_RECORD,Jésus est en prison. Avons-nous la force et la promptitude de nous emprisonner en Jésus par amour pour Lui ?,UNCHANGED,R4 row survived final adversarial review unchanged: exact R5 target verified; Italian direction retained; AFLP control considered; no material French or governance defect found.,NONE_BEYOND_NORMAL_AUDIT_EVIDENCE
C0030,PASSION24.HOUR.14.REF.P002,14,REFLECTION,"Et nous, quand nous sortons, nous laissons-nous conduire par Jésus ? Sommes-nous des témoins de la Vérité ? Notre comportement est-il un exemple pour les autres ? Nos pas sont-ils comme des aimants qui appellent les âmes autour de Jésus ? Toute la Vie de Jésus est un Appel continuel des âmes. Si nous nous conformons à sa Volonté — si nos pieds, en marchant, appellent les âmes, si nos battements de cœur font écho aux Battements divins, s’harmonisent avec eux et demandent des âmes, et ainsi de tout le reste —, nous formerons en nous la propre Humanité de Jésus. Chaque appel supplémentaire que nous adressons aux âmes sera alors une Empreinte de plus que nous recevrons de Jésus. Notre vie demeure-t-elle toujours la même, ou la changeons-nous en pire selon les rencontres qui se présentent ?",H14_REFLECTION,Il nostro contegno è di esempio agli altri,UNSUPPORTED_ADDITION,REPLACE_RECORD,"Et nous, quand nous sortons, nous laissons-nous conduire par Jésus ? Notre comportement est-il un exemple pour les autres ? Nos pas sont-ils comme des aimants qui appellent les âmes autour de Jésus ? Toute la Vie de Jésus est un Appel continuel des âmes. Si nous nous conformons à sa Volonté — si nos pieds, en marchant, appellent les âmes, si nos battements de cœur font écho aux Battements divins, s’harmonisent avec eux et demandent des âmes, et ainsi de tout le reste —, nous formerons en nous la propre Humanité de Jésus. Chaque appel supplémentaire que nous adressons aux âmes sera alors une Empreinte de plus que nous recevrons de Jésus. Notre vie demeure-t-elle toujours la même, ou la changeons-nous en pire selon les rencontres qui se présentent ?",This separate question has no counterpart in stable Italian reflection.,AFLP-27 H14 omits the added witness-of-Truth question.,HIGH,NO,PASS,,CORROBORATES,AFLP-27 H14 passes directly from being guided by Jesus to whether conduct is an example; it does not contain R5’s added « Sommes-nous des témoins de la Vérité ? ».,AFLP 27e édition verified transcription (H06–H18/H23),REPLACE_RECORD,"Et nous, quand nous sortons, nous laissons-nous conduire par Jésus ? Notre comportement est-il un exemple pour les autres ? Nos pas sont-ils comme des aimants qui appellent les âmes autour de Jésus ? Toute la Vie de Jésus est un Appel continuel des âmes. Si nous nous conformons à sa Volonté — si nos pieds, en marchant, appellent les âmes, si nos battements de cœur font écho aux Battements divins, s’harmonisent avec eux et demandent des âmes, et ainsi de tout le reste —, nous formerons en nous la propre Humanité de Jésus. Chaque appel supplémentaire que nous adressons aux âmes sera alors une Empreinte de plus que nous recevrons de Jésus. Notre vie demeure-t-elle toujours la même, ou la changeons-nous en pire selon les rencontres qui se présentent ?",ACCEPT_FOR_AUTHORIZATION,REPLACE_RECORD,"Et nous, quand nous sortons, nous laissons-nous conduire par Jésus ? Notre comportement est-il un exemple pour les autres ? Nos pas sont-ils comme des aimants qui appellent les âmes autour de Jésus ? Toute la Vie de Jésus est un Appel continuel des âmes. Si nous nous conformons à sa Volonté — si nos pieds, en marchant, appellent les âmes, si nos battements de cœur font écho aux Battements divins, s’harmonisent avec eux et demandent des âmes, et ainsi de tout le reste —, nous formerons en nous la propre Humanité de Jésus. Chaque appel supplémentaire que nous adressons aux âmes sera alors une Empreinte de plus que nous recevrons de Jésus. Notre vie demeure-t-elle toujours la même, ou la changeons-nous en pire selon les rencontres qui se présentent ?",UNCHANGED,R4 row survived final adversarial review unchanged: exact R5 target verified; Italian direction retained; AFLP control considered; no material French or governance defect found.,NONE_BEYOND_NORMAL_AUDIT_EVIDENCE
C0031,PASSION24.HOUR.15.P005,15,MEDITATION,"« Mon Règne n’est pas de ce monde. Si mon Règne était de ce monde, mes ministres feraient tous leurs efforts pour que Je ne sois pas remis au pouvoir des Juifs. » Pilate est surpris et touché par la suavité et la dignité de tes Paroles, et il Te dit : « Comment, Tu es roi ? »",H15_MEDITATION,migliaia di legioni di angeli mi difenderebbero,MISTRANSLATION_OR_LATER_BIBLICAL_NORMALIZATION,REPLACE_RECORD,"« Mon Règne n’est pas de ce monde ; autrement, des milliers de légions d’anges Me défendraient. » Pilate est surpris et touché par la suavité et la dignité de tes Paroles, et il Te dit : « Comment, Tu es roi ? »",R3 explicitly has thousands of legions of angels; R5 substitutes a different Gospel-style formulation.,AFLP-27 H15: « des légions d’anges viendraient me défendre ».,HIGH_ITALIAN_R3; AFLP27_PARTIAL,NO,PASS,,PARTIAL_CORROBORATION,"AFLP-27 H15 reads « s’il l’était, des légions d’anges viendraient me défendre », corroborating the angel-defense textual state against R5’s Johannine « mes ministres... », though AFLP omits Italian migliaia.",AFLP 27e édition verified transcription (H06–H18/H23),REPLACE_RECORD,"« Mon Règne n’est pas de ce monde ; autrement, des milliers de légions d’anges Me défendraient. » Pilate est surpris et touché par la suavité et la dignité de tes Paroles, et il Te dit : « Comment, Tu es roi ? »",ACCEPT_FOR_AUTHORIZATION,REPLACE_RECORD,"« Mon Règne n’est pas de ce monde ; autrement, des milliers de légions d’anges Me défendraient. » Pilate est surpris et touché par la suavité et la dignité de tes Paroles, et il Te dit : « Comment, Tu es roi ? »",UNCHANGED,R4 row survived final adversarial review unchanged: exact R5 target verified; Italian direction retained; AFLP control considered; no material French or governance defect found.,NONE_BEYOND_NORMAL_AUDIT_EVIDENCE
C0032,PASSION24.HOUR.15.P023,15,MEDITATION,"Je donne un baiser à tes Yeux étincelants de Lumière. Que cette Lumière m’entoure et pénètre mes pensées, regards, mes paroles et mon cœur.",H15_MEDITATION,,EDITORIAL_DEVOTIONAL_EXPANSION,MOVE_OUT_OF_CANONICAL_LAYER,PRESERVE UNCHANGED OUTSIDE CANONICAL MEDITATION AS AFLP-27 EDITORIAL/DEVOTIONAL MATERIAL,Detailed body-part kiss/prayer expansion absent from Italian R3 H15 and independent English Hour line.,AFLP-27 H15 preserves the devotional expansion.,HIGH_CORE_BOUNDARY; AFLP27_CONFLICTING_SECONDARY_TRADITION,NO,PASS,Preserve unchanged as AFLP editorial/devotional witness if supplementary material is retained; remove only from canonical meditation layer.,AFLP27_PRESERVES_NONCORE_EXPANSION,"AFLP-27 H15 preserves this body-part/kiss devotional expansion, while frozen Italian R3 and the independent English control do not contain it. AFLP therefore documents a later/secondary French devotional layer, not Italian core authority.",AFLP 27e édition verified transcription (H06–H18/H23),MOVE_OUT_OF_CANONICAL_LAYER,PRESERVE UNCHANGED OUTSIDE CANONICAL MEDITATION AS AFLP-27 EDITORIAL/DEVOTIONAL MATERIAL,PRESERVE_MOVE,MOVE_OUT_OF_CANONICAL_LAYER,PRESERVE UNCHANGED OUTSIDE CANONICAL MEDITATION AS AFLP-27 EDITORIAL/DEVOTIONAL MATERIAL,UNCHANGED,R4 row survived final adversarial review unchanged: exact R5 target verified; Italian direction retained; AFLP control considered; no material French or governance defect found.,MANDATORY_PRESERVE_OUTSIDE_CANONICAL_LAYER
C0033,PASSION24.HOUR.15.P024,15,MEDITATION,"Je donne un baiser à tes Oreilles infiniment saintes. Sanctifie mes oreilles. Je donne un baiser à ton doux et saint Visage. Fais-moi m’éprendre de ta Beauté, moi et toutes les créatures, pour Te dédommager de toutes les insultes et les moqueries que Tu reçois au palais d’Hérode.",H15_MEDITATION,,EDITORIAL_DEVOTIONAL_EXPANSION,MOVE_OUT_OF_CANONICAL_LAYER,PRESERVE UNCHANGED OUTSIDE CANONICAL MEDITATION AS AFLP-27 EDITORIAL/DEVOTIONAL MATERIAL,Detailed body-part kiss/prayer expansion absent from Italian R3 H15 and independent English Hour line.,AFLP-27 H15 preserves the devotional expansion.,HIGH_CORE_BOUNDARY; AFLP27_CONFLICTING_SECONDARY_TRADITION,NO,PASS,Preserve unchanged as AFLP editorial/devotional witness if supplementary material is retained; remove only from canonical meditation layer.,AFLP27_PRESERVES_NONCORE_EXPANSION,"AFLP-27 H15 preserves this body-part/kiss devotional expansion, while frozen Italian R3 and the independent English control do not contain it. AFLP therefore documents a later/secondary French devotional layer, not Italian core authority.",AFLP 27e édition verified transcription (H06–H18/H23),MOVE_OUT_OF_CANONICAL_LAYER,PRESERVE UNCHANGED OUTSIDE CANONICAL MEDITATION AS AFLP-27 EDITORIAL/DEVOTIONAL MATERIAL,PRESERVE_MOVE,MOVE_OUT_OF_CANONICAL_LAYER,PRESERVE UNCHANGED OUTSIDE CANONICAL MEDITATION AS AFLP-27 EDITORIAL/DEVOTIONAL MATERIAL,UNCHANGED,R4 row survived final adversarial review unchanged: exact R5 target verified; Italian direction retained; AFLP control considered; no material French or governance defect found.,MANDATORY_PRESERVE_OUTSIDE_CANONICAL_LAYER
C0034,PASSION24.HOUR.15.P025,15,MEDITATION,"Je donne un baiser à ta sainte Bouche. Donne-moi la Grâce de ne jamais dire des paroles qui pourraient offenser ta divine Personne. Je veux réparer toutes les offenses que Te font les autres. J’étends tes Bras divins et je Te serre fort sur mon cœur. Je Te prie de bien vouloir imprimer ton Image dans mon intelligence, mon cœur, mes œuvres, dans tout.",H15_MEDITATION,,EDITORIAL_DEVOTIONAL_EXPANSION,MOVE_OUT_OF_CANONICAL_LAYER,PRESERVE UNCHANGED OUTSIDE CANONICAL MEDITATION AS AFLP-27 EDITORIAL/DEVOTIONAL MATERIAL,Detailed body-part kiss/prayer expansion absent from Italian R3 H15 and independent English Hour line.,AFLP-27 H15 preserves the devotional expansion.,HIGH_CORE_BOUNDARY; AFLP27_CONFLICTING_SECONDARY_TRADITION,NO,PASS,Preserve unchanged as AFLP editorial/devotional witness if supplementary material is retained; remove only from canonical meditation layer.,AFLP27_PRESERVES_NONCORE_EXPANSION,"AFLP-27 H15 preserves this body-part/kiss devotional expansion, while frozen Italian R3 and the independent English control do not contain it. AFLP therefore documents a later/secondary French devotional layer, not Italian core authority.",AFLP 27e édition verified transcription (H06–H18/H23),MOVE_OUT_OF_CANONICAL_LAYER,PRESERVE UNCHANGED OUTSIDE CANONICAL MEDITATION AS AFLP-27 EDITORIAL/DEVOTIONAL MATERIAL,PRESERVE_MOVE,MOVE_OUT_OF_CANONICAL_LAYER,PRESERVE UNCHANGED OUTSIDE CANONICAL MEDITATION AS AFLP-27 EDITORIAL/DEVOTIONAL MATERIAL,UNCHANGED,R4 row survived final adversarial review unchanged: exact R5 target verified; Italian direction retained; AFLP control considered; no material French or governance defect found.,MANDATORY_PRESERVE_OUTSIDE_CANONICAL_LAYER
C0035,PASSION24.HOUR.15.P026,15,MEDITATION,Je donne un baiser à ta Main droite. Distribue tes Grâces efficaces pour la conversion des pécheurs. Donne à tous les fruits salutaires de tes Actes infiniment saints. Je donne un baiser à ta Main gauche. Imprime en moi tes Vertus et surtout ta Charité.,H15_MEDITATION,,EDITORIAL_DEVOTIONAL_EXPANSION,MOVE_OUT_OF_CANONICAL_LAYER,PRESERVE UNCHANGED OUTSIDE CANONICAL MEDITATION AS AFLP-27 EDITORIAL/DEVOTIONAL MATERIAL,Detailed body-part kiss/prayer expansion absent from Italian R3 H15 and independent English Hour line.,AFLP-27 H15 preserves the devotional expansion.,HIGH_CORE_BOUNDARY; AFLP27_CONFLICTING_SECONDARY_TRADITION,NO,PASS,Preserve unchanged as AFLP editorial/devotional witness if supplementary material is retained; remove only from canonical meditation layer.,AFLP27_PRESERVES_NONCORE_EXPANSION,"AFLP-27 H15 preserves this body-part/kiss devotional expansion, while frozen Italian R3 and the independent English control do not contain it. AFLP therefore documents a later/secondary French devotional layer, not Italian core authority.",AFLP 27e édition verified transcription (H06–H18/H23),MOVE_OUT_OF_CANONICAL_LAYER,PRESERVE UNCHANGED OUTSIDE CANONICAL MEDITATION AS AFLP-27 EDITORIAL/DEVOTIONAL MATERIAL,PRESERVE_MOVE,MOVE_OUT_OF_CANONICAL_LAYER,PRESERVE UNCHANGED OUTSIDE CANONICAL MEDITATION AS AFLP-27 EDITORIAL/DEVOTIONAL MATERIAL,UNCHANGED,R4 row survived final adversarial review unchanged: exact R5 target verified; Italian direction retained; AFLP control considered; no material French or governance defect found.,MANDATORY_PRESERVE_OUTSIDE_CANONICAL_LAYER
C0036,PASSION24.HOUR.15.P027,15,MEDITATION,Je donne un baiser à ton Pied gauche. Donne-moi la connaissance de moi-même. Je donne un baiser à ton Pied droit. Donne-moi la Grâce d’obéir avec promptitude.,H15_MEDITATION,,EDITORIAL_DEVOTIONAL_EXPANSION,MOVE_OUT_OF_CANONICAL_LAYER,PRESERVE UNCHANGED OUTSIDE CANONICAL MEDITATION AS AFLP-27 EDITORIAL/DEVOTIONAL MATERIAL,Detailed body-part kiss/prayer expansion absent from Italian R3 H15 and independent English Hour line.,AFLP-27 H15 preserves the devotional expansion.,HIGH_CORE_BOUNDARY; AFLP27_CONFLICTING_SECONDARY_TRADITION,NO,PASS,Preserve unchanged as AFLP editorial/devotional witness if supplementary material is retained; remove only from canonical meditation layer.,AFLP27_PRESERVES_NONCORE_EXPANSION,"AFLP-27 H15 preserves this body-part/kiss devotional expansion, while frozen Italian R3 and the independent English control do not contain it. AFLP therefore documents a later/secondary French devotional layer, not Italian core authority.",AFLP 27e édition verified transcription (H06–H18/H23),MOVE_OUT_OF_CANONICAL_LAYER,PRESERVE UNCHANGED OUTSIDE CANONICAL MEDITATION AS AFLP-27 EDITORIAL/DEVOTIONAL MATERIAL,PRESERVE_MOVE,MOVE_OUT_OF_CANONICAL_LAYER,PRESERVE UNCHANGED OUTSIDE CANONICAL MEDITATION AS AFLP-27 EDITORIAL/DEVOTIONAL MATERIAL,UNCHANGED,R4 row survived final adversarial review unchanged: exact R5 target verified; Italian direction retained; AFLP control considered; no material French or governance defect found.,MANDATORY_PRESERVE_OUTSIDE_CANONICAL_LAYER
C0037,PASSION24.HOUR.15.P028,15,MEDITATION,"Je donne un baiser à ton Cœur infiniment pur. Consume-moi dans les Flammes ardentes de ton Amour ! Mon doux Amour, je vois que ces sinistres individus ne Te donnent aucun répit et qu’Hérode Te renvoie à Pilate. Si ta première venue chez Pilate fut douloureuse, ta seconde l’est plus encore, car je vois que les Juifs sont plus enragés qu’avant, et que c’est à tout prix qu’ils ont résolu de Te faire mourir.",H15_MEDITATION,"Dolce mio amore, vedo che non ti danno pace",EDITORIAL_DEVOTIONAL_EXPANSION,TRIM_RECORD,"Mon doux Amour, je vois que ces sinistres individus ne Te donnent aucun répit et qu’Hérode Te renvoie à Pilate. Si ta première venue chez Pilate fut douloureuse, ta seconde l’est plus encore, car je vois que les Juifs sont plus enragés qu’avant, et que c’est à tout prix qu’ils ont résolu de Te faire mourir.",Heart-kiss sentence continues the non-core body-part expansion; following “Mon doux Amour...” resumes R3 core.,AFLP-27 H15 preserves the trimmed opening devotional span.,HIGH_CORE_BOUNDARY; AFLP27_CONFLICTING_SECONDARY_TRADITION,NO,PASS,Preserve the trimmed opening span outside canonical meditation as AFLP-27 devotional material.,AFLP27_PRESERVES_NONCORE_EXPANSION,"AFLP-27 H15 preserves the opening « j’embrasse ton très saint cœur — consume-moi... » before the genuine Italian transition « Mon doux Amour... ». Italian R3 begins directly with the latter. Trim remains justified for core, but the removed span should be preserved as AFLP devotional paratext.",AFLP 27e édition verified transcription (H06–H18/H23),TRIM_RECORD,"Mon doux Amour, je vois que ces sinistres individus ne Te donnent aucun répit et qu’Hérode Te renvoie à Pilate. Si ta première venue chez Pilate fut douloureuse, ta seconde l’est plus encore, car je vois que les Juifs sont plus enragés qu’avant, et que c’est à tout prix qu’ils ont résolu de Te faire mourir.",ACCEPT_FOR_AUTHORIZATION,TRIM_RECORD,"Mon doux Amour, je vois que ces sinistres individus ne Te donnent aucun répit et qu’Hérode Te renvoie à Pilate. Si ta première venue chez Pilate fut douloureuse, ta seconde l’est plus encore, car je vois que les Juifs sont plus enragés qu’avant, et que c’est à tout prix qu’ils ont résolu de Te faire mourir.",UNCHANGED,R4 row survived final adversarial review unchanged: exact R5 target verified; Italian direction retained; AFLP control considered; no material French or governance defect found.,PRESERVE_REMOVED_SPAN_IN_EVIDENCE/APPARATUS; DO_NOT TREAT AS CORRUPTION
C0038,PASSION24.HOUR.15.REF.P002,15,REFLECTION,"Et nous, cherchons-nous à vaincre notre mauvaise humeur si quelqu’un ne nous témoigne pas d’amitié ?",H15_REFLECTION,ci sentiamo uguali con tutti,OMISSION,REPLACE_RECORD,"Et nous, avons-nous la même attitude envers tous ? Cherchons-nous à vaincre notre mauvais naturel lorsqu’une personne ne nous est pas sympathique ?",R5 omits the initial equality-toward-everyone question and loosens the following clause.,AFLP-27 H15 preserves both conceptual questions in looser French.,HIGH_ITALIAN_R3; AFLP27_PARTIAL,NO,PASS,,PARTIAL_CORROBORATION,AFLP-27 H15 preserves two distinct ideas—being consistently disposed toward others (« Suis-je toujours ainsi envers les autres ? ») and overcoming natural opposition when someone does not like us. Italian R3 is more explicit: ci sentiamo uguali con tutti + cattivo naturale.,AFLP 27e édition verified transcription (H06–H18/H23),REPLACE_RECORD,"Et nous, avons-nous la même attitude envers tous ? Cherchons-nous à vaincre notre mauvais naturel lorsqu’une personne ne nous est pas sympathique ?",ACCEPT_FOR_AUTHORIZATION,REPLACE_RECORD,"Et nous, avons-nous la même attitude envers tous ? Cherchons-nous à vaincre notre mauvais naturel lorsqu’une personne ne nous est pas sympathique ?",UNCHANGED,R4 row survived final adversarial review unchanged: exact R5 target verified; Italian direction retained; AFLP control considered; no material French or governance defect found.,NONE_BEYOND_NORMAL_AUDIT_EVIDENCE
C0039,PASSION24.HOUR.16.P032,16,MEDITATION,"Ô Jésus, flagelle mon intelligence. Mets en fuite toutes les pensées qui pourraient m’éloigner de Toi. Flagelle mes yeux. S’ils se tournent pour regarder les choses de la terre, fais en sorte qu’un coup de tes fouets les attire à n’admirer que Toi.",H16_MEDITATION,,EDITORIAL_DEVOTIONAL_EXPANSION,MOVE_OUT_OF_CANONICAL_LAYER,PRESERVE UNCHANGED OUTSIDE CANONICAL MEDITATION AS AFLP-27 EDITORIAL/DEVOTIONAL MATERIAL,Body-part flagellation application absent from Italian R3 and independent English Hour line.,AFLP-27 H16 pp.144–145 preserves the expansion.,HIGH_CORE_BOUNDARY; AFLP27_CONFLICTING_SECONDARY_TRADITION,NO,PASS,Preserve unchanged as AFLP editorial/devotional witness if supplementary material is retained; move out of canonical meditation.,AFLP27_PRESERVES_NONCORE_EXPANSION,"AFLP-27 H16 explicitly preserves this first-person body-part flagellation prayer. Frozen Italian R3 passes directly from embracing Jesus’s feet to the unheard groans; the expansion is therefore a secondary AFLP devotional layer, not core Italian meditation.",AFLP 27e édition verified transcription (H06–H18/H23),MOVE_OUT_OF_CANONICAL_LAYER,PRESERVE UNCHANGED OUTSIDE CANONICAL MEDITATION AS AFLP-27 EDITORIAL/DEVOTIONAL MATERIAL,PRESERVE_MOVE,MOVE_OUT_OF_CANONICAL_LAYER,PRESERVE UNCHANGED OUTSIDE CANONICAL MEDITATION AS AFLP-27 EDITORIAL/DEVOTIONAL MATERIAL,UNCHANGED,R4 row survived final adversarial review unchanged: exact R5 target verified; Italian direction retained; AFLP control considered; no material French or governance defect found.,MANDATORY_PRESERVE_OUTSIDE_CANONICAL_LAYER
C0040,PASSION24.HOUR.16.P033,16,MEDITATION,"Jésus, le bruit de tes fouets parvient à mes oreilles ! Mon Roi bafoué, quand Tu me verras écouter des choses qui me distraient de Toi, fais en sorte qu’un coup de tes fouets me fasse écouter seulement ta divine Voix.",H16_MEDITATION,,EDITORIAL_DEVOTIONAL_EXPANSION,MOVE_OUT_OF_CANONICAL_LAYER,PRESERVE UNCHANGED OUTSIDE CANONICAL MEDITATION AS AFLP-27 EDITORIAL/DEVOTIONAL MATERIAL,Body-part flagellation application absent from Italian R3 and independent English Hour line.,AFLP-27 H16 pp.144–145 preserves the expansion.,HIGH_CORE_BOUNDARY; AFLP27_CONFLICTING_SECONDARY_TRADITION,NO,PASS,Preserve unchanged as AFLP editorial/devotional witness if supplementary material is retained; move out of canonical meditation.,AFLP27_PRESERVES_NONCORE_EXPANSION,"AFLP-27 H16 explicitly preserves this first-person body-part flagellation prayer. Frozen Italian R3 passes directly from embracing Jesus’s feet to the unheard groans; the expansion is therefore a secondary AFLP devotional layer, not core Italian meditation.",AFLP 27e édition verified transcription (H06–H18/H23),MOVE_OUT_OF_CANONICAL_LAYER,PRESERVE UNCHANGED OUTSIDE CANONICAL MEDITATION AS AFLP-27 EDITORIAL/DEVOTIONAL MATERIAL,PRESERVE_MOVE,MOVE_OUT_OF_CANONICAL_LAYER,PRESERVE UNCHANGED OUTSIDE CANONICAL MEDITATION AS AFLP-27 EDITORIAL/DEVOTIONAL MATERIAL,UNCHANGED,R4 row survived final adversarial review unchanged: exact R5 target verified; Italian direction retained; AFLP control considered; no material French or governance defect found.,MANDATORY_PRESERVE_OUTSIDE_CANONICAL_LAYER
C0041,PASSION24.HOUR.16.P034,16,MEDITATION,"Jésus, flagelle mon visage et si un acte de complaisance naissait en moi, que les coups de tes fouets me détachent de la terre et me poussent à regarder seulement le Ciel.",H16_MEDITATION,,EDITORIAL_DEVOTIONAL_EXPANSION,MOVE_OUT_OF_CANONICAL_LAYER,PRESERVE UNCHANGED OUTSIDE CANONICAL MEDITATION AS AFLP-27 EDITORIAL/DEVOTIONAL MATERIAL,Body-part flagellation application absent from Italian R3 and independent English Hour line.,AFLP-27 H16 pp.144–145 preserves the expansion.,HIGH_CORE_BOUNDARY; AFLP27_CONFLICTING_SECONDARY_TRADITION,NO,PASS,Preserve unchanged as AFLP editorial/devotional witness if supplementary material is retained; move out of canonical meditation.,AFLP27_PRESERVES_NONCORE_EXPANSION,"AFLP-27 H16 explicitly preserves this first-person body-part flagellation prayer. Frozen Italian R3 passes directly from embracing Jesus’s feet to the unheard groans; the expansion is therefore a secondary AFLP devotional layer, not core Italian meditation.",AFLP 27e édition verified transcription (H06–H18/H23),MOVE_OUT_OF_CANONICAL_LAYER,PRESERVE UNCHANGED OUTSIDE CANONICAL MEDITATION AS AFLP-27 EDITORIAL/DEVOTIONAL MATERIAL,PRESERVE_MOVE,MOVE_OUT_OF_CANONICAL_LAYER,PRESERVE UNCHANGED OUTSIDE CANONICAL MEDITATION AS AFLP-27 EDITORIAL/DEVOTIONAL MATERIAL,UNCHANGED,R4 row survived final adversarial review unchanged: exact R5 target verified; Italian direction retained; AFLP control considered; no material French or governance defect found.,MANDATORY_PRESERVE_OUTSIDE_CANONICAL_LAYER
C0042,PASSION24.HOUR.16.P035,16,MEDITATION,"Jésus, flagelle ma langue et mes lèvres. Si elles osaient prononcer des paroles qui ne soient pas d’Amour, qui ne disent pas ta Gloire, fais en sorte que tes Fouets me jettent du Feu et des Flammes pour me faire brûler d’Amour.",H16_MEDITATION,,EDITORIAL_DEVOTIONAL_EXPANSION,MOVE_OUT_OF_CANONICAL_LAYER,PRESERVE UNCHANGED OUTSIDE CANONICAL MEDITATION AS AFLP-27 EDITORIAL/DEVOTIONAL MATERIAL,Body-part flagellation application absent from Italian R3 and independent English Hour line.,AFLP-27 H16 pp.144–145 preserves the expansion.,HIGH_CORE_BOUNDARY; AFLP27_CONFLICTING_SECONDARY_TRADITION,NO,PASS,Preserve unchanged as AFLP editorial/devotional witness if supplementary material is retained; move out of canonical meditation.,AFLP27_PRESERVES_NONCORE_EXPANSION,"AFLP-27 H16 explicitly preserves this first-person body-part flagellation prayer. Frozen Italian R3 passes directly from embracing Jesus’s feet to the unheard groans; the expansion is therefore a secondary AFLP devotional layer, not core Italian meditation.",AFLP 27e édition verified transcription (H06–H18/H23),MOVE_OUT_OF_CANONICAL_LAYER,PRESERVE UNCHANGED OUTSIDE CANONICAL MEDITATION AS AFLP-27 EDITORIAL/DEVOTIONAL MATERIAL,PRESERVE_MOVE,MOVE_OUT_OF_CANONICAL_LAYER,PRESERVE UNCHANGED OUTSIDE CANONICAL MEDITATION AS AFLP-27 EDITORIAL/DEVOTIONAL MATERIAL,UNCHANGED,R4 row survived final adversarial review unchanged: exact R5 target verified; Italian direction retained; AFLP control considered; no material French or governance defect found.,MANDATORY_PRESERVE_OUTSIDE_CANONICAL_LAYER
C0043,PASSION24.HOUR.16.P036,16,MEDITATION,"Jésus, flagelle mes mains afin que je ne fasse aucun mouvement et je n’accomplisse aucune œuvre qui ne soit marquée du sceau de ton Amour.",H16_MEDITATION,,EDITORIAL_DEVOTIONAL_EXPANSION,MOVE_OUT_OF_CANONICAL_LAYER,PRESERVE UNCHANGED OUTSIDE CANONICAL MEDITATION AS AFLP-27 EDITORIAL/DEVOTIONAL MATERIAL,Body-part flagellation application absent from Italian R3 and independent English Hour line.,AFLP-27 H16 pp.144–145 preserves the expansion.,HIGH_CORE_BOUNDARY; AFLP27_CONFLICTING_SECONDARY_TRADITION,NO,PASS,Preserve unchanged as AFLP editorial/devotional witness if supplementary material is retained; move out of canonical meditation.,AFLP27_PRESERVES_NONCORE_EXPANSION,"AFLP-27 H16 explicitly preserves this first-person body-part flagellation prayer. Frozen Italian R3 passes directly from embracing Jesus’s feet to the unheard groans; the expansion is therefore a secondary AFLP devotional layer, not core Italian meditation.",AFLP 27e édition verified transcription (H06–H18/H23),MOVE_OUT_OF_CANONICAL_LAYER,PRESERVE UNCHANGED OUTSIDE CANONICAL MEDITATION AS AFLP-27 EDITORIAL/DEVOTIONAL MATERIAL,PRESERVE_MOVE,MOVE_OUT_OF_CANONICAL_LAYER,PRESERVE UNCHANGED OUTSIDE CANONICAL MEDITATION AS AFLP-27 EDITORIAL/DEVOTIONAL MATERIAL,UNCHANGED,R4 row survived final adversarial review unchanged: exact R5 target verified; Italian direction retained; AFLP control considered; no material French or governance defect found.,MANDATORY_PRESERVE_OUTSIDE_CANONICAL_LAYER
C0044,PASSION24.HOUR.16.P037,16,MEDITATION,"Jésus, que tes fouets frappent mes pieds, que je Te prie de lier aux Tiens, afin que je sois empêchée de faire des pas qui ne soient pas pour Toi et n’attirent pas les autres à T’aimer.",H16_MEDITATION,,EDITORIAL_DEVOTIONAL_EXPANSION,MOVE_OUT_OF_CANONICAL_LAYER,PRESERVE UNCHANGED OUTSIDE CANONICAL MEDITATION AS AFLP-27 EDITORIAL/DEVOTIONAL MATERIAL,Body-part flagellation application absent from Italian R3 and independent English Hour line.,AFLP-27 H16 pp.144–145 preserves the expansion.,HIGH_CORE_BOUNDARY; AFLP27_CONFLICTING_SECONDARY_TRADITION,NO,PASS,Preserve unchanged as AFLP editorial/devotional witness if supplementary material is retained; move out of canonical meditation.,AFLP27_PRESERVES_NONCORE_EXPANSION,"AFLP-27 H16 explicitly preserves this first-person body-part flagellation prayer. Frozen Italian R3 passes directly from embracing Jesus’s feet to the unheard groans; the expansion is therefore a secondary AFLP devotional layer, not core Italian meditation.",AFLP 27e édition verified transcription (H06–H18/H23),MOVE_OUT_OF_CANONICAL_LAYER,PRESERVE UNCHANGED OUTSIDE CANONICAL MEDITATION AS AFLP-27 EDITORIAL/DEVOTIONAL MATERIAL,PRESERVE_MOVE,MOVE_OUT_OF_CANONICAL_LAYER,PRESERVE UNCHANGED OUTSIDE CANONICAL MEDITATION AS AFLP-27 EDITORIAL/DEVOTIONAL MATERIAL,UNCHANGED,R4 row survived final adversarial review unchanged: exact R5 target verified; Italian direction retained; AFLP control considered; no material French or governance defect found.,MANDATORY_PRESERVE_OUTSIDE_CANONICAL_LAYER
C0045,PASSION24.HOUR.16.P038,16,MEDITATION,"Jésus, flagelle mon cœur avec ses tendances, ses affections et ses désirs, afin que chaque coup que je recevrai le blesse, et que ces coups fassent renaître en moi la Vie de l’Amour.",H16_MEDITATION,,EDITORIAL_DEVOTIONAL_EXPANSION,MOVE_OUT_OF_CANONICAL_LAYER,PRESERVE UNCHANGED OUTSIDE CANONICAL MEDITATION AS AFLP-27 EDITORIAL/DEVOTIONAL MATERIAL,Body-part flagellation application absent from Italian R3 and independent English Hour line.,AFLP-27 H16 pp.144–145 preserves the expansion.,HIGH_CORE_BOUNDARY; AFLP27_CONFLICTING_SECONDARY_TRADITION,NO,PASS,Preserve unchanged as AFLP editorial/devotional witness if supplementary material is retained; move out of canonical meditation.,AFLP27_PRESERVES_NONCORE_EXPANSION,"AFLP-27 H16 explicitly preserves this first-person body-part flagellation prayer. Frozen Italian R3 passes directly from embracing Jesus’s feet to the unheard groans; the expansion is therefore a secondary AFLP devotional layer, not core Italian meditation.",AFLP 27e édition verified transcription (H06–H18/H23),MOVE_OUT_OF_CANONICAL_LAYER,PRESERVE UNCHANGED OUTSIDE CANONICAL MEDITATION AS AFLP-27 EDITORIAL/DEVOTIONAL MATERIAL,PRESERVE_MOVE,MOVE_OUT_OF_CANONICAL_LAYER,PRESERVE UNCHANGED OUTSIDE CANONICAL MEDITATION AS AFLP-27 EDITORIAL/DEVOTIONAL MATERIAL,UNCHANGED,R4 row survived final adversarial review unchanged: exact R5 target verified; Italian direction retained; AFLP control considered; no material French or governance defect found.,MANDATORY_PRESERVE_OUTSIDE_CANONICAL_LAYER
C0046,PASSION24.HOUR.17.P010,17,MEDITATION,"Je dois refaire l’homme en toutes choses. Ses fautes l’ont couronné d’opprobres et de confusion, si bien qu’il ne peut paraître devant ma Majesté. Ses fautes l’ont déshonoré en lui faisant perdre tout droit aux honneurs et à la gloire.",H17_MEDITATION,La colpa gli ha tolto la corona,OMISSION,REPLACE_RECORD,"Je dois refaire l’homme en toutes choses. Ses fautes lui ont enlevé sa couronne et l’ont couronné d’opprobres et de confusion, si bien qu’il ne peut paraître devant ma Majesté. Ses fautes l’ont déshonoré en lui faisant perdre tout droit aux honneurs et à la gloire.",Loss of the crown is explicit and motivates the following restoration-of-crown sentence.,AFLP-27 H17: « Le péché lui a enlevé sa couronne ».,HIGH,NO,PASS,,CORROBORATES,"AFLP-27 H17 explicitly reads « Le péché lui a enlevé sa couronne », confirming the omitted Italian proposition.",AFLP 27e édition verified transcription (H06–H18/H23),REPLACE_RECORD,"Je dois refaire l’homme en toutes choses. Ses fautes lui ont enlevé sa couronne et l’ont couronné d’opprobres et de confusion, si bien qu’il ne peut paraître devant ma Majesté. Ses fautes l’ont déshonoré en lui faisant perdre tout droit aux honneurs et à la gloire.",ACCEPT_FOR_AUTHORIZATION,REPLACE_RECORD,"Je dois refaire l’homme en toutes choses. Ses fautes lui ont enlevé sa couronne et l’ont couronné d’opprobres et de confusion, si bien qu’il ne peut paraître devant ma Majesté. Ses fautes l’ont déshonoré en lui faisant perdre tout droit aux honneurs et à la gloire.",UNCHANGED,R4 row survived final adversarial review unchanged: exact R5 target verified; Italian direction retained; AFLP control considered; no material French or governance defect found.,NONE_BEYOND_NORMAL_AUDIT_EVIDENCE
C0047,PASSION24.HOUR.17.P019,17,MEDITATION,"Ils Te saluent comme Roi des Juifs, battent ta couronne et Te giflent.",H17_MEDITATION,"Indovina, chi ti ha percosso",OMISSION,REPLACE_RECORD,"Ils Te saluent comme Roi des Juifs, battent ta couronne et Te giflent. Ils Te disent aussi : « Devine qui T’a frappé ! »",Mocking challenge omitted.,AFLP-27 H17 shares the omission; Italian R3 remains controlling.,HIGH_ITALIAN_R3; AFLP27_SHARES_OMISSION,NO,PASS,Do not downgrade Italian-core correction merely because the secondary AFLP witness shares the omission.,AFLP27_SHARES_R5_OMISSION,"AFLP-27 H17 also omits « Indovina, chi ti ha percosso! » / « Devine qui T’a frappé ! ». The correction therefore rests on the stable Italian R3 core, not on AFLP corroboration. This demonstrates that AFLP-27 is itself abridged at these loci.",AFLP 27e édition verified transcription (H06–H18/H23),REPLACE_RECORD,"Ils Te saluent comme Roi des Juifs, battent ta couronne et Te giflent. Ils Te disent aussi : « Devine qui T’a frappé ! »",ACCEPT_FOR_AUTHORIZATION,REPLACE_RECORD,"Ils Te saluent comme Roi des Juifs, battent ta couronne et Te giflent. Ils Te disent aussi : « Devine qui T’a frappé ! »",UNCHANGED,R4 row survived final adversarial review unchanged: exact R5 target verified; Italian direction retained; AFLP control considered; no material French or governance defect found.,NONE_BEYOND_NORMAL_AUDIT_EVIDENCE
C0048,PASSION24.HOUR.17.P020,17,MEDITATION,"Et Toi, Tu Te tais et répares les ambitions de ceux qui aspirent à régner, qui recherchent les dignités, qui, se trouvant en autorité et ne se comportant pas bien, causent la ruine des peuples et des âmes sur lesquelles ils ont autorité !",H17_MEDITATION,i loro cattivi esempi sono causa di spinta al male e di perdita di anime,OMISSION,REPLACE_RECORD,"Et Toi, Tu Te tais et répares les ambitions de ceux qui aspirent à régner, qui recherchent les dignités, qui, se trouvant en autorité et ne se comportant pas bien, causent la ruine des peuples et des âmes sur lesquelles ils ont autorité ! Leurs mauvais exemples poussent au mal et causent la perte des âmes.",Consequences of bad examples omitted.,AFLP-27 H17 shares the omission; Italian R3 remains controlling.,HIGH_ITALIAN_R3; AFLP27_SHARES_OMISSION,NO,PASS,Do not downgrade Italian-core correction merely because the secondary AFLP witness shares the omission.,AFLP27_SHARES_R5_OMISSION,"AFLP-27 H17 also omits the explicit causal sentence about bad examples pushing others to evil and causing loss of souls. The correction therefore rests on the stable Italian R3 core, not on AFLP corroboration. This demonstrates that AFLP-27 is itself abridged at these loci.",AFLP 27e édition verified transcription (H06–H18/H23),REPLACE_RECORD,"Et Toi, Tu Te tais et répares les ambitions de ceux qui aspirent à régner, qui recherchent les dignités, qui, se trouvant en autorité et ne se comportant pas bien, causent la ruine des peuples et des âmes sur lesquelles ils ont autorité ! Leurs mauvais exemples poussent au mal et causent la perte des âmes.",ACCEPT_FOR_AUTHORIZATION,REPLACE_RECORD,"Et Toi, Tu Te tais et répares les ambitions de ceux qui aspirent à régner, qui recherchent les dignités, qui, se trouvant en autorité et ne se comportant pas bien, causent la ruine des peuples et des âmes sur lesquelles ils ont autorité ! Leurs mauvais exemples poussent au mal et causent la perte des âmes.",UNCHANGED,R4 row survived final adversarial review unchanged: exact R5 target verified; Italian direction retained; AFLP control considered; no material French or governance defect found.,NONE_BEYOND_NORMAL_AUDIT_EVIDENCE
C0049,PASSION24.HOUR.17.P022,17,MEDITATION,"Par les insultes et les moqueries que Tu subis, Tu répares pour ceux qui profanent et ridiculisent les choses saintes.",H17_MEDITATION,si bendano la vista dell’intelligenza,OMISSION,REPLACE_RECORD,"Par les insultes et les moqueries que Tu subis, Tu répares pour ceux qui profanent et ridiculisent les choses saintes. Par le bandeau, Tu répares aussi pour ceux qui bandent les yeux de leur intelligence afin de ne pas voir la Lumière de la Vérité. Par ce bandeau, Tu obtiens pour nous que soient enlevés les bandeaux des passions, des richesses et des plaisirs.",Entire blindfold/intellectual-truth reparation and petition omitted.,AFLP-27 H17 shares the omission; Italian R3 remains controlling.,HIGH_ITALIAN_R3; AFLP27_SHARES_OMISSION,NO,PASS,Do not downgrade Italian-core correction merely because the secondary AFLP witness shares the omission.,AFLP27_SHARES_R5_OMISSION,"AFLP-27 H17 also omits the blindfold reparation for deliberately blinding the intellect to the light of truth. The correction therefore rests on the stable Italian R3 core, not on AFLP corroboration. This demonstrates that AFLP-27 is itself abridged at these loci.",AFLP 27e édition verified transcription (H06–H18/H23),REPLACE_RECORD,"Par les insultes et les moqueries que Tu subis, Tu répares pour ceux qui profanent et ridiculisent les choses saintes. Par le bandeau, Tu répares aussi pour ceux qui bandent les yeux de leur intelligence afin de ne pas voir la Lumière de la Vérité. Par ce bandeau, Tu obtiens pour nous que soient enlevés les bandeaux des passions, des richesses et des plaisirs.",ACCEPT_FOR_AUTHORIZATION,REPLACE_RECORD,"Par les insultes et les moqueries que Tu subis, Tu répares pour ceux qui profanent et ridiculisent les choses saintes. Par le bandeau, Tu répares aussi pour ceux qui bandent les yeux de leur intelligence afin de ne pas voir la Lumière de la Vérité. Par ce bandeau, Tu obtiens pour nous que soient enlevés les bandeaux des passions, des richesses et des plaisirs.",UNCHANGED,R4 row survived final adversarial review unchanged: exact R5 target verified; Italian direction retained; AFLP control considered; no material French or governance defect found.,NONE_BEYOND_NORMAL_AUDIT_EVIDENCE
C0050,PASSION24.HOUR.18.REF.P002,18,REFLECTION,"Et nous, comme Jésus, aimons-nous la souffrance ? Pouvons-nous dire que nos sentiments font écho à ses Sentiments divins, que nous aussi, nous désirons notre croix ? Quand nous souffrons, avons-nous l’intention de nous faire les compagnons de Jésus pour alléger sa Croix ? Comment L’accompagnons-nous ? Et dans les insultes qu’Il reçoit, sommes-nous toujours prêts à Lui donner nos petites souffrances en soulagement des Siennes ? Quand nous agissons, quand nous prions et quand, sous le poids de peines intérieures, nous ressentons de la difficulté dans nos souffrances, savons-nous les présenter à Jésus, afin que, comme un voile essuyant ses Sueurs et son Sang, Il soit fortifié ?",H18_REFLECTION,i nostri palpiti fanno eco ai suoi palpiti divini,MISTRANSLATION_AND_UNSUPPORTED_ADDITION,REPLACE_RECORD,"Et nous, comme Jésus, aimons-nous la souffrance ? Pouvons-nous dire que nos battements de cœur font écho à ses Battements divins, que nous aussi, nous désirons notre croix ? Quand nous souffrons, avons-nous l’intention de nous faire les compagnons de Jésus pour alléger sa Croix ? Comment L’accompagnons-nous ? Et dans les insultes qu’Il reçoit, sommes-nous toujours prêts à Lui donner nos petites souffrances en soulagement des Siennes ? Quand nous agissons, quand nous prions et quand, sous le poids de peines intérieures, nous ressentons de la difficulté dans nos souffrances, savons-nous les présenter à Jésus, afin qu’elles soient comme un voile qui essuie ses Sueurs et Le réconforte ?","palpiti = heartbeats; stable Italian says the veil wipes His sweats, not “sweats and Blood”.",AFLP-27 H18: « battements de cœur »; later « comme un voile essuyant sa sueur ».,HIGH,NO,PASS,,CORROBORATES,"AFLP-27 H18 reflection has « mes battements de cœur ... ses battements divins » and, in the later veil sentence, « essuyant sa sueur » without adding Blood. It corroborates both corrections.",AFLP 27e édition verified transcription (H06–H18/H23),REPLACE_RECORD,"Et nous, comme Jésus, aimons-nous la souffrance ? Pouvons-nous dire que nos battements de cœur font écho à ses Battements divins, que nous aussi, nous désirons notre croix ? Quand nous souffrons, avons-nous l’intention de nous faire les compagnons de Jésus pour alléger sa Croix ? Comment L’accompagnons-nous ? Et dans les insultes qu’Il reçoit, sommes-nous toujours prêts à Lui donner nos petites souffrances en soulagement des Siennes ? Quand nous agissons, quand nous prions et quand, sous le poids de peines intérieures, nous ressentons de la difficulté dans nos souffrances, savons-nous les présenter à Jésus, afin que, comme un voile essuyant ses Sueurs, Il soit fortifié ?",ACCEPT_FOR_AUTHORIZATION,REPLACE_RECORD,"Et nous, comme Jésus, aimons-nous la souffrance ? Pouvons-nous dire que nos battements de cœur font écho à ses Battements divins, que nous aussi, nous désirons notre croix ? Quand nous souffrons, avons-nous l’intention de nous faire les compagnons de Jésus pour alléger sa Croix ? Comment L’accompagnons-nous ? Et dans les insultes qu’Il reçoit, sommes-nous toujours prêts à Lui donner nos petites souffrances en soulagement des Siennes ? Quand nous agissons, quand nous prions et quand, sous le poids de peines intérieures, nous ressentons de la difficulté dans nos souffrances, savons-nous les présenter à Jésus, afin qu’elles soient comme un voile qui essuie ses Sueurs et Le réconforte ?",WORDING_ONLY,"French syntax repair only: replaces the malformed “afin que, comme un voile … Il soit fortifié” construction with an explicit plural antecedent (“elles”) while preserving Italian che … come velo … lo rinfranchi and AFLP’s veil/sweat direction.",NONE_BEYOND_NORMAL_AUDIT_EVIDENCE
C0051,PASSION24.HOUR.19.REF.P006,19,REFLECTION,"(1) Luisa a fait précéder cette Heure de la prière suivante : « Jésus, ma Mère, venez avec moi pour écrire. Prêtez-moi vos mains très saintes, afin que j’écrive ce qui Vous plaît et seulement ce que Vous voulez. » (2) Après avoir publié la première édition de ces Heures de la Passion de Notre-Seigneur Jésus-Christ, Luisa écrivit à saint Annibale Maria Di Francia (qui était le responsable de la rédaction), l’informant qu’elle se sentait poussée à ajouter quelque chose au milieu de ces Heures.",H19_REFLECTION,,EDITORIAL_DOCUMENTARY_MATERIAL,MOVE_OUT_OF_CANONICAL_LAYER,PRESERVE UNCHANGED OUTSIDE CANONICAL REFLECTION LAYER → H19 DOCUMENTARY / AUTHORIAL-ADDITION APPARATUS,R3 stable reflection ends after P005; P006–P015 document the later authorial addition but are not reflection prose.,AFLP-27 H19 verified reflection/documentary boundary,HIGH,NO,PASS,,STRONGLY_CORROBORATES_LAYER_BOUNDARY,"AFLP-27 H19 prints the actual reflection, then « (Terminer par la prière de remerciement) », then a separator « *** », and only afterwards the letters explaining the later authorial addition.",AFLP27_H19_H21,MOVE_OUT_OF_CANONICAL_LAYER,PRESERVE UNCHANGED OUTSIDE CANONICAL REFLECTION LAYER → H19 DOCUMENTARY / AUTHORIAL-ADDITION APPARATUS,PRESERVE_MOVE,MOVE_OUT_OF_CANONICAL_LAYER,PRESERVE UNCHANGED OUTSIDE CANONICAL REFLECTION LAYER → H19 DOCUMENTARY / AUTHORIAL-ADDITION APPARATUS,UNCHANGED,R4 row survived final adversarial review unchanged: exact R5 target verified; Italian direction retained; AFLP control considered; no material French or governance defect found.,MANDATORY_PRESERVE_OUTSIDE_CANONICAL_LAYER
C0052,PASSION24.HOUR.19.REF.P007,19,REFLECTION,"Et voici comment elle s’exprime dans une de ses lettres : « À l’heure de la Crucifixion, presque à la fin… où il est dit que, pendant que Jésus était sur la Croix, son âme était au Ciel avec son divin Père, je suis par la pensée au Ciel. Et j’essaie avec Lui de désarmer la Justice divine en ces temps si difficiles. Je passe environ une demi-heure dans cet exercice. Il me semble que mon Seigneur Jésus me fait écrire cet exercice. (…) » Et ici, elle s’explique : « Cette Heure, Jésus sur la Croix, résume toute sa Vie, depuis le premier instant de sa Conception jusqu’à son dernier Soupir.",H19_REFLECTION,,EDITORIAL_DOCUMENTARY_MATERIAL,MOVE_OUT_OF_CANONICAL_LAYER,PRESERVE UNCHANGED OUTSIDE CANONICAL REFLECTION LAYER → H19 DOCUMENTARY / AUTHORIAL-ADDITION APPARATUS,R3 stable reflection ends after P005; P006–P015 document the later authorial addition but are not reflection prose.,AFLP-27 H19 verified reflection/documentary boundary,HIGH,NO,PASS,,STRONGLY_CORROBORATES_LAYER_BOUNDARY,"AFLP-27 H19 prints the actual reflection, then « (Terminer par la prière de remerciement) », then a separator « *** », and only afterwards the letters explaining the later authorial addition.",AFLP27_H19_H21,MOVE_OUT_OF_CANONICAL_LAYER,PRESERVE UNCHANGED OUTSIDE CANONICAL REFLECTION LAYER → H19 DOCUMENTARY / AUTHORIAL-ADDITION APPARATUS,PRESERVE_MOVE,MOVE_OUT_OF_CANONICAL_LAYER,PRESERVE UNCHANGED OUTSIDE CANONICAL REFLECTION LAYER → H19 DOCUMENTARY / AUTHORIAL-ADDITION APPARATUS,UNCHANGED,R4 row survived final adversarial review unchanged: exact R5 target verified; Italian direction retained; AFLP control considered; no material French or governance defect found.,MANDATORY_PRESERVE_OUTSIDE_CANONICAL_LAYER
C0053,PASSION24.HOUR.19.REF.P008,19,REFLECTION,Il donne un accomplissement à tout. Il remercie le divin Père pour tout le Bien qu’Il a fait à toutes les créatures et aussi pour ses propres Souffrances.,H19_REFLECTION,,EDITORIAL_DOCUMENTARY_MATERIAL,MOVE_OUT_OF_CANONICAL_LAYER,PRESERVE UNCHANGED OUTSIDE CANONICAL REFLECTION LAYER → H19 DOCUMENTARY / AUTHORIAL-ADDITION APPARATUS,R3 stable reflection ends after P005; P006–P015 document the later authorial addition but are not reflection prose.,AFLP-27 H19 verified reflection/documentary boundary,HIGH,NO,PASS,,STRONGLY_CORROBORATES_LAYER_BOUNDARY,"AFLP-27 H19 prints the actual reflection, then « (Terminer par la prière de remerciement) », then a separator « *** », and only afterwards the letters explaining the later authorial addition.",AFLP27_H19_H21,MOVE_OUT_OF_CANONICAL_LAYER,PRESERVE UNCHANGED OUTSIDE CANONICAL REFLECTION LAYER → H19 DOCUMENTARY / AUTHORIAL-ADDITION APPARATUS,PRESERVE_MOVE,MOVE_OUT_OF_CANONICAL_LAYER,PRESERVE UNCHANGED OUTSIDE CANONICAL REFLECTION LAYER → H19 DOCUMENTARY / AUTHORIAL-ADDITION APPARATUS,UNCHANGED,R4 row survived final adversarial review unchanged: exact R5 target verified; Italian direction retained; AFLP control considered; no material French or governance defect found.,MANDATORY_PRESERVE_OUTSIDE_CANONICAL_LAYER
C0054,PASSION24.HOUR.19.REF.P009,19,REFLECTION,"Il Le glorifie, L’implore, Le répare. En un mot, ce qu’Il a fait dans sa Vie, Il l’accomplit tout ensemble ici. Or l’âme, se faisant l’écho de tout ce que fait Jésus, commence aussi, depuis le premier moment où Jésus a été conçu jusqu’au dernier moment de sa Vie, à Le remercier pour ce qu’Il a fait.",H19_REFLECTION,,EDITORIAL_DOCUMENTARY_MATERIAL,MOVE_OUT_OF_CANONICAL_LAYER,PRESERVE UNCHANGED OUTSIDE CANONICAL REFLECTION LAYER → H19 DOCUMENTARY / AUTHORIAL-ADDITION APPARATUS,R3 stable reflection ends after P005; P006–P015 document the later authorial addition but are not reflection prose.,AFLP-27 H19 verified reflection/documentary boundary,HIGH,NO,PASS,,STRONGLY_CORROBORATES_LAYER_BOUNDARY,"AFLP-27 H19 prints the actual reflection, then « (Terminer par la prière de remerciement) », then a separator « *** », and only afterwards the letters explaining the later authorial addition.",AFLP27_H19_H21,MOVE_OUT_OF_CANONICAL_LAYER,PRESERVE UNCHANGED OUTSIDE CANONICAL REFLECTION LAYER → H19 DOCUMENTARY / AUTHORIAL-ADDITION APPARATUS,PRESERVE_MOVE,MOVE_OUT_OF_CANONICAL_LAYER,PRESERVE UNCHANGED OUTSIDE CANONICAL REFLECTION LAYER → H19 DOCUMENTARY / AUTHORIAL-ADDITION APPARATUS,UNCHANGED,R4 row survived final adversarial review unchanged: exact R5 target verified; Italian direction retained; AFLP control considered; no material French or governance defect found.,MANDATORY_PRESERVE_OUTSIDE_CANONICAL_LAYER
C0055,PASSION24.HOUR.19.REF.P010,19,REFLECTION,"L’ingratitude de la créature est généralement si grande qu’elle se montre plus que jamais ingrate en recevant des bienfaits et qu’elle ne remercie jamais le Seigneur. L’âme cherche, elle aussi, à tout accomplir pleinement.",H19_REFLECTION,,EDITORIAL_DOCUMENTARY_MATERIAL,MOVE_OUT_OF_CANONICAL_LAYER,PRESERVE UNCHANGED OUTSIDE CANONICAL REFLECTION LAYER → H19 DOCUMENTARY / AUTHORIAL-ADDITION APPARATUS,R3 stable reflection ends after P005; P006–P015 document the later authorial addition but are not reflection prose.,AFLP-27 H19 verified reflection/documentary boundary,HIGH,NO,PASS,,STRONGLY_CORROBORATES_LAYER_BOUNDARY,"AFLP-27 H19 prints the actual reflection, then « (Terminer par la prière de remerciement) », then a separator « *** », and only afterwards the letters explaining the later authorial addition.",AFLP27_H19_H21,MOVE_OUT_OF_CANONICAL_LAYER,PRESERVE UNCHANGED OUTSIDE CANONICAL REFLECTION LAYER → H19 DOCUMENTARY / AUTHORIAL-ADDITION APPARATUS,PRESERVE_MOVE,MOVE_OUT_OF_CANONICAL_LAYER,PRESERVE UNCHANGED OUTSIDE CANONICAL REFLECTION LAYER → H19 DOCUMENTARY / AUTHORIAL-ADDITION APPARATUS,UNCHANGED,R4 row survived final adversarial review unchanged: exact R5 target verified; Italian direction retained; AFLP control considered; no material French or governance defect found.,MANDATORY_PRESERVE_OUTSIDE_CANONICAL_LAYER
C0056,PASSION24.HOUR.19.REF.P011,19,REFLECTION,"C’est la raison pour laquelle toute la Vie de Jésus-Christ est reprise dans cette Heure, et que l’on tente de rassembler toutes sortes de réparations. Parmi tant d’âmes, n’y en aura-t-il pas quelques-unes qui voudront montrer cet héroïsme d’amour à Jésus ? »",H19_REFLECTION,,EDITORIAL_DOCUMENTARY_MATERIAL,MOVE_OUT_OF_CANONICAL_LAYER,PRESERVE UNCHANGED OUTSIDE CANONICAL REFLECTION LAYER → H19 DOCUMENTARY / AUTHORIAL-ADDITION APPARATUS,R3 stable reflection ends after P005; P006–P015 document the later authorial addition but are not reflection prose.,AFLP-27 H19 verified reflection/documentary boundary,HIGH,NO,PASS,,STRONGLY_CORROBORATES_LAYER_BOUNDARY,"AFLP-27 H19 prints the actual reflection, then « (Terminer par la prière de remerciement) », then a separator « *** », and only afterwards the letters explaining the later authorial addition.",AFLP27_H19_H21,MOVE_OUT_OF_CANONICAL_LAYER,PRESERVE UNCHANGED OUTSIDE CANONICAL REFLECTION LAYER → H19 DOCUMENTARY / AUTHORIAL-ADDITION APPARATUS,PRESERVE_MOVE,MOVE_OUT_OF_CANONICAL_LAYER,PRESERVE UNCHANGED OUTSIDE CANONICAL REFLECTION LAYER → H19 DOCUMENTARY / AUTHORIAL-ADDITION APPARATUS,UNCHANGED,R4 row survived final adversarial review unchanged: exact R5 target verified; Italian direction retained; AFLP control considered; no material French or governance defect found.,MANDATORY_PRESERVE_OUTSIDE_CANONICAL_LAYER
C0057,PASSION24.HOUR.19.REF.P012,19,REFLECTION,"(3) Dans une autre lettre, datée du 7 octobre 1915, elle poursuit : « Le but de cette Heure est de désarmer la Justice Divine. Si, dans les autres Heures, on répare, on bénit, on demande pardon, etc., avec celle-ci, on désarme et on apaise.",H19_REFLECTION,,EDITORIAL_DOCUMENTARY_MATERIAL,MOVE_OUT_OF_CANONICAL_LAYER,PRESERVE UNCHANGED OUTSIDE CANONICAL REFLECTION LAYER → H19 DOCUMENTARY / AUTHORIAL-ADDITION APPARATUS,R3 stable reflection ends after P005; P006–P015 document the later authorial addition but are not reflection prose.,AFLP-27 H19 verified reflection/documentary boundary,HIGH,NO,PASS,,STRONGLY_CORROBORATES_LAYER_BOUNDARY,"AFLP-27 H19 prints the actual reflection, then « (Terminer par la prière de remerciement) », then a separator « *** », and only afterwards the letters explaining the later authorial addition.",AFLP27_H19_H21,MOVE_OUT_OF_CANONICAL_LAYER,PRESERVE UNCHANGED OUTSIDE CANONICAL REFLECTION LAYER → H19 DOCUMENTARY / AUTHORIAL-ADDITION APPARATUS,PRESERVE_MOVE,MOVE_OUT_OF_CANONICAL_LAYER,PRESERVE UNCHANGED OUTSIDE CANONICAL REFLECTION LAYER → H19 DOCUMENTARY / AUTHORIAL-ADDITION APPARATUS,UNCHANGED,R4 row survived final adversarial review unchanged: exact R5 target verified; Italian direction retained; AFLP control considered; no material French or governance defect found.,MANDATORY_PRESERVE_OUTSIDE_CANONICAL_LAYER
C0058,PASSION24.HOUR.19.REF.P013,19,REFLECTION,"Et l’âme, s’élevant entre le Ciel et la terre, tout comme Jésus-Christ, regarde la Justice Divine et essaie de l’apaiser ; elle regarde la créature et essaie de la ramener en son sein, mettant exactement en action ce que Jésus a fait. »",H19_REFLECTION,,EDITORIAL_DOCUMENTARY_MATERIAL,MOVE_OUT_OF_CANONICAL_LAYER,PRESERVE UNCHANGED OUTSIDE CANONICAL REFLECTION LAYER → H19 DOCUMENTARY / AUTHORIAL-ADDITION APPARATUS,R3 stable reflection ends after P005; P006–P015 document the later authorial addition but are not reflection prose.,AFLP-27 H19 verified reflection/documentary boundary,HIGH,NO,PASS,,STRONGLY_CORROBORATES_LAYER_BOUNDARY,"AFLP-27 H19 prints the actual reflection, then « (Terminer par la prière de remerciement) », then a separator « *** », and only afterwards the letters explaining the later authorial addition.",AFLP27_H19_H21,MOVE_OUT_OF_CANONICAL_LAYER,PRESERVE UNCHANGED OUTSIDE CANONICAL REFLECTION LAYER → H19 DOCUMENTARY / AUTHORIAL-ADDITION APPARATUS,PRESERVE_MOVE,MOVE_OUT_OF_CANONICAL_LAYER,PRESERVE UNCHANGED OUTSIDE CANONICAL REFLECTION LAYER → H19 DOCUMENTARY / AUTHORIAL-ADDITION APPARATUS,UNCHANGED,R4 row survived final adversarial review unchanged: exact R5 target verified; Italian direction retained; AFLP control considered; no material French or governance defect found.,MANDATORY_PRESERVE_OUTSIDE_CANONICAL_LAYER
C0059,PASSION24.HOUR.19.REF.P014,19,REFLECTION,"Et cela donne tellement de satisfaction divine qu’Il l’attend presque avec anxiété, parce qu’Il Se sent comme rafraîchi qu’une créature, venant de la terre, veut sauver ses propres frères.",H19_REFLECTION,,EDITORIAL_DOCUMENTARY_MATERIAL,MOVE_OUT_OF_CANONICAL_LAYER,PRESERVE UNCHANGED OUTSIDE CANONICAL REFLECTION LAYER → H19 DOCUMENTARY / AUTHORIAL-ADDITION APPARATUS,R3 stable reflection ends after P005; P006–P015 document the later authorial addition but are not reflection prose.,AFLP-27 H19 verified reflection/documentary boundary,HIGH,NO,PASS,,STRONGLY_CORROBORATES_LAYER_BOUNDARY,"AFLP-27 H19 prints the actual reflection, then « (Terminer par la prière de remerciement) », then a separator « *** », and only afterwards the letters explaining the later authorial addition.",AFLP27_H19_H21,MOVE_OUT_OF_CANONICAL_LAYER,PRESERVE UNCHANGED OUTSIDE CANONICAL REFLECTION LAYER → H19 DOCUMENTARY / AUTHORIAL-ADDITION APPARATUS,PRESERVE_MOVE,MOVE_OUT_OF_CANONICAL_LAYER,PRESERVE UNCHANGED OUTSIDE CANONICAL REFLECTION LAYER → H19 DOCUMENTARY / AUTHORIAL-ADDITION APPARATUS,UNCHANGED,R4 row survived final adversarial review unchanged: exact R5 target verified; Italian direction retained; AFLP control considered; no material French or governance defect found.,MANDATORY_PRESERVE_OUTSIDE_CANONICAL_LAYER
C0060,PASSION24.HOUR.19.REF.P015,19,REFLECTION,"Et, tandis que sa Justice s’enflamme, Il cherche un refuge, un abri dans cette âme qui veut faire siennes ses Souffrances ainsi que les âmes elles-mêmes. Cette âme L’invite et Le force à ne pas détruire la pauvre humanité.",H19_REFLECTION,,EDITORIAL_DOCUMENTARY_MATERIAL,MOVE_OUT_OF_CANONICAL_LAYER,PRESERVE UNCHANGED OUTSIDE CANONICAL REFLECTION LAYER → H19 DOCUMENTARY / AUTHORIAL-ADDITION APPARATUS,R3 stable reflection ends after P005; P006–P015 document the later authorial addition but are not reflection prose.,AFLP-27 H19 verified reflection/documentary boundary,HIGH,NO,PASS,,STRONGLY_CORROBORATES_LAYER_BOUNDARY,"AFLP-27 H19 prints the actual reflection, then « (Terminer par la prière de remerciement) », then a separator « *** », and only afterwards the letters explaining the later authorial addition.",AFLP27_H19_H21,MOVE_OUT_OF_CANONICAL_LAYER,PRESERVE UNCHANGED OUTSIDE CANONICAL REFLECTION LAYER → H19 DOCUMENTARY / AUTHORIAL-ADDITION APPARATUS,PRESERVE_MOVE,MOVE_OUT_OF_CANONICAL_LAYER,PRESERVE UNCHANGED OUTSIDE CANONICAL REFLECTION LAYER → H19 DOCUMENTARY / AUTHORIAL-ADDITION APPARATUS,UNCHANGED,R4 row survived final adversarial review unchanged: exact R5 target verified; Italian direction retained; AFLP control considered; no material French or governance defect found.,MANDATORY_PRESERVE_OUTSIDE_CANONICAL_LAYER
C0061,PASSION24.HOUR.20.P033,20,MEDITATION,"« Louez le Seigneur tous les peuples, fêtez-le tous les pays ! Son amour envers nous s’est montré le plus fort ; éternelle est la fidélité du Seigneur ! Gloire au Père,… » (Ps. 116) J’adore, ô mon Jésus, tes Yeux infiniment saints.",H20_MEDITATION,"Adoro, o Gesù mio, i tuoi santissimi occhi",EDITORIAL_DEVOTIONAL_INSERTION,TRIM_RECORD,"J’adore, ô mon Jésus, tes Yeux infiniment saints.",Psalm 116 + doxology prefix absent from Italian R3; record resumes canonical text at J’adore.,AFLP-27 H20 verified transcription (prints insertion); governing Italian R3 H20 core (excludes insertion),HIGH,NO,PASS,"If applied, trim from canonical meditation but preserve the AFLP devotional formula in editorial/apparatus evidence.",AFLP27_EDITORIAL_TRADITION_PRESENT__ITALIAN_R3_CORE_ABSENT,"AFLP-27 H20 explicitly prints « Laudate Dominum... Gloria Patri… » between the head and eye reparations. This confirms a real AFLP devotional/editorial tradition, not an R5 extraction accident; governing Italian R3 does not include it in the Hour core.",AFLP27_H19_H21,TRIM_RECORD,"J’adore, ô mon Jésus, tes Yeux infiniment saints.",ACCEPT_FOR_AUTHORIZATION,TRIM_RECORD,"J’adore, ô mon Jésus, tes Yeux infiniment saints.",UNCHANGED,R4 row survived final adversarial review unchanged: exact R5 target verified; Italian direction retained; AFLP control considered; no material French or governance defect found.,PRESERVE_REMOVED_SPAN_IN_EVIDENCE/APPARATUS; DO_NOT TREAT AS CORRUPTION
C0062,PASSION24.HOUR.23.P001,23,MEDITATION,"Mon Jésus, au moment où Tu as expiré, toute la nature a pleuré ta douloureuse Mort. Elle Te reconnaissait pour son Créateur.",H23_FORM_A,grido di dolore,FORM_A_OMISSION,REPLACE_RECORD,"Mon Jésus, au moment où Tu as expiré, toute la nature a poussé un cri de douleur et a pleuré ta douloureuse Mort. Elle Te reconnaissait pour son Créateur.",R5 loses the cry of sorrow; Form A governs H23.,AFLP-27 H23 independently preserves a cry of anguish/sorrow. | AFLP-27 H23: « pousse un cri d’angoisse ... pleure ».,HIGH,H23_FORM_A_ONLY,PASS,,CORROBORATES,"AFLP-27 H23 opens « toute la nature pousse un cri d’angoisse ... elle pleure », independently preserving both cry and weeping.",AFLP 27e édition verified transcription (H06–H18/H23),REPLACE_RECORD,"Mon Jésus, au moment où Tu as expiré, toute la nature a poussé un cri de douleur et a pleuré ta douloureuse Mort. Elle Te reconnaissait pour son Créateur.",ACCEPT_FOR_AUTHORIZATION,REPLACE_RECORD,"Mon Jésus, au moment où Tu as expiré, toute la nature a poussé un cri de douleur et a pleuré ta douloureuse Mort. Elle Te reconnaissait pour son Créateur.",UNCHANGED,R4 row survived final adversarial review unchanged: exact R5 target verified; Italian direction retained; AFLP control considered; no material French or governance defect found.,NONE_BEYOND_NORMAL_AUDIT_EVIDENCE
C0063,PASSION24.HOUR.23.P013,23,MEDITATION,"En Moi vous trouverez la sainteté, le soulagement dans les afflictions, la force dans la faiblesse, la paix dans les doutes, la compagnie dans la solitude.",H23_FORM_A,vi farete santi,FORM_A_OMISSION_AND_MISTRANSLATION,REPLACE_RECORD,"En Moi vous trouverez la sainteté et vous deviendrez saints, le soulagement dans les afflictions, la force dans la faiblesse, la paix dans les doutes, la compagnie dans l’abandon.",Restores explicit becoming holy and abbandoni.,AFLP-27 H23 corroborates both features. | AFLP-27 H23 corroborates sanctification + abandonment.,HIGH,H23_FORM_A_ONLY,PASS,,CORROBORATES,AFLP-27 H23 preserves becoming holy and company in abandonment: « Il te rendra sainte » and « compagnie dans l’abandon ».,AFLP 27e édition verified transcription (H06–H18/H23),REPLACE_RECORD,"En Moi vous trouverez la sainteté et vous deviendrez saints, le soulagement dans les afflictions, la force dans la faiblesse, la paix dans les doutes, la compagnie dans l’abandon.",ACCEPT_FOR_AUTHORIZATION,REPLACE_RECORD,"En Moi vous trouverez la sainteté et vous deviendrez saints, le soulagement dans les afflictions, la force dans la faiblesse, la paix dans les doutes, la compagnie dans l’abandon.",UNCHANGED,R4 row survived final adversarial review unchanged: exact R5 target verified; Italian direction retained; AFLP control considered; no material French or governance defect found.,NONE_BEYOND_NORMAL_AUDIT_EVIDENCE
C0064,PASSION24.HOUR.23.P015,23,MEDITATION,C’est ici que vous trouverez l’Amour vrai pour aimer et des Flammes ardentes pour vous brûler et vous consumer d’Amour.,H23_FORM_A,vero amore per amarmi,FORM_A_OMISSION,REPLACE_RECORD,C’est ici que vous trouverez le véritable Amour pour M’aimer et des Flammes ardentes pour vous brûler et vous consumer d’Amour.,Object “Me” is explicit in Form A.,AFLP-27 H23 corroborates love directed to Jesus. | AFLP-27 H23 exact conceptual corroboration.,HIGH,H23_FORM_A_ONLY,PASS,,CORROBORATES,AFLP-27 H23 reads « le véritable amour pour m’aimer ».,AFLP 27e édition verified transcription (H06–H18/H23),REPLACE_RECORD,C’est ici que vous trouverez le véritable Amour pour M’aimer et des Flammes ardentes pour vous brûler et vous consumer d’Amour.,ACCEPT_FOR_AUTHORIZATION,REPLACE_RECORD,C’est ici que vous trouverez le véritable Amour pour M’aimer et des Flammes ardentes pour vous brûler et vous consumer d’Amour.,UNCHANGED,R4 row survived final adversarial review unchanged: exact R5 target verified; Italian direction retained; AFLP control considered; no material French or governance defect found.,NONE_BEYOND_NORMAL_AUDIT_EVIDENCE
C0065,PASSION24.HOUR.23.P016,23,MEDITATION,"Tout est concentré dans ce Cœur : c’est là que se trouvent les Sacrements, la Vie de mon Église, et la Vie de toutes les âmes.",H23_FORM_A,"qui la mia Chiesa, qui la vita della mia Chiesa",FORM_A_OMISSION,REPLACE_RECORD,"Tout est concentré dans ce Cœur : c’est là que se trouvent les Sacrements, mon Église, la Vie de mon Église, et la Vie de toutes les âmes.",Standalone “my Church” omitted.,AFLP-27 H23 corroborates mon Église. | AFLP-27 H23 preserves « mon Église ».,HIGH,H23_FORM_A_ONLY,PASS,,CORROBORATES,"AFLP-27 H23 reads « les Sacrements, mon Église et la vie de l’Église et de toutes les âmes ».",AFLP 27e édition verified transcription (H06–H18/H23),REPLACE_RECORD,"Tout est concentré dans ce Cœur : c’est là que se trouvent les Sacrements, mon Église, la Vie de mon Église, et la Vie de toutes les âmes.",ACCEPT_FOR_AUTHORIZATION,REPLACE_RECORD,"Tout est concentré dans ce Cœur : c’est là que se trouvent les Sacrements, mon Église, la Vie de mon Église, et la Vie de toutes les âmes.",UNCHANGED,R4 row survived final adversarial review unchanged: exact R5 target verified; Italian direction retained; AFLP control considered; no material French or governance defect found.,NONE_BEYOND_NORMAL_AUDIT_EVIDENCE
C0066,PASSION24.HOUR.23.P018,23,MEDITATION,"Par conséquent, mon enfant, que ta vie soit en mon Cœur. Défends-le, répare toutes les offenses contre lui, conduis-y tous les gens. »",H23_FORM_A,"difendimi, riparami, conducimi tutti in esso",FORM_A_REFERENT_SHIFT,REPLACE_RECORD,"Par conséquent, mon enfant, que ta vie soit dans mon Cœur. Défends-Moi, fais-Moi réparation, conduis-les tous dans mon Cœur. »",R5 redirects defence/reparation toward the Heart; Italian verbs take Jesus as object and all souls are brought into the Heart.,"AFLP-27 H23 corroborates Jesus-directed defence/reparation. | AFLP-27 H23: « défends-moi, fais-moi réparation... ».",HIGH,H23_FORM_A_ONLY,PASS,,CORROBORATES,"AFLP-27 H23 reads « défends-moi, fais-moi réparation et apporte-moi toutes les âmes », confirming the actions are directed to Jesus, not to the Heart as an object.",AFLP 27e édition verified transcription (H06–H18/H23),REPLACE_RECORD,"Par conséquent, mon enfant, que ta vie soit dans mon Cœur. Défends-Moi, répare pour Moi, conduis-les tous dans mon Cœur. »",ACCEPT_FOR_AUTHORIZATION,REPLACE_RECORD,"Par conséquent, mon enfant, que ta vie soit dans mon Cœur. Défends-Moi, fais-Moi réparation, conduis-les tous dans mon Cœur. »",WORDING_ONLY,"French idiom repair only: “répare pour Moi” is replaced by “fais-Moi réparation”, directly corroborated by AFLP-27 and faithful to Italian riparami.",NONE_BEYOND_NORMAL_AUDIT_EVIDENCE
C0067,PASSION24.HOUR.23.P019,23,MEDITATION,"Jésus, par Amour pour moi, Tu T’es laissé blesser le Cœur par une lance. De tes Mains, blesse mon cœur, mes affections, mes désirs et tout moi-même. Qu’il n’y ait rien en moi qui ne soit blessé par tes Mains amoureuses.",H23_FORM_A,non resti ferita dal tuo amore,FORM_A_AGENCY_SHIFT,REPLACE_RECORD,"Jésus, par Amour pour moi, Tu T’es laissé blesser le Cœur par une lance. De tes Mains, blesse mon cœur, mes affections, mes désirs et tout moi-même. Qu’il n’y ait rien en moi qui ne soit blessé par ton Amour.",The resulting wound is explicitly from His Love.,AFLP-27 H23: « blessé par ton amour ».,HIGH,H23_FORM_A_ONLY,PASS,,CORROBORATES,"AFLP-27 H23 reads « qu’il ne reste rien en moi qui ne soit blessé par ton amour », directly supporting Italian agency.",AFLP 27e édition verified transcription (H06–H18/H23),REPLACE_RECORD,"Jésus, par Amour pour moi, Tu T’es laissé blesser le Cœur par une lance. De tes Mains, blesse mon cœur, mes affections, mes désirs et tout moi-même. Qu’il n’y ait rien en moi qui ne soit blessé par ton Amour.",ACCEPT_FOR_AUTHORIZATION,REPLACE_RECORD,"Jésus, par Amour pour moi, Tu T’es laissé blesser le Cœur par une lance. De tes Mains, blesse mon cœur, mes affections, mes désirs et tout moi-même. Qu’il n’y ait rien en moi qui ne soit blessé par ton Amour.",UNCHANGED,R4 row survived final adversarial review unchanged: exact R5 target verified; Italian direction retained; AFLP control considered; no material French or governance defect found.,NONE_BEYOND_NORMAL_AUDIT_EVIDENCE
C0068,PASSION24.HOUR.23.P021,23,MEDITATION,"Comme une colombe, elle vole en ton Cœur pour y occuper la première place, pour y être la première Réparatrice, la Reine, la Médiatrice entre Toi et les créatures. Avec ma Maman, je veux moi aussi voler dans ton Cœur afin de voir comment elle y répare les offenses des créatures.",H23_FORM_A,Regina dello stesso tuo Cuore,FORM_A_OMISSION,REPLACE_RECORD,"Comme une colombe, elle vole en ton Cœur pour y occuper la première place, pour y être la première Réparatrice, la Reine de ton propre Cœur, la Médiatrice entre Toi et les créatures. Avec ma Maman, je veux moi aussi voler dans ton Cœur pour entendre comment elle Te fait réparation et répéter ses Réparations pour toutes les offenses que Tu reçois.",Restores Mary’s exact title and omitted repetition of her reparations.,AFLP-27 H23 corroborates Queen of His Heart and reparations. | AFLP-27 H23: « reine de ton cœur » + repeated reparations.,HIGH,H23_FORM_A_ONLY,PASS,,CORROBORATES,AFLP-27 H23 establishes Mary as « reine de ton cœur » and immediately says she repeats her reparations for the offenses Jesus receives.,AFLP 27e édition verified transcription (H06–H18/H23),REPLACE_RECORD,"Comme une colombe, elle vole en ton Cœur pour y occuper la première place, pour y être la première Réparatrice, la Reine de ton propre Cœur, la Médiatrice entre Toi et les créatures. Avec ma Maman, je veux moi aussi voler dans ton Cœur pour entendre comment elle Te répare et répéter ses Réparations pour toutes les offenses que Tu reçois.",ACCEPT_FOR_AUTHORIZATION,REPLACE_RECORD,"Comme une colombe, elle vole en ton Cœur pour y occuper la première place, pour y être la première Réparatrice, la Reine de ton propre Cœur, la Médiatrice entre Toi et les créatures. Avec ma Maman, je veux moi aussi voler dans ton Cœur pour entendre comment elle Te fait réparation et répéter ses Réparations pour toutes les offenses que Tu reçois.",WORDING_ONLY,"French idiom repair only: “elle Te répare” is replaced by “elle Te fait réparation”, preserving Italian Ti ripara and the established devotional French register.",NONE_BEYOND_NORMAL_AUDIT_EVIDENCE
C0069,PASSION24.HOUR.23.P022,23,MEDITATION,"Jésus, je trouverai la Vie dans ton Cœur blessé, si bien que, peu importe ce que je ferai, mes actions y trouveront Vie. Je ne donnerai plus de vie à mes pensées, mais si elles veulent la Vie, je prendrai tes Pensées.",H23_FORM_A,l’attingerò sempre da esso,FORM_A_DIRECTIONAL_SHIFT,REPLACE_RECORD,"Jésus, dans ton Cœur blessé je retrouverai ma vie ; ainsi, tout ce que je serai sur le point de faire, je le puiserai toujours dans ce Cœur. Je ne donnerai plus de vie à mes pensées, mais si elles veulent la Vie, je prendrai tes Pensées.","Italian says actions/life are drawn from the Heart, not merely that actions find life there.",AFLP-27 H23 supports Heart-source/dependence direction.,HIGH_ITALIAN_R3; AFLP27_PARTIAL,H23_FORM_A_ONLY,PASS,,PARTIAL_CORROBORATION,"AFLP-27 H23 says « quoi que je fasse, je dépende toujours de ton divin cœur », preserving the direction of dependence on/from the Heart. Italian R3 is more exact: l’attingerò sempre da esso (draw it from it).",AFLP 27e édition verified transcription (H06–H18/H23),REPLACE_RECORD,"Jésus, dans ton Cœur blessé je retrouverai ma vie ; ainsi, tout ce que je serai sur le point de faire, je le puiserai toujours dans ce Cœur. Je ne donnerai plus de vie à mes pensées, mais si elles veulent la Vie, je prendrai tes Pensées.",ACCEPT_FOR_AUTHORIZATION,REPLACE_RECORD,"Jésus, dans ton Cœur blessé je retrouverai ma vie ; ainsi, tout ce que je serai sur le point de faire, je le puiserai toujours dans ce Cœur. Je ne donnerai plus de vie à mes pensées, mais si elles veulent la Vie, je prendrai tes Pensées.",UNCHANGED,R4 row survived final adversarial review unchanged: exact R5 target verified; Italian direction retained; AFLP control considered; no material French or governance defect found.,NONE_BEYOND_NORMAL_AUDIT_EVIDENCE
C0070,PASSION24.HOUR.23.P024,23,MEDITATION,"Jésus, toute ta Vie m’appartient : c’est ta Volonté.",H23_FORM_A,"questa è la tua Volontà, questo è il mio volere",FORM_A_OMISSION,REPLACE_RECORD,"Jésus, toute ta Vie est mienne : telle est ta Volonté, tel est mon vouloir.",Final correspondence of Jesus’s Will and Luisa’s will is omitted.,AFLP-27 H23 corroborates final two-sided correspondence. | AFLP-27 H23 preserves both wills.,HIGH,H23_FORM_A_ONLY,PASS,,CORROBORATES,"AFLP-27 H23 ends « c’est ta volonté, et c’est aussi la mienne », independently preserving the two-sided closing correspondence.",AFLP 27e édition verified transcription (H06–H18/H23),REPLACE_RECORD,"Jésus, toute ta Vie est mienne : telle est ta Volonté, tel est mon vouloir.",ACCEPT_FOR_AUTHORIZATION,REPLACE_RECORD,"Jésus, toute ta Vie est mienne : telle est ta Volonté, tel est mon vouloir.",UNCHANGED,R4 row survived final adversarial review unchanged: exact R5 target verified; Italian direction retained; AFLP control considered; no material French or governance defect found.,NONE_BEYOND_NORMAL_AUDIT_EVIDENCE
C0071,PASSION24.HOUR.23.REF.P001,23,REFLECTION,"Après sa Mort, Jésus a voulu, par Amour pour nous, être blessé par une lance. Et nous, nous laissons-nous blesser en toutes choses par Jésus ? Ou bien nous laissons-nous blesser par les créatures, par les plaisirs, par l’attachement à nous-mêmes ? Les froideurs, les obscurités, les mortifications internes et externes sont des blessures que le Seigneur présente à notre âme.",H23_REFLECTION,ferite che il Signore fa all’anima,MISTRANSLATION,REPLACE_RECORD,"Après sa Mort, Jésus a voulu, par Amour pour nous, être blessé par une lance. Et nous, nous laissons-nous blesser en toutes choses par Jésus ? Ou bien nous laissons-nous blesser par les créatures, par les plaisirs, par l’attachement à nous-mêmes ? Les froideurs, les obscurités, les mortifications internes et externes sont des blessures que le Seigneur fait à notre âme.","fa = makes/inflicts, not presents.",AFLP-27 H23 reflection corroborates wounds given/made by the Lord. | AFLP-27 H23: « des plaies que le Seigneur donne aux âmes ».,HIGH,H23_REFLECTION_STABLE,PASS,,CORROBORATES,"AFLP-27 H23 reflection says the internal/external mortifications are wounds the Lord gives to souls, directly rejecting R5 « présente à notre âme ».",AFLP 27e édition verified transcription (H06–H18/H23),REPLACE_RECORD,"Après sa Mort, Jésus a voulu, par Amour pour nous, être blessé par une lance. Et nous, nous laissons-nous blesser en toutes choses par Jésus ? Ou bien nous laissons-nous blesser par les créatures, par les plaisirs, par l’attachement à nous-mêmes ? Les froideurs, les obscurités, les mortifications internes et externes sont des blessures que le Seigneur fait à notre âme.",ACCEPT_FOR_AUTHORIZATION,REPLACE_RECORD,"Après sa Mort, Jésus a voulu, par Amour pour nous, être blessé par une lance. Et nous, nous laissons-nous blesser en toutes choses par Jésus ? Ou bien nous laissons-nous blesser par les créatures, par les plaisirs, par l’attachement à nous-mêmes ? Les froideurs, les obscurités, les mortifications internes et externes sont des blessures que le Seigneur fait à notre âme.",UNCHANGED,R4 row survived final adversarial review unchanged: exact R5 target verified; Italian direction retained; AFLP control considered; no material French or governance defect found.,NONE_BEYOND_NORMAL_AUDIT_EVIDENCE
C0090,PASSION24.HOUR.24.DESOL.P001,24,MEDITATION,"« Elles me coûtent trop, les âmes, elles me coûtent la Vie d’un Fils Dieu. Et moi, comme Co-rédemptrice et Mère, je les lie à toi, ô Croix. »",H24_MEDITATION,,DUPLICATE_MISLOCATION,DELETE_FROM_CANONICAL_LAYER,∅,"This sentence is duplicated later at DESOL.P072; Italian R3 H24 begins with the burial preparation, corresponding to DESOL.P002.",AFLP-27 H24 verified transcription,HIGH,H24_MEDITATION_DESOLATION_CORE,PASS_R4_SCOPE_RESTORATION,Desolation is treated as part of the 24th-Hour meditation by explicit user scope and by Italian R3 hour structure.,CORROBORATES,AFLP-27 H24 Desolation begins with Mary preparing for the final sacrifice; the R5 leading « Elles me coûtent trop... » sentence belongs later in the Desolation and is a misplaced duplicate.,AFLP27_H22_H24,DELETE_FROM_CANONICAL_LAYER,∅,ACCEPT_FOR_AUTHORIZATION,DELETE_FROM_CANONICAL_LAYER,∅,UNCHANGED,R4 row survived final adversarial review unchanged: exact R5 target verified; Italian direction retained; AFLP control considered; no material French or governance defect found.,NO_SEPARATE_CANONICAL_COPY_REQUIRED; deletion is duplicate/mislocated or unsupported at this locus
C0091,PASSION24.HOUR.24.DESOL.P081,24,MEDITATION,"Maman désolée, regarde, moi aussi je suis ton enfant et seule je ne peux, ni ne veux vivre. Prends-moi sur tes genoux et presse-moi dans tes bras maternels. Sers-moi de Maman, j’ai besoin d’un guide, d’aide, de soutien. Regarde ma pauvreté. Sur mes plaies, verse une de tes larmes, et quand tu me verras distraite, serre-moi sur ton Cœur maternel et rafraîchis en moi la Vie de Jésus. Mère désolée, comme je compatis avec toi ! Tes Douleurs sont effroyables ! Je voudrais changer mon être en langue et en voix pour te dire ma compassion.",H24_MEDITATION,"Ma mentre ti prego, sono costretta a fermarmi",SUBSTANTIAL_OMISSION,REPLACE_RECORD,"Maman désolée, regarde, moi aussi je suis ton enfant et seule je ne peux, ni ne veux vivre. Prends-moi sur tes genoux et presse-moi dans tes bras maternels. Sers-moi de Maman, j’ai besoin d’un guide, d’aide, de soutien. Regarde ma pauvreté. Sur mes plaies, verse une de tes larmes, et quand tu me verras distraite, serre-moi sur ton Cœur maternel et rafraîchis en moi la Vie de Jésus. Mais tandis que je te prie, je suis forcée de m’arrêter pour prêter attention à tes douleurs si amères. Je me sens transpercée en voyant que, lorsque tu bouges la tête, tu sens pénétrer les épines que tu as prises de Jésus, ainsi que les piqûres de tous nos péchés de pensée qui, pénétrant jusque dans tes yeux, te font pleurer des larmes mêlées de sang. Tandis que tu pleures, ayant dans tes yeux la Vue de Jésus, toutes les offenses des créatures passent devant ton regard. Oh ! comme elles t’emplissent d’amertume ! Comme tu comprends ce que Jésus a souffert, puisque tu as en toi ses mêmes Peines ! Mais une douleur n’attend pas l’autre. Lorsque tu tends l’oreille, tu te sens assourdie par l’écho des voix des créatures ; chaque variété de voix pénètre de tes oreilles jusqu’à ton Cœur et le transperce, et tu répètes ton refrain : « Fils, comme Tu as souffert ! » Mère désolée, comme je compatis avec toi ! Permets-moi d’essuyer ton Visage baigné de larmes et de sang. Mais je recule en le voyant tout couvert de meurtrissures, méconnaissable et pâle d’une pâleur mortelle. Je comprends : ce sont les mauvais traitements de Jésus que tu as pris sur toi qui te font tant souffrir. Lorsque tu remues les lèvres pour prier ou pousser des soupirs de ta Poitrine embrasée, tu sens ton souffle amer et tes lèvres brûlées par la Soif de Jésus. Pauvre Maman, comme je compatis avec toi ! Tes douleurs grandissent toujours davantage et semblent se donner la main. Prenant tes mains dans les miennes, je les vois transpercées par les clous. C’est dans ces mêmes mains que tu ressens la douleur et vois les homicides, les trahisons, les sacrilèges et toutes les œuvres mauvaises qui renouvellent les coups, élargissent les Plaies et les rendent plus cruelles. Comme je compatis avec toi ! Tu es la véritable Mère crucifiée : même tes Pieds ne restent pas sans clous ; non seulement tu les sens cloués, mais comme arrachés par tant de pas iniques et par les âmes qui vont en enfer, et tu cours après elles afin qu’elles ne tombent pas dans les flammes infernales. Mais ce n’est pas encore tout, Mère transpercée. Toutes tes Peines, réunies ensemble, font écho dans ton Cœur et le transpercent, non de sept épées, mais de mille et mille épées. D’autant plus qu’ayant en toi le Cœur divin de Jésus, qui contient tous les cœurs et enveloppe dans son Battement les battements de tous, à chaque Battement Il dit : « Âmes ! Amour ! » Et toi, au Battement « Âmes ! », tu sens passer dans ton propre battement tous les péchés et tu te sens donner la mort ; au Battement « Amour ! », tu te sens donner la Vie. Ainsi tu es dans un continuel acte de mort et de Vie. Mère désolée, comme je compatis avec toi ! Tes Douleurs sont effroyables ! Je voudrais changer mon être en langue et en voix pour te dire ma compassion.","R5 jumps from the child’s petition directly to the later compassion sentence, omitting the entire sequence of Mary experiencing Jesus’s thorns, voices, face, hands, feet and heart pains.",AFLP-27 H24 verified transcription,HIGH,H24_MEDITATION_DESOLATION_CORE,PASS_R4_SCOPE_RESTORATION,Desolation is treated as part of the 24th-Hour meditation by explicit user scope and by Italian R3 hour structure.,STRONGLY_CORROBORATES,"AFLP-27 preserves the entire omitted sequence of the thorns, sinful voices, face, hands, feet, and heart sufferings experienced by Mary at the exact point where R5 jumps ahead.",AFLP27_H22_H24,REPLACE_RECORD,"Maman désolée, regarde, moi aussi je suis ton enfant et seule je ne peux, ni ne veux vivre. Prends-moi sur tes genoux et presse-moi dans tes bras maternels. Sers-moi de Maman, j’ai besoin d’un guide, d’aide, de soutien. Regarde ma pauvreté. Sur mes plaies, verse une de tes larmes, et quand tu me verras distraite, serre-moi sur ton Cœur maternel et rafraîchis en moi la Vie de Jésus. Mais tandis que je te prie, je suis forcée de m’arrêter pour prêter attention à tes douleurs si amères. Je me sens transpercée en voyant que, lorsque tu bouges la tête, tu sens pénétrer les épines que tu as prises de Jésus, ainsi que les piqûres de tous nos péchés de pensée qui, pénétrant jusque dans tes yeux, te font pleurer des larmes mêlées de sang. Tandis que tu pleures, ayant dans tes yeux la Vue de Jésus, toutes les offenses des créatures passent devant ton regard. Oh ! comme elles t’emplissent d’amertume ! Comme tu comprends ce que Jésus a souffert, puisque tu as en toi ses mêmes Peines ! Mais une douleur n’attend pas l’autre. Lorsque tu tends l’oreille, tu te sens assourdie par l’écho des voix des créatures ; chaque variété de voix pénètre de tes oreilles jusqu’à ton Cœur et le transperce, et tu répètes ton refrain : « Fils, comme Tu as souffert ! » Mère désolée, comme je compatis avec toi ! Permets-moi d’essuyer ton Visage baigné de larmes et de sang. Mais je recule en le voyant tout couvert de meurtrissures, méconnaissable et pâle d’une pâleur mortelle. Je comprends : ce sont les mauvais traitements de Jésus que tu as pris sur toi qui te font tant souffrir. Lorsque tu remues les lèvres pour prier ou pousser des soupirs de ta Poitrine embrasée, tu sens ton souffle amer et tes lèvres brûlées par la Soif de Jésus. Pauvre Maman, comme je compatis avec toi ! Tes douleurs grandissent toujours davantage et semblent se donner la main. Prenant tes mains dans les miennes, je les vois transpercées par les clous. C’est dans ces mêmes mains que tu ressens la douleur et vois les homicides, les trahisons, les sacrilèges et toutes les œuvres mauvaises qui renouvellent les coups, élargissent les Plaies et les rendent plus cruelles. Comme je compatis avec toi ! Tu es la véritable Mère crucifiée : même tes Pieds ne restent pas sans clous ; non seulement tu les sens cloués, mais comme arrachés par tant de pas iniques et par les âmes qui vont en enfer, et tu cours après elles afin qu’elles ne tombent pas dans les flammes infernales. Mais ce n’est pas encore tout, Mère transpercée. Toutes tes Peines, réunies ensemble, font écho dans ton Cœur et le transpercent, non de sept épées, mais de mille et mille épées. D’autant plus qu’ayant en toi le Cœur divin de Jésus, qui contient tous les cœurs et enveloppe dans son Battement les battements de tous, à chaque Battement Il dit : « Âmes ! Amour ! » Et toi, au Battement « Âmes ! », tu sens passer dans ton propre battement tous les péchés et tu te sens donner la mort ; au Battement « Amour ! », tu te sens donner la Vie. Ainsi tu es dans un continuel acte de mort et de Vie. Mère désolée, comme je compatis avec toi ! Tes Douleurs sont effroyables ! Je voudrais changer mon être en langue et en voix pour te dire ma compassion.",ACCEPT_FOR_AUTHORIZATION,REPLACE_RECORD,"Maman désolée, regarde, moi aussi je suis ton enfant et seule je ne peux, ni ne veux vivre. Prends-moi sur tes genoux et presse-moi dans tes bras maternels. Sers-moi de Maman, j’ai besoin d’un guide, d’aide, de soutien. Regarde ma pauvreté. Sur mes plaies, verse une de tes larmes, et quand tu me verras distraite, serre-moi sur ton Cœur maternel et rafraîchis en moi la Vie de Jésus. Mais tandis que je te prie, je suis forcée de m’arrêter pour prêter attention à tes douleurs si amères. Je me sens transpercée en voyant que, lorsque tu bouges la tête, tu sens pénétrer les épines que tu as prises de Jésus, ainsi que les piqûres de tous nos péchés de pensée qui, pénétrant jusque dans tes yeux, te font pleurer des larmes mêlées de sang. Tandis que tu pleures, ayant dans tes yeux la Vue de Jésus, toutes les offenses des créatures passent devant ton regard. Oh ! comme elles t’emplissent d’amertume ! Comme tu comprends ce que Jésus a souffert, puisque tu as en toi ses mêmes Peines ! Mais une douleur n’attend pas l’autre. Lorsque tu tends l’oreille, tu te sens assourdie par l’écho des voix des créatures ; chaque variété de voix pénètre de tes oreilles jusqu’à ton Cœur et le transperce, et tu répètes ton refrain : « Fils, comme Tu as souffert ! » Mère désolée, comme je compatis avec toi ! Permets-moi d’essuyer ton Visage baigné de larmes et de sang. Mais je recule en le voyant tout couvert de meurtrissures, méconnaissable et pâle d’une pâleur mortelle. Je comprends : ce sont les mauvais traitements de Jésus que tu as pris sur toi qui te font tant souffrir. Lorsque tu remues les lèvres pour prier ou pousser des soupirs de ta Poitrine embrasée, tu sens ton souffle amer et tes lèvres brûlées par la Soif de Jésus. Pauvre Maman, comme je compatis avec toi ! Tes douleurs grandissent toujours davantage et semblent se donner la main. Prenant tes mains dans les miennes, je les vois transpercées par les clous. C’est dans ces mêmes mains que tu ressens la douleur et vois les homicides, les trahisons, les sacrilèges et toutes les œuvres mauvaises qui renouvellent les coups, élargissent les Plaies et les rendent plus cruelles. Comme je compatis avec toi ! Tu es la véritable Mère crucifiée : même tes Pieds ne restent pas sans clous ; non seulement tu les sens cloués, mais comme arrachés par tant de pas iniques et par les âmes qui vont en enfer, et tu cours après elles afin qu’elles ne tombent pas dans les flammes infernales. Mais ce n’est pas encore tout, Mère transpercée. Toutes tes Peines, réunies ensemble, font écho dans ton Cœur et le transpercent, non de sept épées, mais de mille et mille épées. D’autant plus qu’ayant en toi le Cœur divin de Jésus, qui contient tous les cœurs et enveloppe dans son Battement les battements de tous, à chaque Battement Il dit : « Âmes ! Amour ! » Et toi, au Battement « Âmes ! », tu sens passer dans ton propre battement tous les péchés et tu te sens donner la mort ; au Battement « Amour ! », tu te sens donner la Vie. Ainsi tu es dans un continuel acte de mort et de Vie. Mère désolée, comme je compatis avec toi ! Tes Douleurs sont effroyables ! Je voudrais changer mon être en langue et en voix pour te dire ma compassion.",UNCHANGED,R4 row survived final adversarial review unchanged: exact R5 target verified; Italian direction retained; AFLP control considered; no material French or governance defect found.,NONE_BEYOND_NORMAL_AUDIT_EVIDENCE
C0092,PASSION24.HOUR.24.DESOL.P090,24,MEDITATION,"Un dernier mot en te laissant, ô douce Maman. Je te prie de m’enfermer dans le Cœur infiniment saint de Jésus. Et pendant que je baise ta Main maternelle, bénis-moi. Ainsi soit-il.",H24_MEDITATION,fammi da sentinella,OMISSION,REPLACE_RECORD,"Un dernier mot en te laissant, ô douce Maman. Je te prie de m’enfermer dans le Cœur infiniment saint de Jésus. Et toi, ma Maman souffrante, sois ma sentinelle, afin que Jésus ne me mette pas hors de son Cœur et que moi-même, même si je le voulais, je ne puisse en sortir. Et pendant que je baise ta Main maternelle, bénis-moi. Ainsi soit-il.",Final sentinel clause omitted.,AFLP-27 H24 verified transcription,HIGH,H24_MEDITATION_DESOLATION_CORE,PASS_R4_SCOPE_RESTORATION,Desolation is treated as part of the 24th-Hour meditation by explicit user scope and by Italian R3 hour structure.,STRONGLY_CORROBORATES,"AFLP-27 ends with Mary explicitly asked to « Veille sur moi... Garde-moi toujours enfermée dans ce divin Cœur », independently supporting Italian « fammi da sentinella ».",AFLP27_H22_H24,REPLACE_RECORD,"Un dernier mot en te laissant, ô douce Maman. Je te prie de m’enfermer dans le Cœur infiniment saint de Jésus. Et toi, ma Maman souffrante, sois ma sentinelle, afin que Jésus ne me mette pas hors de son Cœur et que moi-même, même si je le voulais, je ne puisse en sortir. Et pendant que je baise ta Main maternelle, bénis-moi. Ainsi soit-il.",ACCEPT_FOR_AUTHORIZATION,REPLACE_RECORD,"Un dernier mot en te laissant, ô douce Maman. Je te prie de m’enfermer dans le Cœur infiniment saint de Jésus. Et toi, ma Maman souffrante, sois ma sentinelle, afin que Jésus ne me mette pas hors de son Cœur et que moi-même, même si je le voulais, je ne puisse en sortir. Et pendant que je baise ta Main maternelle, bénis-moi. Ainsi soit-il.",UNCHANGED,R4 row survived final adversarial review unchanged: exact R5 target verified; Italian direction retained; AFLP control considered; no material French or governance defect found.,NONE_BEYOND_NORMAL_AUDIT_EVIDENCE
C0093,PASSION24.HOUR.24.DESOL.P091,24,MEDITATION,"Nos cum prole pia, benedicat Virgo Maria.",H24_MEDITATION,,EDITORIAL_DEVOTIONAL_PARATEXT,MOVE_OUT_OF_CANONICAL_LAYER,PRESERVE UNCHANGED OUTSIDE CANONICAL H24 MEDITATION AS POST-MEDITATION DEVOTIONAL PARATEXT,Latin Marian blessing is absent from frozen Italian R3 meditation core.,AFLP-27 H24 verified transcription,HIGH,H24_POST_MEDITATION_PARATEXT,PASS_R4_SCOPE_RESTORATION,Desolation is treated as part of the 24th-Hour meditation by explicit user scope and by Italian R3 hour structure.,CORROBORATES_EDITORIAL_STATUS,AFLP-27 prints the Latin Marian blessing after the completed Desolation text. Italian R3 excludes it from the meditation core; preserve it as post-meditation devotional paratext rather than canonical H24 prose.,AFLP27_H22_H24,DELETE_FROM_CANONICAL_LAYER,∅,PRESERVE_MOVE,MOVE_OUT_OF_CANONICAL_LAYER,PRESERVE UNCHANGED OUTSIDE CANONICAL H24 MEDITATION AS POST-MEDITATION DEVOTIONAL PARATEXT,OPERATION_RECLASSIFICATION,"Governance correction: R4 evidence explicitly says the genuine AFLP Latin blessing should be preserved as post-meditation devotional paratext. Final operation is therefore MOVE, not DELETE.",MANDATORY_PRESERVE_OUTSIDE_CANONICAL_LAYER
C0094,PASSION24.HOUR.24.REF.P003,24,REFLECTION,"Notre regard est-il enseveli dans le Regard de Jésus, de sorte que nous ne regardions rien, sauf Jésus et ce qui émane de Lui ? Notre voix est-elle ensevelie dans la Voix de Jésus, de sorte que si nous parlons, nous ne parlions qu’avec la Langue de Jésus ? Nos pas sont-ils ensevelis dans ceux de Jésus, de sorte que quand nous marchons, la seule empreinte que nous laissions soit celle des Pas de Jésus ? Et notre cœur est-il enseveli dans celui de Jésus, de sorte que nous n’aimions et ne désirions que ce qu’aime et désire son Cœur ?",H24_REFLECTION,"non guardiamo altro, se non ciò che vuole Gesù",MISTRANSLATION,REPLACE_RECORD,"Notre regard est-il enseveli dans le Regard de Jésus, de sorte que nous ne regardions rien, sinon ce que Jésus veut ? Notre voix est-elle ensevelie dans la Voix de Jésus, de sorte que si nous parlons, nous ne parlions qu’avec la Langue de Jésus ? Nos pas sont-ils ensevelis dans ceux de Jésus, de sorte que quand nous marchons, la seule empreinte que nous laissions soit celle des Pas de Jésus ? Et notre cœur est-il enseveli dans celui de Jésus, de sorte que nous n’aimions et ne désirions que ce qu’aime et désire son Cœur ?","Italian object is “what Jesus wants,” not “Jesus and what emanates from Him.”",AFLP-27 H24 reflection; governing Italian R3 H24 reflection,HIGH,NO,PASS,,CORROBORATES,"AFLP-27 H24 reflection keeps the object tied to what Jesus wills/gives the gaze, not R5 « Jésus et ce qui émane de Lui ».",AFLP27_H22_H24,REPLACE_RECORD,"Notre regard est-il enseveli dans le Regard de Jésus, de sorte que nous ne regardions rien, sinon ce que Jésus veut ? Notre voix est-elle ensevelie dans la Voix de Jésus, de sorte que si nous parlons, nous ne parlions qu’avec la Langue de Jésus ? Nos pas sont-ils ensevelis dans ceux de Jésus, de sorte que quand nous marchons, la seule empreinte que nous laissions soit celle des Pas de Jésus ? Et notre cœur est-il enseveli dans celui de Jésus, de sorte que nous n’aimions et ne désirions que ce qu’aime et désire son Cœur ?",ACCEPT_FOR_AUTHORIZATION,REPLACE_RECORD,"Notre regard est-il enseveli dans le Regard de Jésus, de sorte que nous ne regardions rien, sinon ce que Jésus veut ? Notre voix est-elle ensevelie dans la Voix de Jésus, de sorte que si nous parlons, nous ne parlions qu’avec la Langue de Jésus ? Nos pas sont-ils ensevelis dans ceux de Jésus, de sorte que quand nous marchons, la seule empreinte que nous laissions soit celle des Pas de Jésus ? Et notre cœur est-il enseveli dans celui de Jésus, de sorte que nous n’aimions et ne désirions que ce qu’aime et désire son Cœur ?",UNCHANGED,R4 row survived final adversarial review unchanged: exact R5 target verified; Italian direction retained; AFLP control considered; no material French or governance defect found.,NONE_BEYOND_NORMAL_AUDIT_EVIDENCE
C0095,PASSION24.HOUR.24.P010,24,MEDITATION,"Ô douce Maman, ton visage est baigné de larmes en voyant le Visage de Jésus, l’Affligé. J’unis ma douleur à la tienne. Ensemble, enlevons-Lui la boue et les crachats qui L’ont à ce point déformé. Adorons ce Visage de divine Majesté qui faisait s’éprendre le Ciel et la terre, et qui, maintenant, ne donne plus signe de Vie !",H23_FORM_B,nel mirare il volto dell’adorato Gesù,MISTRANSLATION,REPLACE_RECORD,"Ô douce Maman, ton visage est baigné de larmes en voyant le Visage de l’adorable Jésus. J’unis ma douleur à la tienne. Ensemble, enlevons-Lui la boue et les crachats qui L’ont à ce point déformé. Adorons ce Visage de divine Majesté qui faisait s’éprendre le Ciel et la terre, et qui, maintenant, ne donne plus signe de Vie !","Italian « adorato Gesù » means adored/adorable Jesus; R5 « Jésus, l’Affligé » is a lexical mistranslation.",AFLP-27 H24 burial meditation; Italian R3 H23 Form B text block,HIGH,H24_BURIAL_PLACEMENT_DEFERRED__TEXT_CORRECTION_ONLY,PASS,Correct wording only. Do not change the current H23/H24 placement pending historical-recension adjudication.,CORROBORATES,AFLP-27 has « la pauvre Face de Jésus » at the same locus and does not support R5 « l’Affligé »; Italian supplies the exact correction.,AFLP27_H22_H24,REPLACE_RECORD,"Ô douce Maman, ton visage est baigné de larmes en voyant le Visage de l’adorable Jésus. J’unis ma douleur à la tienne. Ensemble, enlevons-Lui la boue et les crachats qui L’ont à ce point déformé. Adorons ce Visage de divine Majesté qui faisait s’éprendre le Ciel et la terre, et qui, maintenant, ne donne plus signe de Vie !",ACCEPT_FOR_AUTHORIZATION,REPLACE_RECORD,"Ô douce Maman, ton visage est baigné de larmes en voyant le Visage de l’adorable Jésus. J’unis ma douleur à la tienne. Ensemble, enlevons-Lui la boue et les crachats qui L’ont à ce point déformé. Adorons ce Visage de divine Majesté qui faisait s’éprendre le Ciel et la terre, et qui, maintenant, ne donne plus signe de Vie !",UNCHANGED,R4 row survived final adversarial review unchanged: exact R5 target verified; Italian direction retained; AFLP control considered; no material French or governance defect found.,NONE_BEYOND_NORMAL_AUDIT_EVIDENCE
C0096,PASSION24.HOUR.24.P016,24,MEDITATION,"Je te vois, ô douce Maman, fixer du regard le Cœur ouvert de l’adorable Jésus. De grâce, ensevelis-moi en ce Cœur sacré. Et comme je posséderai ainsi le Cœur et la Vie de mon Bien-Aimé, j’y resterai cachée jusqu’à l’éternité.",H23_FORM_B,"Che faremo in questo cuore? Tu me lo insegnerai, Mamma; mi seppellirai in esso, mi chiuderai e mi suggellerai con la lapide",OMISSION,REPLACE_RECORD,"Je te vois, ô douce Maman, fixer du regard le Cœur ouvert de l’adorable Jésus. Que ferons-nous dans ce Cœur ? Tu me l’enseigneras, Maman ; tu m’y enseveliras, tu m’y enfermeras et tu me scelleras avec la pierre. Et en déposant ici mon cœur et ma vie, j’y resterai cachée jusqu’à l’éternité.",R5 omits the question and the sequence « tu m’enseigneras / m’enseveliras / m’enfermeras / me scelleras avec la pierre » present in Italian Form B.,AFLP-27 H24 burial meditation; Italian R3 H23 Form B text block,HIGH,H24_BURIAL_PLACEMENT_DEFERRED__TEXT_CORRECTION_ONLY,PASS,Correct wording only. Do not change the current H23/H24 placement pending historical-recension adjudication.,CORROBORATES,AFLP-27 independently preserves the full sequence: « Que ferons-nous dans ce Cœur ? Tu m’enseigneras… tu m’enseveliras… tu me recouvriras de la pierre et du sceau… ».,AFLP27_H22_H24,REPLACE_RECORD,"Je te vois, ô douce Maman, fixer du regard le Cœur ouvert de l’adorable Jésus. Que ferons-nous dans ce Cœur ? Tu me l’enseigneras, Maman ; tu m’y enseveliras, tu m’y enfermeras et tu me scelleras avec la pierre. Et en déposant ici mon cœur et ma vie, j’y resterai cachée jusqu’à l’éternité.",ACCEPT_FOR_AUTHORIZATION,REPLACE_RECORD,"Je te vois, ô douce Maman, fixer du regard le Cœur ouvert de l’adorable Jésus. Que ferons-nous dans ce Cœur ? Tu me l’enseigneras, Maman ; tu m’y enseveliras, tu m’y enfermeras et tu me scelleras avec la pierre. Et en déposant ici mon cœur et ma vie, j’y resterai cachée jusqu’à l’éternité.",UNCHANGED,R4 row survived final adversarial review unchanged: exact R5 target verified; Italian direction retained; AFLP control considered; no material French or governance defect found.,NONE_BEYOND_NORMAL_AUDIT_EVIDENCE
C0097,PASSION24.HOUR.24.P019,24,MEDITATION,"Au moyen de toutes les effusions d’amour de mon cœur, je voudrais réunir tous les battements de cœur, tous les désirs, toute la vie des créatures les déposer devant toi comme autant d’actes d’amour.",H23_FORM_B,"Vorrei riunire tutti i palpiti, tutti i desideri, tutte le vite delle creature e prostrarle innanzi a te nell’atto più fervente di compassione e di amore",OMISSION_PLUS_SEMANTIC_DRIFT,REPLACE_RECORD,"Au moyen de toutes les effusions d’amour de mon pauvre cœur, je voudrais réunir tous les battements de cœur, tous les désirs et toutes les vies des créatures, et les déposer devant toi dans l’acte le plus fervent de compassion et d’amour.","R5 drops « pauvre », collapses plural « toutes les vies », and changes the explicit « acte le plus fervent de compassion et d’amour » to « comme autant d’actes d’amour ».",AFLP-27 H24 burial meditation; Italian R3 H23 Form B text block,HIGH,H24_BURIAL_PLACEMENT_DEFERRED__TEXT_CORRECTION_ONLY,PASS,Correct wording only. Do not change the current H23/H24 placement pending historical-recension adjudication.,CORROBORATES,"AFLP-27 preserves « tous les désirs, toutes les aspirations et toutes les vies… en un acte de compassion et d’amour », independently confirming the lost compassion/life structure.",AFLP27_H22_H24,REPLACE_RECORD,"Au moyen de toutes les effusions d’amour de mon pauvre cœur, je voudrais réunir tous les battements de cœur, tous les désirs et toutes les vies des créatures, et les déposer devant toi dans l’acte le plus fervent de compassion et d’amour.",ACCEPT_FOR_AUTHORIZATION,REPLACE_RECORD,"Au moyen de toutes les effusions d’amour de mon pauvre cœur, je voudrais réunir tous les battements de cœur, tous les désirs et toutes les vies des créatures, et les déposer devant toi dans l’acte le plus fervent de compassion et d’amour.",UNCHANGED,R4 row survived final adversarial review unchanged: exact R5 target verified; Italian direction retained; AFLP control considered; no material French or governance defect found.,NONE_BEYOND_NORMAL_AUDIT_EVIDENCE
C0098,PASSION24.HOUR.24.P020,24,MEDITATION,"Je compatis avec toi pour l’extrême douleur que tu as soufferte en voyant Jésus couronné d’épines, torturé par les coups et les clous.",H23_FORM_B,"Ti compatisco nell’estremo dolore che hai sofferto nel vedere Gesù morto, coronato di spine, straziato dai flagelli e dai chiodi",OMISSION_PLUS_MISTRANSLATION,REPLACE_RECORD,"Je compatis avec toi pour l’extrême douleur que tu as soufferte en voyant Jésus mort, couronné d’épines, déchiré par les coups de fouet et les clous.",R5 omits that Jesus is dead and weakens specific « flagelli » to generic « coups ».,AFLP-27 H24 burial meditation; Italian R3 H23 Form B text block,HIGH,H24_BURIAL_PLACEMENT_DEFERRED__TEXT_CORRECTION_ONLY,PASS,Correct wording only. Do not change the current H23/H24 placement pending historical-recension adjudication.,CORROBORATES,"AFLP-27 explicitly has « voir mourir Jésus, couronné d’épines et déchiré par les coups de fouet et les clous ».",AFLP27_H22_H24,REPLACE_RECORD,"Je compatis avec toi pour l’extrême douleur que tu as soufferte en voyant Jésus mort, couronné d’épines, déchiré par les coups de fouet et les clous.",ACCEPT_FOR_AUTHORIZATION,REPLACE_RECORD,"Je compatis avec toi pour l’extrême douleur que tu as soufferte en voyant Jésus mort, couronné d’épines, déchiré par les coups de fouet et les clous.",UNCHANGED,R4 row survived final adversarial review unchanged: exact R5 target verified; Italian direction retained; AFLP control considered; no material French or governance defect found.,NONE_BEYOND_NORMAL_AUDIT_EVIDENCE
