span_id,container,quote_family,quotation_depth,open_target,open_offset,close_target,close_offset,cross_record,semantic_speaker,presentation_parent,opener_hidden,closer_hidden,opener_presentation,first_lexical_target,first_lexical_offset,first_lexical_presentation,last_lexical_target,last_lexical_offset,last_lexical_presentation,closer_presentation,expected_class,actual_class,source_basis,status,defects,snippet
A-Q00001,HOUR_01_BODY,guillemet,1,PASSION24.HOUR.01.P008,85,PASSION24.HOUR.01.P008,109,False,MARY,OUTSIDE,True,True,HIDDEN,PASSION24.HOUR.01.P008,87,MARY,PASSION24.HOUR.01.P008,105,MARY,HIDDEN,HIDDEN_OUTER_WRAPPER,HIDDEN|MARY|MARY|HIDDEN,NO_DIVINE_PARENT; ACTIVE_ADJUDICATION_OR_SPEECH_DATA,PASS,,"« Je Te bénis, ô Fils ! »"
A-Q00005,HOUR_01_BODY,guillemet,1,PASSION24.HOUR.01.P014,92,PASSION24.HOUR.01.P014,118,False,MARY,OUTSIDE,True,True,HIDDEN,PASSION24.HOUR.01.P014,94,MARY,PASSION24.HOUR.01.P014,114,MARY,HIDDEN,HIDDEN_OUTER_WRAPPER,HIDDEN|MARY|MARY|HIDDEN,NO_DIVINE_PARENT; ACTIVE_ADJUDICATION_OR_SPEECH_DATA,PASS,,"« Fils, bénis-moi aussi ! »"
A-Q00008,HOUR_02_BODY,guillemet,1,PASSION24.HOUR.02.P009,0,PASSION24.HOUR.02.P009,93,False,MARY,OUTSIDE,True,True,HIDDEN,PASSION24.HOUR.02.P009,2,MARY,PASSION24.HOUR.02.P009,89,MARY,HIDDEN,HIDDEN_OUTER_WRAPPER,HIDDEN|MARY|MARY|HIDDEN,NO_DIVINE_PARENT; ACTIVE_ADJUDICATION_OR_SPEECH_DATA,PASS,,"« Mon Fils, mon Fils, je Te bénis ! Quelle cruelle séparation, plus pénible que toute mort ! »"
A-Q00009,HOUR_02_BODY,guillemet,1,PASSION24.HOUR.02.P012,262,PASSION24.HOUR.02.P012,390,False,JESUS,OUTSIDE,True,True,HIDDEN,PASSION24.HOUR.02.P012,264,JESUS,PASSION24.HOUR.02.P012,387,JESUS,HIDDEN,HIDDEN_OUTER_WRAPPER,HIDDEN|JESUS|JESUS|HIDDEN,NO_DIVINE_PARENT; ACTIVE_ADJUDICATION_OR_SPEECH_DATA,PASS,,"« C’est la dernière fois que Je parcours librement ces rues. Demain, Je les parcourrai, lié, traîné et conspué de mille façons. »"
A-Q00010,HOUR_02_BODY,guillemet,1,PASSION24.HOUR.02.P014,0,PASSION24.HOUR.02.P014,202,False,JESUS,OUTSIDE,True,True,HIDDEN,PASSION24.HOUR.02.P014,2,JESUS,PASSION24.HOUR.02.P014,199,JESUS,HIDDEN,HIDDEN_OUTER_WRAPPER,HIDDEN|JESUS|JESUS|HIDDEN,NO_DIVINE_PARENT; ACTIVE_ADJUDICATION_OR_SPEECH_DATA,PASS,,"« Ma Vie est sur le point de s’éteindre ici-bas comme le soleil est sur le point de se coucher. Demain à pareille heure, Je n’y serai plus ! Mais en tant que Soleil, Je ressusciterai le troisième jour. »"
A-Q00011,HOUR_02_BODY,guillemet,1,PASSION24.HOUR.02.P015,13,PASSION24.HOUR.02.P015,146,False,JESUS,OUTSIDE,True,True,HIDDEN,PASSION24.HOUR.02.P015,15,JESUS,PASSION24.HOUR.02.P015,143,JESUS,HIDDEN,HIDDEN_OUTER_WRAPPER,HIDDEN|JESUS|JESUS|HIDDEN,NO_DIVINE_PARENT; ACTIVE_ADJUDICATION_OR_SPEECH_DATA,PASS,,"« Courage, ne vous laissez pas abattre, Je serai toujours avec vous. Cependant, il est nécessaire que Je meure pour le bien de tous. »"
A-Q00012,HOUR_03_BODY,guillemet,1,PASSION24.HOUR.03.P003,0,PASSION24.HOUR.03.P003,101,False,JESUS,OUTSIDE,True,True,HIDDEN,PASSION24.HOUR.03.P003,2,JESUS,PASSION24.HOUR.03.P003,99,JESUS,HIDDEN,HIDDEN_OUTER_WRAPPER,HIDDEN|JESUS|JESUS|HIDDEN,V101126_TEXT_REBIND_OP-H03-003-01; NO_DIVINE_PARENT; ACTIVE_ADJUDICATION_OR_SPEECH_DATA,PASS,,"« Quelle est l’utilité de mon Sang ? Voilà qu’une âme à laquelle J’ai fait tant de bien, est perdue ! »"
A-Q00019,HOUR_04_BODY,guillemet,1,PASSION24.HOUR.04.P005,0,PASSION24.HOUR.04.P010,142,True,JESUS,OUTSIDE,True,True,HIDDEN,PASSION24.HOUR.04.P005,2,JESUS,PASSION24.HOUR.04.P010,138,JESUS,HIDDEN,HIDDEN_OUTER_WRAPPER,HIDDEN|JESUS|JESUS|HIDDEN,NO_DIVINE_PARENT; ACTIVE_ADJUDICATION_OR_SPEECH_DATA,PASS,,"« Je vous demande votre âme. Je vous tends des pièges d’Amour pour vous attirer à Moi. Je veux, au moyen de cette eau mêlée à mes Larmes, vous purifier de toute imperfection et vous préparer à Me recevoir dans le Grand Sacrement. Cet acte de purification Me tient tellement à Cœur que Je ne veux le confier ni aux anges, ni à ma chère Maman. … Ô âmes, voyez toutes ces offenses qu’on Me fait et réparez au moyen de mes p"
A-Q00020,HOUR_04_BODY,guillemet,1,PASSION24.HOUR.04.P020,0,PASSION24.HOUR.04.P021,190,True,JESUS,OUTSIDE,True,True,HIDDEN,PASSION24.HOUR.04.P020,2,JESUS,PASSION24.HOUR.04.P021,186,JESUS,HIDDEN,HIDDEN_OUTER_WRAPPER,HIDDEN|JESUS|JESUS|HIDDEN,NO_DIVINE_PARENT; ACTIVE_ADJUDICATION_OR_SPEECH_DATA,PASS,,"« Mon fils, de grâce, Je te prie par la voix de mes Larmes, ne va pas en enfer, donne-Moi ton âme. … Je te le demande prosterné à tes pieds ! Dis-Moi ce que tu veux ! Qu’exiges-tu ? Je te donnerai tout, pourvu que tu ne te perdes pas ! De grâce, épargne-Moi cette douleur, à Moi, ton Dieu ! »"
A-Q00022,HOUR_04_BODY,guillemet,1,PASSION24.HOUR.04.P029,0,PASSION24.HOUR.04.P034,112,True,JESUS,OUTSIDE,True,True,HIDDEN,PASSION24.HOUR.04.P029,2,JESUS,PASSION24.HOUR.04.P034,109,JESUS,HIDDEN,HIDDEN_OUTER_WRAPPER,HIDDEN|JESUS|JESUS|HIDDEN,NO_DIVINE_PARENT; ACTIVE_ADJUDICATION_OR_SPEECH_DATA,PASS,,"« Père Saint, qu’on Te rende grâce à Toi qui exauces toujours ton Fils. Père Saint, coopère avec Moi. Toi, un jour, Tu M’envoyas du Ciel sur la terre pour que Je M’incarne dans le sein d’une Vierge pour sauver nos enfants. … Nos Œuvres sont éternelles et mon Amour est incommensurable. Je ne puis, ni ne veux, laisser mes enfants seuls. »"
A-Q00023,HOUR_04_BODY,guillemet,1,PASSION24.HOUR.04.P062,19,PASSION24.HOUR.04.P065,92,True,JESUS,OUTSIDE,True,True,HIDDEN,PASSION24.HOUR.04.P062,21,JESUS,PASSION24.HOUR.04.P065,89,JESUS,HIDDEN,HIDDEN_OUTER_WRAPPER,HIDDEN|JESUS|JESUS|HIDDEN,NO_DIVINE_PARENT; ACTIVE_ADJUDICATION_OR_SPEECH_DATA,PASS,,"« Mon enfant, dans cette Hostie, Je travaille du matin au soir, fabriquant des chaînes d’Amour. Quand les âmes viennent chez Moi, Je les enchaîne à mon Cœur. … Cela M’attriste tant que ça Me donne une fièvre violente qui Me fait M’évanouir et délirer. »"
A-Q00027,HOUR_05_BODY,guillemet,1,PASSION24.HOUR.05.P009,58,PASSION24.HOUR.05.P012,132,True,JESUS,OUTSIDE,True,True,HIDDEN,PASSION24.HOUR.05.P009,60,JESUS,PASSION24.HOUR.05.P012,128,JESUS,HIDDEN,HIDDEN_OUTER_WRAPPER,HIDDEN|JESUS|JESUS|HIDDEN,NO_DIVINE_PARENT; ACTIVE_ADJUDICATION_OR_SPEECH_DATA,PASS,,"« Âme, tu es ici ? Ah ! Je t’attendais. Car la tristesse qui M’opprime le plus, c’est l’abandon total par tous ! … Par conséquent, Je t’ai appelée pour que tu partages mes Peines, et pour M’assurer de ne pas demeurer seul, dans un total abandon ! »"
A-Q00031,HOUR_05_BODY,guillemet,1,PASSION24.HOUR.05.P025,0,PASSION24.HOUR.05.P028,482,True,JESUS,OUTSIDE,True,True,HIDDEN,PASSION24.HOUR.05.P025,2,JESUS,PASSION24.HOUR.05.P028,478,JESUS,HIDDEN,HIDDEN_OUTER_WRAPPER,HIDDEN|JESUS|JESUS|HIDDEN,NO_DIVINE_PARENT; ACTIVE_ADJUDICATION_OR_SPEECH_DATA,PASS,,"« Fille, tu veux savoir ce qui Me tourmente plus que les bourreaux mêmes, et pourquoi les tourments de ceux-ci ne seront rien, comparés à ce que Je souffre actuellement ? … Âme, c’est l’Amour qui prédomine en Moi. L’Amour est un clou pour Moi, l’Amour est un fouet pour Moi, l’Amour est une couronne d’épines pour Moi, l’Amour est tout pour Moi, l’Amour est ma Passion éternelle, alors que ce que Je souffre dans mon Hum"
A-Q00033,HOUR_05_REF,guillemet,1,PASSION24.HOUR.05.REF.P005,0,PASSION24.HOUR.05.REF.P005,141,False,JESUS,OUTSIDE,True,True,HIDDEN,PASSION24.HOUR.05.REF.P005,2,JESUS,PASSION24.HOUR.05.REF.P005,137,JESUS,HIDDEN,HIDDEN_OUTER_WRAPPER,HIDDEN|JESUS|JESUS|HIDDEN,NO_DIVINE_PARENT; ACTIVE_ADJUDICATION_OR_SPEECH_DATA,PASS,,"« Je suis calciné par l’Amour et il n’y a personne qui veut mon Amour. De grâce, soulagez-Moi. Acceptez mon Amour et donnez-Moi de l’amour ! »"
A-Q00035,HOUR_06_BODY,guillemet,1,PASSION24.HOUR.06.P012,0,PASSION24.HOUR.06.P012,105,False,JESUS,OUTSIDE,True,True,HIDDEN,PASSION24.HOUR.06.P012,2,JESUS,PASSION24.HOUR.06.P012,102,JESUS,HIDDEN,HIDDEN_OUTER_WRAPPER,HIDDEN|JESUS|JESUS|HIDDEN,NO_DIVINE_PARENT; ACTIVE_ADJUDICATION_OR_SPEECH_DATA,PASS,,"« Père, si c’est possible, que s’écarte de Moi ce calice. Cependant, non pas ma Volonté, mais la Tienne. »"
A-Q00037,HOUR_06_BODY,guillemet,1,PASSION24.HOUR.06.P014,0,PASSION24.HOUR.06.P014,141,False,JESUS,OUTSIDE,True,True,HIDDEN,PASSION24.HOUR.06.P014,2,JESUS,PASSION24.HOUR.06.P014,138,JESUS,HIDDEN,HIDDEN_OUTER_WRAPPER,HIDDEN|JESUS|JESUS|HIDDEN,NO_DIVINE_PARENT; ACTIVE_ADJUDICATION_OR_SPEECH_DATA,PASS,,"« Père, si c’est possible, que s’écarte de Moi ce calice. Ce calice, pour Moi, est très amer. Cependant, non pas ma Volonté, mais la Tienne. »"
A-Q00039,HOUR_07_BODY,guillemet,1,PASSION24.HOUR.07.P007,0,PASSION24.HOUR.07.P007,164,False,JESUS,OUTSIDE,True,True,HIDDEN,PASSION24.HOUR.07.P007,2,JESUS,PASSION24.HOUR.07.P007,160,JESUS,HIDDEN,HIDDEN_OUTER_WRAPPER,HIDDEN|JESUS|JESUS|HIDDEN,NO_DIVINE_PARENT; ACTIVE_ADJUDICATION_OR_SPEECH_DATA,PASS,,"« Mes fils, ne dormez pas, l’heure est proche. Ne voyez-vous pas à quel état Je suis réduit ? De grâce, aidez-Moi, ne M’abandonnez pas en ces Heures si terribles ! »"
A-Q00040,HOUR_07_BODY,guillemet,1,PASSION24.HOUR.07.P013,0,PASSION24.HOUR.07.P015,146,True,JESUS,OUTSIDE,True,True,HIDDEN,PASSION24.HOUR.07.P013,2,JESUS,PASSION24.HOUR.07.P015,142,JESUS,HIDDEN,HIDDEN_OUTER_WRAPPER,HIDDEN|JESUS|JESUS|HIDDEN,NO_DIVINE_PARENT; ACTIVE_ADJUDICATION_OR_SPEECH_DATA,PASS,,"« Père, si c’est possible, que s’écarte de Moi ce calice. Père Saint, aide-Moi, J’ai besoin de réconfort. … Mais regarde-Moi, ô Père. Je suis toujours ton Fils et Je fais un avec Toi. De grâce, aie pitié de Moi. Ô Père, ne Me laisse pas sans réconfort ! »"
A-Q00041,HOUR_07_BODY,guillemet,1,PASSION24.HOUR.07.P016,0,PASSION24.HOUR.07.P019,220,True,JESUS,OUTSIDE,True,True,HIDDEN,PASSION24.HOUR.07.P016,2,JESUS,PASSION24.HOUR.07.P019,216,JESUS,HIDDEN,HIDDEN_OUTER_WRAPPER,HIDDEN|JESUS|JESUS|HIDDEN,NO_DIVINE_PARENT; ACTIVE_ADJUDICATION_OR_SPEECH_DATA,PASS,,"« Douce Maman, serre-Moi dans tes Bras comme tu le faisais quand J’étais enfant. … Maman, Marie Madeleine, chers apôtres, vous tous qui M’aimez, aidez-Moi, réconfortez-Moi, ne Me laissez pas seul en ces derniers moments, faites cercle autour de Moi, réconfortez-Moi par votre compagnie et votre amour ! »"
A-Q00042,HOUR_07_BODY,guillemet,1,PASSION24.HOUR.07.P028,0,PASSION24.HOUR.07.P030,21,True,JESUS,OUTSIDE,True,True,HIDDEN,PASSION24.HOUR.07.P028,2,JESUS,PASSION24.HOUR.07.P030,17,JESUS,HIDDEN,HIDDEN_OUTER_WRAPPER,HIDDEN|JESUS|JESUS|HIDDEN,NO_DIVINE_PARENT; ACTIVE_ADJUDICATION_OR_SPEECH_DATA,PASS,,"« Âmes, âmes, venez ! Soulagez-Moi, prenez place dans mon Humanité. Je vous veux, Je vous désire ! … Venez, âmes, venez ! »"
A-Q00043,HOUR_07_BODY,guillemet,1,PASSION24.HOUR.07.P117,0,PASSION24.HOUR.07.P117,227,False,JESUS,OUTSIDE,True,True,HIDDEN,PASSION24.HOUR.07.P117,2,JESUS,PASSION24.HOUR.07.P117,223,JESUS,HIDDEN,HIDDEN_OUTER_WRAPPER,HIDDEN|JESUS|JESUS|HIDDEN,NO_DIVINE_PARENT; ACTIVE_ADJUDICATION_OR_SPEECH_DATA,PASS,,"« Ô mon enfant, combien d’âmes Me fuient et finissent par tomber dans l’éternelle ruine ! Comment pourra se calmer ma Souffrance si une seule âme se perd ? J’aime chaque âme, au même titre que J’aime toutes les âmes ensemble ! »"
A-Q00046,HOUR_07_BODY,guillemet,1,PASSION24.HOUR.07.P121,0,PASSION24.HOUR.07.P125,127,True,JESUS,OUTSIDE,True,True,HIDDEN,PASSION24.HOUR.07.P121,2,JESUS,PASSION24.HOUR.07.P125,124,JESUS,HIDDEN,HIDDEN_OUTER_WRAPPER,HIDDEN|JESUS|JESUS|HIDDEN,NO_DIVINE_PARENT; ACTIVE_ADJUDICATION_OR_SPEECH_DATA,PASS,,"« Ô âme, tu es ici ? Tu as donc été spectatrice des Peines et des nombreuses morts que J’ai subies ? … Tu as bien vu qu’alors que Je mourais, Je recommençais à respirer. C’étaient les morts des créatures que Je ressentais en Moi. »"
A-Q00048,HOUR_08_BODY,guillemet,1,PASSION24.HOUR.08.P007,73,PASSION24.HOUR.08.P007,110,False,JESUS,OUTSIDE,True,True,HIDDEN,PASSION24.HOUR.08.P007,75,JESUS,PASSION24.HOUR.08.P007,106,JESUS,HIDDEN,HIDDEN_OUTER_WRAPPER,HIDDEN|JESUS|JESUS|HIDDEN,NO_DIVINE_PARENT; ACTIVE_ADJUDICATION_OR_SPEECH_DATA,PASS,,"« Mon ami, pourquoi es-tu venu ici ? »"
A-Q00051,HOUR_08_BODY,guillemet,1,PASSION24.HOUR.08.P008,0,PASSION24.HOUR.08.P008,41,False,JESUS,OUTSIDE,True,True,HIDDEN,PASSION24.HOUR.08.P008,2,JESUS,PASSION24.HOUR.08.P008,37,JESUS,HIDDEN,HIDDEN_OUTER_WRAPPER,HIDDEN|JESUS|JESUS|HIDDEN,NO_DIVINE_PARENT; ACTIVE_ADJUDICATION_OR_SPEECH_DATA,PASS,,"« Mon enfant, pourquoi es-tu venue ici ? »"
A-Q00053,HOUR_08_BODY,guillemet,1,PASSION24.HOUR.08.P009,12,PASSION24.HOUR.08.P009,41,False,JESUS,OUTSIDE,True,True,HIDDEN,PASSION24.HOUR.08.P009,14,JESUS,PASSION24.HOUR.08.P009,37,JESUS,HIDDEN,HIDDEN_OUTER_WRAPPER,HIDDEN|JESUS|JESUS|HIDDEN,NO_DIVINE_PARENT; ACTIVE_ADJUDICATION_OR_SPEECH_DATA,PASS,,« Pourquoi es-tu venue ici ? »
A-Q00054,HOUR_08_BODY,guillemet,1,PASSION24.HOUR.08.P009,110,PASSION24.HOUR.08.P009,139,False,JESUS,OUTSIDE,True,True,HIDDEN,PASSION24.HOUR.08.P009,112,JESUS,PASSION24.HOUR.08.P009,135,JESUS,HIDDEN,HIDDEN_OUTER_WRAPPER,HIDDEN|JESUS|JESUS|HIDDEN,NO_DIVINE_PARENT; ACTIVE_ADJUDICATION_OR_SPEECH_DATA,PASS,,« Pourquoi es-tu venue ici ? »
A-Q00055,HOUR_08_BODY,guillemet,1,PASSION24.HOUR.08.P010,20,PASSION24.HOUR.08.P010,48,False,JESUS,OUTSIDE,False,False,OUTSIDE,PASSION24.HOUR.08.P010,22,JESUS,PASSION24.HOUR.08.P010,44,JESUS,OUTSIDE,TOP_LEVEL_DIVINE_QUOTE_CONTENT_ONLY,OUTSIDE|JESUS|JESUS|OUTSIDE,NO_DIVINE_PARENT; ACTIVE_ADJUDICATION_OR_SPEECH_DATA,PASS,,« Pourquoi es-tu venu ici ? »
A-Q00057,HOUR_08_BODY,guillemet,1,PASSION24.HOUR.08.P012,296,PASSION24.HOUR.08.P012,318,False,JESUS,OUTSIDE,True,True,HIDDEN,PASSION24.HOUR.08.P012,298,JESUS,PASSION24.HOUR.08.P012,314,JESUS,HIDDEN,HIDDEN_OUTER_WRAPPER,HIDDEN|JESUS|JESUS|HIDDEN,NO_DIVINE_PARENT; ACTIVE_ADJUDICATION_OR_SPEECH_DATA,PASS,,« Qui cherchez-vous ? »
A-Q00059,HOUR_08_BODY,guillemet,1,PASSION24.HOUR.08.P014,20,PASSION24.HOUR.08.P014,33,False,JESUS,OUTSIDE,True,True,HIDDEN,PASSION24.HOUR.08.P014,22,JESUS,PASSION24.HOUR.08.P014,29,JESUS,HIDDEN,HIDDEN_OUTER_WRAPPER,HIDDEN|JESUS|JESUS|HIDDEN,NO_DIVINE_PARENT; ACTIVE_ADJUDICATION_OR_SPEECH_DATA,PASS,,« Me voici ! »
A-Q00060,HOUR_08_BODY,guillemet,1,PASSION24.HOUR.08.P015,36,PASSION24.HOUR.08.P015,49,False,JESUS,OUTSIDE,False,False,OUTSIDE,PASSION24.HOUR.08.P015,38,JESUS,PASSION24.HOUR.08.P015,45,JESUS,OUTSIDE,TOP_LEVEL_DIVINE_QUOTE_CONTENT_ONLY,OUTSIDE|JESUS|JESUS|OUTSIDE,NO_DIVINE_PARENT; ACTIVE_ADJUDICATION_OR_SPEECH_DATA,PASS,,« Me voici ! »
A-Q00062,HOUR_09_BODY,guillemet,1,PASSION24.HOUR.09.P006,37,PASSION24.HOUR.09.P010,146,True,JESUS,OUTSIDE,True,True,HIDDEN,PASSION24.HOUR.09.P006,39,JESUS,PASSION24.HOUR.09.P010,143,JESUS,HIDDEN,HIDDEN_OUTER_WRAPPER,HIDDEN|JESUS|JESUS|HIDDEN,NO_DIVINE_PARENT; ACTIVE_ADJUDICATION_OR_SPEECH_DATA,PASS,,"« Ah ! mon enfant, pleurons ensemble le destin de tant d’âmes consacrées qui, en raison de petites épreuves ou d’incidents de la vie, ne s’occupent plus de Moi et Me laissent seul. … Ah ! mon enfant, comme il est dur pour Moi cet abandon ! Je t’en prie, répare ma cruelle Souffrance par la promesse de ne jamais Me laisser seul. »"
A-Q00063,HOUR_10_BODY,guillemet,1,PASSION24.HOUR.10.P002,139,PASSION24.HOUR.10.P002,205,False,JESUS,OUTSIDE,True,True,HIDDEN,PASSION24.HOUR.10.P002,141,JESUS,PASSION24.HOUR.10.P002,201,JESUS,HIDDEN,HIDDEN_OUTER_WRAPPER,HIDDEN|JESUS|JESUS|HIDDEN,NO_DIVINE_PARENT; ACTIVE_ADJUDICATION_OR_SPEECH_DATA,PASS,,"« J’ai parlé en public, et tous ceux qui sont ici M’ont entendu ! »"
A-Q00064,HOUR_11_BODY,guillemet,1,PASSION24.HOUR.11.P006,194,PASSION24.HOUR.11.P010,140,True,JESUS,OUTSIDE,True,True,HIDDEN,PASSION24.HOUR.11.P006,196,JESUS,PASSION24.HOUR.11.P010,136,JESUS,HIDDEN,HIDDEN_OUTER_WRAPPER,HIDDEN|JESUS|JESUS|HIDDEN,NO_DIVINE_PARENT; ACTIVE_ADJUDICATION_OR_SPEECH_DATA,PASS,,"« Mon enfant, Je n’ai pas encore tout fait ! L’Amour comporte tous les sacrifices. L’Amour est d’un coût incommensurable. Nous n’en sommes encore qu’au début. … Tu acquerras la force en Me voyant souffrir à ce point. Ce sera la plus belle défense que tu puisses M’accorder. Sois fidèle et attentive ! »"
A-Q00065,HOUR_11_BODY,guillemet,1,PASSION24.HOUR.11.P020,0,PASSION24.HOUR.11.P021,250,True,JESUS,OUTSIDE,True,True,HIDDEN,PASSION24.HOUR.11.P020,2,JESUS,PASSION24.HOUR.11.P021,246,JESUS,HIDDEN,HIDDEN_OUTER_WRAPPER,HIDDEN|JESUS|JESUS|HIDDEN,NO_DIVINE_PARENT; ACTIVE_ADJUDICATION_OR_SPEECH_DATA,PASS,,"« Mon enfant, tu veux le savoir ? J’entends la voix de Pierre qui prétend ne pas Me connaître, qui le jure, et le jure encore. … Ah ! Pierre, tu ne Me connais pas ? Tu ne te souviens pas de tous les Bienfaits dont Je t’ai comblé ? Si les autres Me font mourir de peines, toi, tu Me fais mourir de douleur ! Comme tu as mal fait de t’exposer aux occasions en Me suivant de loin ! »"
A-Q00067,HOUR_11_BODY,guillemet,1,PASSION24.HOUR.11.P030,0,PASSION24.HOUR.11.P030,124,False,JESUS,OUTSIDE,True,True,HIDDEN,PASSION24.HOUR.11.P030,2,JESUS,PASSION24.HOUR.11.P030,121,JESUS,HIDDEN,HIDDEN_OUTER_WRAPPER,HIDDEN|JESUS|JESUS|HIDDEN,NO_DIVINE_PARENT; ACTIVE_ADJUDICATION_OR_SPEECH_DATA,PASS,,« C’est toi qui le dis. Je suis le Fils de Dieu. Un jour Je descendrai sur les nuées du Ciel pour juger toutes les nations. »
A-Q00071,HOUR_13_BODY,guillemet,1,PASSION24.HOUR.13.P005,16,PASSION24.HOUR.13.P005,146,False,JESUS,OUTSIDE,True,True,HIDDEN,PASSION24.HOUR.13.P005,18,JESUS,PASSION24.HOUR.13.P005,143,JESUS,HIDDEN,HIDDEN_OUTER_WRAPPER,HIDDEN|JESUS|JESUS|HIDDEN,NO_DIVINE_PARENT; ACTIVE_ADJUDICATION_OR_SPEECH_DATA,PASS,,"« Viens, ô âme. Sois attentive à tout ce que tu Me vois faire pour le faire avec Moi, afin que Je puisse continuer ma Vie en toi. »"
A-Q00072,HOUR_13_BODY,guillemet,1,PASSION24.HOUR.13.P007,0,PASSION24.HOUR.13.P009,156,True,JESUS,OUTSIDE,True,True,HIDDEN,PASSION24.HOUR.13.P007,2,JESUS,PASSION24.HOUR.13.P009,152,JESUS,HIDDEN,HIDDEN_OUTER_WRAPPER,HIDDEN|JESUS|JESUS|HIDDEN,NO_DIVINE_PARENT; ACTIVE_ADJUDICATION_OR_SPEECH_DATA,PASS,,"« Père saint, Je Te rends grâce pour tout ce que J’ai souffert et pour ce qu’il Me reste encore à souffrir. … Tu vois, ô Père, toutes ces âmes. Je réponds de toutes : leurs pensées, leurs paroles, leurs œuvres et leurs omissions, au coût de mon Sang et de ma Mort ! »"
A-Q00074,HOUR_14_BODY,guillemet,1,PASSION24.HOUR.14.P004,93,PASSION24.HOUR.14.P004,126,False,JESUS,OUTSIDE,True,True,HIDDEN,PASSION24.HOUR.14.P004,95,JESUS,PASSION24.HOUR.14.P004,122,JESUS,HIDDEN,HIDDEN_OUTER_WRAPPER,HIDDEN|JESUS|JESUS|HIDDEN,NO_DIVINE_PARENT; ACTIVE_ADJUDICATION_OR_SPEECH_DATA,PASS,,"« Oui, Je suis le Fils de Dieu ! »"
A-Q00079,HOUR_15_BODY,guillemet,1,PASSION24.HOUR.15.P005,0,PASSION24.HOUR.15.P005,161,False,JESUS,OUTSIDE,True,True,HIDDEN,PASSION24.HOUR.15.P005,2,JESUS,PASSION24.HOUR.15.P005,158,JESUS,HIDDEN,HIDDEN_OUTER_WRAPPER,HIDDEN|JESUS|JESUS|HIDDEN,NO_DIVINE_PARENT; ACTIVE_ADJUDICATION_OR_SPEECH_DATA,PASS,,"« Mon Règne n’est pas de ce monde. Si mon Règne était de ce monde, mes ministres feraient tous leurs efforts pour que Je ne sois pas remis au pouvoir des Juifs. »"
A-Q00081,HOUR_15_BODY,guillemet,1,PASSION24.HOUR.15.P006,17,PASSION24.HOUR.15.P006,87,False,JESUS,OUTSIDE,True,True,HIDDEN,PASSION24.HOUR.15.P006,19,JESUS,PASSION24.HOUR.15.P006,84,JESUS,HIDDEN,HIDDEN_OUTER_WRAPPER,HIDDEN|JESUS|JESUS|HIDDEN,NO_DIVINE_PARENT; ACTIVE_ADJUDICATION_OR_SPEECH_DATA,PASS,,"« Je le suis, et Je suis venu dans le monde pour enseigner la Vérité. »"
A-Q00085,HOUR_16_BODY,guillemet,1,PASSION24.HOUR.16.P008,0,PASSION24.HOUR.16.P015,102,True,JESUS,OUTSIDE,True,True,HIDDEN,PASSION24.HOUR.16.P008,2,JESUS,PASSION24.HOUR.16.P015,98,JESUS,HIDDEN,HIDDEN_OUTER_WRAPPER,HIDDEN|JESUS|JESUS|HIDDEN,NO_DIVINE_PARENT; ACTIVE_ADJUDICATION_OR_SPEECH_DATA,PASS,,"« Père Saint, regarde ton Fils vêtu comme un fou. Il répare la folie de tant de créatures quand elles tombent dans le péché ! … Et Moi, Je suis prêt à accepter qu’on Me fasse passer après Barabbas pour réparer toutes ces fautes ! »"
A-Q00086,HOUR_16_BODY,guillemet,1,PASSION24.HOUR.16.P026,0,PASSION24.HOUR.16.P028,75,True,JESUS,OUTSIDE,True,True,HIDDEN,PASSION24.HOUR.16.P026,2,JESUS,PASSION24.HOUR.16.P028,71,JESUS,HIDDEN,HIDDEN_OUTER_WRAPPER,HIDDEN|JESUS|JESUS|HIDDEN,NO_DIVINE_PARENT; ACTIVE_ADJUDICATION_OR_SPEECH_DATA,PASS,,"« Tais-toi, ô mon enfant. Il était nécessaire que Je sois dépouillé afin de réparer pour beaucoup qui se dépouillent de toute pudeur, candeur et innocence, du bien et de ma Grâce, et se revêtent de laideur, et vivent à la manière des brutes. … Par conséquent, sois attentive à ce que Je fais, prie et répare avec Moi ! »"
A-Q00087,HOUR_16_BODY,guillemet,1,PASSION24.HOUR.16.P041,0,PASSION24.HOUR.16.P045,192,True,JESUS,OUTSIDE,True,True,HIDDEN,PASSION24.HOUR.16.P041,2,JESUS,PASSION24.HOUR.16.P045,189,JESUS,HIDDEN,HIDDEN_OUTER_WRAPPER,HIDDEN|JESUS|JESUS|HIDDEN,NO_DIVINE_PARENT; ACTIVE_ADJUDICATION_OR_SPEECH_DATA,PASS,,"« Vous tous qui M’aimez, venez apprendre l’héroïsme de l’Amour. Venez noyer dans mon Sang la soif de vos passions, la soif de tant d’ambitions, la soif de fumées, de plaisirs et de sensualités. Dans mon Sang, vous trouverez le Remède à tous vos maux. … Et que ces coups de fouets excusent ceux qui commettent le péché, qu’ils flagellent leurs passions. Qu’ils leur parlent de mon Amour, tant et si bien qu’ils soient for"
A-Q00089,HOUR_17_BODY,guillemet,1,PASSION24.HOUR.17.P009,0,PASSION24.HOUR.17.P014,46,True,JESUS,OUTSIDE,True,True,HIDDEN,PASSION24.HOUR.17.P009,2,JESUS,PASSION24.HOUR.17.P014,43,JESUS,HIDDEN,HIDDEN_OUTER_WRAPPER,HIDDEN|JESUS|JESUS|HIDDEN,NO_DIVINE_PARENT; ACTIVE_ADJUDICATION_OR_SPEECH_DATA,PASS,,"« Mon enfant, courage, ne perds rien de ce que Je souffre, sois attentive à mes Enseignements. … Toi, unis-toi à Moi, prie et répare avec Moi. »"
A-Q00090,HOUR_17_BODY,guillemet,1,PASSION24.HOUR.17.P024,181,PASSION24.HOUR.17.P027,153,True,JESUS,OUTSIDE,True,True,HIDDEN,PASSION24.HOUR.17.P024,183,JESUS,PASSION24.HOUR.17.P027,150,JESUS,HIDDEN,HIDDEN_OUTER_WRAPPER,HIDDEN|JESUS|JESUS|HIDDEN,NO_DIVINE_PARENT; ACTIVE_ADJUDICATION_OR_SPEECH_DATA,PASS,,"« Mon enfant, ces épines disent que Je veux être Roi de chaque cœur, que c’est à Moi que revient toute domination. … Va chez tous les cœurs et, en les piquant, fais-en sortir toutes les fumées d’orgueil et la pourriture qu’ils contiennent, et constitue-Moi Roi de tous. »"
A-Q00091,HOUR_17_BODY,guillemet,1,PASSION24.HOUR.17.P037,0,PASSION24.HOUR.17.P044,292,True,JESUS,OUTSIDE,True,True,HIDDEN,PASSION24.HOUR.17.P037,2,JESUS,PASSION24.HOUR.17.P044,289,JESUS,HIDDEN,HIDDEN_OUTER_WRAPPER,HIDDEN|JESUS|JESUS|HIDDEN,NO_DIVINE_PARENT; ACTIVE_ADJUDICATION_OR_SPEECH_DATA,PASS,,"« Mon enfant, viens entre mes Bras, appuie ta tête sur ma Poitrine. Tu percevras des Souffrances plus intenses et plus cruelles. … Et J’enseigne à ceux qui commandent que seule la vertu, unie à un juste savoir, rend digne et capable de gouverner et de diriger les autres, tandis que toute dignité dépourvue de vertu est dangereuse et déplorable. Mon enfant, fais écho à mes Réparations et continue à contempler mes Peine"
A-Q00095,HOUR_17_BODY,guillemet,1,PASSION24.HOUR.17.P048,114,PASSION24.HOUR.17.P048,271,False,JESUS,OUTSIDE,True,True,HIDDEN,PASSION24.HOUR.17.P048,116,JESUS,PASSION24.HOUR.17.P048,268,JESUS,HIDDEN,HIDDEN_OUTER_WRAPPER,HIDDEN|JESUS|JESUS|HIDDEN,NO_DIVINE_PARENT; ACTIVE_ADJUDICATION_OR_SPEECH_DATA,PASS,,"« Tu n’aurais sur Moi aucun pouvoir s’il ne te venait d’en haut. Cependant, ceux qui M’ont remis entre tes mains ont commis un péché plus grave que le tien. »"
A-Q00099,HOUR_17_BODY,guillemet,1,PASSION24.HOUR.17.P058,63,PASSION24.HOUR.17.P058,111,False,FATHER,OUTSIDE,True,True,HIDDEN,PASSION24.HOUR.17.P058,65,FATHER,PASSION24.HOUR.17.P058,107,FATHER,HIDDEN,HIDDEN_OUTER_WRAPPER,HIDDEN|FATHER|FATHER|HIDDEN,NO_DIVINE_PARENT; ACTIVE_ADJUDICATION_OR_SPEECH_DATA,PASS,,"« Mon Fils, Je Te veux mort, et mort crucifié ! »"
A-Q00100,HOUR_17_BODY,guillemet,1,PASSION24.HOUR.17.P059,97,PASSION24.HOUR.17.P059,123,False,MARY,OUTSIDE,True,True,HIDDEN,PASSION24.HOUR.17.P059,99,MARY,PASSION24.HOUR.17.P059,119,MARY,HIDDEN,HIDDEN_OUTER_WRAPPER,HIDDEN|MARY|MARY|HIDDEN,NO_DIVINE_PARENT; ACTIVE_ADJUDICATION_OR_SPEECH_DATA,PASS,,"« Fils, je Te veux mort ! »"
A-Q00103,HOUR_17_BODY,guillemet,1,PASSION24.HOUR.17.P063,0,PASSION24.HOUR.17.P068,162,True,JESUS,OUTSIDE,True,True,HIDDEN,PASSION24.HOUR.17.P063,2,JESUS,PASSION24.HOUR.17.P068,158,JESUS,HIDDEN,HIDDEN_OUTER_WRAPPER,HIDDEN|JESUS|JESUS|HIDDEN,NO_DIVINE_PARENT; ACTIVE_ADJUDICATION_OR_SPEECH_DATA,PASS,,"« Mon enfant, serre-toi sur mon Cœur. Prends part à mes Peines et à mes Réparations. Le moment est solennel : ou bien c’est ma Mort, ou bien c’est la mort de toutes les créatures. En ce moment, deux courants se déversent dans mon Cœur. … Mon enfant, soutiens-Moi, Je n’en peux plus. Prends part à mes Peines. Que ta vie soit une offrande continuelle pour sauver les âmes, pour adoucir mes tortures ! »"
A-Q00108,HOUR_17_REF,guillemet,1,PASSION24.HOUR.17.REF.P011,0,PASSION24.HOUR.17.REF.P013,174,True,JESUS,OUTSIDE,True,True,HIDDEN,PASSION24.HOUR.17.REF.P011,2,JESUS,PASSION24.HOUR.17.REF.P013,171,JESUS,HIDDEN,HIDDEN_OUTER_WRAPPER,HIDDEN|JESUS|JESUS|HIDDEN,NO_DIVINE_PARENT; ACTIVE_ADJUDICATION_OR_SPEECH_DATA,PASS,,"« Ah ! mon enfant, c’est toi-même qui ne veux pas être proche de Moi. Si seulement tu étais venu tout de suite à Moi, Je t’aurais aidé à te libérer des vexations de l’ennemi et tu ne M’aurais pas fait soupirer après toi. … Oh ! comme tu serais moins tenté si tout de suite tu venais dans mes Bras. Alors l’ennemi Me craindrait Moi-même, plutôt que toi. Et c’est tout de suite qu’il te laisserait. »"
A-Q00110,HOUR_18_BODY,guillemet,1,PASSION24.HOUR.18.P002,50,PASSION24.HOUR.18.P002,60,False,JESUS,OUTSIDE,False,False,OUTSIDE,PASSION24.HOUR.18.P002,52,JESUS,PASSION24.HOUR.18.P002,56,JESUS,OUTSIDE,TOP_LEVEL_DIVINE_QUOTE_CONTENT_ONLY,OUTSIDE|JESUS|JESUS|OUTSIDE,NO_DIVINE_PARENT; ACTIVE_ADJUDICATION_OR_SPEECH_DATA,PASS,,« Croix ! »
A-Q00111,HOUR_18_BODY,guillemet,1,PASSION24.HOUR.18.P002,99,PASSION24.HOUR.18.P002,109,False,JESUS,OUTSIDE,False,False,OUTSIDE,PASSION24.HOUR.18.P002,101,JESUS,PASSION24.HOUR.18.P002,105,JESUS,OUTSIDE,TOP_LEVEL_DIVINE_QUOTE_CONTENT_ONLY,OUTSIDE|JESUS|JESUS|OUTSIDE,NO_DIVINE_PARENT; ACTIVE_ADJUDICATION_OR_SPEECH_DATA,PASS,,« Croix ! »
A-Q00112,HOUR_18_BODY,guillemet,1,PASSION24.HOUR.18.P003,86,PASSION24.HOUR.18.P003,96,False,JESUS,OUTSIDE,False,False,OUTSIDE,PASSION24.HOUR.18.P003,88,JESUS,PASSION24.HOUR.18.P003,92,JESUS,OUTSIDE,TOP_LEVEL_DIVINE_QUOTE_CONTENT_ONLY,OUTSIDE|JESUS|JESUS|OUTSIDE,NO_DIVINE_PARENT; ACTIVE_ADJUDICATION_OR_SPEECH_DATA,PASS,,« Croix ! »
A-Q00113,HOUR_18_BODY,guillemet,1,PASSION24.HOUR.18.P005,0,PASSION24.HOUR.18.P005,115,False,JESUS,OUTSIDE,True,True,HIDDEN,PASSION24.HOUR.18.P005,2,JESUS,PASSION24.HOUR.18.P005,111,JESUS,HIDDEN,HIDDEN_OUTER_WRAPPER,HIDDEN|JESUS|JESUS|HIDDEN,NO_DIVINE_PARENT; ACTIVE_ADJUDICATION_OR_SPEECH_DATA,PASS,,"« Ô Croix bien-aimée et si ardemment désirée, toi seule sauveras mes enfants. En toi Je concentre tout mon Amour ! »"
A-Q00114,HOUR_18_BODY,guillemet,1,PASSION24.HOUR.18.P014,0,PASSION24.HOUR.18.P021,78,True,JESUS,OUTSIDE,True,True,HIDDEN,PASSION24.HOUR.18.P014,2,JESUS,PASSION24.HOUR.18.P021,74,JESUS,HIDDEN,HIDDEN_OUTER_WRAPPER,HIDDEN|JESUS|JESUS|HIDDEN,NO_DIVINE_PARENT; ACTIVE_ADJUDICATION_OR_SPEECH_DATA,PASS,,"« Mon enfant, laisse-Moi donner libre cours à mon Amour. Avec Moi, répare pour ceux qui, tout en faisant le bien, Me déshonorent. Ces Juifs Me font reprendre mes vêtements pour Me déconsidérer davantage devant le peuple, afin de le convaincre que Je suis un malfaiteur. … Toi au moins, ne Me laisse pas seul dans mes Peines et dans mes Réparations ! »"
A-Q00115,HOUR_18_BODY,guillemet,1,PASSION24.HOUR.18.P028,117,PASSION24.HOUR.18.P031,155,True,JESUS,OUTSIDE,True,True,HIDDEN,PASSION24.HOUR.18.P028,119,JESUS,PASSION24.HOUR.18.P031,151,JESUS,HIDDEN,HIDDEN_OUTER_WRAPPER,HIDDEN|JESUS|JESUS|HIDDEN,NO_DIVINE_PARENT; ACTIVE_ADJUDICATION_OR_SPEECH_DATA,PASS,,"« Croix adorée, enfin Je t’embrasse. Tu es le désir ardent de mon Cœur, le martyre de mon Amour. Tu as tardé jusqu’à maintenant, tandis que c’était toujours vers toi que mes Pas se dirigeaient. … Tandis que Je dois quitter cette terre, toi, tu seras toujours à Moi. Je te donne en dot toutes les âmes. Garde-les-Moi, sauve-les-Moi. Je te les confie ! »"
A-Q00120,HOUR_18_BODY,guillemet,1,PASSION24.HOUR.18.P101,0,PASSION24.HOUR.18.P101,81,False,JESUS,OUTSIDE,True,True,HIDDEN,PASSION24.HOUR.18.P101,2,JESUS,PASSION24.HOUR.18.P101,78,JESUS,HIDDEN,HIDDEN_OUTER_WRAPPER,HIDDEN|JESUS|JESUS|HIDDEN,NO_DIVINE_PARENT; ACTIVE_ADJUDICATION_OR_SPEECH_DATA,PASS,,"« Filles, ne pleurez pas sur mes Peines, mais sur vos péchés et sur vos enfants. »"
A-Q00121,HOUR_18_BODY,guillemet,1,PASSION24.HOUR.18.P111,187,PASSION24.HOUR.18.P113,147,True,JESUS,OUTSIDE,True,True,HIDDEN,PASSION24.HOUR.18.P111,189,JESUS,PASSION24.HOUR.18.P113,143,JESUS,HIDDEN,HIDDEN_OUTER_WRAPPER,HIDDEN|JESUS|JESUS|HIDDEN,NO_DIVINE_PARENT; ACTIVE_ADJUDICATION_OR_SPEECH_DATA,PASS,,"« Mon enfant, combien Me coûtent les âmes ! C’est ici le lieu où Je les attends toutes pour les sauver, où Je veux réparer les péchés de ceux qui vont jusqu’à se dégrader au-dessous des bêtes et qui s’obstinent tellement à M’offenser qu’ils en viennent à ne plus pouvoir vivre sans pécher. … Ah ! oui ! chacune de ces offenses est une mort que Je ressens. Si Je ne meurs pas, c’est parce que la Volonté de mon Père Étern"
A-Q00122,HOUR_19_BODY,guillemet,1,PASSION24.HOUR.19.P015,0,PASSION24.HOUR.19.P018,94,True,JESUS,OUTSIDE,True,True,HIDDEN,PASSION24.HOUR.19.P015,2,JESUS,PASSION24.HOUR.19.P018,91,JESUS,HIDDEN,HIDDEN_OUTER_WRAPPER,HIDDEN|JESUS|JESUS|HIDDEN,NO_DIVINE_PARENT; ACTIVE_ADJUDICATION_OR_SPEECH_DATA,PASS,,"« Mon amour, chère Croix, mon Lit précieux, tu as été mon Martyre dans la vie, et maintenant tu es mon Repos. … Et par toi Je donnerai de copieux Héritages, Victoires, Triomphes et Couronnes à mes enfants. »"
A-Q00123,HOUR_19_BODY,guillemet,1,PASSION24.HOUR.19.P026,0,PASSION24.HOUR.19.P027,122,True,JESUS,OUTSIDE,True,True,HIDDEN,PASSION24.HOUR.19.P026,2,JESUS,PASSION24.HOUR.19.P027,118,JESUS,HIDDEN,HIDDEN_OUTER_WRAPPER,HIDDEN|JESUS|JESUS|HIDDEN,NO_DIVINE_PARENT; ACTIVE_ADJUDICATION_OR_SPEECH_DATA,PASS,,"« Mon enfant, tu as devancé mon Amour. Voici ma Volonté : que tous ceux qui M’aiment soient crucifiés avec Moi. … Ah ! viens donc t’étendre avec Moi sur la Croix et Je te donnerai la Vie par ma Vie. Tu seras la bien-aimée de mon Cœur ! »"
A-Q00125,HOUR_19_BODY,guillemet,1,PASSION24.HOUR.19.P079,0,PASSION24.HOUR.19.P081,173,True,JESUS,OUTSIDE,True,True,HIDDEN,PASSION24.HOUR.19.P079,2,JESUS,PASSION24.HOUR.19.P081,170,JESUS,HIDDEN,HIDDEN_OUTER_WRAPPER,HIDDEN|JESUS|JESUS|HIDDEN,NO_DIVINE_PARENT; ACTIVE_ADJUDICATION_OR_SPEECH_DATA,PASS,,"« Père saint, Me voici chargé de tous les péchés du monde. Il n’y a pas de faute qui n’ait été versée sur Moi. Par conséquent, ne décharge plus sur les hommes les fléaux de ta Justice divine, mais fais-le sur Moi, ton Fils. … Ô Père, vois à quel état Je suis réduit ! En raison de cette Croix, en vertu de ces Souffrances, induis en tous une véritable conversion, la Paix, le Pardon et la Sainteté. »"
A-Q00126,HOUR_19_BODY,guillemet,1,PASSION24.HOUR.19.P097,562,PASSION24.HOUR.19.P099,196,True,JESUS,OUTSIDE,True,True,HIDDEN,PASSION24.HOUR.19.P097,564,JESUS,PASSION24.HOUR.19.P099,193,JESUS,HIDDEN,HIDDEN_OUTER_WRAPPER,HIDDEN|JESUS|JESUS|HIDDEN,NO_DIVINE_PARENT; ACTIVE_ADJUDICATION_OR_SPEECH_DATA,PASS,,"« Mon Père, il est vrai que la créature ingrate est de plus en plus lardée de fautes, qu’elle ne mérite plus ton Regard paternel. … Père, veux-Tu Me rejeter ? Non, Tu ne le peux pas, Je suis ton Fils. Et si Je suis ton Fils, Je suis aussi la Tête de toutes les créatures et elles sont mes Membres. Sauve-les, ô Père, sauve-les. »"
A-Q00127,HOUR_19_BODY,guillemet,1,PASSION24.HOUR.19.P108,0,PASSION24.HOUR.19.P112,219,True,JESUS,OUTSIDE,True,True,HIDDEN,PASSION24.HOUR.19.P108,2,JESUS,PASSION24.HOUR.19.P112,216,JESUS,HIDDEN,HIDDEN_OUTER_WRAPPER,HIDDEN|JESUS|JESUS|HIDDEN,NO_DIVINE_PARENT; ACTIVE_ADJUDICATION_OR_SPEECH_DATA,PASS,,"« Mon Père, ne méprise pas les pauvres créatures. Si Tu les méprises, Tu Me méprises. Oh, sois apaisé ! … Pitié, Père ! J’étais le plus beau de tous. Et maintenant Je suis tout défiguré, de sorte que Je ne Me reconnais plus. Je suis devenu l’abjection de tous. C’est pourquoi, à tout prix, Je veux sauver la pauvre créature. »"
A-Q00128,HOUR_19_BODY,guillemet,1,PASSION24.HOUR.19.P121,358,PASSION24.HOUR.19.P121,415,False,JESUS,OUTSIDE,True,True,HIDDEN,PASSION24.HOUR.19.P121,360,JESUS,PASSION24.HOUR.19.P121,411,JESUS,HIDDEN,HIDDEN_OUTER_WRAPPER,HIDDEN|JESUS|JESUS|HIDDEN,NO_DIVINE_PARENT; ACTIVE_ADJUDICATION_OR_SPEECH_DATA,PASS,,"« Miséricorde, Grâces et Amour pour la pauvre créature ! »"
A-Q00129,HOUR_19_BODY,guillemet,1,PASSION24.HOUR.19.P124,0,PASSION24.HOUR.19.P126,144,True,JESUS,OUTSIDE,True,True,HIDDEN,PASSION24.HOUR.19.P124,2,JESUS,PASSION24.HOUR.19.P126,141,JESUS,HIDDEN,HIDDEN_OUTER_WRAPPER,HIDDEN|JESUS|JESUS|HIDDEN,NO_DIVINE_PARENT; ACTIVE_ADJUDICATION_OR_SPEECH_DATA,PASS,,"« Mon Père, regarde-Moi, n’écoutes pas les voix des créatures, mais la Mienne. C’est Moi qui satisfais pour toutes. … Pitié, pitié pour la pauvre créature ! Moi Je réponds d’elle par ma Langue rendue amère par le fiel, desséchée par la Soif, brûlée par l’Amour. »"
A-Q00130,HOUR_19_BODY,guillemet,1,PASSION24.HOUR.19.P133,0,PASSION24.HOUR.19.P137,118,True,JESUS,OUTSIDE,True,True,HIDDEN,PASSION24.HOUR.19.P133,2,JESUS,PASSION24.HOUR.19.P137,114,JESUS,HIDDEN,HIDDEN_OUTER_WRAPPER,HIDDEN|JESUS|JESUS|HIDDEN,NO_DIVINE_PARENT; ACTIVE_ADJUDICATION_OR_SPEECH_DATA,PASS,,"« Mon Père, regarde ces Mains déchirées et ces clous qui les transpercent. … Au contraire, Je T’attirerai de plus en plus près d’elles, pour que Tu déverses sur elles tes Grâces de Miséricorde ! »"
A-Q00131,HOUR_19_BODY,guillemet,1,PASSION24.HOUR.19.P146,0,PASSION24.HOUR.19.P149,168,True,JESUS,OUTSIDE,True,True,HIDDEN,PASSION24.HOUR.19.P146,2,JESUS,PASSION24.HOUR.19.P149,164,JESUS,HIDDEN,HIDDEN_OUTER_WRAPPER,HIDDEN|JESUS|JESUS|HIDDEN,NO_DIVINE_PARENT; ACTIVE_ADJUDICATION_OR_SPEECH_DATA,PASS,,"« Mon Père, regarde-Moi de la Tête aux Pieds : il n’y a aucune partie saine en Moi. Je n’ai plus d’endroit où Me faire ouvrir d’autres plaies et Me procurer d’autres souffrances. … Mes Plaies et mon Sang seront toujours des chemins qui feront descendre du Ciel à la terre des grâces de repentir, de pardon et de compassion pour la pauvre humanité ! »"
A-Q00132,HOUR_19_BODY,guillemet,1,PASSION24.HOUR.19.P164,0,PASSION24.HOUR.19.P165,149,True,FATHER,OUTSIDE,True,True,HIDDEN,PASSION24.HOUR.19.P164,2,FATHER,PASSION24.HOUR.19.P165,145,FATHER,HIDDEN,HIDDEN_OUTER_WRAPPER,HIDDEN|FATHER|FATHER|HIDDEN,NO_DIVINE_PARENT; ACTIVE_ADJUDICATION_OR_SPEECH_DATA,PASS,,"« Est-il possible, mon Fils, que pas même les âmes élues par Toi soient toutes avec Toi ? Au contraire, il semble que ces âmes viennent dans ton Cœur pour T’attrister et Te procurer une mort encore plus douloureuse. Et ce qui est pire, toutes ces souffrances qu’elles Te procurent sont couvertes d’hypocrisie. … Ah ! Fils, Je ne peux plus contenir mon Indignation devant l’ingratitude de ces âmes qui M’affligent plus qu"
A-Q00133,HOUR_19_BODY,guillemet,1,PASSION24.HOUR.19.P166,35,PASSION24.HOUR.19.P168,99,True,JESUS,OUTSIDE,True,True,HIDDEN,PASSION24.HOUR.19.P166,37,JESUS,PASSION24.HOUR.19.P168,96,JESUS,HIDDEN,HIDDEN_OUTER_WRAPPER,HIDDEN|JESUS|JESUS|HIDDEN,NO_DIVINE_PARENT; ACTIVE_ADJUDICATION_OR_SPEECH_DATA,PASS,,"« Mon Père, regarde mon Cœur : que toutes ces Souffrances Te satisfassent. … Mon Père, ne les rejetez pas. Elles seront mes défenderesses qui continueront ma Vie sur la terre. »"
A-Q00134,HOUR_19_BODY,guillemet,1,PASSION24.HOUR.19.P186,91,PASSION24.HOUR.19.P186,138,False,JESUS,JESUS,False,False,JESUS,PASSION24.HOUR.19.P186,93,JESUS,PASSION24.HOUR.19.P186,136,JESUS,JESUS,MEANINGFUL_NESTED_QUOTE_INHERITS_JESUS,JESUS|JESUS|JESUS|JESUS,OPENER_ALREADY_DIVINE; ACTIVE_ADJUDICATION_OR_SPEECH_DATA,PASS,,« en qui Tu as trouvé toutes tes complaisances »
A-Q00140,HOUR_20_BODY,guillemet,1,PASSION24.HOUR.20.P001,21,PASSION24.HOUR.20.P001,82,False,JESUS,OUTSIDE,False,False,OUTSIDE,PASSION24.HOUR.20.P001,23,JESUS,PASSION24.HOUR.20.P001,78,JESUS,OUTSIDE,TOP_LEVEL_DIVINE_QUOTE_CONTENT_ONLY,OUTSIDE|JESUS|JESUS|OUTSIDE,NO_DIVINE_PARENT; ACTIVE_ADJUDICATION_OR_SPEECH_DATA,PASS,,"« Père, pardonne-leur car ils ne savent pas ce qu’ils font ! »"
A-Q00141,HOUR_20_BODY,guillemet,1,PASSION24.HOUR.20.P010,0,PASSION24.HOUR.20.P010,62,False,JESUS,OUTSIDE,True,True,HIDDEN,PASSION24.HOUR.20.P010,2,JESUS,PASSION24.HOUR.20.P010,58,JESUS,HIDDEN,HIDDEN_OUTER_WRAPPER,HIDDEN|JESUS|JESUS|HIDDEN,NO_DIVINE_PARENT; ACTIVE_ADJUDICATION_OR_SPEECH_DATA,PASS,,"« Père, pardonne-leur, car ils ne savent pas ce qu’ils font ! »"
A-Q00142,HOUR_20_BODY,guillemet,1,PASSION24.HOUR.20.P016,108,PASSION24.HOUR.20.P016,187,False,JESUS,OUTSIDE,True,True,HIDDEN,PASSION24.HOUR.20.P016,110,JESUS,PASSION24.HOUR.20.P016,184,JESUS,HIDDEN,HIDDEN_OUTER_WRAPPER,HIDDEN|JESUS|JESUS|HIDDEN,NO_DIVINE_PARENT; ACTIVE_ADJUDICATION_OR_SPEECH_DATA,PASS,,« Viens dans mes Bras que Je te pardonne. Le sceau de mon Pardon est mon Sang. »
A-Q00144,HOUR_21_BODY,guillemet,1,PASSION24.HOUR.21.P001,18,PASSION24.HOUR.21.P001,63,False,JESUS,OUTSIDE,False,False,OUTSIDE,PASSION24.HOUR.21.P001,20,JESUS,PASSION24.HOUR.21.P001,60,JESUS,OUTSIDE,TOP_LEVEL_DIVINE_QUOTE_CONTENT_ONLY,OUTSIDE|JESUS|JESUS|OUTSIDE,NO_DIVINE_PARENT; ACTIVE_ADJUDICATION_OR_SPEECH_DATA,PASS,,"« Aujourd’hui, tu seras avec Moi au Paradis. »"
A-Q00146,HOUR_21_BODY,guillemet,1,PASSION24.HOUR.21.P010,0,PASSION24.HOUR.21.P010,56,False,JESUS,OUTSIDE,True,True,HIDDEN,PASSION24.HOUR.21.P010,2,JESUS,PASSION24.HOUR.21.P010,52,JESUS,HIDDEN,HIDDEN_OUTER_WRAPPER,HIDDEN|JESUS|JESUS|HIDDEN,NO_DIVINE_PARENT; ACTIVE_ADJUDICATION_OR_SPEECH_DATA,PASS,,"« Aujourd’hui même, tu seras avec Moi dans le Paradis ! »"
A-Q00147,HOUR_21_BODY,guillemet,1,PASSION24.HOUR.21.P019,0,PASSION24.HOUR.21.P019,46,False,JESUS,OUTSIDE,True,True,HIDDEN,PASSION24.HOUR.21.P019,2,JESUS,PASSION24.HOUR.21.P019,42,JESUS,HIDDEN,HIDDEN_OUTER_WRAPPER,HIDDEN|JESUS|JESUS|HIDDEN,NO_DIVINE_PARENT; ACTIVE_ADJUDICATION_OR_SPEECH_DATA,PASS,,"« Aujourd’hui, tu seras avec Moi au Paradis ! »"
A-Q00148,HOUR_21_BODY,guillemet,1,PASSION24.HOUR.21.P020,42,PASSION24.HOUR.21.P020,68,False,JESUS,OUTSIDE,False,False,OUTSIDE,PASSION24.HOUR.21.P020,44,JESUS,PASSION24.HOUR.21.P020,64,JESUS,OUTSIDE,TOP_LEVEL_DIVINE_QUOTE_CONTENT_ONLY,OUTSIDE|JESUS|JESUS|OUTSIDE,NO_DIVINE_PARENT; ACTIVE_ADJUDICATION_OR_SPEECH_DATA,PASS,,"« Femme, voici ton fils ! »"
A-Q00149,HOUR_21_BODY,guillemet,1,PASSION24.HOUR.21.P020,82,PASSION24.HOUR.21.P020,100,False,JESUS,OUTSIDE,False,False,OUTSIDE,PASSION24.HOUR.21.P020,84,JESUS,PASSION24.HOUR.21.P020,96,JESUS,OUTSIDE,TOP_LEVEL_DIVINE_QUOTE_CONTENT_ONLY,OUTSIDE|JESUS|JESUS|OUTSIDE,NO_DIVINE_PARENT; ACTIVE_ADJUDICATION_OR_SPEECH_DATA,PASS,,« Voici ta Mère ! »
A-Q00150,HOUR_21_BODY,guillemet,1,PASSION24.HOUR.21.P023,18,PASSION24.HOUR.21.P023,136,False,JESUS,OUTSIDE,True,True,HIDDEN,PASSION24.HOUR.21.P023,20,JESUS,PASSION24.HOUR.21.P023,132,JESUS,HIDDEN,HIDDEN_OUTER_WRAPPER,HIDDEN|JESUS|JESUS|HIDDEN,NO_DIVINE_PARENT; ACTIVE_ADJUDICATION_OR_SPEECH_DATA,PASS,,"« Tu vois, ô âme, combien Je t’ai aimée. Si tu ne veux pas avoir pitié de toi-même, aie au moins pitié de mon Amour ! »"
A-Q00151,HOUR_21_BODY,guillemet,1,PASSION24.HOUR.21.P025,91,PASSION24.HOUR.21.P025,117,False,JESUS,OUTSIDE,True,True,HIDDEN,PASSION24.HOUR.21.P025,93,JESUS,PASSION24.HOUR.21.P025,113,JESUS,HIDDEN,HIDDEN_OUTER_WRAPPER,HIDDEN|JESUS|JESUS|HIDDEN,NO_DIVINE_PARENT; ACTIVE_ADJUDICATION_OR_SPEECH_DATA,PASS,,"« Femme, voici ton Fils ! »"
A-Q00152,HOUR_21_BODY,guillemet,1,PASSION24.HOUR.21.P025,138,PASSION24.HOUR.21.P025,156,False,JESUS,OUTSIDE,True,True,HIDDEN,PASSION24.HOUR.21.P025,140,JESUS,PASSION24.HOUR.21.P025,152,JESUS,HIDDEN,HIDDEN_OUTER_WRAPPER,HIDDEN|JESUS|JESUS|HIDDEN,NO_DIVINE_PARENT; ACTIVE_ADJUDICATION_OR_SPEECH_DATA,PASS,,« Voici ta Mère ! »
A-Q00153,HOUR_21_BODY,guillemet,1,PASSION24.HOUR.21.P027,0,PASSION24.HOUR.21.P027,215,False,JESUS,OUTSIDE,True,True,HIDDEN,PASSION24.HOUR.21.P027,2,JESUS,PASSION24.HOUR.21.P027,211,JESUS,HIDDEN,HIDDEN_OUTER_WRAPPER,HIDDEN|JESUS|JESUS|HIDDEN,NO_DIVINE_PARENT; ACTIVE_ADJUDICATION_OR_SPEECH_DATA,PASS,,"« Ma Mère, Je te confie tous mes enfants. Tout l’Amour que tu ressens pour Moi, ressens-le pour eux ! Que tous tes égards et toutes tes tendresses maternelles soient pour mes enfants. Toi, tu Me les sauveras tous ! »"
A-Q00155,HOUR_21_BODY,guillemet,1,PASSION24.HOUR.21.P058,19,PASSION24.HOUR.21.P058,70,False,JESUS,OUTSIDE,False,False,OUTSIDE,PASSION24.HOUR.21.P058,21,JESUS,PASSION24.HOUR.21.P058,66,JESUS,OUTSIDE,TOP_LEVEL_DIVINE_QUOTE_CONTENT_ONLY,OUTSIDE|JESUS|JESUS|OUTSIDE,NO_DIVINE_PARENT; ACTIVE_ADJUDICATION_OR_SPEECH_DATA,PASS,,"« Mon Dieu, mon Dieu, pourquoi M’as-Tu abandonné ? »"
A-Q00156,HOUR_21_BODY,guillemet,1,PASSION24.HOUR.21.P059,285,PASSION24.HOUR.21.P059,336,False,JESUS,OUTSIDE,True,True,HIDDEN,PASSION24.HOUR.21.P059,287,JESUS,PASSION24.HOUR.21.P059,332,JESUS,HIDDEN,HIDDEN_OUTER_WRAPPER,HIDDEN|JESUS|JESUS|HIDDEN,NO_DIVINE_PARENT; ACTIVE_ADJUDICATION_OR_SPEECH_DATA,PASS,,"« Mon Dieu, mon Dieu, pourquoi M’as-Tu abandonné ? »"
A-Q00157,HOUR_21_BODY,guillemet,1,PASSION24.HOUR.21.P066,0,PASSION24.HOUR.21.P068,85,True,JESUS,OUTSIDE,True,True,HIDDEN,PASSION24.HOUR.21.P066,2,JESUS,PASSION24.HOUR.21.P068,81,JESUS,HIDDEN,HIDDEN_OUTER_WRAPPER,HIDDEN|JESUS|JESUS|HIDDEN,NO_DIVINE_PARENT; ACTIVE_ADJUDICATION_OR_SPEECH_DATA,PASS,,"« Ne M’abandonnez pas. Si vous voulez plus de Souffrances, Je suis prêt. Mais ne vous séparez pas de mon Humanité. … De grâce, pitié pour mon Sang, pour mes Plaies, pour ma Mort ! Ne M’abandonnez pas ! »"
A-Q00159,HOUR_21_BODY,guillemet,1,PASSION24.HOUR.21.P083,0,PASSION24.HOUR.21.P083,41,False,JESUS,OUTSIDE,True,True,HIDDEN,PASSION24.HOUR.21.P083,2,JESUS,PASSION24.HOUR.21.P083,37,JESUS,HIDDEN,HIDDEN_OUTER_WRAPPER,HIDDEN|JESUS|JESUS|HIDDEN,NO_DIVINE_PARENT; ACTIVE_ADJUDICATION_OR_SPEECH_DATA,PASS,,"« Mon Dieu, pourquoi M’as-Tu abandonné ? »"
A-Q00161,HOUR_21_REF,guillemet,1,PASSION24.HOUR.21.REF.P009,54,PASSION24.HOUR.21.REF.P009,105,False,JESUS,OUTSIDE,True,True,HIDDEN,PASSION24.HOUR.21.REF.P009,56,JESUS,PASSION24.HOUR.21.REF.P009,101,JESUS,HIDDEN,HIDDEN_OUTER_WRAPPER,HIDDEN|JESUS|JESUS|HIDDEN,NO_DIVINE_PARENT; ACTIVE_ADJUDICATION_OR_SPEECH_DATA,PASS,,"« Mon Dieu, mon Dieu, pourquoi M’as-Tu abandonné ? »"
A-Q00162,HOUR_22_BODY,guillemet,1,PASSION24.HOUR.22.P001,19,PASSION24.HOUR.22.P001,33,False,JESUS,OUTSIDE,False,False,OUTSIDE,PASSION24.HOUR.22.P001,21,JESUS,PASSION24.HOUR.22.P001,29,JESUS,OUTSIDE,TOP_LEVEL_DIVINE_QUOTE_CONTENT_ONLY,OUTSIDE|JESUS|JESUS|OUTSIDE,NO_DIVINE_PARENT; ACTIVE_ADJUDICATION_OR_SPEECH_DATA,PASS,,« J’ai soif ! »
A-Q00163,HOUR_22_BODY,guillemet,1,PASSION24.HOUR.22.P006,145,PASSION24.HOUR.22.P006,159,False,JESUS,OUTSIDE,True,True,HIDDEN,PASSION24.HOUR.22.P006,147,JESUS,PASSION24.HOUR.22.P006,155,JESUS,HIDDEN,HIDDEN_OUTER_WRAPPER,HIDDEN|JESUS|JESUS|HIDDEN,NO_DIVINE_PARENT; ACTIVE_ADJUDICATION_OR_SPEECH_DATA,PASS,,« J’ai soif ! »
A-Q00164,HOUR_22_BODY,guillemet,1,PASSION24.HOUR.22.P007,0,PASSION24.HOUR.22.P009,28,True,JESUS,OUTSIDE,True,True,HIDDEN,PASSION24.HOUR.22.P007,2,JESUS,PASSION24.HOUR.22.P009,24,JESUS,HIDDEN,HIDDEN_OUTER_WRAPPER,HIDDEN|JESUS|JESUS|HIDDEN,NO_DIVINE_PARENT; ACTIVE_ADJUDICATION_OR_SPEECH_DATA,PASS,,"« J’ai Soif de ta volonté, de tes affections, de tes désirs, de ton amour. Il n’y a pas d’eau plus fraîche et plus douce que tu puisses Me donner que ton âme. De grâce, ne Me laisse pas brûler. … Pitié pour ma Soif, pitié ! »"
A-Q00165,HOUR_22_BODY,guillemet,1,PASSION24.HOUR.22.P017,17,PASSION24.HOUR.22.P017,39,False,JESUS,OUTSIDE,False,False,OUTSIDE,PASSION24.HOUR.22.P017,19,JESUS,PASSION24.HOUR.22.P017,35,JESUS,OUTSIDE,TOP_LEVEL_DIVINE_QUOTE_CONTENT_ONLY,OUTSIDE|JESUS|JESUS|OUTSIDE,NO_DIVINE_PARENT; ACTIVE_ADJUDICATION_OR_SPEECH_DATA,PASS,,« Tout est consommé ! »
A-Q00166,HOUR_22_BODY,guillemet,1,PASSION24.HOUR.22.P022,0,PASSION24.HOUR.22.P022,22,False,JESUS,OUTSIDE,True,True,HIDDEN,PASSION24.HOUR.22.P022,2,JESUS,PASSION24.HOUR.22.P022,18,JESUS,HIDDEN,HIDDEN_OUTER_WRAPPER,HIDDEN|JESUS|JESUS|HIDDEN,NO_DIVINE_PARENT; ACTIVE_ADJUDICATION_OR_SPEECH_DATA,PASS,,« Tout est consommé ! »
A-Q00167,HOUR_22_BODY,guillemet,1,PASSION24.HOUR.22.P024,18,PASSION24.HOUR.22.P024,68,False,JESUS,OUTSIDE,False,False,OUTSIDE,PASSION24.HOUR.22.P024,20,JESUS,PASSION24.HOUR.22.P024,64,JESUS,OUTSIDE,TOP_LEVEL_DIVINE_QUOTE_CONTENT_ONLY,OUTSIDE|JESUS|JESUS|OUTSIDE,NO_DIVINE_PARENT; ACTIVE_ADJUDICATION_OR_SPEECH_DATA,PASS,,"« Entre tes Mains, ô Père, Je remets mon Esprit ! »"
A-Q00168,HOUR_22_BODY,guillemet,1,PASSION24.HOUR.22.P028,96,PASSION24.HOUR.22.P028,188,False,JESUS,OUTSIDE,True,True,HIDDEN,PASSION24.HOUR.22.P028,98,JESUS,PASSION24.HOUR.22.P028,185,JESUS,HIDDEN,HIDDEN_OUTER_WRAPPER,HIDDEN|JESUS|JESUS|HIDDEN,NO_DIVINE_PARENT; ACTIVE_ADJUDICATION_OR_SPEECH_DATA,PASS,,"« Adieu, Maman, Moi Je pars. Mais Je te garderai dans mon Cœur. Prends soin de nos enfants. »"
A-Q00169,HOUR_22_BODY,guillemet,1,PASSION24.HOUR.22.P029,87,PASSION24.HOUR.22.P029,97,False,JESUS,OUTSIDE,True,True,HIDDEN,PASSION24.HOUR.22.P029,89,JESUS,PASSION24.HOUR.22.P029,93,JESUS,HIDDEN,HIDDEN_OUTER_WRAPPER,HIDDEN|JESUS|JESUS|HIDDEN,NO_DIVINE_PARENT; ACTIVE_ADJUDICATION_OR_SPEECH_DATA,PASS,,« Adieu ! »
A-Q00170,HOUR_22_BODY,guillemet,1,PASSION24.HOUR.22.P030,67,PASSION24.HOUR.22.P030,120,False,JESUS,OUTSIDE,True,True,HIDDEN,PASSION24.HOUR.22.P030,69,JESUS,PASSION24.HOUR.22.P030,117,JESUS,HIDDEN,HIDDEN_OUTER_WRAPPER,HIDDEN|JESUS|JESUS|HIDDEN,NO_DIVINE_PARENT; ACTIVE_ADJUDICATION_OR_SPEECH_DATA,PASS,,"« Je vous pardonne, Je vous donne le Baiser de Paix. »"
A-Q00171,HOUR_22_BODY,guillemet,1,PASSION24.HOUR.22.P031,143,PASSION24.HOUR.22.P031,191,False,JESUS,OUTSIDE,True,True,HIDDEN,PASSION24.HOUR.22.P031,145,JESUS,PASSION24.HOUR.22.P031,187,JESUS,HIDDEN,HIDDEN_OUTER_WRAPPER,HIDDEN|JESUS|JESUS|HIDDEN,NO_DIVINE_PARENT; ACTIVE_ADJUDICATION_OR_SPEECH_DATA,PASS,,"« Père, entre tes Mains, Je remets mon Esprit ! »"
A-Q00173,HOUR_22_BODY,guillemet,1,PASSION24.HOUR.22.P041,0,PASSION24.HOUR.22.P041,67,False,JESUS,OUTSIDE,True,True,HIDDEN,PASSION24.HOUR.22.P041,2,JESUS,PASSION24.HOUR.22.P041,63,JESUS,HIDDEN,HIDDEN_OUTER_WRAPPER,HIDDEN|JESUS|JESUS|HIDDEN,NO_DIVINE_PARENT; ACTIVE_ADJUDICATION_OR_SPEECH_DATA,PASS,,"« Père, entre tes Mains, Je remets mon Esprit et toutes les âmes ! »"
A-Q00185,HOUR_22_REF,guillemet,1,PASSION24.HOUR.22.REF.P001,214,PASSION24.HOUR.22.REF.P001,236,False,JESUS,OUTSIDE,True,True,HIDDEN,PASSION24.HOUR.22.REF.P001,216,JESUS,PASSION24.HOUR.22.REF.P001,232,JESUS,HIDDEN,HIDDEN_OUTER_WRAPPER,HIDDEN|JESUS|JESUS|HIDDEN,NO_DIVINE_PARENT; ACTIVE_ADJUDICATION_OR_SPEECH_DATA,PASS,,« Tout est consommé ! »
A-Q00186,HOUR_23_BODY,guillemet,1,PASSION24.HOUR.23.P011,12,PASSION24.HOUR.23.P018,133,True,JESUS,OUTSIDE,True,True,HIDDEN,PASSION24.HOUR.23.P011,14,JESUS,PASSION24.HOUR.23.P018,130,JESUS,HIDDEN,HIDDEN_OUTER_WRAPPER,HIDDEN|JESUS|JESUS|HIDDEN,NO_DIVINE_PARENT; ACTIVE_ADJUDICATION_OR_SPEECH_DATA,PASS,,"« Mon enfant, J’avais tout donné. Par ce coup de lance, J’ai voulu ouvrir dans mon Cœur un refuge pour toutes les âmes. … Par conséquent, mon enfant, que ta vie soit en mon Cœur. Défends-le, répare toutes les offenses contre lui, conduis-y tous les gens. »"
A-Q00188,HOUR_24_SUB_0,guillemet,1,PASSION24.HOUR.24.DESOL.P001,0,PASSION24.HOUR.24.DESOL.P001,140,False,MARY,OUTSIDE,True,True,HIDDEN,PASSION24.HOUR.24.DESOL.P001,2,MARY,PASSION24.HOUR.24.DESOL.P001,137,MARY,HIDDEN,HIDDEN_OUTER_WRAPPER,HIDDEN|MARY|MARY|HIDDEN,NO_DIVINE_PARENT; ACTIVE_ADJUDICATION_OR_SPEECH_DATA,PASS,,"« Elles me coûtent trop, les âmes, elles me coûtent la Vie d’un Fils Dieu. Et moi, comme Co-rédemptrice et Mère, je les lie à toi, ô Croix. »"
A-Q00189,HOUR_24_SUB_0,guillemet,1,PASSION24.HOUR.24.DESOL.P009,0,PASSION24.HOUR.24.DESOL.P014,118,True,MARY,OUTSIDE,True,True,HIDDEN,PASSION24.HOUR.24.DESOL.P009,2,MARY,PASSION24.HOUR.24.DESOL.P014,114,MARY,HIDDEN,HIDDEN_OUTER_WRAPPER,HIDDEN|MARY|MARY|HIDDEN,NO_DIVINE_PARENT; ACTIVE_ADJUDICATION_OR_SPEECH_DATA,PASS,,"« Fils, ô Bien-Aimé Fils, c’est le dernier soulagement qu’il me reste pour adoucir mes peines : m’épancher sur les Plaies de ton Humanité infiniment sainte, les adorer, les baiser. … Ah ! seul un échange de Vies entre Toi et moi peut me donner la force d’accomplir le sacrifice de me séparer de Toi ! »"
A-Q00190,HOUR_24_SUB_0,guillemet,1,PASSION24.HOUR.24.DESOL.P018,0,PASSION24.HOUR.24.DESOL.P019,175,True,MARY,OUTSIDE,True,True,HIDDEN,PASSION24.HOUR.24.DESOL.P018,2,MARY,PASSION24.HOUR.24.DESOL.P019,172,MARY,HIDDEN,HIDDEN_OUTER_WRAPPER,HIDDEN|MARY|MARY|HIDDEN,NO_DIVINE_PARENT; ACTIVE_ADJUDICATION_OR_SPEECH_DATA,PASS,,"« Mon Fils, est-il possible que Tu ne m’écoutes plus, Toi qui à chacun de mes appels joyeux, accourrais ? Maintenant, je pleure, je T’appelle, et Tu ne m’entends pas ? Ah ! l’Amour fortement ressenti est un cruel tyran. Toi, Tu étais pour moi plus que ma propre vie. Et maintenant, comment pourrais-je désormais survivre à tant de douleurs ? … Ô Fils, je laisse mon ouïe dans la Tienne et je prends pour moi ce qu’ont so"
A-Q00191,HOUR_24_SUB_0,guillemet,1,PASSION24.HOUR.24.DESOL.P022,0,PASSION24.HOUR.24.DESOL.P027,78,True,MARY,OUTSIDE,True,True,HIDDEN,PASSION24.HOUR.24.DESOL.P022,2,MARY,PASSION24.HOUR.24.DESOL.P027,74,MARY,HIDDEN,HIDDEN_OUTER_WRAPPER,HIDDEN|MARY|MARY|HIDDEN,NO_DIVINE_PARENT; ACTIVE_ADJUDICATION_OR_SPEECH_DATA,PASS,,"« Fils adoré, comme Tu es défiguré ! Ah ! si l’Amour ne m’indiquait pas que Tu es mon Fils, ma Vie et mon Tout, je ne Te reconnaîtrais pas. … Ah ! Fils, si Tu me veux en vie, donne-moi tes Peines, autrement je mourrai ! »"
A-Q00193,HOUR_24_SUB_0,curly_double,2,PASSION24.HOUR.24.DESOL.P033,0,PASSION24.HOUR.24.DESOL.P033,163,False,PERSONIFIED_VOICE,MARY,False,False,MARY,PASSION24.HOUR.24.DESOL.P033,1,MARY,PASSION24.HOUR.24.DESOL.P033,160,MARY,MARY,MEANINGFUL_NESTED_QUOTE_INHERITS_MARY,MARY|MARY|MARY|MARY,OPENER_ALREADY_DIVINE; ACTIVE_ADJUDICATION_OR_SPEECH_DATA,PASS,,"“Tu ne L’entendras plus ! Tu n’entendras plus son doux Accent, la mélodie de sa Parole créatrice, qui créait en toi autant de paradis qu’Il prononçait de Paroles !”"
A-Q00192,HOUR_24_SUB_0,guillemet,1,PASSION24.HOUR.24.DESOL.P032,0,PASSION24.HOUR.24.DESOL.P037,61,True,MARY,OUTSIDE,False,False,OUTSIDE,PASSION24.HOUR.24.DESOL.P032,2,MARY,PASSION24.HOUR.24.DESOL.P037,57,MARY,OUTSIDE,TOP_LEVEL_DIVINE_QUOTE_CONTENT_ONLY,OUTSIDE|MARY|MARY|OUTSIDE,NO_DIVINE_PARENT; ACTIVE_ADJUDICATION_OR_SPEECH_DATA,PASS,,"« Mon Fils, dis une dernière Parole à ta Maman. Est-il possible que je ne puisse plus entendre ta Voix ? Toutes les Paroles que Tu m’as dites quand Tu étais en vie, eh bien, comme autant de flèches, me blessent le Cœur de Douleur et d’Amour. Maintenant que je Te vois muet, tes flèches se meuvent dans mon Cœur, me donnent de continuelles morts et me disent : … Ta Mère souffrante pourra vivre par le moyen de tes Peines"
A-Q00194,HOUR_24_SUB_0,guillemet,1,PASSION24.HOUR.24.DESOL.P068,24,PASSION24.HOUR.24.DESOL.P072,186,True,MARY,OUTSIDE,True,True,HIDDEN,PASSION24.HOUR.24.DESOL.P068,26,MARY,PASSION24.HOUR.24.DESOL.P072,183,MARY,HIDDEN,HIDDEN_OUTER_WRAPPER,HIDDEN|MARY|MARY|HIDDEN,NO_DIVINE_PARENT; ACTIVE_ADJUDICATION_OR_SPEECH_DATA,PASS,,"« Ô Croix, pourquoi as-tu été si cruelle envers mon Fils ? Oh ! tu ne L’as épargné en rien ! Tu as été inflexible ! … Elles me coûtent trop, les âmes, elles me coûtent la Vie d’un Fils Dieu. Et moi, comme Co-rédemptrice et Mère, je les lie à toi, ô Croix. Et c’est en te donnant des baisers que je pars. »"
A-Q00195,HOUR_24_SUB_0,guillemet,1,PASSION24.HOUR.24.DESOL.P077,0,PASSION24.HOUR.24.DESOL.P077,119,False,MARY,OUTSIDE,True,True,HIDDEN,PASSION24.HOUR.24.DESOL.P077,2,MARY,PASSION24.HOUR.24.DESOL.P077,116,MARY,HIDDEN,HIDDEN_OUTER_WRAPPER,HIDDEN|MARY|MARY|HIDDEN,NO_DIVINE_PARENT; ACTIVE_ADJUDICATION_OR_SPEECH_DATA,PASS,,"« Mes anges, venez vous mettre de garde auprès de ce Sang, afin qu’aucune goutte ne soit foulée aux pieds et profanée. »"
A-Q00203,SECTION_PASSION24.SECTION.BENEFITS,guillemet,1,PASSION24.SECTION.BENEFITS.P004,97,PASSION24.SECTION.BENEFITS.P015,95,True,JESUS,OUTSIDE,True,True,HIDDEN,PASSION24.SECTION.BENEFITS.P004,98,JESUS,PASSION24.SECTION.BENEFITS.P015,93,JESUS,HIDDEN,HIDDEN_OUTER_WRAPPER,HIDDEN|JESUS|JESUS|HIDDEN,NO_DIVINE_PARENT; ACTIVE_ADJUDICATION_OR_SPEECH_DATA,PASS,,"«Ma fille, celui qui médite toujours sur Ma Passion la ressent en lui et est plein de compassion pour Moi. Cela Me plaît beaucoup puisque Je suis ainsi récompensé pour tout ce que J'ai souffert. … la sienne. Ce que J'aime plus particulièrement, c'est que l'âme médite toujours sur Ma Passion.»"
A-Q00204,SECTION_PASSION24.SECTION.BENEFITS,guillemet,1,PASSION24.SECTION.BENEFITS.P017,83,PASSION24.SECTION.BENEFITS.P018,15,True,JESUS,OUTSIDE,True,True,HIDDEN,PASSION24.SECTION.BENEFITS.P017,84,JESUS,PASSION24.SECTION.BENEFITS.P018,13,JESUS,HIDDEN,HIDDEN_OUTER_WRAPPER,HIDDEN|JESUS|JESUS|HIDDEN,NO_DIVINE_PARENT; ACTIVE_ADJUDICATION_OR_SPEECH_DATA,PASS,,"«Ma fille, l'âme qui pense toujours à Ma Passion forme une source dans son cœur. Plus elle continue de penser à Ma Passion, plus cette source s'agrandit. Les eaux de cette source … sont pour tous,»"
A-Q00206,SECTION_PASSION24.SECTION.BENEFITS,guillemet,1,PASSION24.SECTION.BENEFITS.P021,11,PASSION24.SECTION.BENEFITS.P026,53,True,JESUS,OUTSIDE,True,True,HIDDEN,PASSION24.SECTION.BENEFITS.P021,12,JESUS,PASSION24.SECTION.BENEFITS.P026,50,JESUS,HIDDEN,HIDDEN_OUTER_WRAPPER,HIDDEN|JESUS|JESUS|HIDDEN,NO_DIVINE_PARENT; ACTIVE_ADJUDICATION_OR_SPEECH_DATA,PASS,,"«Ma fille, Je considérerai ces Heures, non pas comme faites par eux, mais comme faites par Moi. Selon leurs dispositions, Je leur donnerai les mêmes Mérites et les mêmes Effets que si J'étais en train de souffrir Ma Passion. Cela, même pendant leur vie sur la terre. Je ne pourrais pas leur … doux enchantement ce sera pour tous les bienheureux !»"
A-Q00207,SECTION_PASSION24.SECTION.BENEFITS,guillemet,1,PASSION24.SECTION.BENEFITS.P029,66,PASSION24.SECTION.BENEFITS.P034,211,True,JESUS,OUTSIDE,True,True,HIDDEN,PASSION24.SECTION.BENEFITS.P030,0,JESUS,PASSION24.SECTION.BENEFITS.P034,209,JESUS,HIDDEN,HIDDEN_OUTER_WRAPPER,HIDDEN|JESUS|JESUS|HIDDEN,NO_DIVINE_PARENT; ACTIVE_ADJUDICATION_OR_SPEECH_DATA,PASS,,"« … Quand elles sont faites dans un Amour pur, elles permettent à Mon Amour de se déverser. Et cela n'est pas banal que la créature puisse donner du soulagement à son Créateur et lui permettre de déverser son Amour.»"
A-Q00208,SECTION_PASSION24.SECTION.BENEFITS,guillemet,1,PASSION24.SECTION.BENEFITS.P037,12,PASSION24.SECTION.BENEFITS.P047,120,True,JESUS,OUTSIDE,False,False,OUTSIDE,PASSION24.SECTION.BENEFITS.P037,13,JESUS,PASSION24.SECTION.BENEFITS.P047,118,JESUS,OUTSIDE,TOP_LEVEL_DIVINE_QUOTE_CONTENT_ONLY,OUTSIDE|JESUS|JESUS|OUTSIDE,NO_DIVINE_PARENT; ACTIVE_ADJUDICATION_OR_SPEECH_DATA,PASS,,"«Ma fille, ne te plains pas. Même s'il n'y avait qu'une seule âme qui les faisait, tu devrais être contente. … cela n'est pas banal que la créature puisse donner du soulagement à son Créateur et lui permettre de déverser son Amour.»"
A-Q00209,SECTION_PASSION24.SECTION.BENEFITS,guillemet,1,PASSION24.SECTION.BENEFITS.P055,230,PASSION24.SECTION.BENEFITS.P055,308,False,JESUS,OUTSIDE,True,True,HIDDEN,PASSION24.SECTION.BENEFITS.P055,231,JESUS,PASSION24.SECTION.BENEFITS.P055,306,JESUS,HIDDEN,HIDDEN_OUTER_WRAPPER,HIDDEN|JESUS|JESUS|HIDDEN,NO_DIVINE_PARENT; ACTIVE_ADJUDICATION_OR_SPEECH_DATA,PASS,,"«Ma fille, pour chaque mot que tu as écrit, Je te donnerai un baiser, une âme.»"
A-Q00211,SECTION_PASSION24.SECTION.BENEFITS,guillemet,1,PASSION24.SECTION.BENEFITS.P057,35,PASSION24.SECTION.BENEFITS.P057,391,False,JESUS,OUTSIDE,True,True,HIDDEN,PASSION24.SECTION.BENEFITS.P057,36,JESUS,PASSION24.SECTION.BENEFITS.P057,389,JESUS,HIDDEN,HIDDEN_OUTER_WRAPPER,HIDDEN|JESUS|JESUS|HIDDEN,NO_DIVINE_PARENT; ACTIVE_ADJUDICATION_OR_SPEECH_DATA,PASS,,"«S'ils les font avec Moi dans Ma Volonté, Je leur donnerai aussi une âme pour chaque mot qu'ils réciteront. En fait, l'effet sera petit ou grand suivant la grandeur de leur union avec Moi. En les faisant dans Ma Volonté, la créature se cache en Elle. Comme c'est Ma Volonté qui agit, Je peux produire tous les biens que Je veux, même à travers un seul Mot.»"
A-Q00212,SECTION_PASSION24.SECTION.BENEFITS,guillemet,1,PASSION24.SECTION.BENEFITS.P078,0,PASSION24.SECTION.BENEFITS.P086,202,True,JESUS,OUTSIDE,True,True,HIDDEN,PASSION24.SECTION.BENEFITS.P078,1,JESUS,PASSION24.SECTION.BENEFITS.P086,200,JESUS,HIDDEN,HIDDEN_OUTER_WRAPPER,HIDDEN|JESUS|JESUS|HIDDEN,NO_DIVINE_PARENT; ACTIVE_ADJUDICATION_OR_SPEECH_DATA,PASS,,"«Ma fille, Ma Passion, Mes Plaies, Mon Sang, et tout ce que J'ai fait et souffert opèrent sans cesse comme si tout se passait actuellement. … Sois-Moi fidèle. Parce que le temps est court. Et parce que, irritée par les créatures, la Justice veut déployer sa fureur. Il est nécessaire que les supports se multiplient. Ne cesse pas de travailler.»"
A-Q00213,SECTION_PASSION24.SECTION.BENEFITS,guillemet,1,PASSION24.SECTION.BENEFITS.P089,121,PASSION24.SECTION.BENEFITS.P093,91,True,JESUS,OUTSIDE,True,True,HIDDEN,PASSION24.SECTION.BENEFITS.P090,0,JESUS,PASSION24.SECTION.BENEFITS.P093,89,JESUS,HIDDEN,HIDDEN_OUTER_WRAPPER,HIDDEN|JESUS|JESUS|HIDDEN,NO_DIVINE_PARENT; ACTIVE_ADJUDICATION_OR_SPEECH_DATA,PASS,,« … Chaque pensée sur Ma Passion est un ajout de Lumière qui se transformera en Joie éternelle.»
A-Q00214,SECTION_PASSION24.SECTION.BENEFITS,guillemet,1,PASSION24.SECTION.BENEFITS.P095,64,PASSION24.SECTION.BENEFITS.P102,194,True,JESUS,OUTSIDE,True,True,HIDDEN,PASSION24.SECTION.BENEFITS.P095,65,JESUS,PASSION24.SECTION.BENEFITS.P102,191,JESUS,HIDDEN,HIDDEN_OUTER_WRAPPER,HIDDEN|JESUS|JESUS|HIDDEN,NO_DIVINE_PARENT; ACTIVE_ADJUDICATION_OR_SPEECH_DATA,PASS,,"«Ma fille, pendant Ma Vie terrestre, des milliers et des milliers d'anges accompagnaient Mon Humanité. … Par conséquent, avec quelle attention et quel respect les âmes doivent-elles faire les Heures de la Passion, sachant que les anges sont suspendus à leurs lèvres pour répéter ce qu'elles disent !»"
A-Q00215,SECTION_PASSION24.SECTION.BENEFITS,guillemet,1,PASSION24.SECTION.BENEFITS.P102,208,PASSION24.SECTION.BENEFITS.P103,61,True,JESUS,OUTSIDE,True,True,HIDDEN,PASSION24.SECTION.BENEFITS.P102,209,JESUS,PASSION24.SECTION.BENEFITS.P103,59,JESUS,HIDDEN,HIDDEN_OUTER_WRAPPER,HIDDEN|JESUS|JESUS|HIDDEN,NO_DIVINE_PARENT; ACTIVE_ADJUDICATION_OR_SPEECH_DATA,PASS,,"«Au milieu de tant d'amertume que Me donnent les créatures, ces Heures sont pour Moi d'agréables petites douceurs, même si elles sont trop peu nombreuses, vu toute l'amertume que Je reçois des créatures. … Par conséquent, fais connaître ces Heures autant que tu peux.»"
A-Q00216,SECTION_PASSION24.SECTION.BENEFITS,guillemet,1,PASSION24.SECTION.BENEFITS.P106,40,PASSION24.SECTION.BENEFITS.P106,118,False,JESUS,OUTSIDE,True,True,HIDDEN,PASSION24.SECTION.BENEFITS.P106,41,JESUS,PASSION24.SECTION.BENEFITS.P106,116,JESUS,HIDDEN,HIDDEN_OUTER_WRAPPER,HIDDEN|JESUS|JESUS|HIDDEN,NO_DIVINE_PARENT; ACTIVE_ADJUDICATION_OR_SPEECH_DATA,PASS,,"«Ma fille, pour chaque mot que tu as écrit, Je te donnerai un baiser, une âme.»"
A-Q00218,SECTION_PASSION24.SECTION.BENEFITS,guillemet,1,PASSION24.SECTION.BENEFITS.P108,12,PASSION24.SECTION.BENEFITS.P108,368,False,JESUS,OUTSIDE,True,True,HIDDEN,PASSION24.SECTION.BENEFITS.P108,13,JESUS,PASSION24.SECTION.BENEFITS.P108,366,JESUS,HIDDEN,HIDDEN_OUTER_WRAPPER,HIDDEN|JESUS|JESUS|HIDDEN,NO_DIVINE_PARENT; ACTIVE_ADJUDICATION_OR_SPEECH_DATA,PASS,,"«S'ils les font avec Moi dans Ma Volonté, Je leur donnerai aussi une âme pour chaque mot qu'ils réciteront. En fait, l'effet sera petit ou grand suivant la grandeur de leur union avec Moi. En les faisant dans Ma Volonté, la créature se cache en Elle. Comme c'est Ma Volonté qui agit, Je peux produire tous les biens que Je veux, même à travers un seul Mot.»"
A-Q00219,SECTION_PASSION24.SECTION.BENEFITS,guillemet,1,PASSION24.SECTION.BENEFITS.P110,12,PASSION24.SECTION.BENEFITS.P116,216,True,JESUS,OUTSIDE,True,True,HIDDEN,PASSION24.SECTION.BENEFITS.P110,13,JESUS,PASSION24.SECTION.BENEFITS.P116,214,JESUS,HIDDEN,HIDDEN_OUTER_WRAPPER,HIDDEN|JESUS|JESUS|HIDDEN,NO_DIVINE_PARENT; ACTIVE_ADJUDICATION_OR_SPEECH_DATA,PASS,,"«Ma fille, ne te plains pas. Même s'il n'y avait qu'une seule âme qui les faisait, tu devrais être contente. N'aurais-Je pas souffert Ma Passion au complet même s'il n'y avait eu qu'une âme qui allait être sauvée ? De même pour toi. … Oh ! comme J'aimerais que, dans chaque ville, il y ait au moins une âme qui fasse les Heures de Ma Passion ! Je M'entendrais ainsi dans chaque ville. Et Ma Justice, si indignée en ces t"
A-Q00220,SECTION_PASSION24.SECTION.BENEFITS,guillemet,1,PASSION24.SECTION.BENEFITS.P118,59,PASSION24.SECTION.BENEFITS.P120,150,True,JESUS,OUTSIDE,True,True,HIDDEN,PASSION24.SECTION.BENEFITS.P119,0,JESUS,PASSION24.SECTION.BENEFITS.P120,148,JESUS,HIDDEN,HIDDEN_OUTER_WRAPPER,HIDDEN|JESUS|JESUS|HIDDEN,NO_DIVINE_PARENT; ACTIVE_ADJUDICATION_OR_SPEECH_DATA,PASS,,"« … Sache que chaque fois que tu la fais, Ma Maman se sent comme si elle revivait sa vie terrestre et elle reçoit la gloire et l'amour qu'elle Me donnait.»"
A-Q00221,SECTION_PASSION24.SECTION.BENEFITS,guillemet,1,PASSION24.SECTION.BENEFITS.P122,59,PASSION24.SECTION.BENEFITS.P122,77,False,JESUS,OUTSIDE,True,True,HIDDEN,PASSION24.SECTION.BENEFITS.P122,60,JESUS,PASSION24.SECTION.BENEFITS.P122,74,JESUS,HIDDEN,HIDDEN_OUTER_WRAPPER,HIDDEN|JESUS|JESUS|HIDDEN,NO_DIVINE_PARENT; ACTIVE_ADJUDICATION_OR_SPEECH_DATA,PASS,,"«Ma maman, maman !»"
A-Q00222,SECTION_PASSION24.SECTION.BENEFITS,guillemet,1,PASSION24.SECTION.BENEFITS.P125,69,PASSION24.SECTION.BENEFITS.P131,133,True,JESUS,OUTSIDE,True,True,HIDDEN,PASSION24.SECTION.BENEFITS.P126,0,JESUS,PASSION24.SECTION.BENEFITS.P131,131,JESUS,HIDDEN,HIDDEN_OUTER_WRAPPER,HIDDEN|JESUS|JESUS|HIDDEN,NO_DIVINE_PARENT; ACTIVE_ADJUDICATION_OR_SPEECH_DATA,PASS,,"« … Même après ta mort, chaque fois que des âmes sur la terre feront ces Heures, au Ciel Je te vêtirai de Lumière et de Gloire nouvelles.»"
A-Q00223,SECTION_PASSION24.SECTION.BENEFITS,guillemet,1,PASSION24.SECTION.BENEFITS.P133,99,PASSION24.SECTION.BENEFITS.P136,156,True,JESUS,OUTSIDE,True,True,HIDDEN,PASSION24.SECTION.BENEFITS.P134,0,JESUS,PASSION24.SECTION.BENEFITS.P136,154,JESUS,HIDDEN,HIDDEN_OUTER_WRAPPER,HIDDEN|JESUS|JESUS|HIDDEN,NO_DIVINE_PARENT; ACTIVE_ADJUDICATION_OR_SPEECH_DATA,PASS,,"« … Je Me sens dédommagé pour le mal que les autres créatures Me font et, sentant que ces âmes ne Me font aucun mal, mais plutôt du bien, Je M'appuie sur elles.»"
A-Q00225,SECTION_PASSION24.SECTION.BENEFITS,straight_double,2,PASSION24.SECTION.BENEFITS.P138,105,PASSION24.SECTION.BENEFITS.P139,76,True,GENERIC_SOUL,JESUS,False,False,JESUS,PASSION24.SECTION.BENEFITS.P139,0,JESUS,PASSION24.SECTION.BENEFITS.P139,74,JESUS,JESUS,MEANINGFUL_NESTED_QUOTE_INHERITS_JESUS,JESUS|JESUS|JESUS|JESUS,OPENER_ALREADY_DIVINE; ACTIVE_ADJUDICATION_OR_SPEECH_DATA,PASS,,""" … Me voici, je veux réparer pour tous, implorer pour tous et répondre de tous."""
A-Q00224,SECTION_PASSION24.SECTION.BENEFITS,guillemet,1,PASSION24.SECTION.BENEFITS.P136,178,PASSION24.SECTION.BENEFITS.P139,77,True,JESUS,OUTSIDE,True,True,HIDDEN,PASSION24.SECTION.BENEFITS.P137,0,JESUS,PASSION24.SECTION.BENEFITS.P139,74,JESUS,HIDDEN,HIDDEN_OUTER_WRAPPER,HIDDEN|JESUS|JESUS|HIDDEN,NO_DIVINE_PARENT; ACTIVE_ADJUDICATION_OR_SPEECH_DATA,PASS,,"« … Me voici, je veux réparer pour tous, implorer pour tous et répondre de tous.""»"
A-Q00226,SECTION_PASSION24.SECTION.BENEFITS,guillemet,1,PASSION24.SECTION.BENEFITS.P143,229,PASSION24.SECTION.BENEFITS.P149,139,True,JESUS,OUTSIDE,True,True,HIDDEN,PASSION24.SECTION.BENEFITS.P144,0,JESUS,PASSION24.SECTION.BENEFITS.P149,136,JESUS,HIDDEN,HIDDEN_OUTER_WRAPPER,HIDDEN|JESUS|JESUS|HIDDEN,NO_DIVINE_PARENT; ACTIVE_ADJUDICATION_OR_SPEECH_DATA,PASS,,"« … Si Je ne trouve pas ces satisfactions, ah ! Ce sera le désastre : les fléaux vont se répandre par torrents. Ah ! Ma fille ! Ah ! Ma fille !»"
A-Q00227,SECTION_PASSION24.SECTION.BENEFITS,guillemet,1,PASSION24.SECTION.BENEFITS.P153,63,PASSION24.SECTION.BENEFITS.P159,187,True,JESUS,OUTSIDE,True,True,HIDDEN,PASSION24.SECTION.BENEFITS.P153,64,JESUS,PASSION24.SECTION.BENEFITS.P159,184,JESUS,HIDDEN,HIDDEN_OUTER_WRAPPER,HIDDEN|JESUS|JESUS|HIDDEN,NO_DIVINE_PARENT; ACTIVE_ADJUDICATION_OR_SPEECH_DATA,PASS,,"«Ma fille, le monde est devenu déséquilibré parce qu'il a perdu la pensée de Ma Passion. Dans la noirceur, il n'a pas trouvé la Lumière de Ma Passion qui l'aurait éclairé. Cette Lumière lui aurait fait connaître Mon Amour et combien les âmes M'ont coûté. … Qu'est-ce qui va arriver à cet enfant et à ce disciple ? Ils seront la honte de la société. Tel est devenu l'homme. Ah ! Il va de mal en pis et Je pleure sur lui a"
A-Q00229,SECTION_PASSION24.SECTION.BENEFITS,guillemet,1,PASSION24.SECTION.BENEFITS.P162,27,PASSION24.SECTION.BENEFITS.P163,330,True,JESUS,OUTSIDE,True,True,HIDDEN,PASSION24.SECTION.BENEFITS.P163,0,JESUS,PASSION24.SECTION.BENEFITS.P163,328,JESUS,HIDDEN,HIDDEN_OUTER_WRAPPER,HIDDEN|JESUS|JESUS|HIDDEN,NO_DIVINE_PARENT; ACTIVE_ADJUDICATION_OR_SPEECH_DATA,PASS,,"« … Ma fille, chaque fois que la créature se fond en Moi, elle communique les influences divines à toutes les créatures qui, selon leurs besoins, sont ainsi visitées : ceux qui sont faibles ressentent la force ; ceux qui sont obstinés dans le péché reçoivent la lumière ; ceux qui souffrent reçoivent le réconfort ; et ainsi de suite.»"
A-Q00235,SECTION_PASSION24.SECTION.BENEFITS,guillemet,1,PASSION24.SECTION.BENEFITS.P169,12,PASSION24.SECTION.BENEFITS.P173,100,True,JESUS,OUTSIDE,True,True,HIDDEN,PASSION24.SECTION.BENEFITS.P169,13,JESUS,PASSION24.SECTION.BENEFITS.P173,98,JESUS,HIDDEN,HIDDEN_OUTER_WRAPPER,HIDDEN|JESUS|JESUS|HIDDEN,NO_DIVINE_PARENT; ACTIVE_ADJUDICATION_OR_SPEECH_DATA,PASS,,"«Ces Heures mettent en harmonie le Ciel et la terre et M'empêchent de détruire le monde. Je sens Mon Sang, Mes Plaies, Mon Amour et tout ce que J'ai fait mis en circulation et se répandre sur tout pour tout sauver. Quand … Pourquoi en doutes-Tu ? La chose n'est pas la tienne mais la Mienne. Tu as été le faible instrument.»"
A-Q00237,SECTION_PASSION24.SECTION.BENEFITS,straight_double,2,PASSION24.SECTION.BENEFITS.P176,21,PASSION24.SECTION.BENEFITS.P176,42,False,JESUS,JESUS,False,False,JESUS,PASSION24.SECTION.BENEFITS.P176,22,JESUS,PASSION24.SECTION.BENEFITS.P176,41,JESUS,JESUS,MEANINGFUL_NESTED_QUOTE_INHERITS_JESUS,JESUS|JESUS|JESUS|JESUS,OPENER_ALREADY_DIVINE; ACTIVE_ADJUDICATION_OR_SPEECH_DATA,PASS,,"""Heures de Ma Passion"""
A-Q00236,SECTION_PASSION24.SECTION.BENEFITS,guillemet,1,PASSION24.SECTION.BENEFITS.P175,107,PASSION24.SECTION.BENEFITS.P176,251,True,JESUS,OUTSIDE,True,True,HIDDEN,PASSION24.SECTION.BENEFITS.P175,108,JESUS,PASSION24.SECTION.BENEFITS.P176,249,JESUS,HIDDEN,HIDDEN_OUTER_WRAPPER,HIDDEN|JESUS|JESUS|HIDDEN,NO_DIVINE_PARENT; ACTIVE_ADJUDICATION_OR_SPEECH_DATA,PASS,,"«Ma fille, pourquoi crains-Tu ? Quand une âme médite sur Ma Passion, se rappelant Mes souffrances en entretenant des pensées de compassion et de réparation, des chemins s'ouvrent entre elle et Moi et des beautés variées viennent orner son âme. … Cette âme a fait les ""Heures de Ma Passion"". Et Je la recevrai comme une fille de Ma Passion, revêtue de Mon Sang et ornée de Mes Plaies. Cette fleur fut cultivée dans ton cœ"
A-Q00239,PASSION24.TEXT.PART_III_DIVINE_PASSION,guillemet,1,PASSION24.TEXT.PART_III_DIVINE_PASSION.BODY.P018,438,PASSION24.TEXT.PART_III_DIVINE_PASSION.BODY.P028,203,True,JESUS,OUTSIDE,True,True,HIDDEN,PASSION24.TEXT.PART_III_DIVINE_PASSION.BODY.P019,0,JESUS,PASSION24.TEXT.PART_III_DIVINE_PASSION.BODY.P028,201,JESUS,HIDDEN,HIDDEN_OUTER_WRAPPER,HIDDEN|JESUS|JESUS|HIDDEN,NO_DIVINE_PARENT; ACTIVE_ADJUDICATION_OR_SPEECH_DATA,PASS,,"« … Voilà à quel point J'aime les âmes ! C'était pour des vies que Je payais. Mes souffrances sont inconcevables pour un esprit créé. Entre dans Ma Divinité, vois et touche de tes mains ce que J'ai souffert.»"
A-Q00240,PASSION24.TEXT.PART_III_DIVINE_PASSION,guillemet,1,PASSION24.TEXT.PART_III_DIVINE_PASSION.BODY.P037,38,PASSION24.TEXT.PART_III_DIVINE_PASSION.BODY.P043,182,True,JESUS,OUTSIDE,True,True,HIDDEN,PASSION24.TEXT.PART_III_DIVINE_PASSION.BODY.P038,0,JESUS,PASSION24.TEXT.PART_III_DIVINE_PASSION.BODY.P043,180,JESUS,HIDDEN,HIDDEN_OUTER_WRAPPER,HIDDEN|JESUS|JESUS|HIDDEN,NO_DIVINE_PARENT; ACTIVE_ADJUDICATION_OR_SPEECH_DATA,PASS,,"« … En se multipliant pour tous, il amènera les actions de tous devant Mon Trône, se substituant pour chacune. Par conséquent, sois attentive. Ta mission est grande et totalement divine.»"
A-Q00242,PASSION24.TEXT.PART_III_DIVINE_PASSION,straight_double,2,PASSION24.TEXT.PART_III_DIVINE_PASSION.BODY.P049,37,PASSION24.TEXT.PART_III_DIVINE_PASSION.BODY.P051,115,True,JESUS,JESUS,False,False,JESUS,PASSION24.TEXT.PART_III_DIVINE_PASSION.BODY.P050,0,JESUS,PASSION24.TEXT.PART_III_DIVINE_PASSION.BODY.P051,113,JESUS,JESUS,MEANINGFUL_NESTED_QUOTE_INHERITS_JESUS,JESUS|JESUS|JESUS|JESUS,OPENER_ALREADY_DIVINE; ACTIVE_ADJUDICATION_OR_SPEECH_DATA,PASS,,""" … Si Tu veux que Je subisse une mort pour chacune, Je le ferai. J'accepte tout, pourvu que Tu donnes la vie à toutes."""
A-Q00241,PASSION24.TEXT.PART_III_DIVINE_PASSION,guillemet,1,PASSION24.TEXT.PART_III_DIVINE_PASSION.BODY.P046,12,PASSION24.TEXT.PART_III_DIVINE_PASSION.BODY.P059,171,True,JESUS,OUTSIDE,True,True,HIDDEN,PASSION24.TEXT.PART_III_DIVINE_PASSION.BODY.P046,13,JESUS,PASSION24.TEXT.PART_III_DIVINE_PASSION.BODY.P059,169,JESUS,HIDDEN,HIDDEN_OUTER_WRAPPER,HIDDEN|JESUS|JESUS|HIDDEN,NO_DIVINE_PARENT; ACTIVE_ADJUDICATION_OR_SPEECH_DATA,PASS,,"«Fille de Ma Volonté, viens prendre part aux premières souffrances et aux premières morts que Ma petite Humanité reçut de la part de Ma Divinité dès l'instant de Ma Conception. … Viens donc dans Ma Volonté prendre part aux souffrances et aux morts que J'ai endurées dès l'instant de Ma Conception. Ainsi, tu pourras mieux comprendre ce que Je te dis.»"
A-Q00243,PASSION24.TEXT.PART_III_DIVINE_PASSION,guillemet,1,PASSION24.TEXT.PART_III_DIVINE_PASSION.BODY.P066,193,PASSION24.TEXT.PART_III_DIVINE_PASSION.BODY.P068,200,True,JESUS,OUTSIDE,True,True,HIDDEN,PASSION24.TEXT.PART_III_DIVINE_PASSION.BODY.P067,0,JESUS,PASSION24.TEXT.PART_III_DIVINE_PASSION.BODY.P068,198,JESUS,HIDDEN,HIDDEN_OUTER_WRAPPER,HIDDEN|JESUS|JESUS|HIDDEN,NO_DIVINE_PARENT; ACTIVE_ADJUDICATION_OR_SPEECH_DATA,PASS,,"« … Tout ce que Je veux, Je le fais. Ah ! combien Je suis peu compris par les créatures et, en conséquence, peu aimé ! Viens dans Mon Humanité et Je te ferai voir et toucher de tes mains ce que Je te dis.»"
A-Q00244,PASSION24.TEXT.PART_III_DIVINE_PASSION,guillemet,1,PASSION24.TEXT.PART_III_DIVINE_PASSION.BODY.P079,24,PASSION24.TEXT.PART_III_DIVINE_PASSION.BODY.P085,89,True,JESUS,OUTSIDE,True,True,HIDDEN,PASSION24.TEXT.PART_III_DIVINE_PASSION.BODY.P079,25,JESUS,PASSION24.TEXT.PART_III_DIVINE_PASSION.BODY.P085,87,JESUS,HIDDEN,HIDDEN_OUTER_WRAPPER,HIDDEN|JESUS|JESUS|HIDDEN,NO_DIVINE_PARENT; ACTIVE_ADJUDICATION_OR_SPEECH_DATA,PASS,,"«Fille de Ma Volonté, Ma Volonté T'a donné des souffrances et des morts et T'a ramenée à la vie et à la capacité de te mouvoir de nouveau. … Plutôt, aime-Moi, sois reconnaissante pour tout et sois prête quand Ma Volonté T'appelle.»"
A-Q00245,PASSION24.TEXT.PART_III_DIVINE_PASSION,guillemet,1,PASSION24.TEXT.PART_III_DIVINE_PASSION.BODY.P091,33,PASSION24.TEXT.PART_III_DIVINE_PASSION.BODY.P111,176,True,JESUS,OUTSIDE,True,True,HIDDEN,PASSION24.TEXT.PART_III_DIVINE_PASSION.BODY.P091,34,JESUS,PASSION24.TEXT.PART_III_DIVINE_PASSION.BODY.P111,174,JESUS,HIDDEN,HIDDEN_OUTER_WRAPPER,HIDDEN|JESUS|JESUS|HIDDEN,NO_DIVINE_PARENT; ACTIVE_ADJUDICATION_OR_SPEECH_DATA,PASS,,"«Fille de Mes souffrances, sache que les souffrances que les Juifs M'infligèrent ne furent que l'ombre de celles que la Divinité Me donna. Il en fut ainsi pour que soit donnée à la Divinité une satisfaction complète. … Avec Moi, supplée pour toutes les obligations des créatures, même si, au grand chagrin de Dieu et pour leur plus grand malheur, les créatures n'y accordent même pas une pensée.»"
A-Q00247,PASSION24.TEXT.PART_III_DIVINE_PASSION,guillemet,1,PASSION24.TEXT.PART_III_DIVINE_PASSION.BODY.P115,64,PASSION24.TEXT.PART_III_DIVINE_PASSION.BODY.P123,64,True,JESUS,OUTSIDE,True,True,HIDDEN,PASSION24.TEXT.PART_III_DIVINE_PASSION.BODY.P115,65,JESUS,PASSION24.TEXT.PART_III_DIVINE_PASSION.BODY.P123,61,JESUS,HIDDEN,HIDDEN_OUTER_WRAPPER,HIDDEN|JESUS|JESUS|HIDDEN,NO_DIVINE_PARENT; ACTIVE_ADJUDICATION_OR_SPEECH_DATA,PASS,,"«Ma fille, les souffrances qui M'ont été données par la Divinité surpassent de très loin celles qui M'ont été données par les créatures, autant en intensité qu'en nombre et en durée. … Combien les âmes M'ont coûté ! C'est pourquoi Je les aime tant !»"
A-Q00250,PASSION24.TEXT.PART_III_DIVINE_PASSION,straight_double,2,PASSION24.TEXT.PART_III_DIVINE_PASSION.BODY.P127,67,PASSION24.TEXT.PART_III_DIVINE_PASSION.BODY.P127,72,False,JESUS,JESUS,False,False,JESUS,PASSION24.TEXT.PART_III_DIVINE_PASSION.BODY.P127,68,JESUS,PASSION24.TEXT.PART_III_DIVINE_PASSION.BODY.P127,71,JESUS,JESUS,MEANINGFUL_NESTED_QUOTE_INHERITS_JESUS,JESUS|JESUS|JESUS|JESUS,OPENER_ALREADY_DIVINE; ACTIVE_ADJUDICATION_OR_SPEECH_DATA,PASS,,"""fiat"""
A-Q00249,PASSION24.TEXT.PART_III_DIVINE_PASSION,guillemet,1,PASSION24.TEXT.PART_III_DIVINE_PASSION.BODY.P125,41,PASSION24.TEXT.PART_III_DIVINE_PASSION.BODY.P128,288,True,JESUS,OUTSIDE,True,True,HIDDEN,PASSION24.TEXT.PART_III_DIVINE_PASSION.BODY.P126,0,JESUS,PASSION24.TEXT.PART_III_DIVINE_PASSION.BODY.P128,285,JESUS,HIDDEN,HIDDEN_OUTER_WRAPPER,HIDDEN|JESUS|JESUS|HIDDEN,NO_DIVINE_PARENT; ACTIVE_ADJUDICATION_OR_SPEECH_DATA,PASS,,"« … En conséquence, répète Mes enseignements autant que tu le peux afin d'orner d'étoiles le Ciel de ton âme et que ce Ciel ne soit pas inférieur au ciel qui s'étend au-dessus de ta tête. Chacune de ces étoiles portera l'empreinte de l'enseignement de ton Jésus. Quel honneur tu Me donneras !»"
A-Q00251,PASSION24.TEXT.PART_III_DIVINE_PASSION,guillemet,1,PASSION24.TEXT.PART_III_DIVINE_PASSION.BODY.P131,12,PASSION24.TEXT.PART_III_DIVINE_PASSION.BODY.P139,355,True,JESUS,OUTSIDE,True,True,HIDDEN,PASSION24.TEXT.PART_III_DIVINE_PASSION.BODY.P131,13,JESUS,PASSION24.TEXT.PART_III_DIVINE_PASSION.BODY.P139,353,JESUS,HIDDEN,HIDDEN_OUTER_WRAPPER,HIDDEN|JESUS|JESUS|HIDDEN,NO_DIVINE_PARENT; ACTIVE_ADJUDICATION_OR_SPEECH_DATA,PASS,,"«Ma fille, Mes souffrances sont incompréhensibles pour les humains. … Mes souffrances externes étaient comme des voix invitant les âmes à entrer dans l'océan de Mes souffrances intérieures pour ainsi comprendre à quel prix J'ai payé leur salut. Par Mes souffrances internes que Je t'ai communiquées, eut-être comprendras-tu d'une façon mitigée l'intensité des miennes. Prends courage. C'est l'amour qui M'incite à faire "
A-Q00252,PASSION24.TEXT.PART_III_DIVINE_PASSION,guillemet,1,PASSION24.TEXT.PART_III_DIVINE_PASSION.BODY.P143,12,PASSION24.TEXT.PART_III_DIVINE_PASSION.BODY.P146,75,True,JESUS,OUTSIDE,True,True,HIDDEN,PASSION24.TEXT.PART_III_DIVINE_PASSION.BODY.P144,0,JESUS,PASSION24.TEXT.PART_III_DIVINE_PASSION.BODY.P146,73,JESUS,HIDDEN,HIDDEN_OUTER_WRAPPER,HIDDEN|JESUS|JESUS|HIDDEN,NO_DIVINE_PARENT; ACTIVE_ADJUDICATION_OR_SPEECH_DATA,PASS,,"« … Elle veut un entourage d'actes triples pour se révéler. Dès lors, hâte-toi.»"
A-Q00253,PASSION24.TEXT.PART_III_DIVINE_PASSION,guillemet,1,PASSION24.TEXT.PART_III_DIVINE_PASSION.BODY.P148,142,PASSION24.TEXT.PART_III_DIVINE_PASSION.BODY.P158,126,True,JESUS,OUTSIDE,True,True,HIDDEN,PASSION24.TEXT.PART_III_DIVINE_PASSION.BODY.P149,0,JESUS,PASSION24.TEXT.PART_III_DIVINE_PASSION.BODY.P158,124,JESUS,HIDDEN,HIDDEN_OUTER_WRAPPER,HIDDEN|JESUS|JESUS|HIDDEN,NO_DIVINE_PARENT; ACTIVE_ADJUDICATION_OR_SPEECH_DATA,PASS,,« … Cette connaissance fera naître tellement d'amour chez les créatures qu'elles s'y soumettront et La laisseront régner en elles.»
A-Q00255,PASSION24.TEXT.PART_III_DIVINE_PASSION,guillemet,1,PASSION24.TEXT.PART_III_DIVINE_PASSION.BODY.P163,19,PASSION24.TEXT.PART_III_DIVINE_PASSION.BODY.P168,84,True,JESUS,OUTSIDE,True,True,HIDDEN,PASSION24.TEXT.PART_III_DIVINE_PASSION.BODY.P164,0,JESUS,PASSION24.TEXT.PART_III_DIVINE_PASSION.BODY.P168,82,JESUS,HIDDEN,HIDDEN_OUTER_WRAPPER,HIDDEN|JESUS|JESUS|HIDDEN,NO_DIVINE_PARENT; ACTIVE_ADJUDICATION_OR_SPEECH_DATA,PASS,,« … Ce n'est pas la même exubérance d'Amour que lorsque Je veux créer d'autres Moi-même.»
A-Q00256,PASSION24.TEXT.PART_III_DIVINE_PASSION,guillemet,1,PASSION24.TEXT.PART_III_DIVINE_PASSION.BODY.P172,69,PASSION24.TEXT.PART_III_DIVINE_PASSION.BODY.P183,52,True,JESUS,OUTSIDE,True,True,HIDDEN,PASSION24.TEXT.PART_III_DIVINE_PASSION.BODY.P173,0,JESUS,PASSION24.TEXT.PART_III_DIVINE_PASSION.BODY.P183,50,JESUS,HIDDEN,HIDDEN_OUTER_WRAPPER,HIDDEN|JESUS|JESUS|HIDDEN,NO_DIVINE_PARENT; ACTIVE_ADJUDICATION_OR_SPEECH_DATA,PASS,,« … Je garde la préséance et Je la forme selon Mon plan.»
A-Q00258,PASSION24.TEXT.PART_III_MARY_SORROWS,guillemet,1,PASSION24.TEXT.PART_III_MARY_SORROWS.BODY.P014,15,PASSION24.TEXT.PART_III_MARY_SORROWS.BODY.P021,146,True,JESUS,OUTSIDE,True,True,HIDDEN,PASSION24.TEXT.PART_III_MARY_SORROWS.BODY.P015,0,JESUS,PASSION24.TEXT.PART_III_MARY_SORROWS.BODY.P021,144,JESUS,HIDDEN,HIDDEN_OUTER_WRAPPER,HIDDEN|JESUS|JESUS|HIDDEN,NO_DIVINE_PARENT; ACTIVE_ADJUDICATION_OR_SPEECH_DATA,PASS,,"« … En l'ayant tout près, Je peux stimuler davantage sa foi et lui infuser la Lumière et l'Amour pour qu'il comprenne les Vérités que Je te manifeste.»"
A-Q00259,PASSION24.TEXT.PART_III_MARY_SORROWS,guillemet,1,PASSION24.TEXT.PART_III_MARY_SORROWS.BODY.P023,38,PASSION24.TEXT.PART_III_MARY_SORROWS.BODY.P026,229,True,JESUS,OUTSIDE,True,True,HIDDEN,PASSION24.TEXT.PART_III_MARY_SORROWS.BODY.P024,0,JESUS,PASSION24.TEXT.PART_III_MARY_SORROWS.BODY.P026,227,JESUS,HIDDEN,HIDDEN_OUTER_WRAPPER,HIDDEN|JESUS|JESUS|HIDDEN,NO_DIVINE_PARENT; ACTIVE_ADJUDICATION_OR_SPEECH_DATA,PASS,,"« … Et puisque tu ne peux pas empêcher le cours de Ma Justice, toi et Moi nous pourrons agir ensemble, et toi, tu Me demanderas de te faire souffrir. Par conséquent, sois résignée et patiente. Ton Jésus le veut ainsi, et cela suffit.»"
A-Q00260,PASSION24.TEXT.PART_III_MARY_SORROWS,guillemet,1,PASSION24.TEXT.PART_III_MARY_SORROWS.BODY.P028,90,PASSION24.TEXT.PART_III_MARY_SORROWS.BODY.P032,229,True,JESUS,OUTSIDE,True,True,HIDDEN,PASSION24.TEXT.PART_III_MARY_SORROWS.BODY.P029,0,JESUS,PASSION24.TEXT.PART_III_MARY_SORROWS.BODY.P032,227,JESUS,HIDDEN,HIDDEN_OUTER_WRAPPER,HIDDEN|JESUS|JESUS|HIDDEN,NO_DIVINE_PARENT; ACTIVE_ADJUDICATION_OR_SPEECH_DATA,PASS,,"« … Et, ainsi, elle a participé à toutes Mes Souffrances. Ses souffrances étaient telles qu'elle se sentait mourir à chaque réverbération. Mais l'Amour la soutenait et la gardait en vie. C'est ainsi qu'elle est la Reine des douleurs.»"
A-Q00262,PASSION24.TEXT.PART_III_MARY_SORROWS,straight_double,2,PASSION24.TEXT.PART_III_MARY_SORROWS.BODY.P043,24,PASSION24.TEXT.PART_III_MARY_SORROWS.BODY.P043,147,False,JESUS,JESUS,False,False,JESUS,PASSION24.TEXT.PART_III_MARY_SORROWS.BODY.P043,26,JESUS,PASSION24.TEXT.PART_III_MARY_SORROWS.BODY.P043,145,JESUS,JESUS,MEANINGFUL_NESTED_QUOTE_INHERITS_JESUS,JESUS|JESUS|JESUS|JESUS,OPENER_ALREADY_DIVINE; ACTIVE_ADJUDICATION_OR_SPEECH_DATA,PASS,,""" Je n'ai rien à vous donner. Quelle volonté vous animait dans vos actes et vos souffrances ? Cherchez là votre récompense."""
A-Q00261,PASSION24.TEXT.PART_III_MARY_SORROWS,guillemet,1,PASSION24.TEXT.PART_III_MARY_SORROWS.BODY.P035,12,PASSION24.TEXT.PART_III_MARY_SORROWS.BODY.P043,376,True,JESUS,OUTSIDE,True,True,HIDDEN,PASSION24.TEXT.PART_III_MARY_SORROWS.BODY.P036,0,JESUS,PASSION24.TEXT.PART_III_MARY_SORROWS.BODY.P043,374,JESUS,HIDDEN,HIDDEN_OUTER_WRAPPER,HIDDEN|JESUS|JESUS|HIDDEN,NO_DIVINE_PARENT; ACTIVE_ADJUDICATION_OR_SPEECH_DATA,PASS,,"« … Je pourrais leur dire : "" Je n'ai rien à vous donner. Quelle volonté vous animait dans vos actes et vos souffrances ? Cherchez là votre récompense."" Faire le bien et souffrir sans référence à Ma Volonté n'est que misérable esclavage. Seulement Ma Volonté accorde une véritable domination, une vraie vertu et une véritable gloire pouvant transformer ce qui est humain en divin.»"
A-Q00264,PASSION24.TEXT.PART_III_MARY_SORROWS,straight_double,1,PASSION24.TEXT.PART_III_MARY_SORROWS.BODY.P047,143,PASSION24.TEXT.PART_III_MARY_SORROWS.BODY.P057,77,True,JESUS,OUTSIDE,False,False,OUTSIDE,PASSION24.TEXT.PART_III_MARY_SORROWS.BODY.P048,0,JESUS,PASSION24.TEXT.PART_III_MARY_SORROWS.BODY.P057,73,JESUS,OUTSIDE,TOP_LEVEL_DIVINE_QUOTE_CONTENT_ONLY,OUTSIDE|JESUS|JESUS|OUTSIDE,NO_DIVINE_PARENT; ACTIVE_ADJUDICATION_OR_SPEECH_DATA,PASS,,""" … Oh ! Combien la Création exalte de façon admirable ce dicton Me concernant : """
A-Q00266,PASSION24.TEXT.PART_III_MARY_SORROWS,guillemet,2,PASSION24.TEXT.PART_III_MARY_SORROWS.BODY.P069,61,PASSION24.TEXT.PART_III_MARY_SORROWS.BODY.P069,69,False,JESUS,JESUS,False,False,JESUS,PASSION24.TEXT.PART_III_MARY_SORROWS.BODY.P069,62,JESUS,PASSION24.TEXT.PART_III_MARY_SORROWS.BODY.P069,68,JESUS,JESUS,MEANINGFUL_NESTED_QUOTE_INHERITS_JESUS,JESUS|JESUS|JESUS|JESUS,OPENER_ALREADY_DIVINE; ACTIVE_ADJUDICATION_OR_SPEECH_DATA,PASS,,«le Tout»
A-Q00265,PASSION24.TEXT.PART_III_MARY_SORROWS,straight_double,1,PASSION24.TEXT.PART_III_MARY_SORROWS.BODY.P057,113,PASSION24.TEXT.PART_III_MARY_SORROWS.BODY.P082,91,True,JESUS,OUTSIDE,False,False,OUTSIDE,PASSION24.TEXT.PART_III_MARY_SORROWS.BODY.P058,0,JESUS,PASSION24.TEXT.PART_III_MARY_SORROWS.BODY.P082,89,JESUS,OUTSIDE,TOP_LEVEL_DIVINE_QUOTE_CONTENT_ONLY,OUTSIDE|JESUS|JESUS|OUTSIDE,NO_DIVINE_PARENT; ACTIVE_ADJUDICATION_OR_SPEECH_DATA,PASS,,""" … Car, Mon FIAT régnant en toi, elles serviront de matière et nourriture à Son aboutissement."""
A-Q00267,PASSION24.TEXT.PART_III_MARY_SORROWS,straight_double,1,PASSION24.TEXT.PART_III_MARY_SORROWS.BODY.P083,44,PASSION24.TEXT.PART_III_MARY_SORROWS.BODY.P088,59,True,JESUS,OUTSIDE,False,False,OUTSIDE,PASSION24.TEXT.PART_III_MARY_SORROWS.BODY.P083,45,JESUS,PASSION24.TEXT.PART_III_MARY_SORROWS.BODY.P088,57,JESUS,OUTSIDE,TOP_LEVEL_DIVINE_QUOTE_CONTENT_ONLY,OUTSIDE|JESUS|JESUS|OUTSIDE,NO_DIVINE_PARENT; ACTIVE_ADJUDICATION_OR_SPEECH_DATA,PASS,,"""Il est vrai que Ma Reine Mère fit le plus grand des sacrifices, que personne n'a jamais fait, en annihilant sa volonté pour se soumettre à la Volonté de Dieu embrassant avec Elle toutes les souffrances, les peines, au point de sacrifier héroïquement son propre enfant pour accomplir la Volonté Suprême. … Souvent la lutte exacerbe davantage que la peine elle-même."""
A-Q00268,PASSION24.TEXT.PART_III_MARY_SORROWS,straight_double,1,PASSION24.TEXT.PART_III_MARY_SORROWS.BODY.P090,18,PASSION24.TEXT.PART_III_MARY_SORROWS.BODY.P100,39,True,JESUS,OUTSIDE,False,False,OUTSIDE,PASSION24.TEXT.PART_III_MARY_SORROWS.BODY.P091,0,JESUS,PASSION24.TEXT.PART_III_MARY_SORROWS.BODY.P100,35,JESUS,OUTSIDE,TOP_LEVEL_DIVINE_QUOTE_CONTENT_ONLY,OUTSIDE|JESUS|JESUS|OUTSIDE,NO_DIVINE_PARENT; ACTIVE_ADJUDICATION_OR_SPEECH_DATA,PASS,,""" … Et Je Lui demandais alors sans cesse : """
A-Q00269,PASSION24.TEXT.PART_III_MARY_SORROWS,straight_double,1,PASSION24.TEXT.PART_III_MARY_SORROWS.BODY.P100,98,PASSION24.TEXT.PART_III_MARY_SORROWS.BODY.P115,155,True,JESUS,OUTSIDE,False,False,OUTSIDE,PASSION24.TEXT.PART_III_MARY_SORROWS.BODY.P101,0,JESUS,PASSION24.TEXT.PART_III_MARY_SORROWS.BODY.P115,153,JESUS,OUTSIDE,TOP_LEVEL_DIVINE_QUOTE_CONTENT_ONLY,OUTSIDE|JESUS|JESUS|OUTSIDE,NO_DIVINE_PARENT; ACTIVE_ADJUDICATION_OR_SPEECH_DATA,PASS,,""" … Ceci Me donne l'occasion de converser avec la créature, de M'entretenir avec elle. Et ainsi Ma Volonté a son champ d'action divine dans la volonté humaine."""
A-Q00270,PASSION24.TEXT.PART_III_MARY_SORROWS,straight_double,1,PASSION24.TEXT.PART_III_MARY_SORROWS.BODY.P119,35,PASSION24.TEXT.PART_III_MARY_SORROWS.BODY.P123,71,True,JESUS,OUTSIDE,False,False,OUTSIDE,PASSION24.TEXT.PART_III_MARY_SORROWS.BODY.P120,0,JESUS,PASSION24.TEXT.PART_III_MARY_SORROWS.BODY.P123,69,JESUS,OUTSIDE,TOP_LEVEL_DIVINE_QUOTE_CONTENT_ONLY,OUTSIDE|JESUS|JESUS|OUTSIDE,NO_DIVINE_PARENT; ACTIVE_ADJUDICATION_OR_SPEECH_DATA,PASS,,""" … Ils ne peuvent plus la retenir et ils jouent de la musique et chantent."""
A-Q00271,PASSION24.TEXT.PART_III_MARY_SORROWS,straight_double,1,PASSION24.TEXT.PART_III_MARY_SORROWS.BODY.P127,128,PASSION24.TEXT.PART_III_MARY_SORROWS.BODY.P129,47,True,JESUS,OUTSIDE,False,False,OUTSIDE,PASSION24.TEXT.PART_III_MARY_SORROWS.BODY.P128,0,JESUS,PASSION24.TEXT.PART_III_MARY_SORROWS.BODY.P129,45,JESUS,OUTSIDE,TOP_LEVEL_DIVINE_QUOTE_CONTENT_ONLY,OUTSIDE|JESUS|JESUS|OUTSIDE,NO_DIVINE_PARENT; ACTIVE_ADJUDICATION_OR_SPEECH_DATA,PASS,,""" … Fais Moi parler du Règne de Ma Suprême Volonté."""
A-Q00274,PASSION24.TEXT.PART_III_MARY_SORROWS,mixed_straight_guillemet,1,PASSION24.TEXT.PART_III_MARY_SORROWS.BODY.P132,47,PASSION24.TEXT.PART_III_MARY_SORROWS.BODY.P180,193,True,JESUS,OUTSIDE,False,False,OUTSIDE,PASSION24.TEXT.PART_III_MARY_SORROWS.BODY.P133,0,JESUS,PASSION24.TEXT.PART_III_MARY_SORROWS.BODY.P180,191,JESUS,OUTSIDE,TOP_LEVEL_DIVINE_QUOTE_CONTENT_ONLY,OUTSIDE|JESUS|JESUS|OUTSIDE,V101126_TEXT_REBIND_OP-LMARY-180-01; mixed delimiter accepted by governed source correction; NO_DIVINE_PARENT; ACTIVE_ADJUDICATION_OR_SPEECH_DATA,PASS,,""" … Ainsi, d'après le coût, ils puissent réaliser à quel point Je désire qu'ils l’acquissent, qu’ils puissent l'aimer, l'apprécier qu’ils aspirent à vivre dans ce Règne de Ma Volonté Suprême."""
A-Q00275,PASSION24.TEXT.PART_III_MARY_SORROWS,straight_double,1,PASSION24.TEXT.PART_III_MARY_SORROWS.BODY.P188,12,PASSION24.TEXT.PART_III_MARY_SORROWS.BODY.P197,111,True,JESUS,OUTSIDE,False,False,OUTSIDE,PASSION24.TEXT.PART_III_MARY_SORROWS.BODY.P189,0,JESUS,PASSION24.TEXT.PART_III_MARY_SORROWS.BODY.P197,109,JESUS,OUTSIDE,TOP_LEVEL_DIVINE_QUOTE_CONTENT_ONLY,OUTSIDE|JESUS|JESUS|OUTSIDE,NO_DIVINE_PARENT; ACTIVE_ADJUDICATION_OR_SPEECH_DATA,PASS,,""" … C'est pour qu'elle reproduise Mes Œuvres que Je tiens tant à ce qu'elle fasse Ma Volonté, qu'elle vive en Elle."""
A-Q00277,PASSION24.TEXT.PART_III_MARY_SORROWS,straight_double,1,PASSION24.TEXT.PART_III_MARY_SORROWS.BODY.P206,12,PASSION24.TEXT.PART_III_MARY_SORROWS.BODY.P222,79,True,JESUS,OUTSIDE,False,False,OUTSIDE,PASSION24.TEXT.PART_III_MARY_SORROWS.BODY.P207,0,JESUS,PASSION24.TEXT.PART_III_MARY_SORROWS.BODY.P222,76,JESUS,OUTSIDE,TOP_LEVEL_DIVINE_QUOTE_CONTENT_ONLY,OUTSIDE|JESUS|JESUS|OUTSIDE,NO_DIVINE_PARENT; ACTIVE_ADJUDICATION_OR_SPEECH_DATA,PASS,,""" … Sans posséder ce don de la Foi comment aurait-Elle pu le donner à ses enfants ?"""
A-Q00278,PASSION24.TEXT.RELATED_HOUR_01,guillemet,1,PASSION24.TEXT.RELATED_HOUR_01.BODY.P010,208,PASSION24.TEXT.RELATED_HOUR_01.BODY.P013,113,True,JESUS,OUTSIDE,True,True,HIDDEN,PASSION24.TEXT.RELATED_HOUR_01.BODY.P011,0,JESUS,PASSION24.TEXT.RELATED_HOUR_01.BODY.P013,111,JESUS,HIDDEN,HIDDEN_OUTER_WRAPPER,HIDDEN|JESUS|JESUS|HIDDEN,NO_DIVINE_PARENT; ACTIVE_ADJUDICATION_OR_SPEECH_DATA,PASS,,"« … Tout le bien que peut faire la créature a déjà été accompli par Mon Humanité. Ainsi, tout a été divinisé par Moi.»"
A-Q00279,PASSION24.TEXT.RELATED_HOUR_01,guillemet,1,PASSION24.TEXT.RELATED_HOUR_01.BODY.P014,16,PASSION24.TEXT.RELATED_HOUR_01.BODY.P017,114,True,JESUS,OUTSIDE,True,True,HIDDEN,PASSION24.TEXT.RELATED_HOUR_01.BODY.P014,17,JESUS,PASSION24.TEXT.RELATED_HOUR_01.BODY.P017,112,JESUS,HIDDEN,HIDDEN_OUTER_WRAPPER,HIDDEN|JESUS|JESUS|HIDDEN,NO_DIVINE_PARENT; ACTIVE_ADJUDICATION_OR_SPEECH_DATA,PASS,,"«Ma Vie se continue vraiment sur la terre, non seulement dans le Très Saint Sacrement, mais aussi dans les âmes qui vivent dans Ma grâce. … Imagine quel chagrin Me causent les créatures qui, pendant que Je veux agir en elles, ne font pas attention à Moi.»"
A-Q00281,PASSION24.TEXT.RELATED_HOUR_01,straight_double,2,PASSION24.TEXT.RELATED_HOUR_01.BODY.P034,72,PASSION24.TEXT.RELATED_HOUR_01.BODY.P034,234,False,JESUS,JESUS,False,False,JESUS,PASSION24.TEXT.RELATED_HOUR_01.BODY.P034,73,JESUS,PASSION24.TEXT.RELATED_HOUR_01.BODY.P034,231,JESUS,JESUS,MEANINGFUL_NESTED_QUOTE_INHERITS_JESUS,JESUS|JESUS|JESUS|JESUS,OPENER_ALREADY_DIVINE; ACTIVE_ADJUDICATION_OR_SPEECH_DATA,PASS,,"""Je vous bénis au nom du Père, de Moi-même et du Saint-Esprit. Je vous bénis pour vous aider, vous défendre, vous pardonner, vous consoler et vous rendre saints !"""
A-Q00280,PASSION24.TEXT.RELATED_HOUR_01,guillemet,1,PASSION24.TEXT.RELATED_HOUR_01.BODY.P021,12,PASSION24.TEXT.RELATED_HOUR_01.BODY.P036,220,True,JESUS,OUTSIDE,True,True,HIDDEN,PASSION24.TEXT.RELATED_HOUR_01.BODY.P021,13,JESUS,PASSION24.TEXT.RELATED_HOUR_01.BODY.P036,218,JESUS,HIDDEN,HIDDEN_OUTER_WRAPPER,HIDDEN|JESUS|JESUS|HIDDEN,NO_DIVINE_PARENT; ACTIVE_ADJUDICATION_OR_SPEECH_DATA,PASS,,"«Ma fille, combien de choses révèle ce mystère. J'ai voulu Me rendre chez Ma chère Maman pour lui demander sa bénédiction afin de lui fournir l'occasion de Me demander Ma propre Bénédiction. … Ce sont là les effets de Ma bénédiction. Mon Église, instruite par Moi, fait écho à Ma Bénédiction dans presque toutes les circonstances. Elle bénit dans l'administration des sacrements et en beaucoup d'autres occasions.»"
A-Q00283,PASSION24.TEXT.RELATED_HOUR_01,straight_double,2,PASSION24.TEXT.RELATED_HOUR_01.BODY.P041,182,PASSION24.TEXT.RELATED_HOUR_01.BODY.P047,316,True,JESUS,JESUS,False,False,JESUS,PASSION24.TEXT.RELATED_HOUR_01.BODY.P042,0,JESUS,PASSION24.TEXT.RELATED_HOUR_01.BODY.P047,314,JESUS,JESUS,MEANINGFUL_NESTED_QUOTE_INHERITS_JESUS,JESUS|JESUS|JESUS|JESUS,OPENER_ALREADY_DIVINE; ACTIVE_ADJUDICATION_OR_SPEECH_DATA,PASS,,""" … Au lieu de Me bénir en retour, elles M'offensent et Me maudissent. Pour cette raison, Ma fille, entre dans Ma Volonté et prends ton essor sur les ailes de toutes les choses créées, scelle les toutes des bénédictions que toutes les créatures Me doivent, et apporte toutes ces bénédictions à Mon Cœur tendre et blessé."""
A-Q00282,PASSION24.TEXT.RELATED_HOUR_01,guillemet,1,PASSION24.TEXT.RELATED_HOUR_01.BODY.P039,53,PASSION24.TEXT.RELATED_HOUR_01.BODY.P047,317,True,JESUS,OUTSIDE,True,True,HIDDEN,PASSION24.TEXT.RELATED_HOUR_01.BODY.P040,0,JESUS,PASSION24.TEXT.RELATED_HOUR_01.BODY.P047,314,JESUS,HIDDEN,HIDDEN_OUTER_WRAPPER,HIDDEN|JESUS|JESUS|HIDDEN,NO_DIVINE_PARENT; ACTIVE_ADJUDICATION_OR_SPEECH_DATA,PASS,,"« … Au lieu de Me bénir en retour, elles M'offensent et Me maudissent. Pour cette raison, Ma fille, entre dans Ma Volonté et prends ton essor sur les ailes de toutes les choses créées, scelle les toutes des bénédictions que toutes les créatures Me doivent, et apporte toutes ces bénédictions à Mon Cœur tendre et blessé.""»"
A-Q00284,PASSION24.TEXT.RELATED_HOUR_01,guillemet,1,PASSION24.TEXT.RELATED_HOUR_01.BODY.P048,78,PASSION24.TEXT.RELATED_HOUR_01.BODY.P052,49,True,JESUS,OUTSIDE,True,True,HIDDEN,PASSION24.TEXT.RELATED_HOUR_01.BODY.P049,0,JESUS,PASSION24.TEXT.RELATED_HOUR_01.BODY.P052,47,JESUS,HIDDEN,HIDDEN_OUTER_WRAPPER,HIDDEN|JESUS|JESUS|HIDDEN,NO_DIVINE_PARENT; ACTIVE_ADJUDICATION_OR_SPEECH_DATA,PASS,,« … Je bénis tout en toi et tout ce qui t'appartient.»
A-Q00288,PASSION24.TEXT.RELATED_HOUR_02,guillemet,1,PASSION24.TEXT.RELATED_HOUR_02.BODY.P007,20,PASSION24.TEXT.RELATED_HOUR_02.BODY.P010,51,True,JESUS,OUTSIDE,True,True,HIDDEN,PASSION24.TEXT.RELATED_HOUR_02.BODY.P008,0,JESUS,PASSION24.TEXT.RELATED_HOUR_02.BODY.P010,49,JESUS,HIDDEN,HIDDEN_OUTER_WRAPPER,HIDDEN|JESUS|JESUS|HIDDEN,NO_DIVINE_PARENT; ACTIVE_ADJUDICATION_OR_SPEECH_DATA,PASS,,« … On peut dire qu'il y avait une sorte de bilocation.»
A-Q00289,PASSION24.TEXT.RELATED_HOUR_02,guillemet,1,PASSION24.TEXT.RELATED_HOUR_02.BODY.P011,263,PASSION24.TEXT.RELATED_HOUR_02.BODY.P017,122,True,JESUS,OUTSIDE,True,True,HIDDEN,PASSION24.TEXT.RELATED_HOUR_02.BODY.P011,264,JESUS,PASSION24.TEXT.RELATED_HOUR_02.BODY.P017,119,JESUS,HIDDEN,HIDDEN_OUTER_WRAPPER,HIDDEN|JESUS|JESUS|HIDDEN,NO_DIVINE_PARENT; ACTIVE_ADJUDICATION_OR_SPEECH_DATA,PASS,,"«Ma Fille, tu ne peux pas bien comprendre ce que Ma Maman bien-aimée était pour Moi. … Ah ! Si les âmes Me retournaient tout, si elles tiraient tout de Moi, combien de Ciels et de Mères J'aurais sur la terre !»"
A-Q00290,PASSION24.TEXT.RELATED_HOUR_03,guillemet,1,PASSION24.TEXT.RELATED_HOUR_03.BODY.P005,101,PASSION24.TEXT.RELATED_HOUR_03.BODY.P017,81,True,JESUS,OUTSIDE,True,True,HIDDEN,PASSION24.TEXT.RELATED_HOUR_03.BODY.P006,0,JESUS,PASSION24.TEXT.RELATED_HOUR_03.BODY.P017,79,JESUS,HIDDEN,HIDDEN_OUTER_WRAPPER,HIDDEN|JESUS|JESUS|HIDDEN,NO_DIVINE_PARENT; ACTIVE_ADJUDICATION_OR_SPEECH_DATA,PASS,,"« … Je voulais Me nourrir de leur amour, de leurs paroles, de leurs travaux, de tout.»"
A-Q00292,PASSION24.TEXT.RELATED_HOUR_03,guillemet,1,PASSION24.TEXT.RELATED_HOUR_03.BODY.P020,17,PASSION24.TEXT.RELATED_HOUR_03.BODY.P033,207,True,JESUS,OUTSIDE,True,True,HIDDEN,PASSION24.TEXT.RELATED_HOUR_03.BODY.P021,0,JESUS,PASSION24.TEXT.RELATED_HOUR_03.BODY.P033,204,JESUS,HIDDEN,HIDDEN_OUTER_WRAPPER,HIDDEN|JESUS|JESUS|HIDDEN,NO_DIVINE_PARENT; ACTIVE_ADJUDICATION_OR_SPEECH_DATA,PASS,,"« … Comme la volonté peut être déployée ! Combien d'actes bons et de méchancetés elle peut contenir ! Avant tout, Je veux la volonté de l'homme. Parce que si Je l'ai, J'ai tout. Sa résistance est alors vaincue !»"
A-Q00294,PASSION24.TEXT.RELATED_HOUR_04,curly_single,1,PASSION24.TEXT.RELATED_HOUR_04.BODY.P049,25,PASSION24.TEXT.RELATED_HOUR_04.BODY.P049,38,False,JESUS,JESUS,False,False,JESUS,PASSION24.TEXT.RELATED_HOUR_04.BODY.P049,26,JESUS,PASSION24.TEXT.RELATED_HOUR_04.BODY.P049,37,JESUS,JESUS,MEANINGFUL_NESTED_QUOTE_INHERITS_JESUS,JESUS|JESUS|JESUS|JESUS,OPENER_ALREADY_DIVINE; ACTIVE_ADJUDICATION_OR_SPEECH_DATA,PASS,,‘Je Vous aime’
A-Q00295,PASSION24.TEXT.RELATED_HOUR_04,curly_single,1,PASSION24.TEXT.RELATED_HOUR_04.BODY.P049,108,PASSION24.TEXT.RELATED_HOUR_04.BODY.P049,122,False,JESUS,JESUS,False,False,JESUS,PASSION24.TEXT.RELATED_HOUR_04.BODY.P049,109,JESUS,PASSION24.TEXT.RELATED_HOUR_04.BODY.P049,121,JESUS,JESUS,MEANINGFUL_NESTED_QUOTE_INHERITS_JESUS,JESUS|JESUS|JESUS|JESUS,OPENER_ALREADY_DIVINE; ACTIVE_ADJUDICATION_OR_SPEECH_DATA,PASS,,‘Je Vous adore’
A-Q00296,PASSION24.TEXT.RELATED_HOUR_04,curly_single,1,PASSION24.TEXT.RELATED_HOUR_04.BODY.P050,23,PASSION24.TEXT.RELATED_HOUR_04.BODY.P050,36,False,JESUS,JESUS,False,False,JESUS,PASSION24.TEXT.RELATED_HOUR_04.BODY.P050,24,JESUS,PASSION24.TEXT.RELATED_HOUR_04.BODY.P050,35,JESUS,JESUS,MEANINGFUL_NESTED_QUOTE_INHERITS_JESUS,JESUS|JESUS|JESUS|JESUS,OPENER_ALREADY_DIVINE; ACTIVE_ADJUDICATION_OR_SPEECH_DATA,PASS,,‘Je Vous aime’
A-Q00297,PASSION24.TEXT.RELATED_HOUR_04,curly_single,1,PASSION24.TEXT.RELATED_HOUR_04.BODY.P054,133,PASSION24.TEXT.RELATED_HOUR_04.BODY.P054,146,False,JESUS,JESUS,False,False,JESUS,PASSION24.TEXT.RELATED_HOUR_04.BODY.P054,134,JESUS,PASSION24.TEXT.RELATED_HOUR_04.BODY.P054,145,JESUS,JESUS,MEANINGFUL_NESTED_QUOTE_INHERITS_JESUS,JESUS|JESUS|JESUS|JESUS,OPENER_ALREADY_DIVINE; ACTIVE_ADJUDICATION_OR_SPEECH_DATA,PASS,,‘Je vous aime’
A-Q00299,PASSION24.TEXT.RELATED_HOUR_04,guillemet,1,PASSION24.TEXT.RELATED_HOUR_04.BODY.P094,24,PASSION24.TEXT.RELATED_HOUR_04.BODY.P110,184,True,JESUS,OUTSIDE,True,True,HIDDEN,PASSION24.TEXT.RELATED_HOUR_04.BODY.P095,0,JESUS,PASSION24.TEXT.RELATED_HOUR_04.BODY.P110,182,JESUS,HIDDEN,HIDDEN_OUTER_WRAPPER,HIDDEN|JESUS|JESUS|HIDDEN,NO_DIVINE_PARENT; ACTIVE_ADJUDICATION_OR_SPEECH_DATA,PASS,,"« … Également, J'ai voulu investir les créatures des mêmes actes que J'ai accomplis en Me recevant Moi-même, leur conférant les dispositions appropriées et presque le droit de Me recevoir.»"
A-Q00300,PASSION24.TEXT.RELATED_HOUR_04,guillemet,1,PASSION24.TEXT.RELATED_HOUR_04.BODY.P112,15,PASSION24.TEXT.RELATED_HOUR_04.BODY.P121,118,True,JESUS,OUTSIDE,True,True,HIDDEN,PASSION24.TEXT.RELATED_HOUR_04.BODY.P113,0,JESUS,PASSION24.TEXT.RELATED_HOUR_04.BODY.P121,116,JESUS,HIDDEN,HIDDEN_OUTER_WRAPPER,HIDDEN|JESUS|JESUS|HIDDEN,NO_DIVINE_PARENT; ACTIVE_ADJUDICATION_OR_SPEECH_DATA,PASS,,"« … Je Me confie à elle parce que Ma Volonté l'a fait gardienne de tous Mes Biens, de toutes Mes Œuvres et même de Ma Vie.»"
A-Q00301,PASSION24.TEXT.RELATED_HOUR_04,guillemet,1,PASSION24.TEXT.RELATED_HOUR_04.BODY.P124,47,PASSION24.TEXT.RELATED_HOUR_04.BODY.P140,305,True,JESUS,OUTSIDE,True,True,HIDDEN,PASSION24.TEXT.RELATED_HOUR_04.BODY.P125,0,JESUS,PASSION24.TEXT.RELATED_HOUR_04.BODY.P140,302,JESUS,HIDDEN,HIDDEN_OUTER_WRAPPER,HIDDEN|JESUS|JESUS|HIDDEN,NO_DIVINE_PARENT; ACTIVE_ADJUDICATION_OR_SPEECH_DATA,PASS,,"« … Je vais accomplir de nouveaux prodiges de grâces jamais réalisés auparavant. Par conséquent, sois attentive et fidèle. Assure-toi que Ma Volonté trouve toujours vie en toi. Ainsi, Je vais retrouver en toi l'œuvre de la Création tout entière, avec tous les droits qui Me sont dus et tout ce que Je désire. »"
A-Q00303,PASSION24.TEXT.RELATED_HOUR_04,guillemet,1,PASSION24.TEXT.RELATED_HOUR_04.BODY.P146,12,PASSION24.TEXT.RELATED_HOUR_04.BODY.P162,283,True,JESUS,OUTSIDE,True,True,HIDDEN,PASSION24.TEXT.RELATED_HOUR_04.BODY.P146,13,JESUS,PASSION24.TEXT.RELATED_HOUR_04.BODY.P162,281,JESUS,HIDDEN,HIDDEN_OUTER_WRAPPER,HIDDEN|JESUS|JESUS|HIDDEN,NO_DIVINE_PARENT; ACTIVE_ADJUDICATION_OR_SPEECH_DATA,PASS,,"«Je n'arrivais pas à capter ton attention. … Et qui plus est, ils M'abandonnent, M'oublient et ne prennent pas soin de Ma Présence. Mais les âmes qui vivent dans Ma Volonté sont des vies dans Ma propre Vie. Par conséquent, elles sont inséparables de Moi. Voilà pourquoi Je t'aime tant. C'est Ma propre Volonté en toi que J'aime.»"
A-Q00304,PASSION24.TEXT.RELATED_HOUR_04,guillemet,1,PASSION24.TEXT.RELATED_HOUR_04.BODY.P169,14,PASSION24.TEXT.RELATED_HOUR_04.BODY.P175,115,True,MARY,OUTSIDE,True,True,HIDDEN,PASSION24.TEXT.RELATED_HOUR_04.BODY.P170,0,MARY,PASSION24.TEXT.RELATED_HOUR_04.BODY.P175,112,MARY,HIDDEN,HIDDEN_OUTER_WRAPPER,HIDDEN|MARY|MARY|HIDDEN,NO_DIVINE_PARENT; ACTIVE_ADJUDICATION_OR_SPEECH_DATA,PASS,,"« … Je place autour de Toi pour Te rendre Amour et Gloire les étoiles, le ciel, la mer et tous les habitants de l’air. »"
A-Q00306,PASSION24.TEXT.RELATED_HOUR_05,straight_double,2,PASSION24.TEXT.RELATED_HOUR_05.BODY.P008,555,PASSION24.TEXT.RELATED_HOUR_05.BODY.P008,667,False,JESUS,JESUS,False,False,JESUS,PASSION24.TEXT.RELATED_HOUR_05.BODY.P008,556,JESUS,PASSION24.TEXT.RELATED_HOUR_05.BODY.P008,665,JESUS,JESUS,MEANINGFUL_NESTED_QUOTE_INHERITS_JESUS,JESUS|JESUS|JESUS|JESUS,OPENER_ALREADY_DIVINE; ACTIVE_ADJUDICATION_OR_SPEECH_DATA,PASS,,"""Père, si c'est possible, retire de Moi ce calice. Cependant, que soit faite non pas Ma Volonté, mais la Tienne."""
A-Q00305,PASSION24.TEXT.RELATED_HOUR_05,guillemet,1,PASSION24.TEXT.RELATED_HOUR_05.BODY.P007,143,PASSION24.TEXT.RELATED_HOUR_05.BODY.P014,378,True,JESUS,OUTSIDE,True,True,HIDDEN,PASSION24.TEXT.RELATED_HOUR_05.BODY.P008,0,JESUS,PASSION24.TEXT.RELATED_HOUR_05.BODY.P014,376,JESUS,HIDDEN,HIDDEN_OUTER_WRAPPER,HIDDEN|JESUS|JESUS|HIDDEN,NO_DIVINE_PARENT; ACTIVE_ADJUDICATION_OR_SPEECH_DATA,PASS,,"« … Et les endroits où les bourreaux extérieurs ne parvenaient pas, où une petite partie de Moi était épargnée, l'Amour prenait la relève et n'épargnait rien. Et c'est ce qui arrive dans toutes les âmes : le travail principal est fait par l'Amour. Et quand l'Amour a agi et rempli l'âme, ce qui apparaît à l'extérieur n'est que le débordement de ce qui a été effectué à l'intérieur.»"
A-Q00307,PASSION24.TEXT.RELATED_HOUR_05,guillemet,1,PASSION24.TEXT.RELATED_HOUR_05.BODY.P018,84,PASSION24.TEXT.RELATED_HOUR_05.BODY.P027,140,True,JESUS,OUTSIDE,True,True,HIDDEN,PASSION24.TEXT.RELATED_HOUR_05.BODY.P019,0,JESUS,PASSION24.TEXT.RELATED_HOUR_05.BODY.P027,138,JESUS,HIDDEN,HIDDEN_OUTER_WRAPPER,HIDDEN|JESUS|JESUS|HIDDEN,NO_DIVINE_PARENT; ACTIVE_ADJUDICATION_OR_SPEECH_DATA,PASS,,"« … Et à quel prix pour Moi ! Cependant, même actuellement, l'ingratitude de l'homme persiste à détruire les courants d'Amour que J'ai rétablis.»"
A-Q00308,PASSION24.TEXT.RELATED_HOUR_05,guillemet,1,PASSION24.TEXT.RELATED_HOUR_05.BODY.P029,213,PASSION24.TEXT.RELATED_HOUR_05.BODY.P040,265,True,JESUS,OUTSIDE,True,True,HIDDEN,PASSION24.TEXT.RELATED_HOUR_05.BODY.P030,0,JESUS,PASSION24.TEXT.RELATED_HOUR_05.BODY.P040,263,JESUS,HIDDEN,HIDDEN_OUTER_WRAPPER,HIDDEN|JESUS|JESUS|HIDDEN,NO_DIVINE_PARENT; ACTIVE_ADJUDICATION_OR_SPEECH_DATA,PASS,,"« … Par conséquent, toi, Ma fille, viens Me retourner cet Amour. Dans Ma Volonté, tu trouveras comme en un seul acte tout cet Amour. Fais-le tien et, avec Moi, constitue-toi Amour pour chaque acte des créatures, afin de Me donner la correspondance d'Amour pour chacune.»"
A-Q00310,PASSION24.TEXT.RELATED_HOUR_06,guillemet,1,PASSION24.TEXT.RELATED_HOUR_06.BODY.P011,70,PASSION24.TEXT.RELATED_HOUR_06.BODY.P013,521,True,JESUS,JESUS,True,True,HIDDEN,PASSION24.TEXT.RELATED_HOUR_06.BODY.P012,0,JESUS,PASSION24.TEXT.RELATED_HOUR_06.BODY.P013,519,JESUS,HIDDEN,HIDDEN_OUTER_WRAPPER,HIDDEN|JESUS|JESUS|HIDDEN,IMMEDIATE_LEFT_DIVINE:PASSION24.TEXT.RELATED_HOUR_06.BODY.P011@68; ACTIVE_ADJUDICATION_OR_SPEECH_DATA,PASS,,"« … Quand J'ai créé les créatures, J'ai créé en elles une structure d'amour de sorte que rien d'autre que l'amour ne devait émaner d'elles. Cela est vrai à tel point que Mon amour et leur amour étaient destinés à s'entrelacer dans des courants continus. L'homme ingrat a non seulement refusé de M'aimer, mais il M'a offensé. Dès lors, J'ai dû accepter une mort d'Amour pour chaque créature afin de suppléer auprès de Mon"
A-Q00311,PASSION24.TEXT.RELATED_HOUR_06,guillemet,1,PASSION24.TEXT.RELATED_HOUR_06.BODY.P016,18,PASSION24.TEXT.RELATED_HOUR_06.BODY.P017,105,True,JESUS,OUTSIDE,True,True,HIDDEN,PASSION24.TEXT.RELATED_HOUR_06.BODY.P017,0,JESUS,PASSION24.TEXT.RELATED_HOUR_06.BODY.P017,102,JESUS,HIDDEN,HIDDEN_OUTER_WRAPPER,HIDDEN|JESUS|JESUS|HIDDEN,NO_DIVINE_PARENT; ACTIVE_ADJUDICATION_OR_SPEECH_DATA,PASS,,« … Veux-tu Me ressembler ? Veux-tu accepter les morts d'amour comme tu as accueilli les morts d'affliction ?»
A-Q00314,PASSION24.TEXT.RELATED_HOUR_06,straight_double,2,PASSION24.TEXT.RELATED_HOUR_06.BODY.P025,74,PASSION24.TEXT.RELATED_HOUR_06.BODY.P026,50,True,JESUS,JESUS,False,False,JESUS,PASSION24.TEXT.RELATED_HOUR_06.BODY.P026,0,JESUS,PASSION24.TEXT.RELATED_HOUR_06.BODY.P026,47,JESUS,JESUS,MEANINGFUL_NESTED_QUOTE_INHERITS_JESUS,JESUS|JESUS|JESUS|JESUS,OPENER_ALREADY_DIVINE; ACTIVE_ADJUDICATION_OR_SPEECH_DATA,PASS,,""" … Si c'est possible que ce calice s'éloigne de moi !"""
A-Q00315,PASSION24.TEXT.RELATED_HOUR_06,straight_double,2,PASSION24.TEXT.RELATED_HOUR_06.BODY.P028,187,PASSION24.TEXT.RELATED_HOUR_06.BODY.P029,55,True,JESUS,JESUS,False,False,JESUS,PASSION24.TEXT.RELATED_HOUR_06.BODY.P029,0,JESUS,PASSION24.TEXT.RELATED_HOUR_06.BODY.P029,52,JESUS,JESUS,MEANINGFUL_NESTED_QUOTE_INHERITS_JESUS,JESUS|JESUS|JESUS|JESUS,OPENER_ALREADY_DIVINE; ACTIVE_ADJUDICATION_OR_SPEECH_DATA,PASS,,""" … Si c'est possible, laisse ce calice s'éloigner de moi !"""
A-Q00313,PASSION24.TEXT.RELATED_HOUR_06,guillemet,1,PASSION24.TEXT.RELATED_HOUR_06.BODY.P022,28,PASSION24.TEXT.RELATED_HOUR_06.BODY.P033,110,True,JESUS,OUTSIDE,True,True,HIDDEN,PASSION24.TEXT.RELATED_HOUR_06.BODY.P023,0,JESUS,PASSION24.TEXT.RELATED_HOUR_06.BODY.P033,108,JESUS,HIDDEN,HIDDEN_OUTER_WRAPPER,HIDDEN|JESUS|JESUS|HIDDEN,NO_DIVINE_PARENT; ACTIVE_ADJUDICATION_OR_SPEECH_DATA,PASS,,« … Je veux Moi-même accroître ta volonté et la consumer dans la mienne afin d'imprimer en elle ces morts d'Amour.»
A-Q00317,PASSION24.TEXT.RELATED_HOUR_06,guillemet,1,PASSION24.TEXT.RELATED_HOUR_06.BODY.P035,46,PASSION24.TEXT.RELATED_HOUR_06.BODY.P036,120,True,JESUS,OUTSIDE,True,True,HIDDEN,PASSION24.TEXT.RELATED_HOUR_06.BODY.P036,0,JESUS,PASSION24.TEXT.RELATED_HOUR_06.BODY.P036,118,JESUS,HIDDEN,HIDDEN_OUTER_WRAPPER,HIDDEN|JESUS|JESUS|HIDDEN,NO_DIVINE_PARENT; ACTIVE_ADJUDICATION_OR_SPEECH_DATA,PASS,,"« … Père, s'il est possible, que cette coupe passe loin de Moi. Toutefois, que non pas Ma Volonté mais la Tienne soit faite.»"
A-Q00319,PASSION24.TEXT.RELATED_HOUR_06,straight_double,2,PASSION24.TEXT.RELATED_HOUR_06.BODY.P037,90,PASSION24.TEXT.RELATED_HOUR_06.BODY.P038,58,True,JESUS,JESUS,False,False,JESUS,PASSION24.TEXT.RELATED_HOUR_06.BODY.P038,0,JESUS,PASSION24.TEXT.RELATED_HOUR_06.BODY.P038,57,JESUS,JESUS,MEANINGFUL_NESTED_QUOTE_INHERITS_JESUS,JESUS|JESUS|JESUS|JESUS,OPENER_ALREADY_DIVINE; ACTIVE_ADJUDICATION_OR_SPEECH_DATA,PASS,,""" … Père, s'il est possible, que cette coupe passe loin de Moi"""
A-Q00320,PASSION24.TEXT.RELATED_HOUR_06,straight_double,2,PASSION24.TEXT.RELATED_HOUR_06.BODY.P039,165,PASSION24.TEXT.RELATED_HOUR_06.BODY.P039,225,False,JESUS,JESUS,False,False,JESUS,PASSION24.TEXT.RELATED_HOUR_06.BODY.P039,166,JESUS,PASSION24.TEXT.RELATED_HOUR_06.BODY.P039,223,JESUS,JESUS,MEANINGFUL_NESTED_QUOTE_INHERITS_JESUS,JESUS|JESUS|JESUS|JESUS,OPENER_ALREADY_DIVINE; ACTIVE_ADJUDICATION_OR_SPEECH_DATA,PASS,,"""Père, s'il est possible, que cette coupe passe loin de Moi."""
A-Q00321,PASSION24.TEXT.RELATED_HOUR_06,straight_double,2,PASSION24.TEXT.RELATED_HOUR_06.BODY.P042,50,PASSION24.TEXT.RELATED_HOUR_06.BODY.P043,48,True,JESUS,JESUS,False,False,JESUS,PASSION24.TEXT.RELATED_HOUR_06.BODY.P043,0,JESUS,PASSION24.TEXT.RELATED_HOUR_06.BODY.P043,47,JESUS,JESUS,MEANINGFUL_NESTED_QUOTE_INHERITS_JESUS,JESUS|JESUS|JESUS|JESUS,OPENER_ALREADY_DIVINE; ACTIVE_ADJUDICATION_OR_SPEECH_DATA,PASS,,""" … Que non pas Ma Volonté mais la Tienne soit faite"""
A-Q00322,PASSION24.TEXT.RELATED_HOUR_06,straight_double,2,PASSION24.TEXT.RELATED_HOUR_06.BODY.P045,48,PASSION24.TEXT.RELATED_HOUR_06.BODY.P046,136,True,JESUS,JESUS,False,False,JESUS,PASSION24.TEXT.RELATED_HOUR_06.BODY.P046,0,JESUS,PASSION24.TEXT.RELATED_HOUR_06.BODY.P046,134,JESUS,JESUS,MEANINGFUL_NESTED_QUOTE_INHERITS_JESUS,JESUS|JESUS|JESUS|JESUS,OPENER_ALREADY_DIVINE; ACTIVE_ADJUDICATION_OR_SPEECH_DATA,PASS,,""" … Que la volonté humaine ne se fasse plus sur la terre, mais la Volonté Divine. Que la volonté humaine soit bannie et que la Tienne règne."""
A-Q00323,PASSION24.TEXT.RELATED_HOUR_06,guillemet,2,PASSION24.TEXT.RELATED_HOUR_06.BODY.P047,59,PASSION24.TEXT.RELATED_HOUR_06.BODY.P047,114,False,JESUS,JESUS,False,False,JESUS,PASSION24.TEXT.RELATED_HOUR_06.BODY.P047,61,JESUS,PASSION24.TEXT.RELATED_HOUR_06.BODY.P047,112,JESUS,JESUS,MEANINGFUL_NESTED_QUOTE_INHERITS_JESUS,JESUS|JESUS|JESUS|JESUS,OPENER_ALREADY_DIVINE; ACTIVE_ADJUDICATION_OR_SPEECH_DATA,PASS,,« que Ta Volonté soit faite sur la terre comme au Ciel »
A-Q00324,PASSION24.TEXT.RELATED_HOUR_06,straight_double,2,PASSION24.TEXT.RELATED_HOUR_06.BODY.P047,198,PASSION24.TEXT.RELATED_HOUR_06.BODY.P048,50,True,JESUS,JESUS,False,False,JESUS,PASSION24.TEXT.RELATED_HOUR_06.BODY.P048,0,JESUS,PASSION24.TEXT.RELATED_HOUR_06.BODY.P048,48,JESUS,JESUS,MEANINGFUL_NESTED_QUOTE_INHERITS_JESUS,JESUS|JESUS|JESUS|JESUS,OPENER_ALREADY_DIVINE; ACTIVE_ADJUDICATION_OR_SPEECH_DATA,PASS,,""" … Que non pas Ma Volonté, mais la Tienne soit faite."""
A-Q00325,PASSION24.TEXT.RELATED_HOUR_06,guillemet,2,PASSION24.TEXT.RELATED_HOUR_06.BODY.P051,211,PASSION24.TEXT.RELATED_HOUR_06.BODY.P051,258,False,JESUS,JESUS,False,False,JESUS,PASSION24.TEXT.RELATED_HOUR_06.BODY.P051,213,JESUS,PASSION24.TEXT.RELATED_HOUR_06.BODY.P051,256,JESUS,JESUS,MEANINGFUL_NESTED_QUOTE_INHERITS_JESUS,JESUS|JESUS|JESUS|JESUS,OPENER_ALREADY_DIVINE; ACTIVE_ADJUDICATION_OR_SPEECH_DATA,PASS,,« Fiat Voluntas Tua sur la terre comme au Ciel »
A-Q00326,PASSION24.TEXT.RELATED_HOUR_06,guillemet,2,PASSION24.TEXT.RELATED_HOUR_06.BODY.P053,122,PASSION24.TEXT.RELATED_HOUR_06.BODY.P054,34,True,JESUS,JESUS,False,False,JESUS,PASSION24.TEXT.RELATED_HOUR_06.BODY.P054,0,JESUS,PASSION24.TEXT.RELATED_HOUR_06.BODY.P054,32,JESUS,JESUS,MEANINGFUL_NESTED_QUOTE_INHERITS_JESUS,JESUS|JESUS|JESUS|JESUS,OPENER_ALREADY_DIVINE; ACTIVE_ADJUDICATION_OR_SPEECH_DATA,PASS,,« … que Sa Volonté règne sur la terre »
A-Q00327,PASSION24.TEXT.RELATED_HOUR_06,straight_double,2,PASSION24.TEXT.RELATED_HOUR_06.BODY.P057,55,PASSION24.TEXT.RELATED_HOUR_06.BODY.P058,48,True,JESUS,JESUS,False,False,JESUS,PASSION24.TEXT.RELATED_HOUR_06.BODY.P058,0,JESUS,PASSION24.TEXT.RELATED_HOUR_06.BODY.P058,47,JESUS,JESUS,MEANINGFUL_NESTED_QUOTE_INHERITS_JESUS,JESUS|JESUS|JESUS|JESUS,OPENER_ALREADY_DIVINE; ACTIVE_ADJUDICATION_OR_SPEECH_DATA,PASS,,""" … Que non pas Ma volonté mais la tienne soit faite"""
A-Q00328,PASSION24.TEXT.RELATED_HOUR_06,straight_double,2,PASSION24.TEXT.RELATED_HOUR_06.BODY.P059,191,PASSION24.TEXT.RELATED_HOUR_06.BODY.P060,73,True,JESUS,JESUS,False,False,JESUS,PASSION24.TEXT.RELATED_HOUR_06.BODY.P060,0,JESUS,PASSION24.TEXT.RELATED_HOUR_06.BODY.P060,71,JESUS,JESUS,MEANINGFUL_NESTED_QUOTE_INHERITS_JESUS,JESUS|JESUS|JESUS|JESUS,OPENER_ALREADY_DIVINE; ACTIVE_ADJUDICATION_OR_SPEECH_DATA,PASS,,""" … Père, s'il est possible, que cette coupe de Ma volonté passe loin de Moi."""
A-Q00329,PASSION24.TEXT.RELATED_HOUR_06,straight_double,2,PASSION24.TEXT.RELATED_HOUR_06.BODY.P061,37,PASSION24.TEXT.RELATED_HOUR_06.BODY.P062,49,True,JESUS,JESUS,False,False,JESUS,PASSION24.TEXT.RELATED_HOUR_06.BODY.P062,0,JESUS,PASSION24.TEXT.RELATED_HOUR_06.BODY.P062,47,JESUS,JESUS,MEANINGFUL_NESTED_QUOTE_INHERITS_JESUS,JESUS|JESUS|JESUS|JESUS,OPENER_ALREADY_DIVINE; ACTIVE_ADJUDICATION_OR_SPEECH_DATA,PASS,,""" … Que non pas Ma Volonté mais la Tienne soit faite."""
A-Q00330,PASSION24.TEXT.RELATED_HOUR_06,guillemet,2,PASSION24.TEXT.RELATED_HOUR_06.BODY.P068,312,PASSION24.TEXT.RELATED_HOUR_06.BODY.P069,71,True,JESUS,JESUS,False,False,JESUS,PASSION24.TEXT.RELATED_HOUR_06.BODY.P069,0,JESUS,PASSION24.TEXT.RELATED_HOUR_06.BODY.P069,69,JESUS,JESUS,MEANINGFUL_NESTED_QUOTE_INHERITS_JESUS,JESUS|JESUS|JESUS|JESUS,OPENER_ALREADY_DIVINE; ACTIVE_ADJUDICATION_OR_SPEECH_DATA,PASS,,« … que la Volonté Divine soit faite sur la terre comme elle l'est au Ciel »
A-Q00318,PASSION24.TEXT.RELATED_HOUR_06,guillemet,1,PASSION24.TEXT.RELATED_HOUR_06.BODY.P036,163,PASSION24.TEXT.RELATED_HOUR_06.BODY.P071,183,True,JESUS,OUTSIDE,True,True,HIDDEN,PASSION24.TEXT.RELATED_HOUR_06.BODY.P037,0,JESUS,PASSION24.TEXT.RELATED_HOUR_06.BODY.P071,181,JESUS,HIDDEN,HIDDEN_OUTER_WRAPPER,HIDDEN|JESUS|JESUS|HIDDEN,NO_DIVINE_PARENT; ACTIVE_ADJUDICATION_OR_SPEECH_DATA,PASS,,« … Et c'est ce que Je veux pour toi. Tu dois tout axer sur Ma Volonté en te laissant brûler par son Souffle jusqu'à perdre toute autre connaissance que celle de Ma Volonté pour toujours.»
A-Q00331,PASSION24.TEXT.RELATED_HOUR_07,guillemet,1,PASSION24.TEXT.RELATED_HOUR_07.BODY.P007,59,PASSION24.TEXT.RELATED_HOUR_07.BODY.P036,42,True,JESUS,OUTSIDE,True,True,HIDDEN,PASSION24.TEXT.RELATED_HOUR_07.BODY.P008,0,JESUS,PASSION24.TEXT.RELATED_HOUR_07.BODY.P036,40,JESUS,HIDDEN,HIDDEN_OUTER_WRAPPER,HIDDEN|JESUS|JESUS|HIDDEN,NO_DIVINE_PARENT; ACTIVE_ADJUDICATION_OR_SPEECH_DATA,PASS,,« … Je suis tout à eux et ils sont tout à Moi.»
A-Q00333,PASSION24.TEXT.RELATED_HOUR_07,guillemet,1,PASSION24.TEXT.RELATED_HOUR_07.BODY.P038,26,PASSION24.TEXT.RELATED_HOUR_07.BODY.P047,297,True,JESUS,OUTSIDE,True,True,HIDDEN,PASSION24.TEXT.RELATED_HOUR_07.BODY.P039,0,JESUS,PASSION24.TEXT.RELATED_HOUR_07.BODY.P047,295,JESUS,HIDDEN,HIDDEN_OUTER_WRAPPER,HIDDEN|JESUS|JESUS|HIDDEN,NO_DIVINE_PARENT; ACTIVE_ADJUDICATION_OR_SPEECH_DATA,PASS,,"« … La simplicité n'est pas seulement lumière, elle est l'air qui, quoi qu'invisible, permet la respiration. Sans l'air, la terre et tous ceux qui l'habitent seraient sans vie. De même, si les vertus et les vérités ne sont pas sous le signe de la simplicité, elles sont comme sans air et sans lumière.»"
A-Q00335,PASSION24.TEXT.RELATED_HOUR_07,straight_double,2,PASSION24.TEXT.RELATED_HOUR_07.BODY.P055,233,PASSION24.TEXT.RELATED_HOUR_07.BODY.P055,244,False,JESUS,JESUS,False,False,JESUS,PASSION24.TEXT.RELATED_HOUR_07.BODY.P055,234,JESUS,PASSION24.TEXT.RELATED_HOUR_07.BODY.P055,243,JESUS,JESUS,MEANINGFUL_NESTED_QUOTE_INHERITS_JESUS,JESUS|JESUS|JESUS|JESUS,OPENER_ALREADY_DIVINE; ACTIVE_ADJUDICATION_OR_SPEECH_DATA,PASS,,"""Mes choses"""
A-Q00336,PASSION24.TEXT.RELATED_HOUR_07,straight_double,2,PASSION24.TEXT.RELATED_HOUR_07.BODY.P055,249,PASSION24.TEXT.RELATED_HOUR_07.BODY.P055,260,False,JESUS,JESUS,False,False,JESUS,PASSION24.TEXT.RELATED_HOUR_07.BODY.P055,250,JESUS,PASSION24.TEXT.RELATED_HOUR_07.BODY.P055,259,JESUS,JESUS,MEANINGFUL_NESTED_QUOTE_INHERITS_JESUS,JESUS|JESUS|JESUS|JESUS,OPENER_ALREADY_DIVINE; ACTIVE_ADJUDICATION_OR_SPEECH_DATA,PASS,,"""tes choses"""
A-Q00334,PASSION24.TEXT.RELATED_HOUR_07,guillemet,1,PASSION24.TEXT.RELATED_HOUR_07.BODY.P049,228,PASSION24.TEXT.RELATED_HOUR_07.BODY.P065,162,True,JESUS,OUTSIDE,True,True,HIDDEN,PASSION24.TEXT.RELATED_HOUR_07.BODY.P050,0,JESUS,PASSION24.TEXT.RELATED_HOUR_07.BODY.P065,160,JESUS,HIDDEN,HIDDEN_OUTER_WRAPPER,HIDDEN|JESUS|JESUS|HIDDEN,NO_DIVINE_PARENT; ACTIVE_ADJUDICATION_OR_SPEECH_DATA,PASS,,"« … Ma peine en voyant ainsi déformées ces trois capacités données à l'homme est indescriptible. Nous avions établi notre trône en l'homme et lui, il nous a expulsés.»"
A-Q00337,PASSION24.TEXT.RELATED_HOUR_08,guillemet,1,PASSION24.TEXT.RELATED_HOUR_08.BODY.P007,40,PASSION24.TEXT.RELATED_HOUR_08.BODY.P021,122,True,JESUS,OUTSIDE,True,True,HIDDEN,PASSION24.TEXT.RELATED_HOUR_08.BODY.P008,0,JESUS,PASSION24.TEXT.RELATED_HOUR_08.BODY.P021,120,JESUS,HIDDEN,HIDDEN_OUTER_WRAPPER,HIDDEN|JESUS|JESUS|HIDDEN,NO_DIVINE_PARENT; ACTIVE_ADJUDICATION_OR_SPEECH_DATA,PASS,,"« … Et quand les coups et les poussées Me faisait tomber, J'étendais Mes mains pour détacher l'homme et le libérer de nouveau.»"
A-Q00338,PASSION24.TEXT.RELATED_HOUR_08,guillemet,1,PASSION24.TEXT.RELATED_HOUR_08.BODY.P027,41,PASSION24.TEXT.RELATED_HOUR_08.BODY.P042,83,True,JESUS,OUTSIDE,True,True,HIDDEN,PASSION24.TEXT.RELATED_HOUR_08.BODY.P028,0,JESUS,PASSION24.TEXT.RELATED_HOUR_08.BODY.P042,81,JESUS,HIDDEN,HIDDEN_OUTER_WRAPPER,HIDDEN|JESUS|JESUS|HIDDEN,NO_DIVINE_PARENT; ACTIVE_ADJUDICATION_OR_SPEECH_DATA,PASS,,"« … Alors seulement Mon Amour trouve son accomplissement, sa satisfaction et son repos.»"
A-Q00339,PASSION24.TEXT.RELATED_HOUR_08,guillemet,1,PASSION24.TEXT.RELATED_HOUR_08.BODY.P046,35,PASSION24.TEXT.RELATED_HOUR_08.BODY.P051,76,True,JESUS,OUTSIDE,True,True,HIDDEN,PASSION24.TEXT.RELATED_HOUR_08.BODY.P047,0,JESUS,PASSION24.TEXT.RELATED_HOUR_08.BODY.P051,74,JESUS,HIDDEN,HIDDEN_OUTER_WRAPPER,HIDDEN|JESUS|JESUS|HIDDEN,NO_DIVINE_PARENT; ACTIVE_ADJUDICATION_OR_SPEECH_DATA,PASS,,« … Je mets l'âme au lit dans Mes bras et la garde dans le sommeil le plus doux.»
A-Q00340,PASSION24.TEXT.RELATED_HOUR_09,guillemet,1,PASSION24.TEXT.RELATED_HOUR_09.BODY.P006,12,PASSION24.TEXT.RELATED_HOUR_09.BODY.P017,139,True,JESUS,OUTSIDE,True,True,HIDDEN,PASSION24.TEXT.RELATED_HOUR_09.BODY.P006,13,JESUS,PASSION24.TEXT.RELATED_HOUR_09.BODY.P017,137,JESUS,HIDDEN,HIDDEN_OUTER_WRAPPER,HIDDEN|JESUS|JESUS|HIDDEN,NO_DIVINE_PARENT; ACTIVE_ADJUDICATION_OR_SPEECH_DATA,PASS,,"«Ma fille, Ma première Passion en fut une d'Amour car la première raison pour laquelle l'homme pèche, c'est son manque d'Amour. … J'ai souffert tout cela dans le Jardin : des douleurs extrêmes, de multiples morts, des spasmes atroces. Tout cela dans la Volonté du Père.»"
A-Q00341,PASSION24.TEXT.RELATED_HOUR_09,guillemet,1,PASSION24.TEXT.RELATED_HOUR_09.BODY.P019,12,PASSION24.TEXT.RELATED_HOUR_09.BODY.P021,147,True,JESUS,OUTSIDE,True,True,HIDDEN,PASSION24.TEXT.RELATED_HOUR_09.BODY.P019,13,JESUS,PASSION24.TEXT.RELATED_HOUR_09.BODY.P021,144,JESUS,HIDDEN,HIDDEN_OUTER_WRAPPER,HIDDEN|JESUS|JESUS|HIDDEN,NO_DIVINE_PARENT; ACTIVE_ADJUDICATION_OR_SPEECH_DATA,PASS,,"«Ma fille, en créant l'âme, Je l'ai recouverte d'un manteau de Lumière et de Beauté, mais le péché lui ôte ce manteau pour le remplacer par un manteau de ténèbres et de laideur, ce qui la rend dégoûtante et nauséabonde. … Les Juifs avaient le dégoût de Me toucher. Ah ! Combien l'amour des créatures M'a coûté au point de Me rendre nauséabond, y compris pour Moi-même !»"
A-Q00342,PASSION24.TEXT.RELATED_HOUR_10,guillemet,1,PASSION24.TEXT.RELATED_HOUR_10.BODY.P006,282,PASSION24.TEXT.RELATED_HOUR_10.BODY.P009,267,True,JESUS,OUTSIDE,True,True,HIDDEN,PASSION24.TEXT.RELATED_HOUR_10.BODY.P006,283,JESUS,PASSION24.TEXT.RELATED_HOUR_10.BODY.P009,265,JESUS,HIDDEN,HIDDEN_OUTER_WRAPPER,HIDDEN|JESUS|JESUS|HIDDEN,NO_DIVINE_PARENT; ACTIVE_ADJUDICATION_OR_SPEECH_DATA,PASS,,"«Cela est impossible. Moi-même, Je fus en proie à l'opposition, même de la part de gens très distingués, de prêtres et d'autres personnes en autorité. … Si vous voulez consulter deux ou trois prêtres parmi les meilleurs, les plus saints et les plus érudits afin d'être éclairé, Je vous y autorise. Mais pour le reste, non et non ! Ce serait vouloir gâcher Mes œuvres, les tourner en risée, ce qui Me déplairait beaucoup."
A-Q00343,PASSION24.TEXT.RELATED_HOUR_10,guillemet,1,PASSION24.TEXT.RELATED_HOUR_10.BODY.P009,293,PASSION24.TEXT.RELATED_HOUR_10.BODY.P009,566,False,JESUS,OUTSIDE,True,True,HIDDEN,PASSION24.TEXT.RELATED_HOUR_10.BODY.P009,294,JESUS,PASSION24.TEXT.RELATED_HOUR_10.BODY.P009,564,JESUS,HIDDEN,HIDDEN_OUTER_WRAPPER,HIDDEN|JESUS|JESUS|HIDDEN,NO_DIVINE_PARENT; ACTIVE_ADJUDICATION_OR_SPEECH_DATA,PASS,,"«Tout ce que Je te demande, c'est de rester dans la droiture et la simplicité. Ne te préoccupe pas des opinions des créatures. Laisse-les penser ce qu'elles veulent sans te troubler en rien. Car en voulant chercher l'approbation de toutes, tu cesses d'imiter Ma propre Vie.»"
A-Q00344,PASSION24.TEXT.RELATED_HOUR_11,guillemet,1,PASSION24.TEXT.RELATED_HOUR_11.BODY.P008,117,PASSION24.TEXT.RELATED_HOUR_11.BODY.P015,199,True,JESUS,OUTSIDE,True,True,HIDDEN,PASSION24.TEXT.RELATED_HOUR_11.BODY.P009,0,JESUS,PASSION24.TEXT.RELATED_HOUR_11.BODY.P015,197,JESUS,HIDDEN,HIDDEN_OUTER_WRAPPER,HIDDEN|JESUS|JESUS|HIDDEN,NO_DIVINE_PARENT; ACTIVE_ADJUDICATION_OR_SPEECH_DATA,PASS,,« … Le prêtre demeure un homme qui fait un travail d'homme. Et ses œuvres produisent des effets d'homme et non les effets que produisent les œuvres d'un prêtre qui est animé par l'Esprit de Jésus-Christ.»
A-Q00345,PASSION24.TEXT.RELATED_HOUR_11,guillemet,1,PASSION24.TEXT.RELATED_HOUR_11.BODY.P020,122,PASSION24.TEXT.RELATED_HOUR_11.BODY.P024,223,True,JESUS,OUTSIDE,True,True,HIDDEN,PASSION24.TEXT.RELATED_HOUR_11.BODY.P021,0,JESUS,PASSION24.TEXT.RELATED_HOUR_11.BODY.P024,221,JESUS,HIDDEN,HIDDEN_OUTER_WRAPPER,HIDDEN|JESUS|JESUS|HIDDEN,NO_DIVINE_PARENT; ACTIVE_ADJUDICATION_OR_SPEECH_DATA,PASS,,« … Réjouis-toi ! Éprouve Mes délices ! Regarde et participe à tous les contentements qui se trouvent dans Mon Cœur ! Laisse-toi aller dans Mon Amour afin que ton amour prenne de l'expansion et que tu puisses M'aimer davantage.»
A-Q00346,PASSION24.TEXT.RELATED_HOUR_11,guillemet,1,PASSION24.TEXT.RELATED_HOUR_11.BODY.P026,28,PASSION24.TEXT.RELATED_HOUR_11.BODY.P036,98,True,JESUS,OUTSIDE,True,True,HIDDEN,PASSION24.TEXT.RELATED_HOUR_11.BODY.P026,29,JESUS,PASSION24.TEXT.RELATED_HOUR_11.BODY.P036,96,JESUS,HIDDEN,HIDDEN_OUTER_WRAPPER,HIDDEN|JESUS|JESUS|HIDDEN,NO_DIVINE_PARENT; ACTIVE_ADJUDICATION_OR_SPEECH_DATA,PASS,,"«Ma fille, en ces temps-ci, l'Église est en train d'agoniser mais elle ne mourra pas ! Au contraire, elle va ressusciter encore plus belle. … Mais on ne M'écoute pas. C'est pourquoi Je parle. Mais pour eux, c'est comme si Je ne parlais pas.»"
A-Q00347,PASSION24.TEXT.RELATED_HOUR_11,guillemet,1,PASSION24.TEXT.RELATED_HOUR_11.BODY.P038,91,PASSION24.TEXT.RELATED_HOUR_11.BODY.P044,62,True,JESUS,OUTSIDE,True,True,HIDDEN,PASSION24.TEXT.RELATED_HOUR_11.BODY.P039,0,JESUS,PASSION24.TEXT.RELATED_HOUR_11.BODY.P044,60,JESUS,HIDDEN,HIDDEN_OUTER_WRAPPER,HIDDEN|JESUS|JESUS|HIDDEN,NO_DIVINE_PARENT; ACTIVE_ADJUDICATION_OR_SPEECH_DATA,PASS,,« … Prie et unis-Toi aux bons qui restent. Compatis à Mon chagrin.»
A-Q00348,PASSION24.TEXT.RELATED_HOUR_11,guillemet,1,PASSION24.TEXT.RELATED_HOUR_11.BODY.P047,26,PASSION24.TEXT.RELATED_HOUR_11.BODY.P047,215,False,JESUS,OUTSIDE,True,True,HIDDEN,PASSION24.TEXT.RELATED_HOUR_11.BODY.P047,27,JESUS,PASSION24.TEXT.RELATED_HOUR_11.BODY.P047,213,JESUS,HIDDEN,HIDDEN_OUTER_WRAPPER,HIDDEN|JESUS|JESUS|HIDDEN,NO_DIVINE_PARENT; ACTIVE_ADJUDICATION_OR_SPEECH_DATA,PASS,,"«Ma fille, patience ! À certains jours, tes souffrances Me sont plus particulièrement nécessaires afin que le monde ne soit pas mis à feu. En ce moment, Je veux te faire souffrir davantage.»"
A-Q00349,PASSION24.TEXT.RELATED_HOUR_11,guillemet,1,PASSION24.TEXT.RELATED_HOUR_11.BODY.P049,60,PASSION24.TEXT.RELATED_HOUR_11.BODY.P049,186,False,JESUS,OUTSIDE,True,True,HIDDEN,PASSION24.TEXT.RELATED_HOUR_11.BODY.P049,61,JESUS,PASSION24.TEXT.RELATED_HOUR_11.BODY.P049,184,JESUS,HIDDEN,HIDDEN_OUTER_WRAPPER,HIDDEN|JESUS|JESUS|HIDDEN,NO_DIVINE_PARENT; ACTIVE_ADJUDICATION_OR_SPEECH_DATA,PASS,,"«Ma fille bien-aimée, tu souffres beaucoup ! Viens te reposer dans Ma Volonté. Nous prierons ensemble pour la pauvre humanité.»"
A-Q00352,PASSION24.TEXT.RELATED_HOUR_11,guillemet,1,PASSION24.TEXT.RELATED_HOUR_11.BODY.P062,21,PASSION24.TEXT.RELATED_HOUR_11.BODY.P065,110,True,JESUS,OUTSIDE,True,True,HIDDEN,PASSION24.TEXT.RELATED_HOUR_11.BODY.P063,0,JESUS,PASSION24.TEXT.RELATED_HOUR_11.BODY.P065,108,JESUS,HIDDEN,HIDDEN_OUTER_WRAPPER,HIDDEN|JESUS|JESUS|HIDDEN,NO_DIVINE_PARENT; ACTIVE_ADJUDICATION_OR_SPEECH_DATA,PASS,,"« … Quoi qu'il en soit, la terre ne reçoit que peu de lumière et de chaleur de ces soleils, vu sa grande noirceur.»"
A-Q00353,PASSION24.TEXT.RELATED_HOUR_11,guillemet,1,PASSION24.TEXT.RELATED_HOUR_11.BODY.P067,38,PASSION24.TEXT.RELATED_HOUR_11.BODY.P069,277,True,JESUS,OUTSIDE,True,True,HIDDEN,PASSION24.TEXT.RELATED_HOUR_11.BODY.P067,39,JESUS,PASSION24.TEXT.RELATED_HOUR_11.BODY.P069,275,JESUS,HIDDEN,HIDDEN_OUTER_WRAPPER,HIDDEN|JESUS|JESUS|HIDDEN,NO_DIVINE_PARENT; ACTIVE_ADJUDICATION_OR_SPEECH_DATA,PASS,,"«Quel désordre dans le monde ! Ce désordre provient des chefs ecclésiastiques autant que civils. … S'ils reprennent leurs sujets, ce n'est que d'une manière superficielle. Ils ne sont pas eux-mêmes habités par le Bien. Comment pourraient-ils l'infuser chez les autres ? Combien de fois n'ont-ils pas préféré le mal au bien ? Aussi, Je les frapperai d'une manière particulière.»"
A-Q00355,PASSION24.TEXT.RELATED_HOUR_11,guillemet,1,PASSION24.TEXT.RELATED_HOUR_11.BODY.P071,17,PASSION24.TEXT.RELATED_HOUR_11.BODY.P074,88,True,JESUS,OUTSIDE,True,True,HIDDEN,PASSION24.TEXT.RELATED_HOUR_11.BODY.P072,0,JESUS,PASSION24.TEXT.RELATED_HOUR_11.BODY.P074,86,JESUS,HIDDEN,HIDDEN_OUTER_WRAPPER,HIDDEN|JESUS|JESUS|HIDDEN,NO_DIVINE_PARENT; ACTIVE_ADJUDICATION_OR_SPEECH_DATA,PASS,,« … Prie et souffre pour que l'ennemi n'ait pas la liberté de tout précipiter dans la ruine.»
A-Q00356,PASSION24.TEXT.RELATED_HOUR_12,guillemet,1,PASSION24.TEXT.RELATED_HOUR_12.BODY.P006,162,PASSION24.TEXT.RELATED_HOUR_12.BODY.P009,196,True,JESUS,OUTSIDE,True,True,HIDDEN,PASSION24.TEXT.RELATED_HOUR_12.BODY.P006,163,JESUS,PASSION24.TEXT.RELATED_HOUR_12.BODY.P009,194,JESUS,HIDDEN,HIDDEN_OUTER_WRAPPER,HIDDEN|JESUS|JESUS|HIDDEN,NO_DIVINE_PARENT; ACTIVE_ADJUDICATION_OR_SPEECH_DATA,PASS,,"«Ma fille, la vraie manière de souffrir consiste à ne pas regarder de qui viennent les souffrances, ni ce que l'on souffre, mais à regarder le bien qui doit en résulter. … Ma fille, cette manière de faire est la façon la plus facile et la plus profitable de souffrir, non seulement pour souffrir avec patience, mais pour souffrir avec une âme courageuse et invincible.»"
A-Q00357,PASSION24.TEXT.RELATED_HOUR_12,guillemet,1,PASSION24.TEXT.RELATED_HOUR_12.BODY.P014,12,PASSION24.TEXT.RELATED_HOUR_12.BODY.P020,187,True,JESUS,OUTSIDE,True,True,HIDDEN,PASSION24.TEXT.RELATED_HOUR_12.BODY.P015,0,JESUS,PASSION24.TEXT.RELATED_HOUR_12.BODY.P020,184,JESUS,HIDDEN,HIDDEN_OUTER_WRAPPER,HIDDEN|JESUS|JESUS|HIDDEN,NO_DIVINE_PARENT; ACTIVE_ADJUDICATION_OR_SPEECH_DATA,PASS,,"« … Je recherche les âmes qui M'aiment et qui, prises de la même folie d'amour que Moi, souffrent et réclament des âmes. Hélas ! combien est petit le nombre de ceux qui entendent ce langage !»"
A-Q00361,PASSION24.TEXT.RELATED_HOUR_13,straight_double,2,PASSION24.TEXT.RELATED_HOUR_13.BODY.P013,83,PASSION24.TEXT.RELATED_HOUR_13.BODY.P013,161,False,JESUS,JESUS,False,False,JESUS,PASSION24.TEXT.RELATED_HOUR_13.BODY.P013,84,JESUS,PASSION24.TEXT.RELATED_HOUR_13.BODY.P013,158,JESUS,JESUS,MEANINGFUL_NESTED_QUOTE_INHERITS_JESUS,JESUS|JESUS|JESUS|JESUS,OPENER_ALREADY_DIVINE; ACTIVE_ADJUDICATION_OR_SPEECH_DATA,PASS,,"""N'es-Tu pas Ma vraie prison d'Amour ? Cherche-Moi dans ton cœur et aime-Moi !"""
A-Q00360,PASSION24.TEXT.RELATED_HOUR_13,guillemet,1,PASSION24.TEXT.RELATED_HOUR_13.BODY.P009,12,PASSION24.TEXT.RELATED_HOUR_13.BODY.P013,162,True,JESUS,OUTSIDE,True,True,HIDDEN,PASSION24.TEXT.RELATED_HOUR_13.BODY.P009,13,JESUS,PASSION24.TEXT.RELATED_HOUR_13.BODY.P013,158,JESUS,HIDDEN,HIDDEN_OUTER_WRAPPER,HIDDEN|JESUS|JESUS|HIDDEN,NO_DIVINE_PARENT; ACTIVE_ADJUDICATION_OR_SPEECH_DATA,PASS,,"«Ma fille, pendant Ma Passion, J'ai voulu souffrir la prison pour libérer les créatures de la prison du péché. Oh ! quelle horrible prison est le péché pour l'homme ! Ses passions l'enchaînent comme s'il était un vil esclave. Ma prison et Mes chaînes le libèrent. … Quand Je te vois à Ma recherche à travers les tabernacles des églises, Je te dis : ""N'es-Tu pas Ma vraie prison d'Amour ? Cherche-Moi dans ton cœur et aim"
A-Q00363,PASSION24.TEXT.RELATED_HOUR_13,straight_double,2,PASSION24.TEXT.RELATED_HOUR_13.BODY.P031,166,PASSION24.TEXT.RELATED_HOUR_13.BODY.P033,86,True,JESUS,JESUS,False,False,JESUS,PASSION24.TEXT.RELATED_HOUR_13.BODY.P031,167,JESUS,PASSION24.TEXT.RELATED_HOUR_13.BODY.P033,83,JESUS,JESUS,MEANINGFUL_NESTED_QUOTE_INHERITS_JESUS,JESUS|JESUS|JESUS|JESUS,OPENER_ALREADY_DIVINE; ACTIVE_ADJUDICATION_OR_SPEECH_DATA,PASS,,"""Ô homme, ce sont tes péchés qui M'ont jeté dans cette noirceur lugubre où Je souffre pour te donner la lumière. … Regarde-Moi : Je suis l'image de tes péchés. Si tu veux les voir, regarde-les en Moi !"""
A-Q00362,PASSION24.TEXT.RELATED_HOUR_13,guillemet,1,PASSION24.TEXT.RELATED_HOUR_13.BODY.P019,179,PASSION24.TEXT.RELATED_HOUR_13.BODY.P039,421,True,JESUS,OUTSIDE,True,True,HIDDEN,PASSION24.TEXT.RELATED_HOUR_13.BODY.P020,0,JESUS,PASSION24.TEXT.RELATED_HOUR_13.BODY.P039,419,JESUS,HIDDEN,HIDDEN_OUTER_WRAPPER,HIDDEN|JESUS|JESUS|HIDDEN,NO_DIVINE_PARENT; ACTIVE_ADJUDICATION_OR_SPEECH_DATA,PASS,,"« … Ainsi, Mon emprisonnement continue et continuera encore longtemps. Nous sommes tous les deux prisonniers — toi, prisonnière dans ton lit, toute seule par amour pour Moi ; Moi, prisonnier pour toi — et, par Mon Amour, Je veux lier toutes les créatures avec les chaînes qui M'ont tenu captif. Nous nous tiendrons mutuellement compagnie et tu M'aideras à disposer des chaînes qui serviront à lier tous les cœurs à Mon A"
A-Q00365,PASSION24.TEXT.RELATED_HOUR_13,guillemet,1,PASSION24.TEXT.RELATED_HOUR_13.BODY.P041,37,PASSION24.TEXT.RELATED_HOUR_13.BODY.P043,385,True,JESUS,OUTSIDE,True,True,HIDDEN,PASSION24.TEXT.RELATED_HOUR_13.BODY.P042,0,JESUS,PASSION24.TEXT.RELATED_HOUR_13.BODY.P043,382,JESUS,HIDDEN,HIDDEN_OUTER_WRAPPER,HIDDEN|JESUS|JESUS|HIDDEN,NO_DIVINE_PARENT; ACTIVE_ADJUDICATION_OR_SPEECH_DATA,PASS,,"« … Et combien de fois, toi-même, n'es-tu pas chiche avec Moi ? Combien de fois ? Soit que tu n'écrives pas ce que Je te dis ou que tu ne le révèles pas. C'est un acte d'avarice par rapport à Moi. Parce que chaque nouvelle Connaissance que l'on a de Moi est une Gloire de plus et un Amour de plus que Je reçois des créatures. Sois plus généreuse envers Moi et Je le serai plus envers toi !»"
A-Q00366,PASSION24.TEXT.RELATED_HOUR_13,guillemet,1,PASSION24.TEXT.RELATED_HOUR_13.BODY.P047,65,PASSION24.TEXT.RELATED_HOUR_13.BODY.P117,76,True,JESUS,OUTSIDE,False,False,OUTSIDE,PASSION24.TEXT.RELATED_HOUR_13.BODY.P048,0,OUTSIDE,PASSION24.TEXT.RELATED_HOUR_13.BODY.P117,74,JESUS,OUTSIDE,TOP_LEVEL_DIVINE_QUOTE_CONTENT_ONLY,OUTSIDE|OUTSIDE|JESUS|OUTSIDE,NO_DIVINE_PARENT; ACTIVE_ADJUDICATION_OR_SPEECH_DATA,PASS,,"« … Toi aussi, prie avec Moi afin que les créatures se libèrent de leur volonté.»"
A-Q00368,PASSION24.TEXT.RELATED_HOUR_14,guillemet,1,PASSION24.TEXT.RELATED_HOUR_14.BODY.P005,92,PASSION24.TEXT.RELATED_HOUR_14.BODY.P019,65,True,JESUS,OUTSIDE,True,True,HIDDEN,PASSION24.TEXT.RELATED_HOUR_14.BODY.P006,0,JESUS,PASSION24.TEXT.RELATED_HOUR_14.BODY.P019,63,JESUS,HIDDEN,HIDDEN_OUTER_WRAPPER,HIDDEN|JESUS|JESUS|HIDDEN,NO_DIVINE_PARENT; ACTIVE_ADJUDICATION_OR_SPEECH_DATA,PASS,,« … Les ennemis en profiteront pour invectiver davantage la religion.»
A-Q00369,PASSION24.TEXT.RELATED_HOUR_14,guillemet,1,PASSION24.TEXT.RELATED_HOUR_14.BODY.P020,60,PASSION24.TEXT.RELATED_HOUR_14.BODY.P031,134,True,JESUS,OUTSIDE,True,True,HIDDEN,PASSION24.TEXT.RELATED_HOUR_14.BODY.P021,0,JESUS,PASSION24.TEXT.RELATED_HOUR_14.BODY.P031,132,JESUS,HIDDEN,HIDDEN_OUTER_WRAPPER,HIDDEN|JESUS|JESUS|HIDDEN,NO_DIVINE_PARENT; ACTIVE_ADJUDICATION_OR_SPEECH_DATA,PASS,,"« … Les créatures Me manifestent leur amour en produisant, à travers leurs bonnes œuvres, de nombreux foyers de lumière pour leurs frères.»"
A-Q00370,PASSION24.TEXT.RELATED_HOUR_15,guillemet,1,PASSION24.TEXT.RELATED_HOUR_15.BODY.P017,12,PASSION24.TEXT.RELATED_HOUR_15.BODY.P023,118,True,JESUS,OUTSIDE,True,True,HIDDEN,PASSION24.TEXT.RELATED_HOUR_15.BODY.P018,0,JESUS,PASSION24.TEXT.RELATED_HOUR_15.BODY.P023,116,JESUS,HIDDEN,HIDDEN_OUTER_WRAPPER,HIDDEN|JESUS|JESUS|HIDDEN,NO_DIVINE_PARENT; ACTIVE_ADJUDICATION_OR_SPEECH_DATA,PASS,,"« … Eh bien ! Ce qui ne peut pas arriver au soleil parce qu'il n'a pas la raison, peut survenir entre une âme et Moi-même.»"
A-Q00371,PASSION24.TEXT.RELATED_HOUR_15,guillemet,1,PASSION24.TEXT.RELATED_HOUR_15.BODY.P024,71,PASSION24.TEXT.RELATED_HOUR_15.BODY.P036,259,True,JESUS,OUTSIDE,True,True,HIDDEN,PASSION24.TEXT.RELATED_HOUR_15.BODY.P025,0,JESUS,PASSION24.TEXT.RELATED_HOUR_15.BODY.P036,257,JESUS,HIDDEN,HIDDEN_OUTER_WRAPPER,HIDDEN|JESUS|JESUS|HIDDEN,NO_DIVINE_PARENT; ACTIVE_ADJUDICATION_OR_SPEECH_DATA,PASS,,"« … Que de poisons ces dernières cachent ! Combien d'âmes n'ont-ils pas empoisonnées ? Si ce n'était pas de ces simulations et si tous Me connaissaient pour ce que Je suis, les racines du mal seraient enlevées de la surface de la terre et tous seraient détrompés.»"
A-Q00373,PASSION24.TEXT.RELATED_HOUR_15,straight_double,2,PASSION24.TEXT.RELATED_HOUR_15.BODY.P040,162,PASSION24.TEXT.RELATED_HOUR_15.BODY.P041,95,True,JESUS,JESUS,False,False,JESUS,PASSION24.TEXT.RELATED_HOUR_15.BODY.P041,0,JESUS,PASSION24.TEXT.RELATED_HOUR_15.BODY.P041,93,JESUS,JESUS,MEANINGFUL_NESTED_QUOTE_INHERITS_JESUS,JESUS|JESUS|JESUS|JESUS,OPENER_ALREADY_DIVINE; ACTIVE_ADJUDICATION_OR_SPEECH_DATA,PASS,,""" … Mon Royaume n'est pas de ce monde. S'il était de ce monde, des légions d'anges Me défendraient."""
A-Q00374,PASSION24.TEXT.RELATED_HOUR_15,straight_double,2,PASSION24.TEXT.RELATED_HOUR_15.BODY.P042,37,PASSION24.TEXT.RELATED_HOUR_15.BODY.P042,54,False,JESUS,JESUS,False,False,JESUS,PASSION24.TEXT.RELATED_HOUR_15.BODY.P042,38,JESUS,PASSION24.TEXT.RELATED_HOUR_15.BODY.P042,51,JESUS,JESUS,MEANINGFUL_NESTED_QUOTE_INHERITS_JESUS,JESUS|JESUS|JESUS|JESUS,OPENER_ALREADY_DIVINE; ACTIVE_ADJUDICATION_OR_SPEECH_DATA,PASS,,"""Tu es donc roi ?"""
A-Q00375,PASSION24.TEXT.RELATED_HOUR_15,straight_double,2,PASSION24.TEXT.RELATED_HOUR_15.BODY.P043,29,PASSION24.TEXT.RELATED_HOUR_15.BODY.P044,69,True,JESUS,JESUS,False,False,JESUS,PASSION24.TEXT.RELATED_HOUR_15.BODY.P044,0,JESUS,PASSION24.TEXT.RELATED_HOUR_15.BODY.P044,67,JESUS,JESUS,MEANINGFUL_NESTED_QUOTE_INHERITS_JESUS,JESUS|JESUS|JESUS|JESUS,OPENER_ALREADY_DIVINE; ACTIVE_ADJUDICATION_OR_SPEECH_DATA,PASS,,""" … Oui, Je suis Roi. Et Je suis venu en ce monde pour révéler la Vérité."""
A-Q00376,PASSION24.TEXT.RELATED_HOUR_15,straight_double,2,PASSION24.TEXT.RELATED_HOUR_15.BODY.P044,214,PASSION24.TEXT.RELATED_HOUR_15.BODY.P044,240,False,JESUS,JESUS,False,False,JESUS,PASSION24.TEXT.RELATED_HOUR_15.BODY.P044,215,JESUS,PASSION24.TEXT.RELATED_HOUR_15.BODY.P044,237,JESUS,JESUS,MEANINGFUL_NESTED_QUOTE_INHERITS_JESUS,JESUS|JESUS|JESUS|JESUS,OPENER_ALREADY_DIVINE; ACTIVE_ADJUDICATION_OR_SPEECH_DATA,PASS,,"""Qu'est-ce que la Vérité ?"""
A-Q00377,PASSION24.TEXT.RELATED_HOUR_15,straight_double,2,PASSION24.TEXT.RELATED_HOUR_15.BODY.P045,20,PASSION24.TEXT.RELATED_HOUR_15.BODY.P051,64,True,JESUS,JESUS,False,False,JESUS,PASSION24.TEXT.RELATED_HOUR_15.BODY.P046,0,JESUS,PASSION24.TEXT.RELATED_HOUR_15.BODY.P051,62,JESUS,JESUS,MEANINGFUL_NESTED_QUOTE_INHERITS_JESUS,JESUS|JESUS|JESUS|JESUS,OPENER_ALREADY_DIVINE; ACTIVE_ADJUDICATION_OR_SPEECH_DATA,PASS,,""" … Elle rend honteux ses ennemis. Elle les fait tomber à ses pieds."""
A-Q00372,PASSION24.TEXT.RELATED_HOUR_15,guillemet,1,PASSION24.TEXT.RELATED_HOUR_15.BODY.P039,15,PASSION24.TEXT.RELATED_HOUR_15.BODY.P052,619,True,JESUS,OUTSIDE,True,True,HIDDEN,PASSION24.TEXT.RELATED_HOUR_15.BODY.P040,0,JESUS,PASSION24.TEXT.RELATED_HOUR_15.BODY.P052,617,JESUS,HIDDEN,HIDDEN_OUTER_WRAPPER,HIDDEN|JESUS|JESUS|HIDDEN,NO_DIVINE_PARENT; ACTIVE_ADJUDICATION_OR_SPEECH_DATA,PASS,,"« … Je Me révèle à ceux qui désirent sincèrement s'instruire des choses saintes. Je leur révèle plus qu'ils n'espèrent savoir. D'autre part, Je Me cache à ceux qui sont curieux et méchants. Lorsqu'ils essaient de se moquer de Moi, Je Me dissimule et Je les confonds. De telle sorte que c'est Moi qui Me moque d'eux. Néanmoins, par le fait que Ma personne est habitée par la Vérité, Elle s'est aussi manifestée à Hérode :"
A-Q00379,PASSION24.TEXT.RELATED_HOUR_15,straight_double,2,PASSION24.TEXT.RELATED_HOUR_15.BODY.P062,684,PASSION24.TEXT.RELATED_HOUR_15.BODY.P063,104,True,JESUS,JESUS,False,False,JESUS,PASSION24.TEXT.RELATED_HOUR_15.BODY.P063,0,JESUS,PASSION24.TEXT.RELATED_HOUR_15.BODY.P063,102,JESUS,JESUS,MEANINGFUL_NESTED_QUOTE_INHERITS_JESUS,JESUS|JESUS|JESUS|JESUS,OPENER_ALREADY_DIVINE; ACTIVE_ADJUDICATION_OR_SPEECH_DATA,PASS,,""" … Mon Royaume n'est pas de ce monde. S'il était de ce monde, des légions d'anges viendraient à Ma défense."""
A-Q00380,PASSION24.TEXT.RELATED_HOUR_15,straight_double,2,PASSION24.TEXT.RELATED_HOUR_15.BODY.P064,120,PASSION24.TEXT.RELATED_HOUR_15.BODY.P064,139,False,JESUS,JESUS,False,False,JESUS,PASSION24.TEXT.RELATED_HOUR_15.BODY.P064,121,JESUS,PASSION24.TEXT.RELATED_HOUR_15.BODY.P064,136,JESUS,JESUS,MEANINGFUL_NESTED_QUOTE_INHERITS_JESUS,JESUS|JESUS|JESUS|JESUS,OPENER_ALREADY_DIVINE; ACTIVE_ADJUDICATION_OR_SPEECH_DATA,PASS,,"""Alors, Tu es roi ?"""
A-Q00381,PASSION24.TEXT.RELATED_HOUR_15,straight_double,2,PASSION24.TEXT.RELATED_HOUR_15.BODY.P065,61,PASSION24.TEXT.RELATED_HOUR_15.BODY.P071,55,True,JESUS,JESUS,False,False,JESUS,PASSION24.TEXT.RELATED_HOUR_15.BODY.P066,0,JESUS,PASSION24.TEXT.RELATED_HOUR_15.BODY.P071,53,JESUS,JESUS,MEANINGFUL_NESTED_QUOTE_INHERITS_JESUS,JESUS|JESUS|JESUS|JESUS,OPENER_ALREADY_DIVINE; ACTIVE_ADJUDICATION_OR_SPEECH_DATA,PASS,,""" … Mon Royaume n'aura pas de fin et le tien tire à sa fin."""
A-Q00378,PASSION24.TEXT.RELATED_HOUR_15,guillemet,1,PASSION24.TEXT.RELATED_HOUR_15.BODY.P055,26,PASSION24.TEXT.RELATED_HOUR_15.BODY.P072,278,True,JESUS,OUTSIDE,True,True,HIDDEN,PASSION24.TEXT.RELATED_HOUR_15.BODY.P056,0,JESUS,PASSION24.TEXT.RELATED_HOUR_15.BODY.P072,276,JESUS,HIDDEN,HIDDEN_OUTER_WRAPPER,HIDDEN|JESUS|JESUS|HIDDEN,NO_DIVINE_PARENT; ACTIVE_ADJUDICATION_OR_SPEECH_DATA,PASS,,"« … J'ai fait en sorte que ces Paroles, prononcées dans Ma Volonté, rejoignent les oreilles de tous ceux en position d'autorité, afin qu'ils puissent connaître le grand danger dans lequel ils se trouvent. Elles furent un avertissement à ceux qui aspirent aux honneurs et au pouvoir.»"
A-Q00383,PASSION24.TEXT.RELATED_HOUR_15,straight_double,2,PASSION24.TEXT.RELATED_HOUR_15.BODY.P084,41,PASSION24.TEXT.RELATED_HOUR_15.BODY.P085,37,True,JESUS,JESUS,False,False,JESUS,PASSION24.TEXT.RELATED_HOUR_15.BODY.P085,0,JESUS,PASSION24.TEXT.RELATED_HOUR_15.BODY.P085,34,JESUS,JESUS,MEANINGFUL_NESTED_QUOTE_INHERITS_JESUS,JESUS|JESUS|JESUS|JESUS,OPENER_ALREADY_DIVINE; ACTIVE_ADJUDICATION_OR_SPEECH_DATA,PASS,,""" … Tu es donc roi ? Où est Ton Royaume ?"""
A-Q00384,PASSION24.TEXT.RELATED_HOUR_15,straight_double,2,PASSION24.TEXT.RELATED_HOUR_15.BODY.P086,58,PASSION24.TEXT.RELATED_HOUR_15.BODY.P086,76,False,JESUS,JESUS,False,False,JESUS,PASSION24.TEXT.RELATED_HOUR_15.BODY.P086,59,JESUS,PASSION24.TEXT.RELATED_HOUR_15.BODY.P086,74,JESUS,JESUS,MEANINGFUL_NESTED_QUOTE_INHERITS_JESUS,JESUS|JESUS|JESUS|JESUS,OPENER_ALREADY_DIVINE; ACTIVE_ADJUDICATION_OR_SPEECH_DATA,PASS,,"""Oui, Je suis roi."""
A-Q00385,PASSION24.TEXT.RELATED_HOUR_15,straight_double,2,PASSION24.TEXT.RELATED_HOUR_15.BODY.P086,119,PASSION24.TEXT.RELATED_HOUR_15.BODY.P096,43,True,JESUS,JESUS,False,False,JESUS,PASSION24.TEXT.RELATED_HOUR_15.BODY.P087,0,JESUS,PASSION24.TEXT.RELATED_HOUR_15.BODY.P096,41,JESUS,JESUS,MEANINGFUL_NESTED_QUOTE_INHERITS_JESUS,JESUS|JESUS|JESUS|JESUS,OPENER_ALREADY_DIVINE; ACTIVE_ADJUDICATION_OR_SPEECH_DATA,PASS,,""" … Dans Mon Royaume, il y a une Vie véritable."""
A-Q00386,PASSION24.TEXT.RELATED_HOUR_15,straight_double,2,PASSION24.TEXT.RELATED_HOUR_15.BODY.P096,225,PASSION24.TEXT.RELATED_HOUR_15.BODY.P099,113,True,GENERIC_SOUL,JESUS,False,False,JESUS,PASSION24.TEXT.RELATED_HOUR_15.BODY.P097,0,JESUS,PASSION24.TEXT.RELATED_HOUR_15.BODY.P099,111,JESUS,JESUS,MEANINGFUL_NESTED_QUOTE_INHERITS_JESUS,JESUS|JESUS|JESUS|JESUS,OPENER_ALREADY_DIVINE; ACTIVE_ADJUDICATION_OR_SPEECH_DATA,PASS,,""" … Mes souffrances le fortifient. Personne ne peut me combattre à cause de la forteresse dans laquelle je me trouve."""
A-Q00382,PASSION24.TEXT.RELATED_HOUR_15,guillemet,1,PASSION24.TEXT.RELATED_HOUR_15.BODY.P075,43,PASSION24.TEXT.RELATED_HOUR_15.BODY.P100,74,True,JESUS,OUTSIDE,True,True,HIDDEN,PASSION24.TEXT.RELATED_HOUR_15.BODY.P076,0,JESUS,PASSION24.TEXT.RELATED_HOUR_15.BODY.P100,71,JESUS,HIDDEN,HIDDEN_OUTER_WRAPPER,HIDDEN|JESUS|JESUS|HIDDEN,NO_DIVINE_PARENT; ACTIVE_ADJUDICATION_OR_SPEECH_DATA,PASS,,« … Il s'agit là d'un Royaume de paix auquel tous Mes fils devraient aspirer. »
A-Q00387,PASSION24.TEXT.RELATED_HOUR_15,guillemet,1,PASSION24.TEXT.RELATED_HOUR_15.BODY.P103,12,PASSION24.TEXT.RELATED_HOUR_15.BODY.P109,425,True,JESUS,OUTSIDE,True,True,HIDDEN,PASSION24.TEXT.RELATED_HOUR_15.BODY.P104,0,JESUS,PASSION24.TEXT.RELATED_HOUR_15.BODY.P109,423,JESUS,HIDDEN,HIDDEN_OUTER_WRAPPER,HIDDEN|JESUS|JESUS|HIDDEN,NO_DIVINE_PARENT; ACTIVE_ADJUDICATION_OR_SPEECH_DATA,PASS,,"« … Il y en a tant que J'en suis fatigué. Surtout quand, sous l'apparence du bien, on distille le poison du mal. On se paie Ma Tête comme si J'étais un amusement ou un passe-temps. Mais Ma Justice, tôt ou tard, ridiculisera et punira sévèrement ceux qui se moquent ainsi de Moi. Tu dois prier et faire réparation pour leurs moqueries qui Me causent tant de peine, ces moqueries qui M'empêchent d'être reconnu pour ce que"
A-Q00388,PASSION24.TEXT.RELATED_HOUR_15,guillemet,1,PASSION24.TEXT.RELATED_HOUR_15.BODY.P109,543,PASSION24.TEXT.RELATED_HOUR_15.BODY.P113,130,True,JESUS,OUTSIDE,True,True,HIDDEN,PASSION24.TEXT.RELATED_HOUR_15.BODY.P110,0,JESUS,PASSION24.TEXT.RELATED_HOUR_15.BODY.P113,128,JESUS,HIDDEN,HIDDEN_OUTER_WRAPPER,HIDDEN|JESUS|JESUS|HIDDEN,NO_DIVINE_PARENT; ACTIVE_ADJUDICATION_OR_SPEECH_DATA,PASS,,« … Je suis content et Je reçois une grande gloire quand Je vous vois accomplir les mêmes choses que J'ai réalisées dans Mon Humanité.»
A-Q00391,PASSION24.TEXT.RELATED_HOUR_15,straight_double,2,PASSION24.TEXT.RELATED_HOUR_15.BODY.P119,130,PASSION24.TEXT.RELATED_HOUR_15.BODY.P120,74,True,JESUS,JESUS,False,False,JESUS,PASSION24.TEXT.RELATED_HOUR_15.BODY.P120,0,JESUS,PASSION24.TEXT.RELATED_HOUR_15.BODY.P120,71,JESUS,JESUS,MEANINGFUL_NESTED_QUOTE_INHERITS_JESUS,JESUS|JESUS|JESUS|JESUS,OPENER_ALREADY_DIVINE; ACTIVE_ADJUDICATION_OR_SPEECH_DATA,PASS,,""" … Comme Il est beau, pénétrant, tendre, mélodieux ! Comment ne pas l'aimer ?"""
A-Q00392,PASSION24.TEXT.RELATED_HOUR_15,straight_double,2,PASSION24.TEXT.RELATED_HOUR_15.BODY.P120,170,PASSION24.TEXT.RELATED_HOUR_15.BODY.P121,97,True,JESUS,JESUS,False,False,JESUS,PASSION24.TEXT.RELATED_HOUR_15.BODY.P120,171,JESUS,PASSION24.TEXT.RELATED_HOUR_15.BODY.P121,94,JESUS,JESUS,MEANINGFUL_NESTED_QUOTE_INHERITS_JESUS,JESUS|JESUS|JESUS|JESUS,OPENER_ALREADY_DIVINE; ACTIVE_ADJUDICATION_OR_SPEECH_DATA,PASS,,"""Quelle majesté, quelle grandeur, quelle lumière pénétrante. … Comme je me sens petite, misérable et dans la noirceur comparée à cette lumière resplendissante !"""
A-Q00393,PASSION24.TEXT.RELATED_HOUR_15,straight_double,2,PASSION24.TEXT.RELATED_HOUR_15.BODY.P126,673,PASSION24.TEXT.RELATED_HOUR_15.BODY.P129,203,True,JESUS,JESUS,False,False,JESUS,PASSION24.TEXT.RELATED_HOUR_15.BODY.P127,0,JESUS,PASSION24.TEXT.RELATED_HOUR_15.BODY.P129,200,JESUS,JESUS,MEANINGFUL_NESTED_QUOTE_INHERITS_JESUS,JESUS|JESUS|JESUS|JESUS,OPENER_ALREADY_DIVINE; ACTIVE_ADJUDICATION_OR_SPEECH_DATA,PASS,,""" … Ce qui rend ton comportement encore plus répréhensible, c'est que, lorsque tu nous donnes de la lumière et de la chaleur, tu ne perds rien. Au contraire, tu acquiers plus de gloire et tous te bénissent !"""
A-Q00390,PASSION24.TEXT.RELATED_HOUR_15,guillemet,1,PASSION24.TEXT.RELATED_HOUR_15.BODY.P116,320,PASSION24.TEXT.RELATED_HOUR_15.BODY.P131,161,True,JESUS,OUTSIDE,True,True,HIDDEN,PASSION24.TEXT.RELATED_HOUR_15.BODY.P117,0,JESUS,PASSION24.TEXT.RELATED_HOUR_15.BODY.P131,158,JESUS,HIDDEN,HIDDEN_OUTER_WRAPPER,HIDDEN|JESUS|JESUS|HIDDEN,NO_DIVINE_PARENT; ACTIVE_ADJUDICATION_OR_SPEECH_DATA,PASS,,"« … Et tu t'inquiètes de ce que les personnes en autorité prennent les mesures nécessaires pour qu'elle brille à l'avantage de tous. Non, non, ce n'est pas correct !»"
A-Q00394,PASSION24.TEXT.RELATED_HOUR_15,guillemet,1,PASSION24.TEXT.RELATED_HOUR_15.BODY.P133,29,PASSION24.TEXT.RELATED_HOUR_15.BODY.P134,93,True,JESUS,OUTSIDE,True,True,HIDDEN,PASSION24.TEXT.RELATED_HOUR_15.BODY.P134,0,JESUS,PASSION24.TEXT.RELATED_HOUR_15.BODY.P134,91,JESUS,HIDDEN,HIDDEN_OUTER_WRAPPER,HIDDEN|JESUS|JESUS|HIDDEN,NO_DIVINE_PARENT; ACTIVE_ADJUDICATION_OR_SPEECH_DATA,PASS,,« … Je te pardonne et Je te bénis. Mais sois plus prudente à l'avenir afin de ne pas recommencer.»
A-Q00398,PASSION24.TEXT.RELATED_HOUR_16,guillemet,1,PASSION24.TEXT.RELATED_HOUR_16.BODY.P011,93,PASSION24.TEXT.RELATED_HOUR_16.BODY.P017,210,True,JESUS,OUTSIDE,True,True,HIDDEN,PASSION24.TEXT.RELATED_HOUR_16.BODY.P012,0,JESUS,PASSION24.TEXT.RELATED_HOUR_16.BODY.P017,208,JESUS,HIDDEN,HIDDEN_OUTER_WRAPPER,HIDDEN|JESUS|JESUS|HIDDEN,NO_DIVINE_PARENT; ACTIVE_ADJUDICATION_OR_SPEECH_DATA,PASS,,"« … Après, Je serai avec toi comme auparavant. Mais, même présentement, Je ne t'abandonne pas. Moi aussi Je sais que tu ne peux être sans Moi. Aussi, Je serai au plus profond de ton cœur et là, Nous nous parlerons.»"
A-Q00399,PASSION24.TEXT.RELATED_HOUR_16,guillemet,1,PASSION24.TEXT.RELATED_HOUR_16.BODY.P019,72,PASSION24.TEXT.RELATED_HOUR_16.BODY.P025,189,True,JESUS,OUTSIDE,True,True,HIDDEN,PASSION24.TEXT.RELATED_HOUR_16.BODY.P020,0,JESUS,PASSION24.TEXT.RELATED_HOUR_16.BODY.P025,187,JESUS,HIDDEN,HIDDEN_OUTER_WRAPPER,HIDDEN|JESUS|JESUS|HIDDEN,NO_DIVINE_PARENT; ACTIVE_ADJUDICATION_OR_SPEECH_DATA,PASS,,"« … Chaque souffrance que J'ai subie était l'écho des souffrances que les créatures méritent. Cet écho a résonné en Moi et M'a rendu victime du ridicule, des moqueries et de tous les tourments.»"
A-Q00400,PASSION24.TEXT.RELATED_HOUR_16,guillemet,1,PASSION24.TEXT.RELATED_HOUR_16.BODY.P033,26,PASSION24.TEXT.RELATED_HOUR_16.BODY.P047,139,True,JESUS,OUTSIDE,True,True,HIDDEN,PASSION24.TEXT.RELATED_HOUR_16.BODY.P034,0,JESUS,PASSION24.TEXT.RELATED_HOUR_16.BODY.P047,136,JESUS,HIDDEN,HIDDEN_OUTER_WRAPPER,HIDDEN|JESUS|JESUS|HIDDEN,NO_DIVINE_PARENT; ACTIVE_ADJUDICATION_OR_SPEECH_DATA,PASS,,« … Il foule aux pieds Ma chair et ainsi il reste rempli de blessures. Oh ! Comme Je ressens cruellement le poids de l'ingratitude des hommes !»
A-Q00402,PASSION24.TEXT.RELATED_HOUR_16,straight_double,2,PASSION24.TEXT.RELATED_HOUR_16.BODY.P055,126,PASSION24.TEXT.RELATED_HOUR_16.BODY.P056,125,True,JESUS,JESUS,False,False,JESUS,PASSION24.TEXT.RELATED_HOUR_16.BODY.P056,0,JESUS,PASSION24.TEXT.RELATED_HOUR_16.BODY.P056,123,JESUS,JESUS,MEANINGFUL_NESTED_QUOTE_INHERITS_JESUS,JESUS|JESUS|JESUS|JESUS,OPENER_ALREADY_DIVINE; ACTIVE_ADJUDICATION_OR_SPEECH_DATA,PASS,,""" … Je suis plus heureux en étant aveugle, déformé et paralysé, si je sais que toi, mon fils, tu peux voir, marcher et être beau."""
A-Q00401,PASSION24.TEXT.RELATED_HOUR_16,guillemet,1,PASSION24.TEXT.RELATED_HOUR_16.BODY.P051,31,PASSION24.TEXT.RELATED_HOUR_16.BODY.P059,150,True,JESUS,OUTSIDE,True,True,HIDDEN,PASSION24.TEXT.RELATED_HOUR_16.BODY.P052,0,JESUS,PASSION24.TEXT.RELATED_HOUR_16.BODY.P059,148,JESUS,HIDDEN,HIDDEN_OUTER_WRAPPER,HIDDEN|JESUS|JESUS|HIDDEN,NO_DIVINE_PARENT; ACTIVE_ADJUDICATION_OR_SPEECH_DATA,PASS,,"« … Je Me suis dépouillé de tout pour tout donner à l'homme. J'ai vu à tout. Mais, par son ingratitude, l'humanité M'inflige les peines les plus cruelles.»"
A-Q00403,PASSION24.TEXT.RELATED_HOUR_16,guillemet,1,PASSION24.TEXT.RELATED_HOUR_16.BODY.P061,255,PASSION24.TEXT.RELATED_HOUR_16.BODY.P075,251,True,JESUS,OUTSIDE,True,True,HIDDEN,PASSION24.TEXT.RELATED_HOUR_16.BODY.P062,0,JESUS,PASSION24.TEXT.RELATED_HOUR_16.BODY.P075,249,JESUS,HIDDEN,HIDDEN_OUTER_WRAPPER,HIDDEN|JESUS|JESUS|HIDDEN,NO_DIVINE_PARENT; ACTIVE_ADJUDICATION_OR_SPEECH_DATA,PASS,,"« … Je versai tellement de Sang dans ce mystère dans aucun autre J'en ai versé autant assez pour couvrir l'homme d'un second vêtement, un vêtement de Sang, pour le réchauffer pour le nettoyer et pour le disposer à recevoir le vêtement royal de Ma Volonté.»"
A-Q00405,PASSION24.TEXT.RELATED_HOUR_16,guillemet,1,PASSION24.TEXT.RELATED_HOUR_16.BODY.P078,17,PASSION24.TEXT.RELATED_HOUR_16.BODY.P082,320,True,JESUS,OUTSIDE,True,True,HIDDEN,PASSION24.TEXT.RELATED_HOUR_16.BODY.P079,0,JESUS,PASSION24.TEXT.RELATED_HOUR_16.BODY.P082,318,JESUS,HIDDEN,HIDDEN_OUTER_WRAPPER,HIDDEN|JESUS|JESUS|HIDDEN,NO_DIVINE_PARENT; ACTIVE_ADJUDICATION_OR_SPEECH_DATA,PASS,,"« … J'ai voulu Me sacrifier en tout, même dans les choses les plus innocentes créées par Moi afin de prouver aux hommes Mon ardent Amour. Cela Me servit à implorer de Mon Divin Père que, par égard pour Moi et Ma Volonté complètement sacrifiée pour Lui, Il veuille redonner à l'homme le noble vêtement royal de notre Volonté.»"
A-Q00406,PASSION24.TEXT.RELATED_HOUR_16,guillemet,1,PASSION24.TEXT.RELATED_HOUR_16.BODY.P087,173,PASSION24.TEXT.RELATED_HOUR_16.BODY.P090,178,True,JESUS,OUTSIDE,True,True,HIDDEN,PASSION24.TEXT.RELATED_HOUR_16.BODY.P088,0,JESUS,PASSION24.TEXT.RELATED_HOUR_16.BODY.P090,175,JESUS,HIDDEN,HIDDEN_OUTER_WRAPPER,HIDDEN|JESUS|JESUS|HIDDEN,NO_DIVINE_PARENT; ACTIVE_ADJUDICATION_OR_SPEECH_DATA,PASS,,"« … La prière dans Ma Volonté est donc nécessaire : couvrant toutes les créatures, elle doit se porter à leur défense et empêcher Ma Justice de s'approcher d'elles pour les châtier. »"
A-Q00407,PASSION24.TEXT.RELATED_HOUR_16,guillemet,1,PASSION24.TEXT.RELATED_HOUR_16.BODY.P093,23,PASSION24.TEXT.RELATED_HOUR_16.BODY.P096,249,True,JESUS,OUTSIDE,True,True,HIDDEN,PASSION24.TEXT.RELATED_HOUR_16.BODY.P094,0,JESUS,PASSION24.TEXT.RELATED_HOUR_16.BODY.P096,246,JESUS,HIDDEN,HIDDEN_OUTER_WRAPPER,HIDDEN|JESUS|JESUS|HIDDEN,NO_DIVINE_PARENT; ACTIVE_ADJUDICATION_OR_SPEECH_DATA,PASS,,"« … Mon Père, que ce Sang couvre leurs mains, afin que les actions mauvaises leur deviennent insupportables ! Que ce Sang circule dans notre Volonté éternelle pour ensuite couvrir toutes les créatures et les protéger devant les droits de notre Justice. »"
A-Q00409,PASSION24.TEXT.RELATED_HOUR_16,guillemet,1,PASSION24.TEXT.RELATED_HOUR_16.BODY.P098,17,PASSION24.TEXT.RELATED_HOUR_16.BODY.P098,424,False,JESUS,OUTSIDE,True,True,HIDDEN,PASSION24.TEXT.RELATED_HOUR_16.BODY.P098,18,JESUS,PASSION24.TEXT.RELATED_HOUR_16.BODY.P098,421,JESUS,HIDDEN,HIDDEN_OUTER_WRAPPER,HIDDEN|JESUS|JESUS|HIDDEN,NO_DIVINE_PARENT; ACTIVE_ADJUDICATION_OR_SPEECH_DATA,PASS,,"«Je pétris ton âme et lui donne de l'expansion dans Ma Volonté. De toute façon, Je n'ai pas à te rendre compte de ce que Je fais en toi. Car, par le fait que tu t'es donnée complètement à Moi, tu as perdu tes droits. Tous tes droits M'appartiennent. Sais-tu quel est ton seul droit ? C'est que Ma Volonté soit tienne et que Je te fournisse tout ce qui puisse te rendre heureuse dans le temps et l'éternité. »"
A-Q00415,PASSION24.TEXT.RELATED_HOUR_17,guillemet,1,PASSION24.TEXT.RELATED_HOUR_17.BODY.P012,17,PASSION24.TEXT.RELATED_HOUR_17.BODY.P026,115,True,JESUS,OUTSIDE,True,True,HIDDEN,PASSION24.TEXT.RELATED_HOUR_17.BODY.P013,0,JESUS,PASSION24.TEXT.RELATED_HOUR_17.BODY.P026,113,JESUS,HIDDEN,HIDDEN_OUTER_WRAPPER,HIDDEN|JESUS|JESUS|HIDDEN,NO_DIVINE_PARENT; ACTIVE_ADJUDICATION_OR_SPEECH_DATA,PASS,,« … Ces ruisseaux de Sang qui ont coulé de Ma tête ont inondé l'esprit humain de la connaissance de Ma Royauté sur eux.»
A-Q00416,PASSION24.TEXT.RELATED_HOUR_17,guillemet,1,PASSION24.TEXT.RELATED_HOUR_17.BODY.P031,148,PASSION24.TEXT.RELATED_HOUR_17.BODY.P032,101,True,JESUS,OUTSIDE,True,True,HIDDEN,PASSION24.TEXT.RELATED_HOUR_17.BODY.P031,149,JESUS,PASSION24.TEXT.RELATED_HOUR_17.BODY.P032,99,JESUS,HIDDEN,HIDDEN_OUTER_WRAPPER,HIDDEN|JESUS|JESUS|HIDDEN,NO_DIVINE_PARENT; ACTIVE_ADJUDICATION_OR_SPEECH_DATA,PASS,,"«Ma fille, les douleurs que J'ai souffertes pendant Mon Couronnement d'épines sont incompréhensibles pour un esprit créé. Beaucoup plus douloureusement que par les épines sur Ma tête, Mon esprit fut transpercé par toutes les mauvaises pensées des créatures : aucune ne M'échappait, Je les sentais toutes en dedans de Moi. … Non seulement Je sentais les épines, mais aussi le dégoût du péché que ces épines suscitaient en"
A-Q00417,PASSION24.TEXT.RELATED_HOUR_17,guillemet,1,PASSION24.TEXT.RELATED_HOUR_17.BODY.P033,197,PASSION24.TEXT.RELATED_HOUR_17.BODY.P034,315,True,JESUS,OUTSIDE,True,True,HIDDEN,PASSION24.TEXT.RELATED_HOUR_17.BODY.P033,198,JESUS,PASSION24.TEXT.RELATED_HOUR_17.BODY.P034,313,JESUS,HIDDEN,HIDDEN_OUTER_WRAPPER,HIDDEN|JESUS|JESUS|HIDDEN,NO_DIVINE_PARENT; ACTIVE_ADJUDICATION_OR_SPEECH_DATA,PASS,,"«Ma fille, seulement les âmes qui vivent dans Ma Volonté peuvent Me faire de vraies réparations et Me soulager d'épines aussi aiguës. … En fait, vivant dans Ma Volonté et Ma Volonté se trouvant partout, ces âmes se trouvent en Moi et en toutes les créatures. Elles descendent vers les créatures et s'élèvent vers Moi. Elles M'apportent toutes les réparations, Elles Me soulagent. Dans les esprits des créatures, elles ch"
A-Q00418,PASSION24.TEXT.RELATED_HOUR_17,guillemet,1,PASSION24.TEXT.RELATED_HOUR_17.BODY.P037,12,PASSION24.TEXT.RELATED_HOUR_17.BODY.P045,355,True,JESUS,OUTSIDE,True,True,HIDDEN,PASSION24.TEXT.RELATED_HOUR_17.BODY.P037,13,JESUS,PASSION24.TEXT.RELATED_HOUR_17.BODY.P045,353,JESUS,HIDDEN,HIDDEN_OUTER_WRAPPER,HIDDEN|JESUS|JESUS|HIDDEN,NO_DIVINE_PARENT; ACTIVE_ADJUDICATION_OR_SPEECH_DATA,PASS,,"«Ma fille, Mes souffrances sont incompréhensibles pour les humains. … Mes souffrances externes étaient comme des voix invitant les âmes à entrer dans l'océan de Mes souffrances intérieures pour ainsi comprendre à quel prix J'ai payé leur salut. Par Mes souffrances internes que Je t'ai communiquées, eut-être comprendras-tu d'une façon mitigée l'intensité des miennes. Prends courage. C'est l'amour qui M'incite à faire "
A-Q00421,PASSION24.TEXT.RELATED_HOUR_17,guillemet,1,PASSION24.TEXT.RELATED_HOUR_17.BODY.P047,95,PASSION24.TEXT.RELATED_HOUR_17.BODY.P048,63,True,JESUS,OUTSIDE,True,True,HIDDEN,PASSION24.TEXT.RELATED_HOUR_17.BODY.P048,0,JESUS,PASSION24.TEXT.RELATED_HOUR_17.BODY.P048,60,JESUS,HIDDEN,HIDDEN_OUTER_WRAPPER,HIDDEN|JESUS|JESUS|HIDDEN,NO_DIVINE_PARENT; ACTIVE_ADJUDICATION_OR_SPEECH_DATA,PASS,,« … Veux-tu que nous allions voir si les créatures veulent de Moi ?»
A-Q00423,PASSION24.TEXT.RELATED_HOUR_17,guillemet,1,PASSION24.TEXT.RELATED_HOUR_17.BODY.P050,12,PASSION24.TEXT.RELATED_HOUR_17.BODY.P050,50,False,JESUS,OUTSIDE,True,True,HIDDEN,PASSION24.TEXT.RELATED_HOUR_17.BODY.P050,13,JESUS,PASSION24.TEXT.RELATED_HOUR_17.BODY.P050,48,JESUS,HIDDEN,HIDDEN_OUTER_WRAPPER,HIDDEN|JESUS|JESUS|HIDDEN,NO_DIVINE_PARENT; ACTIVE_ADJUDICATION_OR_SPEECH_DATA,PASS,,"«Allons, tu verras ce qu'elles feront.»"
A-Q00424,PASSION24.TEXT.RELATED_HOUR_17,guillemet,1,PASSION24.TEXT.RELATED_HOUR_17.BODY.P051,77,PASSION24.TEXT.RELATED_HOUR_17.BODY.P051,89,False,JESUS,OUTSIDE,False,False,OUTSIDE,PASSION24.TEXT.RELATED_HOUR_17.BODY.P051,78,JESUS,PASSION24.TEXT.RELATED_HOUR_17.BODY.P051,86,JESUS,OUTSIDE,TOP_LEVEL_DIVINE_QUOTE_CONTENT_ONLY,OUTSIDE|JESUS|JESUS|OUTSIDE,NO_DIVINE_PARENT; ACTIVE_ADJUDICATION_OR_SPEECH_DATA,PASS,,«Ecce Homo !»
A-Q00427,PASSION24.TEXT.RELATED_HOUR_17,guillemet,1,PASSION24.TEXT.RELATED_HOUR_17.BODY.P054,190,PASSION24.TEXT.RELATED_HOUR_17.BODY.P054,202,False,JESUS,OUTSIDE,False,False,OUTSIDE,PASSION24.TEXT.RELATED_HOUR_17.BODY.P054,191,JESUS,PASSION24.TEXT.RELATED_HOUR_17.BODY.P054,199,JESUS,OUTSIDE,TOP_LEVEL_DIVINE_QUOTE_CONTENT_ONLY,OUTSIDE|JESUS|JESUS|OUTSIDE,NO_DIVINE_PARENT; ACTIVE_ADJUDICATION_OR_SPEECH_DATA,PASS,,«Ecce Homo !»
A-Q00432,PASSION24.TEXT.RELATED_HOUR_17,guillemet,1,PASSION24.TEXT.RELATED_HOUR_17.BODY.P056,56,PASSION24.TEXT.RELATED_HOUR_17.BODY.P057,94,True,JESUS,OUTSIDE,True,True,HIDDEN,PASSION24.TEXT.RELATED_HOUR_17.BODY.P056,57,JESUS,PASSION24.TEXT.RELATED_HOUR_17.BODY.P057,92,JESUS,HIDDEN,HIDDEN_OUTER_WRAPPER,HIDDEN|JESUS|JESUS|HIDDEN,NO_DIVINE_PARENT; ACTIVE_ADJUDICATION_OR_SPEECH_DATA,PASS,,"«As-tu entendu comment personne ne veut de Moi ? … Pourtant, cela n'est rien. Tournons-nous du côté des religieux et voyons s'ils veulent de Moi.»"
A-Q00433,PASSION24.TEXT.RELATED_HOUR_17,guillemet,1,PASSION24.TEXT.RELATED_HOUR_17.BODY.P058,37,PASSION24.TEXT.RELATED_HOUR_17.BODY.P058,49,False,JESUS,OUTSIDE,True,True,HIDDEN,PASSION24.TEXT.RELATED_HOUR_17.BODY.P058,38,JESUS,PASSION24.TEXT.RELATED_HOUR_17.BODY.P058,46,JESUS,HIDDEN,HIDDEN_OUTER_WRAPPER,HIDDEN|JESUS|JESUS|HIDDEN,NO_DIVINE_PARENT; ACTIVE_ADJUDICATION_OR_SPEECH_DATA,PASS,,«Ecce Homo !»
A-Q00438,PASSION24.TEXT.RELATED_HOUR_17,guillemet,1,PASSION24.TEXT.RELATED_HOUR_17.BODY.P059,191,PASSION24.TEXT.RELATED_HOUR_17.BODY.P059,417,False,JESUS,OUTSIDE,True,True,HIDDEN,PASSION24.TEXT.RELATED_HOUR_17.BODY.P059,192,JESUS,PASSION24.TEXT.RELATED_HOUR_17.BODY.P059,415,JESUS,HIDDEN,HIDDEN_OUTER_WRAPPER,HIDDEN|JESUS|JESUS|HIDDEN,NO_DIVINE_PARENT; ACTIVE_ADJUDICATION_OR_SPEECH_DATA,PASS,,"«Ma fille, retirons-nous. As-tu vu comment personne ne veut de Moi ? Au plus, ils Me veulent, mais avec quelque chose qui leur plaît. Moi, Je ne Me contente pas de cela, parce que le véritable règne, c'est quand on règne seul.»"
A-Q00443,PASSION24.TEXT.RELATED_HOUR_17,guillemet,2,PASSION24.TEXT.RELATED_HOUR_17.BODY.P067,42,PASSION24.TEXT.RELATED_HOUR_17.BODY.P067,56,False,OTHER,JESUS,False,False,JESUS,PASSION24.TEXT.RELATED_HOUR_17.BODY.P067,43,JESUS,PASSION24.TEXT.RELATED_HOUR_17.BODY.P067,55,JESUS,JESUS,MEANINGFUL_NESTED_QUOTE_INHERITS_JESUS,JESUS|JESUS|JESUS|JESUS,OPENER_ALREADY_DIVINE; ACTIVE_ADJUDICATION_OR_SPEECH_DATA,PASS,,«Voici l'homme»
A-Q00444,PASSION24.TEXT.RELATED_HOUR_17,guillemet,2,PASSION24.TEXT.RELATED_HOUR_17.BODY.P067,79,PASSION24.TEXT.RELATED_HOUR_17.BODY.P067,127,False,OTHER,JESUS,False,False,JESUS,PASSION24.TEXT.RELATED_HOUR_17.BODY.P067,80,JESUS,PASSION24.TEXT.RELATED_HOUR_17.BODY.P067,125,JESUS,JESUS,MEANINGFUL_NESTED_QUOTE_INHERITS_JESUS,JESUS|JESUS|JESUS|JESUS,OPENER_ALREADY_DIVINE; ACTIVE_ADJUDICATION_OR_SPEECH_DATA,PASS,,"«Crucifie-Le, crucifie-Le, nous Le voulons mort.»"
A-Q00445,PASSION24.TEXT.RELATED_HOUR_17,guillemet,2,PASSION24.TEXT.RELATED_HOUR_17.BODY.P073,54,PASSION24.TEXT.RELATED_HOUR_17.BODY.P073,66,False,OTHER,JESUS,False,False,JESUS,PASSION24.TEXT.RELATED_HOUR_17.BODY.P073,55,JESUS,PASSION24.TEXT.RELATED_HOUR_17.BODY.P073,65,JESUS,JESUS,MEANINGFUL_NESTED_QUOTE_INHERITS_JESUS,JESUS|JESUS|JESUS|JESUS,OPENER_ALREADY_DIVINE; ACTIVE_ADJUDICATION_OR_SPEECH_DATA,PASS,,«Crucifie-Le»
A-Q00442,PASSION24.TEXT.RELATED_HOUR_17,straight_double,1,PASSION24.TEXT.RELATED_HOUR_17.BODY.P066,197,PASSION24.TEXT.RELATED_HOUR_17.BODY.P091,106,True,JESUS,OUTSIDE,False,False,OUTSIDE,PASSION24.TEXT.RELATED_HOUR_17.BODY.P067,0,JESUS,PASSION24.TEXT.RELATED_HOUR_17.BODY.P091,104,JESUS,OUTSIDE,TOP_LEVEL_DIVINE_QUOTE_CONTENT_ONLY,OUTSIDE|JESUS|JESUS|OUTSIDE,NO_DIVINE_PARENT; ACTIVE_ADJUDICATION_OR_SPEECH_DATA,PASS,,""" … Tant qu'Elle n'aura pas son Règne dans les âmes, la Création et la Rédemption seront toujours incomplètes."""
A-Q00446,PASSION24.TEXT.RELATED_HOUR_17,straight_double,1,PASSION24.TEXT.RELATED_HOUR_17.BODY.P097,67,PASSION24.TEXT.RELATED_HOUR_17.BODY.P139,69,True,JESUS,OUTSIDE,False,False,OUTSIDE,PASSION24.TEXT.RELATED_HOUR_17.BODY.P098,0,JESUS,PASSION24.TEXT.RELATED_HOUR_17.BODY.P139,67,JESUS,OUTSIDE,TOP_LEVEL_DIVINE_QUOTE_CONTENT_ONLY,OUTSIDE|JESUS|JESUS|OUTSIDE,NO_DIVINE_PARENT; ACTIVE_ADJUDICATION_OR_SPEECH_DATA,PASS,,""" … Fais en sorte que la victoire de ton Jésus soit en toi en permanence."""
A-Q00447,PASSION24.TEXT.RELATED_HOUR_17,straight_double,1,PASSION24.TEXT.RELATED_HOUR_17.BODY.P140,74,PASSION24.TEXT.RELATED_HOUR_17.BODY.P141,57,True,JESUS,OUTSIDE,False,False,OUTSIDE,PASSION24.TEXT.RELATED_HOUR_17.BODY.P141,0,JESUS,PASSION24.TEXT.RELATED_HOUR_17.BODY.P141,53,JESUS,OUTSIDE,TOP_LEVEL_DIVINE_QUOTE_CONTENT_ONLY,OUTSIDE|JESUS|JESUS|OUTSIDE,NO_DIVINE_PARENT; ACTIVE_ADJUDICATION_OR_SPEECH_DATA,PASS,,""" … Ma fille, dis-Moi, quel est-Il ton idéal, ton objectif ? """
A-Q00449,PASSION24.TEXT.RELATED_HOUR_17,straight_double,1,PASSION24.TEXT.RELATED_HOUR_17.BODY.P148,37,PASSION24.TEXT.RELATED_HOUR_17.BODY.P171,88,True,JESUS,OUTSIDE,False,False,OUTSIDE,PASSION24.TEXT.RELATED_HOUR_17.BODY.P149,0,JESUS,PASSION24.TEXT.RELATED_HOUR_17.BODY.P171,86,JESUS,OUTSIDE,TOP_LEVEL_DIVINE_QUOTE_CONTENT_ONLY,OUTSIDE|JESUS|JESUS|OUTSIDE,NO_DIVINE_PARENT; ACTIVE_ADJUDICATION_OR_SPEECH_DATA,PASS,,""" … Et, ayant souffert ensemble, Il est juste que nous profitions ensemble de nos conquêtes."""
A-Q00451,PASSION24.TEXT.RELATED_HOUR_17,straight_double,1,PASSION24.TEXT.RELATED_HOUR_17.BODY.P177,38,PASSION24.TEXT.RELATED_HOUR_17.BODY.P188,97,True,JESUS,OUTSIDE,False,False,OUTSIDE,PASSION24.TEXT.RELATED_HOUR_17.BODY.P178,0,JESUS,PASSION24.TEXT.RELATED_HOUR_17.BODY.P188,95,JESUS,OUTSIDE,TOP_LEVEL_DIVINE_QUOTE_CONTENT_ONLY,OUTSIDE|JESUS|JESUS|OUTSIDE,NO_DIVINE_PARENT; ACTIVE_ADJUDICATION_OR_SPEECH_DATA,PASS,,""" … Comme ce fut celui de la Reine Souveraine qui Me fit connaître et M'offrit pour le salut de tous."""
A-Q00454,PASSION24.TEXT.RELATED_HOUR_18,guillemet,1,PASSION24.TEXT.RELATED_HOUR_18.BODY.P012,15,PASSION24.TEXT.RELATED_HOUR_18.BODY.P019,88,True,JESUS,OUTSIDE,True,True,HIDDEN,PASSION24.TEXT.RELATED_HOUR_18.BODY.P012,16,JESUS,PASSION24.TEXT.RELATED_HOUR_18.BODY.P019,86,JESUS,HIDDEN,HIDDEN_OUTER_WRAPPER,HIDDEN|JESUS|JESUS|HIDDEN,NO_DIVINE_PARENT; ACTIVE_ADJUDICATION_OR_SPEECH_DATA,PASS,,"«Ma fille, J'ai embrassé la Croix comme si elle était Mon plus cher trésor. Par la Croix, J'ai donné une dot aux âmes. Je les ai épousées. … Si l'âme n'accepte pas Mes cadeaux, cela signifie qu'elle n'accepte pas Mes fiançailles.»"
A-Q00455,PASSION24.TEXT.RELATED_HOUR_18,guillemet,1,PASSION24.TEXT.RELATED_HOUR_18.BODY.P022,12,PASSION24.TEXT.RELATED_HOUR_18.BODY.P035,104,True,JESUS,OUTSIDE,True,True,HIDDEN,PASSION24.TEXT.RELATED_HOUR_18.BODY.P023,0,JESUS,PASSION24.TEXT.RELATED_HOUR_18.BODY.P035,102,JESUS,HIDDEN,HIDDEN_OUTER_WRAPPER,HIDDEN|JESUS|JESUS|HIDDEN,NO_DIVINE_PARENT; ACTIVE_ADJUDICATION_OR_SPEECH_DATA,PASS,,"« … Il n'est aucun bien que J'accorde, autant au Ciel que sur la terre, si ce n'est par égard pour ces âmes.»"
A-Q00457,PASSION24.TEXT.RELATED_HOUR_18,guillemet,1,PASSION24.TEXT.RELATED_HOUR_18.BODY.P037,241,PASSION24.TEXT.RELATED_HOUR_18.BODY.P041,277,True,JESUS,OUTSIDE,True,True,HIDDEN,PASSION24.TEXT.RELATED_HOUR_18.BODY.P037,242,JESUS,PASSION24.TEXT.RELATED_HOUR_18.BODY.P041,275,JESUS,HIDDEN,HIDDEN_OUTER_WRAPPER,HIDDEN|JESUS|JESUS|HIDDEN,NO_DIVINE_PARENT; ACTIVE_ADJUDICATION_OR_SPEECH_DATA,PASS,,"«Ma fille, elle fit un acte d'adoration simple et profond. Plus un acte est simple, plus facilement il rejoint Dieu. Par cet acte simple, elle fit ce que Je faisais Moi-même intérieurement. … Dans ce cas, la volonté est loin de Moi : on M'adore en exerçant l'une de ses facultés pendant que les autres sont dispersées ? Non, Je veux tout pour Moi, tout ce que J'ai donné à la créature. L'adoration est l'acte cultuel le "
A-Q00460,PASSION24.TEXT.RELATED_HOUR_18,guillemet,1,PASSION24.TEXT.RELATED_HOUR_18.BODY.P046,35,PASSION24.TEXT.RELATED_HOUR_18.BODY.P047,283,True,JESUS,OUTSIDE,True,True,HIDDEN,PASSION24.TEXT.RELATED_HOUR_18.BODY.P047,0,JESUS,PASSION24.TEXT.RELATED_HOUR_18.BODY.P047,281,JESUS,HIDDEN,HIDDEN_OUTER_WRAPPER,HIDDEN|JESUS|JESUS|HIDDEN,NO_DIVINE_PARENT; ACTIVE_ADJUDICATION_OR_SPEECH_DATA,PASS,,"« … Ma fille, ce que tu as dit n'était pas une sottise, mais une vérité. En effet, Je forme dans chaque âme une Vie divine. Si l'âme est troublée, cette Vie divine que Je suis en train de former est elle aussi troublée. De plus, cela empêche cette Vie divine de se réaliser parfaitement.»"
A-Q00461,PASSION24.TEXT.RELATED_HOUR_18,guillemet,1,PASSION24.TEXT.RELATED_HOUR_18.BODY.P048,227,PASSION24.TEXT.RELATED_HOUR_18.BODY.P049,240,True,JESUS,OUTSIDE,True,True,HIDDEN,PASSION24.TEXT.RELATED_HOUR_18.BODY.P049,0,JESUS,PASSION24.TEXT.RELATED_HOUR_18.BODY.P049,238,JESUS,HIDDEN,HIDDEN_OUTER_WRAPPER,HIDDEN|JESUS|JESUS|HIDDEN,NO_DIVINE_PARENT; ACTIVE_ADJUDICATION_OR_SPEECH_DATA,PASS,,"« … Ma fille, Je rencontre l'âme continuellement. Si, dans cette rencontre, Je la trouve en train de pratiquer la vertu et de s'unir à Moi, cela Me console pour la douleur que J'ai subie quand J'ai rencontré Ma Mère si attristée à cause de Moi.»"
A-Q00465,PASSION24.TEXT.RELATED_HOUR_18,guillemet,1,PASSION24.TEXT.RELATED_HOUR_18.BODY.P062,15,PASSION24.TEXT.RELATED_HOUR_18.BODY.P062,158,False,JESUS,OUTSIDE,True,True,HIDDEN,PASSION24.TEXT.RELATED_HOUR_18.BODY.P062,16,JESUS,PASSION24.TEXT.RELATED_HOUR_18.BODY.P062,156,JESUS,HIDDEN,HIDDEN_OUTER_WRAPPER,HIDDEN|JESUS|JESUS|HIDDEN,NO_DIVINE_PARENT; ACTIVE_ADJUDICATION_OR_SPEECH_DATA,PASS,,"«Voilà ! J'ai rendu Ma fille heureuse. En autant de manières que tu t'es donnée à Moi, également et en triple, Je t'ai fait cadeau de Moi-même.»"
A-Q00466,PASSION24.TEXT.RELATED_HOUR_18,guillemet,1,PASSION24.TEXT.RELATED_HOUR_18.BODY.P069,39,PASSION24.TEXT.RELATED_HOUR_18.BODY.P072,273,True,JESUS,OUTSIDE,True,True,HIDDEN,PASSION24.TEXT.RELATED_HOUR_18.BODY.P069,40,JESUS,PASSION24.TEXT.RELATED_HOUR_18.BODY.P072,271,JESUS,HIDDEN,HIDDEN_OUTER_WRAPPER,HIDDEN|JESUS|JESUS|HIDDEN,NO_DIVINE_PARENT; ACTIVE_ADJUDICATION_OR_SPEECH_DATA,PASS,,"«Ma fille, c'était un réconfort pour Moi. Et Je Me sentais comme soulagé, surtout parce que ces femmes venaient vraiment pour Me faire du bien. … Quant à toi, Je t'ai donné beaucoup de Lumière sur les voies intérieures et Je t'ai fait comprendre la Vérité sur les vraies Vertus et le vrai Amour. Ainsi Je pouvais par ta bouche faire comprendre aux autres la Vérité sur les vrais chemins des Vertus. Je M'en réjouissais.»"
A-Q00468,PASSION24.TEXT.RELATED_HOUR_18,guillemet,1,PASSION24.TEXT.RELATED_HOUR_18.BODY.P073,12,PASSION24.TEXT.RELATED_HOUR_18.BODY.P075,65,True,JESUS,OUTSIDE,True,True,HIDDEN,PASSION24.TEXT.RELATED_HOUR_18.BODY.P073,13,JESUS,PASSION24.TEXT.RELATED_HOUR_18.BODY.P075,63,JESUS,HIDDEN,HIDDEN_OUTER_WRAPPER,HIDDEN|JESUS|JESUS|HIDDEN,NO_DIVINE_PARENT; ACTIVE_ADJUDICATION_OR_SPEECH_DATA,PASS,,"«Voilà l'erreur : prêter attention aux commérages et non pas au bien que l'on doit faire. Sur Moi aussi ils ont comméré. Si Je M'étais arrêté à ces racontars, Je n'aurais pas accompli la Rédemption des hommes. … Quant aux commérages, ils restent au compte de ceux qui les font.»"
A-Q00469,PASSION24.TEXT.RELATED_HOUR_18,guillemet,1,PASSION24.TEXT.RELATED_HOUR_18.BODY.P080,15,PASSION24.TEXT.RELATED_HOUR_18.BODY.P081,112,True,JESUS,OUTSIDE,True,True,HIDDEN,PASSION24.TEXT.RELATED_HOUR_18.BODY.P080,16,JESUS,PASSION24.TEXT.RELATED_HOUR_18.BODY.P081,110,JESUS,HIDDEN,HIDDEN_OUTER_WRAPPER,HIDDEN|JESUS|JESUS|HIDDEN,NO_DIVINE_PARENT; ACTIVE_ADJUDICATION_OR_SPEECH_DATA,PASS,,"«Fille, ces épines qui ont piqué Ma tête vont piquer l'arrogance, la vanité et les blessures cachées des hommes pour en faire sortir le pus. … Les épines trempées dans Mon Sang les guériront et leur redonneront la couronne que le péché leur avait enlevée.»"
A-Q00470,PASSION24.TEXT.RELATED_HOUR_18,guillemet,1,PASSION24.TEXT.RELATED_HOUR_18.BODY.P082,180,PASSION24.TEXT.RELATED_HOUR_18.BODY.P086,150,True,JESUS,OUTSIDE,True,True,HIDDEN,PASSION24.TEXT.RELATED_HOUR_18.BODY.P083,0,JESUS,PASSION24.TEXT.RELATED_HOUR_18.BODY.P086,148,JESUS,HIDDEN,HIDDEN_OUTER_WRAPPER,HIDDEN|JESUS|JESUS|HIDDEN,NO_DIVINE_PARENT; ACTIVE_ADJUDICATION_OR_SPEECH_DATA,PASS,,« … Cette âme est si identifiée à Moi qu'elle devient comme inséparable de Moi. Toute Ma Sagesse et Ma Puissance ne peuvent M'amener à Me détacher d'elle.»
A-Q00471,PASSION24.TEXT.RELATED_HOUR_18,guillemet,1,PASSION24.TEXT.RELATED_HOUR_18.BODY.P087,12,PASSION24.TEXT.RELATED_HOUR_18.BODY.P094,47,True,JESUS,OUTSIDE,True,True,HIDDEN,PASSION24.TEXT.RELATED_HOUR_18.BODY.P088,0,JESUS,PASSION24.TEXT.RELATED_HOUR_18.BODY.P094,45,JESUS,HIDDEN,HIDDEN_OUTER_WRAPPER,HIDDEN|JESUS|JESUS|HIDDEN,NO_DIVINE_PARENT; ACTIVE_ADJUDICATION_OR_SPEECH_DATA,PASS,,« … Ses œuvres sont exemptes de toute imperfection.»
A-Q00472,PASSION24.TEXT.RELATED_HOUR_19,guillemet,1,PASSION24.TEXT.RELATED_HOUR_19.BODY.P008,93,PASSION24.TEXT.RELATED_HOUR_19.BODY.P017,175,True,JESUS,OUTSIDE,True,True,HIDDEN,PASSION24.TEXT.RELATED_HOUR_19.BODY.P009,0,JESUS,PASSION24.TEXT.RELATED_HOUR_19.BODY.P017,173,JESUS,HIDDEN,HIDDEN_OUTER_WRAPPER,HIDDEN|JESUS|JESUS|HIDDEN,NO_DIVINE_PARENT; ACTIVE_ADJUDICATION_OR_SPEECH_DATA,PASS,,"« … Ma Volonté, quant à elle, ne sachant faire les choses à moitié, ne se contente pas de trois clous, mais d'autant de clous que d'actes dont Ma Volonté dispose pour la créature.»"
A-Q00474,PASSION24.TEXT.RELATED_HOUR_19,guillemet,1,PASSION24.TEXT.RELATED_HOUR_19.BODY.P020,32,PASSION24.TEXT.RELATED_HOUR_19.BODY.P033,103,True,JESUS,OUTSIDE,True,True,HIDDEN,PASSION24.TEXT.RELATED_HOUR_19.BODY.P021,0,JESUS,PASSION24.TEXT.RELATED_HOUR_19.BODY.P033,101,JESUS,HIDDEN,HIDDEN_OUTER_WRAPPER,HIDDEN|JESUS|JESUS|HIDDEN,NO_DIVINE_PARENT; ACTIVE_ADJUDICATION_OR_SPEECH_DATA,PASS,,"« … Ainsi, Elle forme la vraie crucifixion de l'âme, pas seulement pour un temps, mais pour sa vie entière.»"
A-Q00476,PASSION24.TEXT.RELATED_HOUR_19,guillemet,1,PASSION24.TEXT.RELATED_HOUR_19.BODY.P040,15,PASSION24.TEXT.RELATED_HOUR_19.BODY.P056,50,True,JESUS,OUTSIDE,True,True,HIDDEN,PASSION24.TEXT.RELATED_HOUR_19.BODY.P041,0,JESUS,PASSION24.TEXT.RELATED_HOUR_19.BODY.P056,48,JESUS,HIDDEN,HIDDEN_OUTER_WRAPPER,HIDDEN|JESUS|JESUS|HIDDEN,NO_DIVINE_PARENT; ACTIVE_ADJUDICATION_OR_SPEECH_DATA,PASS,,« … Et Ma Croix a placé son sceau sur chacune d'elles.»
A-Q00477,PASSION24.TEXT.RELATED_HOUR_19,guillemet,1,PASSION24.TEXT.RELATED_HOUR_19.BODY.P058,381,PASSION24.TEXT.RELATED_HOUR_19.BODY.P060,201,True,JESUS,OUTSIDE,True,True,HIDDEN,PASSION24.TEXT.RELATED_HOUR_19.BODY.P059,0,JESUS,PASSION24.TEXT.RELATED_HOUR_19.BODY.P060,199,JESUS,HIDDEN,HIDDEN_OUTER_WRAPPER,HIDDEN|JESUS|JESUS|HIDDEN,NO_DIVINE_PARENT; ACTIVE_ADJUDICATION_OR_SPEECH_DATA,PASS,,« … Mes propres flammes Me dévorent. Laisse-Moi dilater ton cœur pour que J'y place Mon Amour et la peine de Mon Amour rejeté. Ah ! La souffrance de Mon Amour excède toutes Mes autres souffrances ensemble.»
A-Q00478,PASSION24.TEXT.RELATED_HOUR_19,guillemet,1,PASSION24.TEXT.RELATED_HOUR_19.BODY.P065,12,PASSION24.TEXT.RELATED_HOUR_19.BODY.P067,150,True,JESUS,OUTSIDE,True,True,HIDDEN,PASSION24.TEXT.RELATED_HOUR_19.BODY.P066,0,JESUS,PASSION24.TEXT.RELATED_HOUR_19.BODY.P067,148,JESUS,HIDDEN,HIDDEN_OUTER_WRAPPER,HIDDEN|JESUS|JESUS|HIDDEN,NO_DIVINE_PARENT; ACTIVE_ADJUDICATION_OR_SPEECH_DATA,PASS,,"« … Ma fille, sois patiente, tu vas souffrir davantage. C'est la souffrance la plus pénible. Mais c'est ton Jésus, ta Vie, qui veut ce soulagement de toi.»"
A-Q00480,PASSION24.TEXT.RELATED_HOUR_19,guillemet,1,PASSION24.TEXT.RELATED_HOUR_19.BODY.P070,73,PASSION24.TEXT.RELATED_HOUR_19.BODY.P074,316,True,JESUS,OUTSIDE,True,True,HIDDEN,PASSION24.TEXT.RELATED_HOUR_19.BODY.P071,0,JESUS,PASSION24.TEXT.RELATED_HOUR_19.BODY.P074,314,JESUS,HIDDEN,HIDDEN_OUTER_WRAPPER,HIDDEN|JESUS|JESUS|HIDDEN,NO_DIVINE_PARENT; ACTIVE_ADJUDICATION_OR_SPEECH_DATA,PASS,,"« … Le mal est si répandu que ces deux feux sont prêts à s'unir et la peine que Je t'ai fait éprouver se place entre ces deux feux pour les empêcher de s'unir. Si ce n'était pas de cela, la pauvre humanité tout entière connaîtrait sa fin. C'est pourquoi, laisse-Moi continuer ; Je serai avec toi pour te donner la force.»"
A-Q00481,PASSION24.TEXT.RELATED_HOUR_19,guillemet,1,PASSION24.TEXT.RELATED_HOUR_19.BODY.P076,366,PASSION24.TEXT.RELATED_HOUR_19.BODY.P080,337,True,JESUS,OUTSIDE,True,True,HIDDEN,PASSION24.TEXT.RELATED_HOUR_19.BODY.P077,0,JESUS,PASSION24.TEXT.RELATED_HOUR_19.BODY.P080,335,JESUS,HIDDEN,HIDDEN_OUTER_WRAPPER,HIDDEN|JESUS|JESUS|HIDDEN,NO_DIVINE_PARENT; ACTIVE_ADJUDICATION_OR_SPEECH_DATA,PASS,,"« … Le degré de la tension était tel que le moindre mouvement Me donnait une douleur mortelle. Par moments, Je restais immobile. À d'autres, Mon Corps était tellement contorsionné que Je tremblais comme une feuille, au point que Mes propres ennemis en étaient terrifiés. Prends donc courage. C'est Ma Volonté qui te donnera la force en tout.»"
A-Q00482,PASSION24.TEXT.RELATED_HOUR_20,guillemet,1,PASSION24.TEXT.RELATED_HOUR_20.BODY.P007,63,PASSION24.TEXT.RELATED_HOUR_20.BODY.P015,104,True,JESUS,OUTSIDE,True,True,HIDDEN,PASSION24.TEXT.RELATED_HOUR_20.BODY.P008,0,JESUS,PASSION24.TEXT.RELATED_HOUR_20.BODY.P015,102,JESUS,HIDDEN,HIDDEN_OUTER_WRAPPER,HIDDEN|JESUS|JESUS|HIDDEN,NO_DIVINE_PARENT; ACTIVE_ADJUDICATION_OR_SPEECH_DATA,PASS,,« … Je vais déposer en toi tout ce que la Volonté suprême a fait en Moi afin que tu puisses tout reproduire.»
A-Q00484,PASSION24.TEXT.RELATED_HOUR_20,guillemet,1,PASSION24.TEXT.RELATED_HOUR_20.BODY.P016,119,PASSION24.TEXT.RELATED_HOUR_20.BODY.P018,131,True,JESUS,OUTSIDE,True,True,HIDDEN,PASSION24.TEXT.RELATED_HOUR_20.BODY.P017,0,JESUS,PASSION24.TEXT.RELATED_HOUR_20.BODY.P018,129,JESUS,HIDDEN,HIDDEN_OUTER_WRAPPER,HIDDEN|JESUS|JESUS|HIDDEN,NO_DIVINE_PARENT; ACTIVE_ADJUDICATION_OR_SPEECH_DATA,PASS,,"« … Ma Volonté englobe non pas une seule, mais toutes les créatures. Néanmoins, celui qui est mieux disposé reçoit plus que les autres.»"
A-Q00485,PASSION24.TEXT.RELATED_HOUR_20,guillemet,1,PASSION24.TEXT.RELATED_HOUR_20.BODY.P020,54,PASSION24.TEXT.RELATED_HOUR_20.BODY.P021,49,True,JESUS,OUTSIDE,True,True,HIDDEN,PASSION24.TEXT.RELATED_HOUR_20.BODY.P021,0,JESUS,PASSION24.TEXT.RELATED_HOUR_20.BODY.P021,47,JESUS,HIDDEN,HIDDEN_OUTER_WRAPPER,HIDDEN|JESUS|JESUS|HIDDEN,NO_DIVINE_PARENT; ACTIVE_ADJUDICATION_OR_SPEECH_DATA,PASS,,"« … Ma fille, Je t'apporte le baiser de tout le Ciel.»"
A-Q00486,PASSION24.TEXT.RELATED_HOUR_20,guillemet,1,PASSION24.TEXT.RELATED_HOUR_20.BODY.P022,33,PASSION24.TEXT.RELATED_HOUR_20.BODY.P023,107,True,JESUS,OUTSIDE,True,True,HIDDEN,PASSION24.TEXT.RELATED_HOUR_20.BODY.P023,0,JESUS,PASSION24.TEXT.RELATED_HOUR_20.BODY.P023,105,JESUS,HIDDEN,HIDDEN_OUTER_WRAPPER,HIDDEN|JESUS|JESUS|HIDDEN,NO_DIVINE_PARENT; ACTIVE_ADJUDICATION_OR_SPEECH_DATA,PASS,,"« … Étant dans Ma Volonté, le Ciel est l'écho de tous Mes actes, c'est-à-dire qu'il répète tout ce que Je fais.»"
A-Q00487,PASSION24.TEXT.RELATED_HOUR_20,guillemet,1,PASSION24.TEXT.RELATED_HOUR_20.BODY.P023,177,PASSION24.TEXT.RELATED_HOUR_20.BODY.P024,312,True,JESUS,OUTSIDE,True,True,HIDDEN,PASSION24.TEXT.RELATED_HOUR_20.BODY.P024,0,JESUS,PASSION24.TEXT.RELATED_HOUR_20.BODY.P024,310,JESUS,HIDDEN,HIDDEN_OUTER_WRAPPER,HIDDEN|JESUS|JESUS|HIDDEN,NO_DIVINE_PARENT; ACTIVE_ADJUDICATION_OR_SPEECH_DATA,PASS,,"« … Ma fille, rends-Moi le baiser que Je t'ai donné. Car tout le Ciel, Ma Mère, le Père céleste et l'Esprit Saint attendent ce retour. En effet, comme, à travers Ma Volonté, un acte issu d'Eux a rejoint une créature en exil, ils languissent après un retour de la part de cette créature, à travers cette même Volonté.»"
A-Q00488,PASSION24.TEXT.RELATED_HOUR_20,guillemet,1,PASSION24.TEXT.RELATED_HOUR_20.BODY.P024,607,PASSION24.TEXT.RELATED_HOUR_20.BODY.P028,412,True,JESUS,OUTSIDE,True,True,HIDDEN,PASSION24.TEXT.RELATED_HOUR_20.BODY.P025,0,JESUS,PASSION24.TEXT.RELATED_HOUR_20.BODY.P028,410,JESUS,HIDDEN,HIDDEN_OUTER_WRAPPER,HIDDEN|JESUS|JESUS|HIDDEN,NO_DIVINE_PARENT; ACTIVE_ADJUDICATION_OR_SPEECH_DATA,PASS,,"« … Un tel acte doit avoir un retour, sans quoi, tous auraient de la peine en constatant qu'un Acte divin auquel ils ont participé n'a pas eu de retour. À l'instar d'un fort son de cloche, un Acte fait dans Ma Volonté attire d'abord l'attention de tous, puis se répète et se répète avec douceur. À travers lui, tous décèlent une âme agissant dans Ma Volonté et elles reçoivent la gloire et l'honneur d'un Acte divin.»"
A-Q00491,PASSION24.TEXT.RELATED_HOUR_20,straight_double,2,PASSION24.TEXT.RELATED_HOUR_20.BODY.P032,255,PASSION24.TEXT.RELATED_HOUR_20.BODY.P032,269,False,JESUS,JESUS,False,False,JESUS,PASSION24.TEXT.RELATED_HOUR_20.BODY.P032,256,JESUS,PASSION24.TEXT.RELATED_HOUR_20.BODY.P032,268,JESUS,JESUS,MEANINGFUL_NESTED_QUOTE_INHERITS_JESUS,JESUS|JESUS|JESUS|JESUS,OPENER_ALREADY_DIVINE; ACTIVE_ADJUDICATION_OR_SPEECH_DATA,PASS,,"""peine, pardon"""
A-Q00490,PASSION24.TEXT.RELATED_HOUR_20,guillemet,1,PASSION24.TEXT.RELATED_HOUR_20.BODY.P030,233,PASSION24.TEXT.RELATED_HOUR_20.BODY.P032,396,True,JESUS,OUTSIDE,True,True,HIDDEN,PASSION24.TEXT.RELATED_HOUR_20.BODY.P031,0,JESUS,PASSION24.TEXT.RELATED_HOUR_20.BODY.P032,394,JESUS,HIDDEN,HIDDEN_OUTER_WRAPPER,HIDDEN|JESUS|JESUS|HIDDEN,NO_DIVINE_PARENT; ACTIVE_ADJUDICATION_OR_SPEECH_DATA,PASS,,"« … Cependant, combien M'offensent et n'en éprouvent aucune peine ! Merci, Ma fille, de venir dans Ma Volonté accompagner Mes peines et Mes pardons. Continue de circuler dans Ma Volonté et, en faisant tiens Mes peines et Mes pardons, crie pour chaque offense ""peine, pardon"", de sorte que Je ne sois pas seul à M'affliger et à pardonner, mais que Je sois accompagné par la Petite Fille de Ma Volonté.»"
A-Q00492,PASSION24.TEXT.RELATED_HOUR_21,guillemet,1,PASSION24.TEXT.RELATED_HOUR_21.BODY.P049,12,PASSION24.TEXT.RELATED_HOUR_21.BODY.P050,221,True,JESUS,OUTSIDE,True,True,HIDDEN,PASSION24.TEXT.RELATED_HOUR_21.BODY.P049,13,JESUS,PASSION24.TEXT.RELATED_HOUR_21.BODY.P050,219,JESUS,HIDDEN,HIDDEN_OUTER_WRAPPER,HIDDEN|JESUS|JESUS|HIDDEN,NO_DIVINE_PARENT; ACTIVE_ADJUDICATION_OR_SPEECH_DATA,PASS,,"«Ah ! Ma fille, les choses empirent. Comme une tornade, … Je viendrai tout ébranler. Ça durera le temps d'une tornade et ça se terminera comme une tornade. Le gouvernement italien sent le sol se dérober sous ses pieds et il ne sait que faire : c'est la Justice de Dieu en action.»"
A-Q00495,PASSION24.TEXT.RELATED_HOUR_21,guillemet,1,PASSION24.TEXT.RELATED_HOUR_21.BODY.P056,12,PASSION24.TEXT.RELATED_HOUR_21.BODY.P056,97,False,JESUS,OUTSIDE,True,True,HIDDEN,PASSION24.TEXT.RELATED_HOUR_21.BODY.P056,13,JESUS,PASSION24.TEXT.RELATED_HOUR_21.BODY.P056,95,JESUS,HIDDEN,HIDDEN_OUTER_WRAPPER,HIDDEN|JESUS|JESUS|HIDDEN,NO_DIVINE_PARENT; ACTIVE_ADJUDICATION_OR_SPEECH_DATA,PASS,,"«Ma fille, J'attendais avec impatience cette prière au nom de toutes les générations.»"
A-Q00496,PASSION24.TEXT.RELATED_HOUR_21,guillemet,1,PASSION24.TEXT.RELATED_HOUR_21.BODY.P057,12,PASSION24.TEXT.RELATED_HOUR_21.BODY.P057,259,False,JESUS,OUTSIDE,True,True,HIDDEN,PASSION24.TEXT.RELATED_HOUR_21.BODY.P057,13,JESUS,PASSION24.TEXT.RELATED_HOUR_21.BODY.P057,257,JESUS,HIDDEN,HIDDEN_OUTER_WRAPPER,HIDDEN|JESUS|JESUS|HIDDEN,NO_DIVINE_PARENT; ACTIVE_ADJUDICATION_OR_SPEECH_DATA,PASS,,"«Si ce n'est pas le cas, rien n'est terminé. Ma Justice et Mon Amour ressentaient le besoin de ce retour. Parce que les grâces qui descendent sur tous par Ma chère Maman sont très grandes. Et on ne M'a jamais donné une parole, un merci à ce sujet.»"
A-Q00498,PASSION24.TEXT.RELATED_HOUR_21,guillemet,1,PASSION24.TEXT.RELATED_HOUR_21.BODY.P059,25,PASSION24.TEXT.RELATED_HOUR_21.BODY.P059,93,False,JESUS,OUTSIDE,True,True,HIDDEN,PASSION24.TEXT.RELATED_HOUR_21.BODY.P059,26,JESUS,PASSION24.TEXT.RELATED_HOUR_21.BODY.P059,90,JESUS,HIDDEN,HIDDEN_OUTER_WRAPPER,HIDDEN|JESUS|JESUS|HIDDEN,NO_DIVINE_PARENT; ACTIVE_ADJUDICATION_OR_SPEECH_DATA,PASS,,«Aurais-Tu par hasard cessé de M'aimer et de vivre dans Ma Volonté ?»
A-Q00506,PASSION24.TEXT.RELATED_HOUR_21,straight_double,2,PASSION24.TEXT.RELATED_HOUR_21.BODY.P083,34,PASSION24.TEXT.RELATED_HOUR_21.BODY.P083,44,False,MARY,MARY,False,False,MARY,PASSION24.TEXT.RELATED_HOUR_21.BODY.P083,35,MARY,PASSION24.TEXT.RELATED_HOUR_21.BODY.P083,43,MARY,MARY,MEANINGFUL_NESTED_QUOTE_INHERITS_MARY,MARY|MARY|MARY|MARY,OPENER_ALREADY_DIVINE; ACTIVE_ADJUDICATION_OR_SPEECH_DATA,PASS,,"""je t'aime"""
A-Q00505,PASSION24.TEXT.RELATED_HOUR_21,guillemet,1,PASSION24.TEXT.RELATED_HOUR_21.BODY.P082,19,PASSION24.TEXT.RELATED_HOUR_21.BODY.P085,53,True,MARY,OUTSIDE,True,True,HIDDEN,PASSION24.TEXT.RELATED_HOUR_21.BODY.P083,0,MARY,PASSION24.TEXT.RELATED_HOUR_21.BODY.P085,51,MARY,HIDDEN,HIDDEN_OUTER_WRAPPER,HIDDEN|MARY|MARY|HIDDEN,NO_DIVINE_PARENT; ACTIVE_ADJUDICATION_OR_SPEECH_DATA,PASS,,« … Et je serai généreuse dans mes faveurs à ton endroit.»
A-Q00508,PASSION24.TEXT.RELATED_HOUR_21,guillemet,1,PASSION24.TEXT.RELATED_HOUR_21.BODY.P088,122,PASSION24.TEXT.RELATED_HOUR_21.BODY.P090,281,True,JESUS,OUTSIDE,True,True,HIDDEN,PASSION24.TEXT.RELATED_HOUR_21.BODY.P089,0,JESUS,PASSION24.TEXT.RELATED_HOUR_21.BODY.P090,278,JESUS,HIDDEN,HIDDEN_OUTER_WRAPPER,HIDDEN|JESUS|JESUS|HIDDEN,NO_DIVINE_PARENT; ACTIVE_ADJUDICATION_OR_SPEECH_DATA,PASS,,"« … Ô Père, accepte sa souffrance unie à celle que J'ai ressentie sur la Croix quand J'étais complètement abandonné, même par toi. Accorde que la privation de Ma Présence qu'elle ressent soit Lumière et Vie divine pour les âmes et leur procure tout ce que J'ai mérité par Mon abandon !»"
A-Q00511,PASSION24.TEXT.RELATED_HOUR_21,straight_double,2,PASSION24.TEXT.RELATED_HOUR_21.BODY.P094,114,PASSION24.TEXT.RELATED_HOUR_21.BODY.P094,127,False,OTHER,JESUS,False,False,JESUS,PASSION24.TEXT.RELATED_HOUR_21.BODY.P094,115,JESUS,PASSION24.TEXT.RELATED_HOUR_21.BODY.P094,124,JESUS,JESUS,MEANINGFUL_NESTED_QUOTE_INHERITS_JESUS,JESUS|JESUS|JESUS|JESUS,OPENER_ALREADY_DIVINE; ACTIVE_ADJUDICATION_OR_SPEECH_DATA,PASS,,"""Âmes, âmes !"""
A-Q00512,PASSION24.TEXT.RELATED_HOUR_21,straight_double,2,PASSION24.TEXT.RELATED_HOUR_21.BODY.P094,242,PASSION24.TEXT.RELATED_HOUR_21.BODY.P094,267,False,JESUS,JESUS,False,False,JESUS,PASSION24.TEXT.RELATED_HOUR_21.BODY.P094,243,JESUS,PASSION24.TEXT.RELATED_HOUR_21.BODY.P094,264,JESUS,JESUS,MEANINGFUL_NESTED_QUOTE_INHERITS_JESUS,JESUS|JESUS|JESUS|JESUS,OPENER_ALREADY_DIVINE; ACTIVE_ADJUDICATION_OR_SPEECH_DATA,PASS,,"""Sois sauvé, sois sauvé !"""
A-Q00510,PASSION24.TEXT.RELATED_HOUR_21,guillemet,1,PASSION24.TEXT.RELATED_HOUR_21.BODY.P093,53,PASSION24.TEXT.RELATED_HOUR_21.BODY.P096,74,True,JESUS,OUTSIDE,True,True,HIDDEN,PASSION24.TEXT.RELATED_HOUR_21.BODY.P093,54,JESUS,PASSION24.TEXT.RELATED_HOUR_21.BODY.P096,71,JESUS,HIDDEN,HIDDEN_OUTER_WRAPPER,HIDDEN|JESUS|JESUS|HIDDEN,NO_DIVINE_PARENT; ACTIVE_ADJUDICATION_OR_SPEECH_DATA,PASS,,"«Ma fille et Mon refuge, quelle douce harmonie ta souffrance a causée aujourd'hui dans Ma Volonté ! Ma Volonté est au Ciel et ta douleur, se trouvant dans Ma Volonté, a eu son écho dans le Ciel et réclamé des âmes à la Très Sainte Trinité. … Vois quel grand bien a résulté de tes souffrances vécues dans Ma Volonté !»"
A-Q00515,PASSION24.TEXT.RELATED_HOUR_21,guillemet,1,PASSION24.TEXT.RELATED_HOUR_21.BODY.P102,32,PASSION24.TEXT.RELATED_HOUR_21.BODY.P108,1130,True,JESUS,OUTSIDE,True,True,HIDDEN,PASSION24.TEXT.RELATED_HOUR_21.BODY.P103,0,JESUS,PASSION24.TEXT.RELATED_HOUR_21.BODY.P108,1128,JESUS,HIDDEN,HIDDEN_OUTER_WRAPPER,HIDDEN|JESUS|JESUS|HIDDEN,NO_DIVINE_PARENT; ACTIVE_ADJUDICATION_OR_SPEECH_DATA,PASS,,"« … Ma Divinité n'était que spectatrice des peines et des morts que Je traversais. De plus, Ma Divinité était un juge inexorable demandant rétribution pour les fautes des créatures. Oh ! Comme Mon Humanité tremblait ! Quand Je Me suis vu chargé de la culpabilité de tous, avec les afflictions et les morts que chaque créature méritait, J'étais broyé devant la Majesté Suprême. C'était la plus grande affliction de Ma vie"
A-Q00517,PASSION24.TEXT.RELATED_HOUR_21,guillemet,1,PASSION24.TEXT.RELATED_HOUR_21.BODY.P113,12,PASSION24.TEXT.RELATED_HOUR_21.BODY.P123,224,True,JESUS,OUTSIDE,True,True,HIDDEN,PASSION24.TEXT.RELATED_HOUR_21.BODY.P114,0,JESUS,PASSION24.TEXT.RELATED_HOUR_21.BODY.P123,222,JESUS,HIDDEN,HIDDEN_OUTER_WRAPPER,HIDDEN|JESUS|JESUS|HIDDEN,NO_DIVINE_PARENT; ACTIVE_ADJUDICATION_OR_SPEECH_DATA,PASS,,"« … Par conséquent, ta souffrance devrait te consoler parce qu'elle est un signe certain que Je suis venu à toi, que tu Me connais et que ton Jésus veut t'accorder la gloire, les bienfaits et le bonheur que les autres rejettent.»"
A-Q00518,PASSION24.TEXT.RELATED_HOUR_21,guillemet,1,PASSION24.TEXT.RELATED_HOUR_21.BODY.P147,165,PASSION24.TEXT.RELATED_HOUR_21.BODY.P147,195,False,PERSONIFIED_VOICE,JESUS,False,False,JESUS,PASSION24.TEXT.RELATED_HOUR_21.BODY.P147,167,JESUS,PASSION24.TEXT.RELATED_HOUR_21.BODY.P147,192,JESUS,JESUS,MEANINGFUL_NESTED_QUOTE_INHERITS_JESUS,JESUS|JESUS|JESUS|JESUS,OPENER_ALREADY_DIVINE; ACTIVE_ADJUDICATION_OR_SPEECH_DATA,PASS,,"« Je vous aime, je vous aime. »"
A-Q00519,PASSION24.TEXT.RELATED_HOUR_21,guillemet,1,PASSION24.TEXT.RELATED_HOUR_21.BODY.P169,171,PASSION24.TEXT.RELATED_HOUR_21.BODY.P169,241,False,UNRESOLVED,JESUS,False,False,JESUS,PASSION24.TEXT.RELATED_HOUR_21.BODY.P169,173,JESUS,PASSION24.TEXT.RELATED_HOUR_21.BODY.P169,238,JESUS,JESUS,MEANINGFUL_NESTED_QUOTE_INHERITS_JESUS,JESUS|JESUS|JESUS|JESUS,OPENER_ALREADY_DIVINE; NO_ACTIVE_SEMANTIC_RANGE,PASS,,"« Adieu, la terre est finie pour toi. Maintenant commence l’éternité. »"
A-Q00520,PASSION24.TEXT.RELATED_HOUR_21,guillemet,1,PASSION24.TEXT.RELATED_HOUR_21.BODY.P170,97,PASSION24.TEXT.RELATED_HOUR_21.BODY.P170,233,False,JESUS,JESUS,False,False,JESUS,PASSION24.TEXT.RELATED_HOUR_21.BODY.P170,99,JESUS,PASSION24.TEXT.RELATED_HOUR_21.BODY.P170,230,JESUS,JESUS,MEANINGFUL_NESTED_QUOTE_INHERITS_JESUS,JESUS|JESUS|JESUS|JESUS,OPENER_ALREADY_DIVINE; ACTIVE_ADJUDICATION_OR_SPEECH_DATA,PASS,,"« Derrière cette porte, il y a une autre chambre dans laquelle se trouvent Dieu, le Ciel, le Purgatoire, l’Enfer, en somme, l’éternité. »"
A-Q00522,PASSION24.TEXT.SHARED_T09_1910_07_04_AGONY_CROSS_LAST_BREATH,guillemet,2,PASSION24.TEXT.SHARED_T09_1910_07_04_AGONY_CROSS_LAST_BREATH.BODY.P008,19,PASSION24.TEXT.SHARED_T09_1910_07_04_AGONY_CROSS_LAST_BREATH.BODY.P008,27,False,JESUS,JESUS,False,False,JESUS,PASSION24.TEXT.SHARED_T09_1910_07_04_AGONY_CROSS_LAST_BREATH.BODY.P008,20,JESUS,PASSION24.TEXT.SHARED_T09_1910_07_04_AGONY_CROSS_LAST_BREATH.BODY.P008,24,JESUS,JESUS,MEANINGFUL_NESTED_QUOTE_INHERITS_JESUS,JESUS|JESUS|JESUS|JESUS,OPENER_ALREADY_DIVINE; ACTIVE_ADJUDICATION_OR_SPEECH_DATA,PASS,,«Sitio !»
A-Q00523,PASSION24.TEXT.SHARED_T09_1910_07_04_AGONY_CROSS_LAST_BREATH,guillemet,2,PASSION24.TEXT.SHARED_T09_1910_07_04_AGONY_CROSS_LAST_BREATH.BODY.P008,30,PASSION24.TEXT.SHARED_T09_1910_07_04_AGONY_CROSS_LAST_BREATH.BODY.P008,42,False,JESUS,JESUS,False,False,JESUS,PASSION24.TEXT.SHARED_T09_1910_07_04_AGONY_CROSS_LAST_BREATH.BODY.P008,31,JESUS,PASSION24.TEXT.SHARED_T09_1910_07_04_AGONY_CROSS_LAST_BREATH.BODY.P008,39,JESUS,JESUS,MEANINGFUL_NESTED_QUOTE_INHERITS_JESUS,JESUS|JESUS|JESUS|JESUS,OPENER_ALREADY_DIVINE; ACTIVE_ADJUDICATION_OR_SPEECH_DATA,PASS,,«J'ai soif !»
A-Q00524,PASSION24.TEXT.SHARED_T09_1910_07_04_AGONY_CROSS_LAST_BREATH,guillemet,2,PASSION24.TEXT.SHARED_T09_1910_07_04_AGONY_CROSS_LAST_BREATH.BODY.P009,93,PASSION24.TEXT.SHARED_T09_1910_07_04_AGONY_CROSS_LAST_BREATH.BODY.P009,101,False,JESUS,JESUS,False,False,JESUS,PASSION24.TEXT.SHARED_T09_1910_07_04_AGONY_CROSS_LAST_BREATH.BODY.P009,94,JESUS,PASSION24.TEXT.SHARED_T09_1910_07_04_AGONY_CROSS_LAST_BREATH.BODY.P009,98,JESUS,JESUS,MEANINGFUL_NESTED_QUOTE_INHERITS_JESUS,JESUS|JESUS|JESUS|JESUS,OPENER_ALREADY_DIVINE; ACTIVE_ADJUDICATION_OR_SPEECH_DATA,PASS,,«Sitio !»
A-Q00525,PASSION24.TEXT.SHARED_T09_1910_07_04_AGONY_CROSS_LAST_BREATH,guillemet,2,PASSION24.TEXT.SHARED_T09_1910_07_04_AGONY_CROSS_LAST_BREATH.BODY.P010,3,PASSION24.TEXT.SHARED_T09_1910_07_04_AGONY_CROSS_LAST_BREATH.BODY.P010,11,False,JESUS,JESUS,False,False,JESUS,PASSION24.TEXT.SHARED_T09_1910_07_04_AGONY_CROSS_LAST_BREATH.BODY.P010,4,JESUS,PASSION24.TEXT.SHARED_T09_1910_07_04_AGONY_CROSS_LAST_BREATH.BODY.P010,8,JESUS,JESUS,MEANINGFUL_NESTED_QUOTE_INHERITS_JESUS,JESUS|JESUS|JESUS|JESUS,OPENER_ALREADY_DIVINE; ACTIVE_ADJUDICATION_OR_SPEECH_DATA,PASS,,«Sitio !»
A-Q00526,PASSION24.TEXT.SHARED_T09_1910_07_04_AGONY_CROSS_LAST_BREATH,straight_double,2,PASSION24.TEXT.SHARED_T09_1910_07_04_AGONY_CROSS_LAST_BREATH.BODY.P010,111,PASSION24.TEXT.SHARED_T09_1910_07_04_AGONY_CROSS_LAST_BREATH.BODY.P011,95,True,JESUS,JESUS,False,False,JESUS,PASSION24.TEXT.SHARED_T09_1910_07_04_AGONY_CROSS_LAST_BREATH.BODY.P011,0,JESUS,PASSION24.TEXT.SHARED_T09_1910_07_04_AGONY_CROSS_LAST_BREATH.BODY.P011,93,JESUS,JESUS,MEANINGFUL_NESTED_QUOTE_INHERITS_JESUS,JESUS|JESUS|JESUS|JESUS,OPENER_ALREADY_DIVINE; ACTIVE_ADJUDICATION_OR_SPEECH_DATA,PASS,,""" … J'ai soif de toi, ô âme. De grâce, ne sors jamais de Moi, mais entre en Moi et expire avec Moi."""
A-Q00521,PASSION24.TEXT.SHARED_T09_1910_07_04_AGONY_CROSS_LAST_BREATH,guillemet,1,PASSION24.TEXT.SHARED_T09_1910_07_04_AGONY_CROSS_LAST_BREATH.BODY.P003,12,PASSION24.TEXT.SHARED_T09_1910_07_04_AGONY_CROSS_LAST_BREATH.BODY.P019,467,True,JESUS,OUTSIDE,True,True,HIDDEN,PASSION24.TEXT.SHARED_T09_1910_07_04_AGONY_CROSS_LAST_BREATH.BODY.P003,13,JESUS,PASSION24.TEXT.SHARED_T09_1910_07_04_AGONY_CROSS_LAST_BREATH.BODY.P019,465,JESUS,HIDDEN,HIDDEN_OUTER_WRAPPER,HIDDEN|JESUS|JESUS|HIDDEN,NO_DIVINE_PARENT; ACTIVE_ADJUDICATION_OR_SPEECH_DATA,PASS,,"«Ma fille, pour aider spécialement les mourants à bien mourir. Vois comment cette Agonie correspond bien à l'agonie des chrétiens : lassitude, tristesse, angoisse et sueurs de sang. … Mais, dès qu'ils meurent, comme ces voiles ne sont plus nécessaires, Je les retire et les doutes deviennent des certitudes, la lumière se fait pleine et fait apprécier leur héroïsme. On commence alors à tout estimer en eux, même les plu"
A-Q00529,PASSION24.TEXT.RELATED_HOUR_22,guillemet,1,PASSION24.TEXT.RELATED_HOUR_22.BODY.P009,135,PASSION24.TEXT.RELATED_HOUR_22.BODY.P013,197,True,JESUS,OUTSIDE,True,True,HIDDEN,PASSION24.TEXT.RELATED_HOUR_22.BODY.P009,136,JESUS,PASSION24.TEXT.RELATED_HOUR_22.BODY.P013,195,JESUS,HIDDEN,HIDDEN_OUTER_WRAPPER,HIDDEN|JESUS|JESUS|HIDDEN,NO_DIVINE_PARENT; ACTIVE_ADJUDICATION_OR_SPEECH_DATA,PASS,,"«Ma fille, si la volonté ne veut que Moi, si l'intelligence ne s'intéresse qu'à Me connaître, si la mémoire ne se remémore que Moi, voilà la manière d'être consumé dans l'Amour par les trois facultés de l'âme. … Même chose pour la langue : si elle doit parler de l'Amour, elle sent beaucoup de Lumière en ses Paroles et elle devient éloquente Sinon, elle se met à bégayer et devient muette. Et ainsi de suite.»"
A-Q00530,PASSION24.TEXT.RELATED_HOUR_22,guillemet,1,PASSION24.TEXT.RELATED_HOUR_22.BODY.P015,73,PASSION24.TEXT.RELATED_HOUR_22.BODY.P022,193,True,JESUS,OUTSIDE,True,True,HIDDEN,PASSION24.TEXT.RELATED_HOUR_22.BODY.P016,0,JESUS,PASSION24.TEXT.RELATED_HOUR_22.BODY.P022,191,JESUS,HIDDEN,HIDDEN_OUTER_WRAPPER,HIDDEN|JESUS|JESUS|HIDDEN,NO_DIVINE_PARENT; ACTIVE_ADJUDICATION_OR_SPEECH_DATA,PASS,,"« … Lorsque Je les bénis, d'autres sont bénies à travers elles. Elles sont les premières à bénéficier de Mes Grâces et de Mon Amour. Et, à travers elles, d'autres reçoivent Mes Grâces et Mon Amour.»"
A-Q00533,PASSION24.TEXT.RELATED_HOUR_22,straight_double,2,PASSION24.TEXT.RELATED_HOUR_22.BODY.P028,14,PASSION24.TEXT.RELATED_HOUR_22.BODY.P028,171,False,JESUS,JESUS,False,False,JESUS,PASSION24.TEXT.RELATED_HOUR_22.BODY.P028,15,JESUS,PASSION24.TEXT.RELATED_HOUR_22.BODY.P028,169,JESUS,JESUS,MEANINGFUL_NESTED_QUOTE_INHERITS_JESUS,JESUS|JESUS|JESUS|JESUS,OPENER_ALREADY_DIVINE; ACTIVE_ADJUDICATION_OR_SPEECH_DATA,PASS,,"""Voyez combien Je vous aime. Mon immolation sur la Croix ne suffit pas à Mon Amour. Je veux aussi Me consumer d'Amour pour vous en cette âme qui M'accueille."""
A-Q00532,PASSION24.TEXT.RELATED_HOUR_22,guillemet,1,PASSION24.TEXT.RELATED_HOUR_22.BODY.P025,137,PASSION24.TEXT.RELATED_HOUR_22.BODY.P034,77,True,JESUS,OUTSIDE,True,True,HIDDEN,PASSION24.TEXT.RELATED_HOUR_22.BODY.P026,0,JESUS,PASSION24.TEXT.RELATED_HOUR_22.BODY.P034,75,JESUS,HIDDEN,HIDDEN_OUTER_WRAPPER,HIDDEN|JESUS|JESUS|HIDDEN,NO_DIVINE_PARENT; ACTIVE_ADJUDICATION_OR_SPEECH_DATA,PASS,,"« … Donc, laisse-Moi faire ce que Je veux en toi et Ma Vie se développera en toi.»"
A-Q00535,PASSION24.TEXT.RELATED_HOUR_22,guillemet,1,PASSION24.TEXT.RELATED_HOUR_22.BODY.P036,49,PASSION24.TEXT.RELATED_HOUR_22.BODY.P037,75,True,JESUS,OUTSIDE,True,True,HIDDEN,PASSION24.TEXT.RELATED_HOUR_22.BODY.P036,50,JESUS,PASSION24.TEXT.RELATED_HOUR_22.BODY.P037,73,JESUS,HIDDEN,HIDDEN_OUTER_WRAPPER,HIDDEN|JESUS|JESUS|HIDDEN,NO_DIVINE_PARENT; ACTIVE_ADJUDICATION_OR_SPEECH_DATA,PASS,,"«Sois calme et ne dis pas de sottises. Je ne T'ai pas laissée. Je reste dans les profondeurs de ton âme. C'est pour cela que tu ne Me vois pas. Quand tu Me vois, c'est que Je suis à la surface de ton âme. Ne sois pas distraite. … Je te veux toute attentive à Moi, toujours disponible pour le bien de tous.»"
A-Q00536,PASSION24.TEXT.RELATED_HOUR_22,guillemet,1,PASSION24.TEXT.RELATED_HOUR_22.BODY.P039,176,PASSION24.TEXT.RELATED_HOUR_22.BODY.P050,181,True,JESUS,OUTSIDE,True,True,HIDDEN,PASSION24.TEXT.RELATED_HOUR_22.BODY.P040,0,JESUS,PASSION24.TEXT.RELATED_HOUR_22.BODY.P050,179,JESUS,HIDDEN,HIDDEN_OUTER_WRAPPER,HIDDEN|JESUS|JESUS|HIDDEN,NO_DIVINE_PARENT; ACTIVE_ADJUDICATION_OR_SPEECH_DATA,PASS,,« … Je les aime à ce point parce qu'ils sont Ma Progéniture. Mais les humains sont si ingrats qu'ils ne reconnaissent pas Celui qui leur a donné naissance avec tant d'Amour et de Peine.»
A-Q00537,PASSION24.TEXT.RELATED_HOUR_22,guillemet,1,PASSION24.TEXT.RELATED_HOUR_22.BODY.P054,12,PASSION24.TEXT.RELATED_HOUR_22.BODY.P057,106,True,JESUS,OUTSIDE,True,True,HIDDEN,PASSION24.TEXT.RELATED_HOUR_22.BODY.P054,13,JESUS,PASSION24.TEXT.RELATED_HOUR_22.BODY.P057,104,JESUS,HIDDEN,HIDDEN_OUTER_WRAPPER,HIDDEN|JESUS|JESUS|HIDDEN,NO_DIVINE_PARENT; ACTIVE_ADJUDICATION_OR_SPEECH_DATA,PASS,,"«Ma fille, Je brûle. L'amour Me consume. Si fort est Mon Amour ! … Mes morts par Amour sont continuelles. Pourtant, il n'y a personne qui M'offre son amour pour Me soulager.»"
A-Q00540,PASSION24.TEXT.RELATED_HOUR_22,guillemet,1,PASSION24.TEXT.RELATED_HOUR_22.BODY.P063,147,PASSION24.TEXT.RELATED_HOUR_22.BODY.P063,161,False,JESUS,JESUS,False,False,JESUS,PASSION24.TEXT.RELATED_HOUR_22.BODY.P063,149,JESUS,PASSION24.TEXT.RELATED_HOUR_22.BODY.P063,157,JESUS,JESUS,MEANINGFUL_NESTED_QUOTE_INHERITS_JESUS,JESUS|JESUS|JESUS|JESUS,OPENER_ALREADY_DIVINE; ACTIVE_ADJUDICATION_OR_SPEECH_DATA,PASS,,« J’ai soif ! »
A-Q00541,PASSION24.TEXT.RELATED_HOUR_22,guillemet,1,PASSION24.TEXT.RELATED_HOUR_22.BODY.P063,166,PASSION24.TEXT.RELATED_HOUR_22.BODY.P063,178,False,JESUS,JESUS,False,False,JESUS,PASSION24.TEXT.RELATED_HOUR_22.BODY.P063,168,JESUS,PASSION24.TEXT.RELATED_HOUR_22.BODY.P063,176,JESUS,JESUS,MEANINGFUL_NESTED_QUOTE_INHERITS_JESUS,JESUS|JESUS|JESUS|JESUS,OPENER_ALREADY_DIVINE; ACTIVE_ADJUDICATION_OR_SPEECH_DATA,PASS,,« J’ai soif »
A-Q00542,PASSION24.TEXT.RELATED_HOUR_22,guillemet,1,PASSION24.TEXT.RELATED_HOUR_22.BODY.P063,210,PASSION24.TEXT.RELATED_HOUR_22.BODY.P063,222,False,JESUS,JESUS,False,False,JESUS,PASSION24.TEXT.RELATED_HOUR_22.BODY.P063,212,JESUS,PASSION24.TEXT.RELATED_HOUR_22.BODY.P063,220,JESUS,JESUS,MEANINGFUL_NESTED_QUOTE_INHERITS_JESUS,JESUS|JESUS|JESUS|JESUS,OPENER_ALREADY_DIVINE; ACTIVE_ADJUDICATION_OR_SPEECH_DATA,PASS,,« J’ai soif »
A-Q00543,PASSION24.TEXT.RELATED_HOUR_22,guillemet,1,PASSION24.TEXT.RELATED_HOUR_22.BODY.P063,322,PASSION24.TEXT.RELATED_HOUR_22.BODY.P063,346,False,JESUS,JESUS,False,False,JESUS,PASSION24.TEXT.RELATED_HOUR_22.BODY.P063,324,JESUS,PASSION24.TEXT.RELATED_HOUR_22.BODY.P063,342,JESUS,JESUS,MEANINGFUL_NESTED_QUOTE_INHERITS_JESUS,JESUS|JESUS|JESUS|JESUS,OPENER_ALREADY_DIVINE; ACTIVE_ADJUDICATION_OR_SPEECH_DATA,PASS,,"« Je brûle, J’ai soif ! »"
A-Q00544,PASSION24.TEXT.RELATED_HOUR_22,guillemet,1,PASSION24.TEXT.RELATED_HOUR_22.BODY.P064,170,PASSION24.TEXT.RELATED_HOUR_22.BODY.P064,214,False,JESUS,JESUS,False,False,JESUS,PASSION24.TEXT.RELATED_HOUR_22.BODY.P064,172,JESUS,PASSION24.TEXT.RELATED_HOUR_22.BODY.P064,211,JESUS,JESUS,MEANINGFUL_NESTED_QUOTE_INHERITS_JESUS,JESUS|JESUS|JESUS|JESUS,OPENER_ALREADY_DIVINE; ACTIVE_ADJUDICATION_OR_SPEECH_DATA,PASS,,"« Donne-Moi à boire, J’ai une soif ardente. »"
A-Q00545,PASSION24.TEXT.RELATED_HOUR_22,guillemet,1,PASSION24.TEXT.RELATED_HOUR_22.BODY.P065,71,PASSION24.TEXT.RELATED_HOUR_22.BODY.P065,83,False,JESUS,JESUS,False,False,JESUS,PASSION24.TEXT.RELATED_HOUR_22.BODY.P065,73,JESUS,PASSION24.TEXT.RELATED_HOUR_22.BODY.P065,81,JESUS,JESUS,MEANINGFUL_NESTED_QUOTE_INHERITS_JESUS,JESUS|JESUS|JESUS|JESUS,OPENER_ALREADY_DIVINE; ACTIVE_ADJUDICATION_OR_SPEECH_DATA,PASS,,« J’ai soif »
A-Q00546,PASSION24.TEXT.RELATED_HOUR_22,guillemet,1,PASSION24.TEXT.RELATED_HOUR_22.BODY.P066,68,PASSION24.TEXT.RELATED_HOUR_22.BODY.P067,66,True,JESUS,JESUS,True,True,HIDDEN,PASSION24.TEXT.RELATED_HOUR_22.BODY.P067,0,JESUS,PASSION24.TEXT.RELATED_HOUR_22.BODY.P067,63,JESUS,HIDDEN,HIDDEN_OUTER_WRAPPER,HIDDEN|JESUS|JESUS|HIDDEN,IMMEDIATE_LEFT_DIVINE:PASSION24.TEXT.RELATED_HOUR_22.BODY.P066@66; ACTIVE_ADJUDICATION_OR_SPEECH_DATA,PASS,,« … Donne-Moi tes pas faits par amour pour Moi afin de Me désaltérer. »
A-Q00547,PASSION24.TEXT.RELATED_HOUR_22,guillemet,1,PASSION24.TEXT.RELATED_HOUR_22.BODY.P072,9,PASSION24.TEXT.RELATED_HOUR_22.BODY.P072,21,False,JESUS,JESUS,False,False,JESUS,PASSION24.TEXT.RELATED_HOUR_22.BODY.P072,11,JESUS,PASSION24.TEXT.RELATED_HOUR_22.BODY.P072,19,JESUS,JESUS,MEANINGFUL_NESTED_QUOTE_INHERITS_JESUS,JESUS|JESUS|JESUS|JESUS,OPENER_ALREADY_DIVINE; ACTIVE_ADJUDICATION_OR_SPEECH_DATA,PASS,,« J’ai soif »
A-Q00548,PASSION24.TEXT.RELATED_HOUR_22,guillemet,1,PASSION24.TEXT.RELATED_HOUR_22.BODY.P076,27,PASSION24.TEXT.RELATED_HOUR_22.BODY.P076,39,False,JESUS,JESUS,False,False,JESUS,PASSION24.TEXT.RELATED_HOUR_22.BODY.P076,29,JESUS,PASSION24.TEXT.RELATED_HOUR_22.BODY.P076,37,JESUS,JESUS,MEANINGFUL_NESTED_QUOTE_INHERITS_JESUS,JESUS|JESUS|JESUS|JESUS,OPENER_ALREADY_DIVINE; ACTIVE_ADJUDICATION_OR_SPEECH_DATA,PASS,,« J’ai soif »
A-Q00549,PASSION24.TEXT.RELATED_HOUR_22,guillemet,1,PASSION24.TEXT.RELATED_HOUR_22.BODY.P076,154,PASSION24.TEXT.RELATED_HOUR_22.BODY.P077,26,True,JESUS,JESUS,True,True,HIDDEN,PASSION24.TEXT.RELATED_HOUR_22.BODY.P077,0,JESUS,PASSION24.TEXT.RELATED_HOUR_22.BODY.P077,23,JESUS,HIDDEN,HIDDEN_OUTER_WRAPPER,HIDDEN|JESUS|JESUS|HIDDEN,IMMEDIATE_LEFT_DIVINE:PASSION24.TEXT.RELATED_HOUR_22.BODY.P076@152; ACTIVE_ADJUDICATION_OR_SPEECH_DATA,PASS,,"« … Maman, voici tes enfants. »"
A-Q00550,PASSION24.TEXT.RELATED_HOUR_22,curly_single,1,PASSION24.TEXT.RELATED_HOUR_22.BODY.P090,216,PASSION24.TEXT.RELATED_HOUR_22.BODY.P090,238,False,GENERIC_SOUL,JESUS,False,False,JESUS,PASSION24.TEXT.RELATED_HOUR_22.BODY.P090,217,JESUS,PASSION24.TEXT.RELATED_HOUR_22.BODY.P090,236,JESUS,JESUS,MEANINGFUL_NESTED_QUOTE_INHERITS_JESUS,JESUS|JESUS|JESUS|JESUS,OPENER_ALREADY_DIVINE; ACTIVE_ADJUDICATION_OR_SPEECH_DATA,PASS,,‘Ma nuit est terminée.’
A-Q00551,PASSION24.TEXT.RELATED_HOUR_22,guillemet,1,PASSION24.TEXT.RELATED_HOUR_22.BODY.P094,112,PASSION24.TEXT.RELATED_HOUR_22.BODY.P094,152,False,UNRESOLVED,JESUS,False,False,JESUS,PASSION24.TEXT.RELATED_HOUR_22.BODY.P094,114,JESUS,PASSION24.TEXT.RELATED_HOUR_22.BODY.P094,149,JESUS,JESUS,MEANINGFUL_NESTED_QUOTE_INHERITS_JESUS,JESUS|JESUS|JESUS|JESUS,OPENER_ALREADY_DIVINE; NO_ACTIVE_SEMANTIC_RANGE,PASS,,« Il est ressuscité. Il n’est plus ici. »
A-Q00552,PASSION24.TEXT.RELATED_HOUR_22,guillemet,1,PASSION24.TEXT.RELATED_HOUR_22.BODY.P095,63,PASSION24.TEXT.RELATED_HOUR_22.BODY.P095,132,False,UNRESOLVED,JESUS,False,False,JESUS,PASSION24.TEXT.RELATED_HOUR_22.BODY.P095,65,JESUS,PASSION24.TEXT.RELATED_HOUR_22.BODY.P095,129,JESUS,JESUS,MEANINGFUL_NESTED_QUOTE_INHERITS_JESUS,JESUS|JESUS|JESUS|JESUS,OPENER_ALREADY_DIVINE; NO_ACTIVE_SEMANTIC_RANGE,PASS,,« Ma volonté n’est plus avec moi. Elle est ressuscitée dans le Fiat. »
A-Q00553,PASSION24.TEXT.RELATED_HOUR_22,guillemet,1,PASSION24.TEXT.RELATED_HOUR_22.BODY.P095,303,PASSION24.TEXT.RELATED_HOUR_22.BODY.P096,95,True,UNRESOLVED,JESUS,False,False,JESUS,PASSION24.TEXT.RELATED_HOUR_22.BODY.P096,0,JESUS,PASSION24.TEXT.RELATED_HOUR_22.BODY.P096,92,JESUS,JESUS,MEANINGFUL_NESTED_QUOTE_INHERITS_JESUS,JESUS|JESUS|JESUS|JESUS,OPENER_ALREADY_DIVINE; NO_ACTIVE_SEMANTIC_RANGE,PASS,,« … Ma volonté est ressuscitée. Je ne l’ai plus en mon pouvoir. J’ai en échange la Divine Volonté. »
A-Q00554,PASSION24.TEXT.RELATED_HOUR_23,guillemet,1,PASSION24.TEXT.RELATED_HOUR_23.BODY.P007,168,PASSION24.TEXT.RELATED_HOUR_23.BODY.P030,133,True,JESUS,OUTSIDE,True,True,HIDDEN,PASSION24.TEXT.RELATED_HOUR_23.BODY.P008,0,JESUS,PASSION24.TEXT.RELATED_HOUR_23.BODY.P030,131,JESUS,HIDDEN,HIDDEN_OUTER_WRAPPER,HIDDEN|JESUS|JESUS|HIDDEN,NO_DIVINE_PARENT; ACTIVE_ADJUDICATION_OR_SPEECH_DATA,PASS,,"« … Ma fille, entre dans Mon Cœur et partage ces trois blessures avec Moi. Réconforte Mon Cœur déchiré et, ensemble, souffrons et prions.»"
A-Q00556,PASSION24.TEXT.RELATED_HOUR_23,guillemet,2,PASSION24.TEXT.RELATED_HOUR_23.BODY.P043,36,PASSION24.TEXT.RELATED_HOUR_23.BODY.P043,53,False,JESUS,JESUS,False,False,JESUS,PASSION24.TEXT.RELATED_HOUR_23.BODY.P043,37,JESUS,PASSION24.TEXT.RELATED_HOUR_23.BODY.P043,50,JESUS,JESUS,MEANINGFUL_NESTED_QUOTE_INHERITS_JESUS,JESUS|JESUS|JESUS|JESUS,OPENER_ALREADY_DIVINE; ACTIVE_ADJUDICATION_OR_SPEECH_DATA,PASS,,«Heureuse faute !»
A-Q00555,PASSION24.TEXT.RELATED_HOUR_23,guillemet,1,PASSION24.TEXT.RELATED_HOUR_23.BODY.P033,115,PASSION24.TEXT.RELATED_HOUR_23.BODY.P044,208,True,JESUS,OUTSIDE,True,True,HIDDEN,PASSION24.TEXT.RELATED_HOUR_23.BODY.P034,0,JESUS,PASSION24.TEXT.RELATED_HOUR_23.BODY.P044,205,JESUS,HIDDEN,HIDDEN_OUTER_WRAPPER,HIDDEN|JESUS|JESUS|HIDDEN,NO_DIVINE_PARENT; ACTIVE_ADJUDICATION_OR_SPEECH_DATA,PASS,,"« … Et Mon sein est toujours rempli pour nourrir Mes enfants. Combien sera sévère la condamnation de ceux qui Me rejettent, qui refusent de recevoir la Vie qui les ferait croître et couvrirait leurs difformités !»"
A-Q00558,PASSION24.TEXT.RELATED_HOUR_24,guillemet,1,PASSION24.TEXT.RELATED_HOUR_24.BODY.P008,40,PASSION24.TEXT.RELATED_HOUR_24.BODY.P008,118,False,JESUS,OUTSIDE,True,True,HIDDEN,PASSION24.TEXT.RELATED_HOUR_24.BODY.P008,41,JESUS,PASSION24.TEXT.RELATED_HOUR_24.BODY.P008,116,JESUS,HIDDEN,HIDDEN_OUTER_WRAPPER,HIDDEN|JESUS|JESUS|HIDDEN,NO_DIVINE_PARENT; ACTIVE_ADJUDICATION_OR_SPEECH_DATA,PASS,,"«Ma fille, pour chaque mot que tu as écrit, Je te donnerai un baiser, une âme.»"
A-Q00560,PASSION24.TEXT.RELATED_HOUR_24,guillemet,1,PASSION24.TEXT.RELATED_HOUR_24.BODY.P010,12,PASSION24.TEXT.RELATED_HOUR_24.BODY.P010,368,False,JESUS,OUTSIDE,True,True,HIDDEN,PASSION24.TEXT.RELATED_HOUR_24.BODY.P010,13,JESUS,PASSION24.TEXT.RELATED_HOUR_24.BODY.P010,366,JESUS,HIDDEN,HIDDEN_OUTER_WRAPPER,HIDDEN|JESUS|JESUS|HIDDEN,NO_DIVINE_PARENT; ACTIVE_ADJUDICATION_OR_SPEECH_DATA,PASS,,"«S'ils les font avec Moi dans Ma Volonté, Je leur donnerai aussi une âme pour chaque mot qu'ils réciteront. En fait, l'effet sera petit ou grand suivant la grandeur de leur union avec Moi. En les faisant dans Ma Volonté, la créature se cache en Elle. Comme c'est Ma Volonté qui agit, Je peux produire tous les biens que Je veux, même à travers un seul Mot.»"
A-Q00561,PASSION24.TEXT.RELATED_HOUR_24,guillemet,1,PASSION24.TEXT.RELATED_HOUR_24.BODY.P011,12,PASSION24.TEXT.RELATED_HOUR_24.BODY.P017,216,True,JESUS,OUTSIDE,True,True,HIDDEN,PASSION24.TEXT.RELATED_HOUR_24.BODY.P011,13,JESUS,PASSION24.TEXT.RELATED_HOUR_24.BODY.P017,214,JESUS,HIDDEN,HIDDEN_OUTER_WRAPPER,HIDDEN|JESUS|JESUS|HIDDEN,NO_DIVINE_PARENT; ACTIVE_ADJUDICATION_OR_SPEECH_DATA,PASS,,"«Ma fille, ne te plains pas. Même s'il n'y avait qu'une seule âme qui les faisait, tu devrais être contente. N'aurais-Je pas souffert Ma Passion au complet même s'il n'y avait eu qu'une âme qui allait être sauvée ? De même pour toi. … Oh ! comme J'aimerais que, dans chaque ville, il y ait au moins une âme qui fasse les Heures de Ma Passion ! Je M'entendrais ainsi dans chaque ville. Et Ma Justice, si indignée en ces t"
A-Q00562,PASSION24.TEXT.RELATED_HOUR_24,guillemet,1,PASSION24.TEXT.RELATED_HOUR_24.BODY.P019,59,PASSION24.TEXT.RELATED_HOUR_24.BODY.P021,150,True,JESUS,OUTSIDE,True,True,HIDDEN,PASSION24.TEXT.RELATED_HOUR_24.BODY.P020,0,JESUS,PASSION24.TEXT.RELATED_HOUR_24.BODY.P021,148,JESUS,HIDDEN,HIDDEN_OUTER_WRAPPER,HIDDEN|JESUS|JESUS|HIDDEN,NO_DIVINE_PARENT; ACTIVE_ADJUDICATION_OR_SPEECH_DATA,PASS,,"« … Sache que chaque fois que tu la fais, Ma Maman se sent comme si elle revivait sa vie terrestre et elle reçoit la gloire et l'amour qu'elle Me donnait.»"
A-Q00563,PASSION24.TEXT.RELATED_HOUR_24,guillemet,1,PASSION24.TEXT.RELATED_HOUR_24.BODY.P022,199,PASSION24.TEXT.RELATED_HOUR_24.BODY.P022,217,False,JESUS,OUTSIDE,True,True,HIDDEN,PASSION24.TEXT.RELATED_HOUR_24.BODY.P022,200,JESUS,PASSION24.TEXT.RELATED_HOUR_24.BODY.P022,216,JESUS,HIDDEN,HIDDEN_OUTER_WRAPPER,HIDDEN|JESUS|JESUS|HIDDEN,V101126_MIRROR_REBIND_OP-BEN-121-01; NO_DIVINE_PARENT; ACTIVE_ADJUDICATION_OR_SPEECH_DATA,PASS,,"«Ma maman, maman !»"
A-Q00567,PASSION24.TEXT.RELATED_HOUR_24,guillemet,1,PASSION24.TEXT.RELATED_HOUR_24.BODY.P053,57,PASSION24.TEXT.RELATED_HOUR_24.BODY.P054,94,True,JESUS,OUTSIDE,True,True,HIDDEN,PASSION24.TEXT.RELATED_HOUR_24.BODY.P054,0,JESUS,PASSION24.TEXT.RELATED_HOUR_24.BODY.P054,91,JESUS,HIDDEN,HIDDEN_OUTER_WRAPPER,HIDDEN|JESUS|JESUS|HIDDEN,NO_DIVINE_PARENT; ACTIVE_ADJUDICATION_OR_SPEECH_DATA,PASS,,"« … Ma fille, si tu savais avec quelle nourriture Ma Mère attristée nourrissait tous ses enfants !»"
A-Q00570,PASSION24.TEXT.RELATED_HOUR_24,straight_double,2,PASSION24.TEXT.RELATED_HOUR_24.BODY.P084,340,PASSION24.TEXT.RELATED_HOUR_24.BODY.P084,366,False,JESUS,JESUS,False,False,JESUS,PASSION24.TEXT.RELATED_HOUR_24.BODY.P084,341,JESUS,PASSION24.TEXT.RELATED_HOUR_24.BODY.P084,365,JESUS,JESUS,MEANINGFUL_NESTED_QUOTE_INHERITS_JESUS,JESUS|JESUS|JESUS|JESUS,OPENER_ALREADY_DIVINE; ACTIVE_ADJUDICATION_OR_SPEECH_DATA,PASS,,"""Que ta Volonté soit faite"""
A-Q00569,PASSION24.TEXT.RELATED_HOUR_24,guillemet,1,PASSION24.TEXT.RELATED_HOUR_24.BODY.P056,16,PASSION24.TEXT.RELATED_HOUR_24.BODY.P089,57,True,JESUS,OUTSIDE,True,True,HIDDEN,PASSION24.TEXT.RELATED_HOUR_24.BODY.P057,0,JESUS,PASSION24.TEXT.RELATED_HOUR_24.BODY.P089,55,JESUS,HIDDEN,HIDDEN_OUTER_WRAPPER,HIDDEN|JESUS|JESUS|HIDDEN,NO_DIVINE_PARENT; ACTIVE_ADJUDICATION_OR_SPEECH_DATA,PASS,,« … Et Je continuerai à te raconter l'histoire de Ma Volonté.»
A-Q00571,PASSION24.TEXT.PROMISES_BENEFITS,guillemet,1,PASSION24.TEXT.PROMISES_BENEFITS.BODY.P004,97,PASSION24.TEXT.PROMISES_BENEFITS.BODY.P013,95,True,JESUS,OUTSIDE,True,True,HIDDEN,PASSION24.TEXT.PROMISES_BENEFITS.BODY.P004,98,JESUS,PASSION24.TEXT.PROMISES_BENEFITS.BODY.P013,93,JESUS,HIDDEN,HIDDEN_OUTER_WRAPPER,HIDDEN|JESUS|JESUS|HIDDEN,NO_DIVINE_PARENT; ACTIVE_ADJUDICATION_OR_SPEECH_DATA,PASS,,"«Ma fille, celui qui médite toujours sur Ma Passion la ressent en lui et est plein de compassion pour Moi. Cela Me plaît beaucoup puisque Je suis ainsi récompensé pour tout ce que J'ai souffert. … la sienne. Ce que J'aime plus particulièrement, c'est que l'âme médite toujours sur Ma Passion.»"
A-Q00572,PASSION24.TEXT.PROMISES_BENEFITS,guillemet,1,PASSION24.TEXT.PROMISES_BENEFITS.BODY.P015,83,PASSION24.TEXT.PROMISES_BENEFITS.BODY.P016,15,True,JESUS,OUTSIDE,True,True,HIDDEN,PASSION24.TEXT.PROMISES_BENEFITS.BODY.P015,84,JESUS,PASSION24.TEXT.PROMISES_BENEFITS.BODY.P016,13,JESUS,HIDDEN,HIDDEN_OUTER_WRAPPER,HIDDEN|JESUS|JESUS|HIDDEN,NO_DIVINE_PARENT; ACTIVE_ADJUDICATION_OR_SPEECH_DATA,PASS,,"«Ma fille, l'âme qui pense toujours à Ma Passion forme une source dans son cœur. Plus elle continue de penser à Ma Passion, plus cette source s'agrandit. Les eaux de cette source … sont pour tous,»"
A-Q00574,PASSION24.TEXT.PROMISES_BENEFITS,guillemet,1,PASSION24.TEXT.PROMISES_BENEFITS.BODY.P019,11,PASSION24.TEXT.PROMISES_BENEFITS.BODY.P024,53,True,JESUS,OUTSIDE,True,True,HIDDEN,PASSION24.TEXT.PROMISES_BENEFITS.BODY.P019,12,JESUS,PASSION24.TEXT.PROMISES_BENEFITS.BODY.P024,50,JESUS,HIDDEN,HIDDEN_OUTER_WRAPPER,HIDDEN|JESUS|JESUS|HIDDEN,NO_DIVINE_PARENT; ACTIVE_ADJUDICATION_OR_SPEECH_DATA,PASS,,"«Ma fille, Je considérerai ces Heures, non pas comme faites par eux, mais comme faites par Moi. Selon leurs dispositions, Je leur donnerai les mêmes Mérites et les mêmes Effets que si J'étais en train de souffrir Ma Passion. Cela, même pendant leur vie sur la terre. Je ne pourrais pas leur … doux enchantement ce sera pour tous les bienheureux !»"
A-Q00575,PASSION24.TEXT.PROMISES_BENEFITS,guillemet,1,PASSION24.TEXT.PROMISES_BENEFITS.BODY.P027,66,PASSION24.TEXT.PROMISES_BENEFITS.BODY.P032,211,True,JESUS,OUTSIDE,True,True,HIDDEN,PASSION24.TEXT.PROMISES_BENEFITS.BODY.P028,0,JESUS,PASSION24.TEXT.PROMISES_BENEFITS.BODY.P032,209,JESUS,HIDDEN,HIDDEN_OUTER_WRAPPER,HIDDEN|JESUS|JESUS|HIDDEN,NO_DIVINE_PARENT; ACTIVE_ADJUDICATION_OR_SPEECH_DATA,PASS,,"« … Quand elles sont faites dans un Amour pur, elles permettent à Mon Amour de se déverser. Et cela n'est pas banal que la créature puisse donner du soulagement à son Créateur et lui permettre de déverser son Amour.»"
A-Q00576,PASSION24.TEXT.PROMISES_BENEFITS,guillemet,1,PASSION24.TEXT.PROMISES_BENEFITS.BODY.P035,12,PASSION24.TEXT.PROMISES_BENEFITS.BODY.P045,120,True,JESUS,OUTSIDE,False,False,OUTSIDE,PASSION24.TEXT.PROMISES_BENEFITS.BODY.P035,13,JESUS,PASSION24.TEXT.PROMISES_BENEFITS.BODY.P045,118,JESUS,OUTSIDE,TOP_LEVEL_DIVINE_QUOTE_CONTENT_ONLY,OUTSIDE|JESUS|JESUS|OUTSIDE,NO_DIVINE_PARENT; ACTIVE_ADJUDICATION_OR_SPEECH_DATA,PASS,,"«Ma fille, ne te plains pas. Même s'il n'y avait qu'une seule âme qui les faisait, tu devrais être contente. … cela n'est pas banal que la créature puisse donner du soulagement à son Créateur et lui permettre de déverser son Amour.»"
A-Q00577,PASSION24.TEXT.PROMISES_BENEFITS,guillemet,1,PASSION24.TEXT.PROMISES_BENEFITS.BODY.P053,230,PASSION24.TEXT.PROMISES_BENEFITS.BODY.P053,308,False,JESUS,OUTSIDE,True,True,HIDDEN,PASSION24.TEXT.PROMISES_BENEFITS.BODY.P053,231,JESUS,PASSION24.TEXT.PROMISES_BENEFITS.BODY.P053,306,JESUS,HIDDEN,HIDDEN_OUTER_WRAPPER,HIDDEN|JESUS|JESUS|HIDDEN,NO_DIVINE_PARENT; ACTIVE_ADJUDICATION_OR_SPEECH_DATA,PASS,,"«Ma fille, pour chaque mot que tu as écrit, Je te donnerai un baiser, une âme.»"
A-Q00579,PASSION24.TEXT.PROMISES_BENEFITS,guillemet,1,PASSION24.TEXT.PROMISES_BENEFITS.BODY.P055,35,PASSION24.TEXT.PROMISES_BENEFITS.BODY.P055,391,False,JESUS,OUTSIDE,True,True,HIDDEN,PASSION24.TEXT.PROMISES_BENEFITS.BODY.P055,36,JESUS,PASSION24.TEXT.PROMISES_BENEFITS.BODY.P055,389,JESUS,HIDDEN,HIDDEN_OUTER_WRAPPER,HIDDEN|JESUS|JESUS|HIDDEN,NO_DIVINE_PARENT; ACTIVE_ADJUDICATION_OR_SPEECH_DATA,PASS,,"«S'ils les font avec Moi dans Ma Volonté, Je leur donnerai aussi une âme pour chaque mot qu'ils réciteront. En fait, l'effet sera petit ou grand suivant la grandeur de leur union avec Moi. En les faisant dans Ma Volonté, la créature se cache en Elle. Comme c'est Ma Volonté qui agit, Je peux produire tous les biens que Je veux, même à travers un seul Mot.»"
A-Q00580,PASSION24.TEXT.PROMISES_BENEFITS,guillemet,1,PASSION24.TEXT.PROMISES_BENEFITS.BODY.P075,0,PASSION24.TEXT.PROMISES_BENEFITS.BODY.P082,202,True,JESUS,OUTSIDE,True,True,HIDDEN,PASSION24.TEXT.PROMISES_BENEFITS.BODY.P075,1,JESUS,PASSION24.TEXT.PROMISES_BENEFITS.BODY.P082,200,JESUS,HIDDEN,HIDDEN_OUTER_WRAPPER,HIDDEN|JESUS|JESUS|HIDDEN,NO_DIVINE_PARENT; ACTIVE_ADJUDICATION_OR_SPEECH_DATA,PASS,,"«Ma fille, Ma Passion, Mes Plaies, Mon Sang, et tout ce que J'ai fait et souffert opèrent sans cesse comme si tout se passait actuellement. … Sois-Moi fidèle. Parce que le temps est court. Et parce que, irritée par les créatures, la Justice veut déployer sa fureur. Il est nécessaire que les supports se multiplient. Ne cesse pas de travailler.»"
A-Q00581,PASSION24.TEXT.PROMISES_BENEFITS,guillemet,1,PASSION24.TEXT.PROMISES_BENEFITS.BODY.P085,121,PASSION24.TEXT.PROMISES_BENEFITS.BODY.P089,91,True,JESUS,OUTSIDE,True,True,HIDDEN,PASSION24.TEXT.PROMISES_BENEFITS.BODY.P086,0,JESUS,PASSION24.TEXT.PROMISES_BENEFITS.BODY.P089,89,JESUS,HIDDEN,HIDDEN_OUTER_WRAPPER,HIDDEN|JESUS|JESUS|HIDDEN,NO_DIVINE_PARENT; ACTIVE_ADJUDICATION_OR_SPEECH_DATA,PASS,,« … Chaque pensée sur Ma Passion est un ajout de Lumière qui se transformera en Joie éternelle.»
A-Q00582,PASSION24.TEXT.PROMISES_BENEFITS,guillemet,1,PASSION24.TEXT.PROMISES_BENEFITS.BODY.P091,64,PASSION24.TEXT.PROMISES_BENEFITS.BODY.P097,194,True,JESUS,OUTSIDE,True,True,HIDDEN,PASSION24.TEXT.PROMISES_BENEFITS.BODY.P091,65,JESUS,PASSION24.TEXT.PROMISES_BENEFITS.BODY.P097,191,JESUS,HIDDEN,HIDDEN_OUTER_WRAPPER,HIDDEN|JESUS|JESUS|HIDDEN,NO_DIVINE_PARENT; ACTIVE_ADJUDICATION_OR_SPEECH_DATA,PASS,,"«Ma fille, pendant Ma Vie terrestre, des milliers et des milliers d'anges accompagnaient Mon Humanité. … Par conséquent, avec quelle attention et quel respect les âmes doivent-elles faire les Heures de la Passion, sachant que les anges sont suspendus à leurs lèvres pour répéter ce qu'elles disent !»"
A-Q00583,PASSION24.TEXT.PROMISES_BENEFITS,guillemet,1,PASSION24.TEXT.PROMISES_BENEFITS.BODY.P097,208,PASSION24.TEXT.PROMISES_BENEFITS.BODY.P098,61,True,JESUS,OUTSIDE,True,True,HIDDEN,PASSION24.TEXT.PROMISES_BENEFITS.BODY.P097,209,JESUS,PASSION24.TEXT.PROMISES_BENEFITS.BODY.P098,59,JESUS,HIDDEN,HIDDEN_OUTER_WRAPPER,HIDDEN|JESUS|JESUS|HIDDEN,NO_DIVINE_PARENT; ACTIVE_ADJUDICATION_OR_SPEECH_DATA,PASS,,"«Au milieu de tant d'amertume que Me donnent les créatures, ces Heures sont pour Moi d'agréables petites douceurs, même si elles sont trop peu nombreuses, vu toute l'amertume que Je reçois des créatures. … Par conséquent, fais connaître ces Heures autant que tu peux.»"
A-Q00584,PASSION24.TEXT.PROMISES_BENEFITS,guillemet,1,PASSION24.TEXT.PROMISES_BENEFITS.BODY.P101,40,PASSION24.TEXT.PROMISES_BENEFITS.BODY.P101,118,False,JESUS,OUTSIDE,True,True,HIDDEN,PASSION24.TEXT.PROMISES_BENEFITS.BODY.P101,41,JESUS,PASSION24.TEXT.PROMISES_BENEFITS.BODY.P101,116,JESUS,HIDDEN,HIDDEN_OUTER_WRAPPER,HIDDEN|JESUS|JESUS|HIDDEN,NO_DIVINE_PARENT; ACTIVE_ADJUDICATION_OR_SPEECH_DATA,PASS,,"«Ma fille, pour chaque mot que tu as écrit, Je te donnerai un baiser, une âme.»"
A-Q00586,PASSION24.TEXT.PROMISES_BENEFITS,guillemet,1,PASSION24.TEXT.PROMISES_BENEFITS.BODY.P103,12,PASSION24.TEXT.PROMISES_BENEFITS.BODY.P103,368,False,JESUS,OUTSIDE,True,True,HIDDEN,PASSION24.TEXT.PROMISES_BENEFITS.BODY.P103,13,JESUS,PASSION24.TEXT.PROMISES_BENEFITS.BODY.P103,366,JESUS,HIDDEN,HIDDEN_OUTER_WRAPPER,HIDDEN|JESUS|JESUS|HIDDEN,NO_DIVINE_PARENT; ACTIVE_ADJUDICATION_OR_SPEECH_DATA,PASS,,"«S'ils les font avec Moi dans Ma Volonté, Je leur donnerai aussi une âme pour chaque mot qu'ils réciteront. En fait, l'effet sera petit ou grand suivant la grandeur de leur union avec Moi. En les faisant dans Ma Volonté, la créature se cache en Elle. Comme c'est Ma Volonté qui agit, Je peux produire tous les biens que Je veux, même à travers un seul Mot.»"
A-Q00587,PASSION24.TEXT.PROMISES_BENEFITS,guillemet,1,PASSION24.TEXT.PROMISES_BENEFITS.BODY.P105,12,PASSION24.TEXT.PROMISES_BENEFITS.BODY.P111,216,True,JESUS,OUTSIDE,True,True,HIDDEN,PASSION24.TEXT.PROMISES_BENEFITS.BODY.P105,13,JESUS,PASSION24.TEXT.PROMISES_BENEFITS.BODY.P111,214,JESUS,HIDDEN,HIDDEN_OUTER_WRAPPER,HIDDEN|JESUS|JESUS|HIDDEN,NO_DIVINE_PARENT; ACTIVE_ADJUDICATION_OR_SPEECH_DATA,PASS,,"«Ma fille, ne te plains pas. Même s'il n'y avait qu'une seule âme qui les faisait, tu devrais être contente. N'aurais-Je pas souffert Ma Passion au complet même s'il n'y avait eu qu'une âme qui allait être sauvée ? De même pour toi. … Oh ! comme J'aimerais que, dans chaque ville, il y ait au moins une âme qui fasse les Heures de Ma Passion ! Je M'entendrais ainsi dans chaque ville. Et Ma Justice, si indignée en ces t"
A-Q00588,PASSION24.TEXT.PROMISES_BENEFITS,guillemet,1,PASSION24.TEXT.PROMISES_BENEFITS.BODY.P113,59,PASSION24.TEXT.PROMISES_BENEFITS.BODY.P115,150,True,JESUS,OUTSIDE,True,True,HIDDEN,PASSION24.TEXT.PROMISES_BENEFITS.BODY.P114,0,JESUS,PASSION24.TEXT.PROMISES_BENEFITS.BODY.P115,148,JESUS,HIDDEN,HIDDEN_OUTER_WRAPPER,HIDDEN|JESUS|JESUS|HIDDEN,NO_DIVINE_PARENT; ACTIVE_ADJUDICATION_OR_SPEECH_DATA,PASS,,"« … Sache que chaque fois que tu la fais, Ma Maman se sent comme si elle revivait sa vie terrestre et elle reçoit la gloire et l'amour qu'elle Me donnait.»"
A-Q00589,PASSION24.TEXT.PROMISES_BENEFITS,guillemet,1,PASSION24.TEXT.PROMISES_BENEFITS.BODY.P117,59,PASSION24.TEXT.PROMISES_BENEFITS.BODY.P117,77,False,JESUS,OUTSIDE,True,True,HIDDEN,PASSION24.TEXT.PROMISES_BENEFITS.BODY.P117,60,JESUS,PASSION24.TEXT.PROMISES_BENEFITS.BODY.P117,74,JESUS,HIDDEN,HIDDEN_OUTER_WRAPPER,HIDDEN|JESUS|JESUS|HIDDEN,NO_DIVINE_PARENT; ACTIVE_ADJUDICATION_OR_SPEECH_DATA,PASS,,"«Ma maman, maman !»"
A-Q00590,PASSION24.TEXT.PROMISES_BENEFITS,guillemet,1,PASSION24.TEXT.PROMISES_BENEFITS.BODY.P120,69,PASSION24.TEXT.PROMISES_BENEFITS.BODY.P126,133,True,JESUS,OUTSIDE,True,True,HIDDEN,PASSION24.TEXT.PROMISES_BENEFITS.BODY.P121,0,JESUS,PASSION24.TEXT.PROMISES_BENEFITS.BODY.P126,131,JESUS,HIDDEN,HIDDEN_OUTER_WRAPPER,HIDDEN|JESUS|JESUS|HIDDEN,NO_DIVINE_PARENT; ACTIVE_ADJUDICATION_OR_SPEECH_DATA,PASS,,"« … Même après ta mort, chaque fois que des âmes sur la terre feront ces Heures, au Ciel Je te vêtirai de Lumière et de Gloire nouvelles.»"
A-Q00591,PASSION24.TEXT.PROMISES_BENEFITS,guillemet,1,PASSION24.TEXT.PROMISES_BENEFITS.BODY.P128,99,PASSION24.TEXT.PROMISES_BENEFITS.BODY.P131,156,True,JESUS,OUTSIDE,True,True,HIDDEN,PASSION24.TEXT.PROMISES_BENEFITS.BODY.P129,0,JESUS,PASSION24.TEXT.PROMISES_BENEFITS.BODY.P131,154,JESUS,HIDDEN,HIDDEN_OUTER_WRAPPER,HIDDEN|JESUS|JESUS|HIDDEN,NO_DIVINE_PARENT; ACTIVE_ADJUDICATION_OR_SPEECH_DATA,PASS,,"« … Je Me sens dédommagé pour le mal que les autres créatures Me font et, sentant que ces âmes ne Me font aucun mal, mais plutôt du bien, Je M'appuie sur elles.»"
A-Q00593,PASSION24.TEXT.PROMISES_BENEFITS,straight_double,2,PASSION24.TEXT.PROMISES_BENEFITS.BODY.P133,105,PASSION24.TEXT.PROMISES_BENEFITS.BODY.P134,76,True,GENERIC_SOUL,JESUS,False,False,JESUS,PASSION24.TEXT.PROMISES_BENEFITS.BODY.P134,0,JESUS,PASSION24.TEXT.PROMISES_BENEFITS.BODY.P134,74,JESUS,JESUS,MEANINGFUL_NESTED_QUOTE_INHERITS_JESUS,JESUS|JESUS|JESUS|JESUS,OPENER_ALREADY_DIVINE; ACTIVE_ADJUDICATION_OR_SPEECH_DATA,PASS,,""" … Me voici, je veux réparer pour tous, implorer pour tous et répondre de tous."""
A-Q00592,PASSION24.TEXT.PROMISES_BENEFITS,guillemet,1,PASSION24.TEXT.PROMISES_BENEFITS.BODY.P131,178,PASSION24.TEXT.PROMISES_BENEFITS.BODY.P134,77,True,JESUS,OUTSIDE,True,True,HIDDEN,PASSION24.TEXT.PROMISES_BENEFITS.BODY.P132,0,JESUS,PASSION24.TEXT.PROMISES_BENEFITS.BODY.P134,74,JESUS,HIDDEN,HIDDEN_OUTER_WRAPPER,HIDDEN|JESUS|JESUS|HIDDEN,NO_DIVINE_PARENT; ACTIVE_ADJUDICATION_OR_SPEECH_DATA,PASS,,"« … Me voici, je veux réparer pour tous, implorer pour tous et répondre de tous.""»"
A-Q00594,PASSION24.TEXT.PROMISES_BENEFITS,guillemet,1,PASSION24.TEXT.PROMISES_BENEFITS.BODY.P138,229,PASSION24.TEXT.PROMISES_BENEFITS.BODY.P144,139,True,JESUS,OUTSIDE,True,True,HIDDEN,PASSION24.TEXT.PROMISES_BENEFITS.BODY.P139,0,JESUS,PASSION24.TEXT.PROMISES_BENEFITS.BODY.P144,136,JESUS,HIDDEN,HIDDEN_OUTER_WRAPPER,HIDDEN|JESUS|JESUS|HIDDEN,NO_DIVINE_PARENT; ACTIVE_ADJUDICATION_OR_SPEECH_DATA,PASS,,"« … Si Je ne trouve pas ces satisfactions, ah ! Ce sera le désastre : les fléaux vont se répandre par torrents. Ah ! Ma fille ! Ah ! Ma fille !»"
A-Q00595,PASSION24.TEXT.PROMISES_BENEFITS,guillemet,1,PASSION24.TEXT.PROMISES_BENEFITS.BODY.P148,63,PASSION24.TEXT.PROMISES_BENEFITS.BODY.P154,187,True,JESUS,OUTSIDE,True,True,HIDDEN,PASSION24.TEXT.PROMISES_BENEFITS.BODY.P148,64,JESUS,PASSION24.TEXT.PROMISES_BENEFITS.BODY.P154,184,JESUS,HIDDEN,HIDDEN_OUTER_WRAPPER,HIDDEN|JESUS|JESUS|HIDDEN,NO_DIVINE_PARENT; ACTIVE_ADJUDICATION_OR_SPEECH_DATA,PASS,,"«Ma fille, le monde est devenu déséquilibré parce qu'il a perdu la pensée de Ma Passion. Dans la noirceur, il n'a pas trouvé la Lumière de Ma Passion qui l'aurait éclairé. Cette Lumière lui aurait fait connaître Mon Amour et combien les âmes M'ont coûté. … Qu'est-ce qui va arriver à cet enfant et à ce disciple ? Ils seront la honte de la société. Tel est devenu l'homme. Ah ! Il va de mal en pis et Je pleure sur lui a"
A-Q00597,PASSION24.TEXT.PROMISES_BENEFITS,guillemet,1,PASSION24.TEXT.PROMISES_BENEFITS.BODY.P157,27,PASSION24.TEXT.PROMISES_BENEFITS.BODY.P158,330,True,JESUS,OUTSIDE,True,True,HIDDEN,PASSION24.TEXT.PROMISES_BENEFITS.BODY.P158,0,JESUS,PASSION24.TEXT.PROMISES_BENEFITS.BODY.P158,328,JESUS,HIDDEN,HIDDEN_OUTER_WRAPPER,HIDDEN|JESUS|JESUS|HIDDEN,NO_DIVINE_PARENT; ACTIVE_ADJUDICATION_OR_SPEECH_DATA,PASS,,"« … Ma fille, chaque fois que la créature se fond en Moi, elle communique les influences divines à toutes les créatures qui, selon leurs besoins, sont ainsi visitées : ceux qui sont faibles ressentent la force ; ceux qui sont obstinés dans le péché reçoivent la lumière ; ceux qui souffrent reçoivent le réconfort ; et ainsi de suite.»"
A-Q00603,PASSION24.TEXT.PROMISES_BENEFITS,guillemet,1,PASSION24.TEXT.PROMISES_BENEFITS.BODY.P164,12,PASSION24.TEXT.PROMISES_BENEFITS.BODY.P168,100,True,JESUS,OUTSIDE,True,True,HIDDEN,PASSION24.TEXT.PROMISES_BENEFITS.BODY.P164,13,JESUS,PASSION24.TEXT.PROMISES_BENEFITS.BODY.P168,98,JESUS,HIDDEN,HIDDEN_OUTER_WRAPPER,HIDDEN|JESUS|JESUS|HIDDEN,NO_DIVINE_PARENT; ACTIVE_ADJUDICATION_OR_SPEECH_DATA,PASS,,"«Ces Heures mettent en harmonie le Ciel et la terre et M'empêchent de détruire le monde. Je sens Mon Sang, Mes Plaies, Mon Amour et tout ce que J'ai fait mis en circulation et se répandre sur tout pour tout sauver. Quand … Pourquoi en doutes-Tu ? La chose n'est pas la tienne mais la Mienne. Tu as été le faible instrument.»"
A-Q00605,PASSION24.TEXT.PROMISES_BENEFITS,straight_double,2,PASSION24.TEXT.PROMISES_BENEFITS.BODY.P171,21,PASSION24.TEXT.PROMISES_BENEFITS.BODY.P171,42,False,JESUS,JESUS,False,False,JESUS,PASSION24.TEXT.PROMISES_BENEFITS.BODY.P171,22,JESUS,PASSION24.TEXT.PROMISES_BENEFITS.BODY.P171,41,JESUS,JESUS,MEANINGFUL_NESTED_QUOTE_INHERITS_JESUS,JESUS|JESUS|JESUS|JESUS,OPENER_ALREADY_DIVINE; ACTIVE_ADJUDICATION_OR_SPEECH_DATA,PASS,,"""Heures de Ma Passion"""
A-Q00604,PASSION24.TEXT.PROMISES_BENEFITS,guillemet,1,PASSION24.TEXT.PROMISES_BENEFITS.BODY.P170,107,PASSION24.TEXT.PROMISES_BENEFITS.BODY.P171,251,True,JESUS,OUTSIDE,True,True,HIDDEN,PASSION24.TEXT.PROMISES_BENEFITS.BODY.P170,108,JESUS,PASSION24.TEXT.PROMISES_BENEFITS.BODY.P171,249,JESUS,HIDDEN,HIDDEN_OUTER_WRAPPER,HIDDEN|JESUS|JESUS|HIDDEN,NO_DIVINE_PARENT; ACTIVE_ADJUDICATION_OR_SPEECH_DATA,PASS,,"«Ma fille, pourquoi crains-Tu ? Quand une âme médite sur Ma Passion, se rappelant Mes souffrances en entretenant des pensées de compassion et de réparation, des chemins s'ouvrent entre elle et Moi et des beautés variées viennent orner son âme. … Cette âme a fait les ""Heures de Ma Passion"". Et Je la recevrai comme une fille de Ma Passion, revêtue de Mon Sang et ornée de Mes Plaies. Cette fleur fut cultivée dans ton cœ"
